300 22500
0 1
0 2
0 3
0 4
0 5
0 6
0 7
0 8
0 9
0 10
0 11
0 12
0 13
0 14
0 15
0 16
0 17
0 18
0 19
0 20
0 21
0 22
0 23
0 24
0 25
0 26
0 27
0 28
0 29
0 30
0 31
0 32
0 33
0 34
0 35
0 36
0 37
0 38
0 40
0 41
0 42
0 43
0 44
0 45
0 46
0 47
0 48
0 49
0 50
0 51
0 52
0 53
0 54
0 55
0 56
0 57
0 58
0 59
0 60
0 61
0 62
0 63
0 64
0 65
0 66
0 67
0 68
0 69
0 70
0 71
0 72
0 73
0 74
0 75
0 76
0 78
0 79
0 80
0 81
0 82
0 83
0 84
0 85
0 86
0 87
0 88
0 89
0 90
0 91
0 92
0 93
0 94
0 95
0 96
0 97
0 98
0 99
0 100
0 101
0 102
0 103
0 104
0 105
0 106
0 107
0 108
0 109
0 110
0 111
0 112
0 113
0 114
0 115
0 116
0 117
0 118
0 119
0 120
0 121
0 122
0 123
0 124
0 125
0 127
0 128
0 129
0 130
0 131
0 132
0 133
0 134
0 135
0 136
0 137
0 138
0 139
0 140
0 141
0 142
0 143
0 144
0 145
0 146
0 147
0 148
0 149
0 150
0 151
0 152
0 153
0 154
0 155
0 156
0 157
0 158
0 159
0 160
0 161
0 162
0 163
0 165
0 166
0 167
0 168
0 169
0 170
0 171
0 172
0 173
0 174
0 175
0 176
0 177
0 178
0 179
0 180
0 181
0 182
0 183
0 184
0 185
0 186
0 187
0 188
0 189
0 190
0 191
0 192
0 193
0 194
0 195
0 196
0 197
0 198
0 199
0 200
0 201
0 202
0 203
0 204
0 205
0 206
0 207
0 208
0 209
0 210
0 211
0 212
0 213
0 214
0 216
0 217
0 218
0 219
0 220
0 221
0 222
0 223
0 224
0 225
0 226
0 227
0 228
0 229
0 231
0 232
0 233
0 234
0 235
0 238
0 239
0 241
0 242
0 243
0 244
0 245
0 246
0 247
0 248
0 249
0 250
0 251
0 252
0 253
0 254
0 255
0 256
0 257
0 258
0 259
0 260
0 261
0 262
0 263
0 264
0 265
0 266
0 267
0 268
0 269
0 270
0 271
0 272
0 273
0 274
0 275
0 276
0 277
0 278
0 279
0 280
0 281
0 282
0 283
0 284
0 285
0 286
0 287
0 288
0 289
0 290
0 291
0 292
0 293
0 294
0 295
0 296
0 297
0 298
0 299
1 2
1 3
1 4
1 5
1 6
1 7
1 8
1 9
1 10
1 11
1 12
1 13
1 14
1 15
1 16
1 17
1 18
1 19
1 20
1 21
1 22
1 23
1 24
1 25
1 26
1 27
1 28
1 29
1 30
1 31
1 32
1 33
1 34
1 35
1 36
1 37
1 38
1 39
1 40
1 41
1 42
1 43
1 44
1 45
1 46
1 47
1 48
1 49
1 50
1 51
1 52
1 53
1 54
1 55
1 56
1 57
1 58
1 59
1 60
1 61
1 62
1 63
1 64
1 65
1 66
1 67
1 68
1 69
1 70
1 71
1 72
1 73
1 74
1 75
1 76
1 77
1 78
1 79
1 80
1 81
1 82
1 83
1 84
1 85
1 86
1 87
1 88
1 89
1 90
1 91
1 92
1 93
1 94
1 95
1 96
1 98
1 100
1 101
1 102
1 103
1 104
1 105
1 106
1 107
1 108
1 110
1 111
1 112
1 113
1 114
1 116
1 118
1 119
1 121
1 122
1 123
1 124
1 125
1 126
1 127
1 128
1 129
1 130
1 131
1 132
1 133
1 134
1 135
1 136
1 137
1 138
1 139
1 140
1 141
1 142
1 143
1 144
1 145
1 146
1 147
1 148
1 149
1 150
1 151
1 152
1 153
1 154
1 155
1 156
1 157
1 158
1 159
1 160
1 161
1 162
1 163
1 164
1 165
1 166
1 167
1 168
1 169
1 170
1 171
1 172
1 173
1 174
1 175
1 176
1 177
1 178
1 179
1 180
1 181
1 182
1 183
1 184
1 185
1 186
1 187
1 188
1 189
1 190
1 191
1 192
1 193
1 194
1 195
1 196
1 197
1 198
1 199
1 200
1 201
1 202
1 203
1 204
1 205
1 206
1 207
1 208
1 209
1 210
1 211
1 212
1 213
1 214
1 215
1 216
1 217
1 218
1 219
1 220
1 221
1 222
1 223
1 224
1 226
1 227
1 228
1 229
1 230
1 231
1 233
1 234
1 235
1 236
1 237
1 238
1 239
1 240
1 241
1 242
1 243
1 244
1 245
1 246
1 247
1 248
1 249
1 250
1 251
1 252
1 253
1 254
1 255
1 256
1 257
1 258
1 259
1 260
1 261
1 262
1 263
1 264
1 265
1 266
1 267
1 268
1 269
1 270
1 271
1 272
1 273
1 274
1 275
1 276
1 277
1 278
1 279
1 280
1 281
1 282
1 283
1 285
1 286
1 287
1 288
1 289
1 290
1 291
1 292
1 293
1 294
1 295
1 296
1 297
1 298
1 299
2 5
2 12
2 20
2 22
2 23
2 25
2 29
2 31
2 35
2 36
2 39
2 45
2 49
2 54
2 55
2 65
2 69
2 77
2 78
2 85
2 91
2 92
2 93
2 95
2 97
2 98
2 99
2 100
2 102
2 109
2 114
2 115
2 117
2 118
2 120
2 122
2 125
2 126
2 132
2 133
2 136
2 137
2 139
2 143
2 145
2 147
2 157
2 158
2 161
2 164
2 168
2 173
2 177
2 184
2 186
2 191
2 192
2 202
2 203
2 206
2 208
2 214
2 215
2 216
2 218
2 221
2 225
2 228
2 230
2 232
2 234
2 235
2 236
2 237
2 240
2 248
2 254
2 260
2 261
2 262
2 263
2 268
2 284
2 288
2 291
2 295
2 297
2 299
3 5
3 12
3 20
3 22
3 23
3 25
3 29
3 31
3 35
3 36
3 39
3 45
3 49
3 54
3 55
3 65
3 69
3 77
3 78
3 85
3 91
3 92
3 93
3 95
3 97
3 98
3 99
3 100
3 102
3 109
3 114
3 115
3 117
3 118
3 120
3 122
3 125
3 126
3 132
3 133
3 136
3 137
3 139
3 143
3 145
3 147
3 157
3 158
3 161
3 164
3 168
3 173
3 177
3 184
3 186
3 191
3 192
3 202
3 203
3 206
3 208
3 214
3 215
3 216
3 218
3 221
3 225
3 228
3 230
3 232
3 234
3 235
3 236
3 237
3 240
3 248
3 254
3 260
3 261
3 262
3 263
3 268
3 284
3 288
3 291
3 295
3 297
3 299
4 5
4 12
4 20
4 22
4 23
4 25
4 29
4 31
4 35
4 36
4 39
4 45
4 49
4 54
4 55
4 65
4 69
4 77
4 78
4 85
4 91
4 92
4 93
4 95
4 97
4 98
4 99
4 100
4 102
4 109
4 114
4 115
4 117
4 118
4 120
4 122
4 125
4 126
4 132
4 133
4 136
4 137
4 139
4 143
4 145
4 147
4 157
4 158
4 161
4 164
4 168
4 173
4 177
4 184
4 186
4 191
4 192
4 202
4 203
4 206
4 208
4 214
4 215
4 216
4 218
4 221
4 225
4 228
4 230
4 232
4 234
4 235
4 236
4 237
4 240
4 248
4 254
4 260
4 261
4 262
4 263
4 268
4 284
4 288
4 291
4 295
4 297
4 299
5 6
5 7
5 8
5 9
5 10
5 11
5 13
5 14
5 15
5 16
5 17
5 18
5 19
5 20
5 21
5 22
5 23
5 24
5 25
5 26
5 27
5 28
5 29
5 30
5 31
5 32
5 33
5 34
5 35
5 36
5 37
5 38
5 39
5 40
5 41
5 42
5 43
5 44
5 45
5 46
5 47
5 48
5 49
5 50
5 51
5 52
5 53
5 54
5 56
5 57
5 58
5 59
5 60
5 61
5 62
5 63
5 64
5 65
5 66
5 67
5 68
5 69
5 70
5 71
5 72
5 73
5 74
5 75
5 76
5 77
5 78
5 79
5 80
5 81
5 82
5 83
5 84
5 85
5 86
5 87
5 88
5 89
5 90
5 91
5 92
5 93
5 94
5 95
5 96
5 97
5 99
5 100
5 101
5 102
5 103
5 104
5 105
5 106
5 107
5 108
5 109
5 110
5 111
5 112
5 113
5 115
5 116
5 117
5 118
5 119
5 120
5 121
5 123
5 124
5 125
5 126
5 127
5 128
5 129
5 130
5 131
5 132
5 133
5 134
5 135
5 136
5 138
5 139
5 140
5 141
5 142
5 143
5 144
5 145
5 146
5 147
5 148
5 149
5 150
5 151
5 152
5 153
5 154
5 155
5 156
5 159
5 160
5 161
5 162
5 163
5 164
5 165
5 166
5 167
5 168
5 169
5 170
5 171
5 172
5 173
5 174
5 175
5 176
5 177
5 178
5 179
5 180
5 181
5 182
5 183
5 184
5 185
5 186
5 187
5 188
5 189
5 190
5 191
5 192
5 193
5 194
5 195
5 196
5 197
5 198
5 199
5 200
5 201
5 202
5 203
5 204
5 205
5 206
5 207
5 208
5 209
5 210
5 211
5 212
5 213
5 214
5 215
5 216
5 217
5 218
5 219
5 220
5 222
5 223
5 224
5 225
5 226
5 227
5 228
5 229
5 230
5 231
5 232
5 233
5 234
5 235
5 236
5 237
5 238
5 239
5 240
5 241
5 242
5 243
5 244
5 245
5 246
5 247
5 248
5 249
5 250
5 251
5 252
5 253
5 254
5 255
5 256
5 257
5 258
5 259
5 260
5 261
5 262
5 263
5 264
5 265
5 266
5 267
5 268
5 269
5 270
5 271
5 272
5 273
5 274
5 275
5 276
5 277
5 278
5 279
5 280
5 281
5 282
5 283
5 284
5 285
5 286
5 287
5 288
5 289
5 290
5 291
5 292
5 293
5 294
5 295
5 296
5 297
5 298
5 299
6 12
6 20
6 22
6 23
6 25
6 29
6 31
6 35
6 36
6 39
6 45
6 49
6 54
6 55
6 65
6 69
6 77
6 78
6 85
6 91
6 92
6 93
6 95
6 97
6 98
6 99
6 100
6 102
6 109
6 114
6 115
6 117
6 118
6 120
6 122
6 125
6 126
6 132
6 133
6 136
6 137
6 139
6 143
6 145
6 147
6 157
6 158
6 161
6 164
6 168
6 173
6 177
6 184
6 186
6 191
6 192
6 202
6 203
6 206
6 208
6 214
6 215
6 216
6 218
6 221
6 225
6 228
6 230
6 232
6 234
6 235
6 236
6 237
6 240
6 248
6 254
6 260
6 261
6 262
6 263
6 268
6 284
6 288
6 291
6 295
6 297
6 299
7 12
7 20
7 22
7 23
7 25
7 29
7 31
7 35
7 36
7 39
7 45
7 49
7 54
7 55
7 65
7 69
7 77
7 78
7 85
7 91
7 92
7 93
7 95
7 97
7 98
7 99
7 100
7 102
7 109
7 114
7 115
7 117
7 118
7 120
7 122
7 125
7 126
7 132
7 133
7 136
7 137
7 139
7 143
7 145
7 147
7 157
7 158
7 161
7 164
7 168
7 173
7 177
7 184
7 186
7 191
7 192
7 202
7 203
7 206
7 208
7 214
7 215
7 216
7 218
7 221
7 225
7 228
7 230
7 232
7 234
7 235
7 236
7 237
7 240
7 248
7 254
7 260
7 261
7 262
7 263
7 268
7 284
7 288
7 291
7 295
7 297
7 299
8 12
8 20
8 22
8 23
8 25
8 29
8 31
8 35
8 36
8 39
8 45
8 49
8 54
8 55
8 65
8 69
8 77
8 78
8 85
8 91
8 92
8 93
8 95
8 97
8 98
8 99
8 100
8 102
8 109
8 114
8 115
8 117
8 118
8 120
8 122
8 125
8 126
8 132
8 133
8 136
8 137
8 139
8 143
8 145
8 147
8 157
8 158
8 161
8 164
8 168
8 173
8 177
8 184
8 186
8 191
8 192
8 202
8 203
8 206
8 208
8 214
8 215
8 216
8 218
8 221
8 225
8 228
8 230
8 232
8 234
8 235
8 236
8 237
8 240
8 248
8 254
8 260
8 261
8 262
8 263
8 268
8 284
8 288
8 291
8 295
8 297
8 299
9 12
9 20
9 22
9 23
9 25
9 29
9 31
9 35
9 36
9 39
9 45
9 49
9 54
9 55
9 65
9 69
9 77
9 78
9 85
9 91
9 92
9 93
9 95
9 97
9 98
9 99
9 100
9 102
9 109
9 114
9 115
9 117
9 118
9 120
9 122
9 125
9 126
9 132
9 133
9 136
9 137
9 139
9 143
9 145
9 147
9 157
9 158
9 161
9 164
9 168
9 173
9 177
9 184
9 186
9 191
9 192
9 202
9 203
9 206
9 208
9 214
9 215
9 216
9 218
9 221
9 225
9 228
9 230
9 232
9 234
9 235
9 236
9 237
9 240
9 248
9 254
9 260
9 261
9 262
9 263
9 268
9 284
9 288
9 291
9 295
9 297
9 299
10 12
10 20
10 22
10 23
10 25
10 29
10 31
10 35
10 36
10 39
10 45
10 49
10 54
10 55
10 65
10 69
10 77
10 78
10 85
10 91
10 92
10 93
10 95
10 97
10 98
10 99
10 100
10 102
10 109
10 114
10 115
10 117
10 118
10 120
10 122
10 125
10 126
10 132
10 133
10 136
10 137
10 139
10 143
10 145
10 147
10 157
10 158
10 161
10 164
10 168
10 173
10 177
10 184
10 186
10 191
10 192
10 202
10 203
10 206
10 208
10 214
10 215
10 216
10 218
10 221
10 225
10 228
10 230
10 232
10 234
10 235
10 236
10 237
10 240
10 248
10 254
10 260
10 261
10 262
10 263
10 268
10 284
10 288
10 291
10 295
10 297
10 299
11 12
11 20
11 22
11 23
11 25
11 29
11 31
11 35
11 36
11 39
11 45
11 49
11 54
11 55
11 65
11 69
11 77
11 78
11 85
11 91
11 92
11 93
11 95
11 97
11 98
11 99
11 100
11 102
11 109
11 114
11 115
11 117
11 118
11 120
11 122
11 125
11 126
11 132
11 133
11 136
11 137
11 139
11 143
11 145
11 147
11 157
11 158
11 161
11 164
11 168
11 173
11 177
11 184
11 186
11 191
11 192
11 202
11 203
11 206
11 208
11 214
11 215
11 216
11 218
11 221
11 225
11 228
11 230
11 232
11 234
11 235
11 236
11 237
11 240
11 248
11 254
11 260
11 261
11 262
11 263
11 268
11 284
11 288
11 291
11 295
11 297
11 299
12 13
12 14
12 15
12 16
12 17
12 18
12 19
12 20
12 21
12 22
12 23
12 24
12 25
12 26
12 27
12 28
12 29
12 30
12 31
12 32
12 33
12 34
12 35
12 36
12 37
12 38
12 39
12 40
12 41
12 42
12 43
12 44
12 45
12 46
12 47
12 48
12 49
12 50
12 51
12 52
12 53
12 54
12 56
12 57
12 58
12 59
12 60
12 61
12 62
12 63
12 64
12 65
12 66
12 67
12 68
12 69
12 70
12 71
12 72
12 73
12 74
12 75
12 76
12 77
12 78
12 79
12 80
12 81
12 82
12 83
12 84
12 85
12 86
12 87
12 88
12 89
12 90
12 91
12 92
12 93
12 94
12 95
12 96
12 97
12 99
12 100
12 101
12 102
12 103
12 104
12 105
12 106
12 107
12 108
12 109
12 110
12 111
12 112
12 113
12 115
12 116
12 117
12 118
12 119
12 120
12 121
12 123
12 124
12 125
12 126
12 127
12 128
12 129
12 130
12 131
12 132
12 133
12 134
12 135
12 136
12 138
12 139
12 140
12 141
12 142
12 143
12 144
12 145
12 146
12 147
12 148
12 149
12 150
12 151
12 152
12 153
12 154
12 155
12 156
12 159
12 160
12 161
12 162
12 163
12 164
12 165
12 166
12 167
12 168
12 169
12 170
12 171
12 172
12 173
12 174
12 175
12 176
12 177
12 178
12 179
12 180
12 181
12 182
12 183
12 184
12 185
12 186
12 187
12 188
12 189
12 190
12 191
12 192
12 193
12 194
12 195
12 196
12 197
12 198
12 199
12 200
12 201
12 202
12 203
12 204
12 205
12 206
12 207
12 208
12 209
12 210
12 211
12 212
12 213
12 214
12 215
12 216
12 217
12 218
12 219
12 220
12 222
12 223
12 224
12 225
12 226
12 227
12 228
12 229
12 230
12 231
12 232
12 233
12 234
12 235
12 236
12 237
12 238
12 239
12 240
12 241
12 242
12 243
12 244
12 245
12 246
12 247
12 248
12 249
12 250
12 251
12 252
12 253
12 254
12 255
12 256
12 257
12 258
12 259
12 260
12 261
12 262
12 263
12 264
12 265
12 266
12 267
12 268
12 269
12 270
12 271
12 272
12 273
12 274
12 275
12 276
12 277
12 278
12 279
12 280
12 281
12 282
12 283
12 284
12 285
12 286
12 287
12 288
12 289
12 290
12 291
12 292
12 293
12 294
12 295
12 296
12 297
12 298
12 299
13 20
13 22
13 23
13 25
13 29
13 31
13 35
13 36
13 39
13 45
13 49
13 54
13 55
13 65
13 69
13 77
13 78
13 85
13 91
13 92
13 93
13 95
13 97
13 98
13 99
13 100
13 102
13 109
13 114
13 115
13 117
13 118
13 120
13 122
13 125
13 126
13 132
13 133
13 136
13 137
13 139
13 143
13 145
13 147
13 157
13 158
13 161
13 164
13 168
13 173
13 177
13 184
13 186
13 191
13 192
13 202
13 203
13 206
13 208
13 214
13 215
13 216
13 218
13 221
13 225
13 228
13 230
13 232
13 234
13 235
13 236
13 237
13 240
13 248
13 254
13 260
13 261
13 262
13 263
13 268
13 284
13 288
13 291
13 295
13 297
13 299
14 20
14 22
14 23
14 25
14 29
14 31
14 35
14 36
14 39
14 45
14 49
14 54
14 55
14 65
14 69
14 77
14 78
14 85
14 91
14 92
14 93
14 95
14 97
14 98
14 99
14 100
14 102
14 109
14 114
14 115
14 117
14 118
14 120
14 122
14 125
14 126
14 132
14 133
14 136
14 137
14 139
14 143
14 145
14 147
14 157
14 158
14 161
14 164
14 168
14 173
14 177
14 184
14 186
14 191
14 192
14 202
14 203
14 206
14 208
14 214
14 215
14 216
14 218
14 221
14 225
14 228
14 230
14 232
14 234
14 235
14 236
14 237
14 240
14 248
14 254
14 260
14 261
14 262
14 263
14 268
14 284
14 288
14 291
14 295
14 297
14 299
15 20
15 22
15 23
15 25
15 29
15 31
15 35
15 36
15 39
15 45
15 49
15 54
15 55
15 65
15 69
15 77
15 78
15 85
15 91
15 92
15 93
15 95
15 97
15 98
15 99
15 100
15 102
15 109
15 114
15 115
15 117
15 118
15 120
15 122
15 125
15 126
15 132
15 133
15 136
15 137
15 139
15 143
15 145
15 147
15 157
15 158
15 161
15 164
15 168
15 173
15 177
15 184
15 186
15 191
15 192
15 202
15 203
15 206
15 208
15 214
15 215
15 216
15 218
15 221
15 225
15 228
15 230
15 232
15 234
15 235
15 236
15 237
15 240
15 248
15 254
15 260
15 261
15 262
15 263
15 268
15 284
15 288
15 291
15 295
15 297
15 299
16 20
16 22
16 23
16 25
16 29
16 31
16 35
16 36
16 39
16 45
16 49
16 54
16 55
16 65
16 69
16 77
16 78
16 85
16 91
16 92
16 93
16 95
16 97
16 98
16 99
16 100
16 102
16 109
16 114
16 115
16 117
16 118
16 120
16 122
16 125
16 126
16 132
16 133
16 136
16 137
16 139
16 143
16 145
16 147
16 157
16 158
16 161
16 164
16 168
16 173
16 177
16 184
16 186
16 191
16 192
16 202
16 203
16 206
16 208
16 214
16 215
16 216
16 218
16 221
16 225
16 228
16 230
16 232
16 234
16 235
16 236
16 237
16 240
16 248
16 254
16 260
16 261
16 262
16 263
16 268
16 284
16 288
16 291
16 295
16 297
16 299
17 20
17 22
17 23
17 25
17 29
17 31
17 35
17 36
17 39
17 45
17 49
17 54
17 55
17 65
17 69
17 77
17 78
17 85
17 91
17 92
17 93
17 95
17 97
17 98
17 99
17 100
17 102
17 109
17 114
17 115
17 117
17 118
17 120
17 122
17 125
17 126
17 132
17 133
17 136
17 137
17 139
17 143
17 145
17 147
17 157
17 158
17 161
17 164
17 168
17 173
17 177
17 184
17 186
17 191
17 192
17 202
17 203
17 206
17 208
17 214
17 215
17 216
17 218
17 221
17 225
17 228
17 230
17 232
17 234
17 235
17 236
17 237
17 240
17 248
17 254
17 260
17 261
17 262
17 263
17 268
17 284
17 288
17 291
17 295
17 297
17 299
18 20
18 22
18 23
18 25
18 29
18 31
18 35
18 36
18 39
18 45
18 49
18 54
18 55
18 65
18 69
18 77
18 78
18 85
18 91
18 92
18 93
18 95
18 97
18 98
18 99
18 100
18 102
18 109
18 114
18 115
18 117
18 118
18 120
18 122
18 125
18 126
18 132
18 133
18 136
18 137
18 139
18 143
18 145
18 147
18 157
18 158
18 161
18 164
18 168
18 173
18 177
18 184
18 186
18 191
18 192
18 202
18 203
18 206
18 208
18 214
18 215
18 216
18 218
18 221
18 225
18 228
18 230
18 232
18 234
18 235
18 236
18 237
18 240
18 248
18 254
18 260
18 261
18 262
18 263
18 268
18 284
18 288
18 291
18 295
18 297
18 299
19 20
19 22
19 23
19 25
19 29
19 31
19 35
19 36
19 39
19 45
19 49
19 54
19 55
19 65
19 69
19 77
19 78
19 85
19 91
19 92
19 93
19 95
19 97
19 98
19 99
19 100
19 102
19 109
19 114
19 115
19 117
19 118
19 120
19 122
19 125
19 126
19 132
19 133
19 136
19 137
19 139
19 143
19 145
19 147
19 157
19 158
19 161
19 164
19 168
19 173
19 177
19 184
19 186
19 191
19 192
19 202
19 203
19 206
19 208
19 214
19 215
19 216
19 218
19 221
19 225
19 228
19 230
19 232
19 234
19 235
19 236
19 237
19 240
19 248
19 254
19 260
19 261
19 262
19 263
19 268
19 284
19 288
19 291
19 295
19 297
19 299
20 21
20 24
20 25
20 26
20 27
20 28
20 29
20 30
20 31
20 32
20 33
20 34
20 35
20 36
20 37
20 38
20 39
20 40
20 41
20 42
20 43
20 44
20 45
20 46
20 47
20 48
20 49
20 50
20 51
20 52
20 53
20 54
20 55
20 56
20 57
20 58
20 59
20 60
20 61
20 62
20 63
20 64
20 65
20 66
20 67
20 68
20 69
20 70
20 71
20 72
20 73
20 74
20 75
20 76
20 77
20 78
20 79
20 80
20 81
20 82
20 83
20 84
20 85
20 86
20 87
20 88
20 89
20 90
20 91
20 92
20 93
20 94
20 96
20 97
20 98
20 99
20 100
20 101
20 102
20 103
20 104
20 105
20 106
20 107
20 108
20 109
20 110
20 111
20 112
20 113
20 114
20 115
20 116
20 117
20 118
20 119
20 120
20 121
20 122
20 123
20 124
20 125
20 126
20 127
20 128
20 129
20 130
20 131
20 133
20 134
20 135
20 136
20 137
20 138
20 140
20 141
20 142
20 143
20 144
20 145
20 146
20 147
20 148
20 149
20 150
20 151
20 152
20 153
20 154
20 155
20 156
20 157
20 158
20 159
20 160
20 161
20 162
20 163
20 164
20 165
20 166
20 167
20 168
20 169
20 170
20 171
20 172
20 173
20 174
20 175
20 176
20 177
20 178
20 179
20 180
20 181
20 182
20 183
20 184
20 185
20 186
20 187
20 188
20 189
20 190
20 192
20 193
20 194
20 195
20 196
20 197
20 198
20 199
20 200
20 201
20 202
20 203
20 204
20 205
20 206
20 207
20 208
20 209
20 210
20 211
20 212
20 213
20 214
20 215
20 217
20 218
20 219
20 220
20 221
20 222
20 223
20 224
20 225
20 226
20 227
20 228
20 229
20 230
20 231
20 232
20 233
20 234
20 236
20 237
20 238
20 239
20 240
20 241
20 242
20 243
20 244
20 245
20 246
20 247
20 249
20 250
20 251
20 252
20 253
20 254
20 255
20 256
20 257
20 258
20 259
20 260
20 261
20 262
20 263
20 264
20 265
20 266
20 267
20 268
20 269
20 270
20 271
20 272
20 273
20 274
20 275
20 276
20 277
20 278
20 279
20 280
20 281
20 282
20 283
20 284
20 285
20 286
20 287
20 288
20 289
20 290
20 291
20 292
20 293
20 294
20 295
20 296
20 297
20 298
20 299
21 22
21 23
21 25
21 29
21 31
21 35
21 36
21 39
21 45
21 49
21 54
21 55
21 65
21 69
21 77
21 78
21 85
21 91
21 92
21 93
21 95
21 97
21 98
21 99
21 100
21 102
21 109
21 114
21 115
21 117
21 118
21 120
21 122
21 125
21 126
21 132
21 133
21 136
21 137
21 139
21 143
21 145
21 147
21 157
21 158
21 161
21 164
21 168
21 173
21 177
21 184
21 186
21 191
21 192
21 202
21 203
21 206
21 208
21 214
21 215
21 216
21 218
21 221
21 225
21 228
21 230
21 232
21 234
21 235
21 236
21 237
21 240
21 248
21 254
21 260
21 261
21 262
21 263
21 268
21 284
21 288
21 291
21 295
21 297
21 299
22 24
22 25
22 26
22 27
22 28
22 29
22 30
22 31
22 32
22 33
22 34
22 35
22 36
22 37
22 38
22 39
22 40
22 41
22 42
22 43
22 44
22 45
22 46
22 47
22 48
22 49
22 50
22 51
22 52
22 53
22 54
22 55
22 56
22 57
22 58
22 59
22 60
22 61
22 62
22 63
22 64
22 65
22 66
22 67
22 68
22 69
22 70
22 71
22 72
22 73
22 74
22 75
22 76
22 77
22 78
22 79
22 80
22 81
22 82
22 83
22 84
22 85
22 86
22 87
22 88
22 89
22 90
22 91
22 92
22 93
22 94
22 96
22 97
22 98
22 99
22 100
22 101
22 102
22 103
22 104
22 105
22 106
22 107
22 108
22 109
22 110
22 111
22 112
22 113
22 114
22 115
22 116
22 117
22 118
22 119
22 120
22 121
22 122
22 123
22 124
22 125
22 126
22 127
22 128
22 129
22 130
22 131
22 133
22 134
22 135
22 136
22 137
22 138
22 140
22 141
22 142
22 143
22 144
22 145
22 146
22 147
22 148
22 149
22 150
22 151
22 152
22 153
22 154
22 155
22 156
22 157
22 158
22 159
22 160
22 161
22 162
22 163
22 164
22 165
22 166
22 167
22 168
22 169
22 170
22 171
22 172
22 173
22 174
22 175
22 176
22 177
22 178
22 179
22 180
22 181
22 182
22 183
22 184
22 185
22 186
22 187
22 188
22 189
22 190
22 192
22 193
22 194
22 195
22 196
22 197
22 198
22 199
22 200
22 201
22 202
22 203
22 204
22 205
22 206
22 207
22 208
22 209
22 210
22 211
22 212
22 213
22 214
22 215
22 217
22 218
22 219
22 220
22 221
22 222
22 223
22 224
22 225
22 226
22 227
22 228
22 229
22 230
22 231
22 232
22 233
22 234
22 236
22 237
22 238
22 239
22 240
22 241
22 242
22 243
22 244
22 245
22 246
22 247
22 249
22 250
22 251
22 252
22 253
22 254
22 255
22 256
22 257
22 258
22 259
22 260
22 261
22 262
22 263
22 264
22 265
22 266
22 267
22 268
22 269
22 270
22 271
22 272
22 273
22 274
22 275
22 276
22 277
22 278
22 279
22 280
22 281
22 282
22 283
22 284
22 285
22 286
22 287
22 288
22 289
22 290
22 291
22 292
22 293
22 294
22 295
22 296
22 297
22 298
22 299
23 24
23 25
23 26
23 27
23 28
23 29
23 30
23 31
23 32
23 33
23 34
23 35
23 36
23 37
23 38
23 39
23 40
23 41
23 42
23 43
23 44
23 45
23 46
23 47
23 48
23 49
23 50
23 51
23 52
23 53
23 54
23 55
23 56
23 57
23 58
23 59
23 60
23 61
23 62
23 63
23 64
23 65
23 66
23 67
23 68
23 69
23 70
23 71
23 72
23 73
23 74
23 75
23 76
23 77
23 78
23 79
23 80
23 81
23 82
23 83
23 84
23 85
23 86
23 87
23 88
23 89
23 90
23 91
23 92
23 93
23 94
23 96
23 97
23 98
23 99
23 100
23 101
23 102
23 103
23 104
23 105
23 106
23 107
23 108
23 109
23 110
23 111
23 112
23 113
23 114
23 115
23 116
23 117
23 118
23 119
23 120
23 121
23 122
23 123
23 124
23 125
23 126
23 127
23 128
23 129
23 130
23 131
23 133
23 134
23 135
23 136
23 137
23 138
23 140
23 141
23 142
23 143
23 144
23 145
23 146
23 147
23 148
23 149
23 150
23 151
23 152
23 153
23 154
23 155
23 156
23 157
23 158
23 159
23 160
23 161
23 162
23 163
23 164
23 165
23 166
23 167
23 168
23 169
23 170
23 171
23 172
23 173
23 174
23 175
23 176
23 177
23 178
23 179
23 180
23 181
23 182
23 183
23 184
23 185
23 186
23 187
23 188
23 189
23 190
23 192
23 193
23 194
23 195
23 196
23 197
23 198
23 199
23 200
23 201
23 202
23 203
23 204
23 205
23 206
23 207
23 208
23 209
23 210
23 211
23 212
23 213
23 214
23 215
23 217
23 218
23 219
23 220
23 221
23 222
23 223
23 224
23 225
23 226
23 227
23 228
23 229
23 230
23 231
23 232
23 233
23 234
23 236
23 237
23 238
23 239
23 240
23 241
23 242
23 243
23 244
23 245
23 246
23 247
23 249
23 250
23 251
23 252
23 253
23 254
23 255
23 256
23 257
23 258
23 259
23 260
23 261
23 262
23 263
23 264
23 265
23 266
23 267
23 268
23 269
23 270
23 271
23 272
23 273
23 274
23 275
23 276
23 277
23 278
23 279
23 280
23 281
23 282
23 283
23 284
23 285
23 286
23 287
23 288
23 289
23 290
23 291
23 292
23 293
23 294
23 295
23 296
23 297
23 298
23 299
24 25
24 29
24 31
24 35
24 36
24 39
24 45
24 49
24 54
24 55
24 65
24 69
24 77
24 78
24 85
24 91
24 92
24 93
24 95
24 97
24 98
24 99
24 100
24 102
24 109
24 114
24 115
24 117
24 118
24 120
24 122
24 125
24 126
24 132
24 133
24 136
24 137
24 139
24 143
24 145
24 147
24 157
24 158
24 161
24 164
24 168
24 173
24 177
24 184
24 186
24 191
24 192
24 202
24 203
24 206
24 208
24 214
24 215
24 216
24 218
24 221
24 225
24 228
24 230
24 232
24 234
24 235
24 236
24 237
24 240
24 248
24 254
24 260
24 261
24 262
24 263
24 268
24 284
24 288
24 291
24 295
24 297
24 299
25 26
25 27
25 28
25 29
25 30
25 31
25 32
25 33
25 34
25 35
25 36
25 37
25 38
25 39
25 40
25 41
25 42
25 43
25 44
25 45
25 46
25 47
25 48
25 49
25 50
25 51
25 52
25 53
25 55
25 56
25 57
25 58
25 59
25 60
25 61
25 62
25 63
25 64
25 66
25 67
25 68
25 69
25 70
25 71
25 72
25 73
25 74
25 75
25 76
25 77
25 78
25 79
25 80
25 81
25 82
25 83
25 84
25 86
25 87
25 88
25 89
25 90
25 91
25 92
25 93
25 94
25 95
25 96
25 97
25 98
25 99
25 101
25 102
25 103
25 104
25 105
25 106
25 107
25 108
25 109
25 110
25 111
25 112
25 113
25 114
25 115
25 116
25 117
25 118
25 119
25 120
25 121
25 122
25 123
25 124
25 125
25 126
25 127
25 128
25 129
25 130
25 131
25 132
25 133
25 134
25 135
25 136
25 137
25 138
25 139
25 140
25 141
25 142
25 143
25 144
25 145
25 146
25 147
25 148
25 149
25 150
25 151
25 152
25 153
25 154
25 155
25 156
25 157
25 158
25 159
25 160
25 161
25 162
25 163
25 164
25 165
25 166
25 167
25 169
25 170
25 171
25 172
25 173
25 174
25 175
25 176
25 177
25 178
25 179
25 180
25 181
25 182
25 183
25 184
25 185
25 186
25 187
25 188
25 189
25 190
25 191
25 192
25 193
25 194
25 195
25 196
25 197
25 198
25 199
25 200
25 201
25 203
25 204
25 205
25 207
25 208
25 209
25 210
25 211
25 212
25 213
25 215
25 216
25 217
25 218
25 219
25 220
25 221
25 222
25 223
25 224
25 225
25 226
25 227
25 228
25 229
25 230
25 231
25 232
25 233
25 234
25 235
25 236
25 237
25 238
25 239
25 240
25 241
25 242
25 243
25 244
25 245
25 246
25 247
25 248
25 249
25 250
25 251
25 252
25 253
25 254
25 255
25 256
25 257
25 258
25 259
25 260
25 261
25 262
25 264
25 265
25 266
25 267
25 268
25 269
25 270
25 271
25 272
25 273
25 274
25 275
25 276
25 277
25 278
25 279
25 280
25 281
25 282
25 283
25 284
25 285
25 286
25 287
25 288
25 289
25 290
25 291
25 292
25 293
25 294
25 295
25 296
25 297
25 298
25 299
26 29
26 31
26 35
26 36
26 39
26 45
26 49
26 54
26 55
26 65
26 69
26 77
26 78
26 85
26 91
26 92
26 93
26 95
26 97
26 98
26 99
26 100
26 102
26 109
26 114
26 115
26 117
26 118
26 120
26 122
26 125
26 126
26 132
26 133
26 136
26 137
26 139
26 143
26 145
26 147
26 157
26 158
26 161
26 164
26 168
26 173
26 177
26 184
26 186
26 191
26 192
26 202
26 203
26 206
26 208
26 214
26 215
26 216
26 218
26 221
26 225
26 228
26 230
26 232
26 234
26 235
26 236
26 237
26 240
26 248
26 254
26 260
26 261
26 262
26 263
26 268
26 284
26 288
26 291
26 295
26 297
26 299
27 29
27 31
27 35
27 36
27 39
27 45
27 49
27 54
27 55
27 65
27 69
27 77
27 78
27 85
27 91
27 92
27 93
27 95
27 97
27 98
27 99
27 100
27 102
27 109
27 114
27 115
27 117
27 118
27 120
27 122
27 125
27 126
27 132
27 133
27 136
27 137
27 139
27 143
27 145
27 147
27 157
27 158
27 161
27 164
27 168
27 173
27 177
27 184
27 186
27 191
27 192
27 202
27 203
27 206
27 208
27 214
27 215
27 216
27 218
27 221
27 225
27 228
27 230
27 232
27 234
27 235
27 236
27 237
27 240
27 248
27 254
27 260
27 261
27 262
27 263
27 268
27 284
27 288
27 291
27 295
27 297
27 299
28 29
28 31
28 35
28 36
28 39
28 45
28 49
28 54
28 55
28 65
28 69
28 77
28 78
28 85
28 91
28 92
28 93
28 95
28 97
28 98
28 99
28 100
28 102
28 109
28 114
28 115
28 117
28 118
28 120
28 122
28 125
28 126
28 132
28 133
28 136
28 137
28 139
28 143
28 145
28 147
28 157
28 158
28 161
28 164
28 168
28 173
28 177
28 184
28 186
28 191
28 192
28 202
28 203
28 206
28 208
28 214
28 215
28 216
28 218
28 221
28 225
28 228
28 230
28 232
28 234
28 235
28 236
28 237
28 240
28 248
28 254
28 260
28 261
28 262
28 263
28 268
28 284
28 288
28 291
28 295
28 297
28 299
29 30
29 31
29 32
29 33
29 34
29 35
29 36
29 37
29 38
29 39
29 40
29 41
29 42
29 43
29 44
29 45
29 46
29 47
29 48
29 49
29 50
29 51
29 52
29 53
29 54
29 55
29 56
29 57
29 58
29 59
29 60
29 61
29 62
29 63
29 64
29 65
29 66
29 67
29 68
29 69
29 70
29 71
29 72
29 73
29 74
29 75
29 76
29 77
29 78
29 79
29 80
29 81
29 82
29 83
29 84
29 85
29 86
29 87
29 88
29 89
29 90
29 91
29 92
29 93
29 94
29 95
29 96
29 97
29 98
29 99
29 100
29 101
29 102
29 103
29 104
29 105
29 106
29 107
29 108
29 109
29 110
29 111
29 112
29 113
29 114
29 115
29 116
29 117
29 119
29 120
29 121
29 122
29 123
29 124
29 125
29 126
29 127
29 128
29 129
29 130
29 131
29 132
29 134
29 135
29 136
29 137
29 138
29 139
29 140
29 141
29 142
29 143
29 144
29 145
29 146
29 148
29 149
29 150
29 151
29 152
29 153
29 154
29 155
29 156
29 157
29 158
29 159
29 160
29 161
29 162
29 163
29 164
29 165
29 166
29 167
29 168
29 169
29 170
29 171
29 172
29 173
29 174
29 175
29 176
29 177
29 178
29 179
29 180
29 181
29 182
29 183
29 185
29 186
29 187
29 188
29 189
29 190
29 191
29 193
29 194
29 195
29 196
29 197
29 198
29 199
29 200
29 201
29 202
29 203
29 204
29 205
29 206
29 207
29 208
29 209
29 210
29 211
29 212
29 213
29 214
29 215
29 216
29 217
29 218
29 219
29 220
29 221
29 222
29 223
29 224
29 225
29 226
29 227
29 228
29 229
29 230
29 231
29 232
29 233
29 234
29 235
29 236
29 237
29 238
29 239
29 240
29 241
29 242
29 243
29 244
29 245
29 246
29 247
29 248
29 249
29 250
29 251
29 252
29 253
29 254
29 255
29 256
29 257
29 258
29 259
29 262
29 263
29 264
29 265
29 266
29 267
29 268
29 269
29 270
29 271
29 272
29 273
29 274
29 275
29 276
29 277
29 278
29 279
29 280
29 281
29 282
29 283
29 284
29 285
29 286
29 287
29 288
29 289
29 290
29 292
29 293
29 294
29 296
29 297
29 298
29 299
30 31
30 35
30 36
30 39
30 45
30 49
30 54
30 55
30 65
30 69
30 77
30 78
30 85
30 91
30 92
30 93
30 95
30 97
30 98
30 99
30 100
30 102
30 109
30 114
30 115
30 117
30 118
30 120
30 122
30 125
30 126
30 132
30 133
30 136
30 137
30 139
30 143
30 145
30 147
30 157
30 158
30 161
30 164
30 168
30 173
30 177
30 184
30 186
30 191
30 192
30 202
30 203
30 206
30 208
30 214
30 215
30 216
30 218
30 221
30 225
30 228
30 230
30 232
30 234
30 235
30 236
30 237
30 240
30 248
30 254
30 260
30 261
30 262
30 263
30 268
30 284
30 288
30 291
30 295
30 297
30 299
31 32
31 33
31 34
31 35
31 37
31 38
31 39
31 40
31 41
31 42
31 43
31 44
31 45
31 46
31 47
31 48
31 49
31 50
31 51
31 52
31 53
31 54
31 55
31 56
31 57
31 58
31 59
31 60
31 61
31 62
31 63
31 64
31 65
31 66
31 67
31 68
31 69
31 70
31 71
31 72
31 73
31 74
31 75
31 76
31 77
31 78
31 79
31 80
31 81
31 82
31 83
31 84
31 85
31 86
31 87
31 88
31 89
31 90
31 91
31 93
31 94
31 95
31 96
31 97
31 98
31 99
31 100
31 101
31 102
31 103
31 104
31 105
31 106
31 107
31 108
31 109
31 110
31 111
31 112
31 113
31 114
31 115
31 116
31 117
31 118
31 119
31 120
31 121
31 122
31 123
31 124
31 126
31 127
31 128
31 129
31 130
31 131
31 132
31 133
31 134
31 135
31 137
31 138
31 139
31 140
31 141
31 142
31 143
31 144
31 145
31 146
31 147
31 148
31 149
31 150
31 151
31 152
31 153
31 154
31 155
31 156
31 157
31 158
31 159
31 160
31 161
31 162
31 163
31 164
31 165
31 166
31 167
31 168
31 169
31 170
31 171
31 172
31 174
31 175
31 176
31 177
31 178
31 179
31 180
31 181
31 182
31 183
31 184
31 185
31 186
31 187
31 188
31 189
31 190
31 191
31 192
31 193
31 194
31 195
31 196
31 197
31 198
31 199
31 200
31 201
31 202
31 203
31 204
31 205
31 206
31 207
31 208
31 209
31 210
31 211
31 212
31 213
31 214
31 215
31 216
31 217
31 219
31 220
31 221
31 222
31 223
31 224
31 225
31 226
31 227
31 228
31 229
31 230
31 231
31 232
31 233
31 235
31 236
31 237
31 238
31 239
31 240
31 241
31 242
31 243
31 244
31 245
31 246
31 247
31 248
31 249
31 250
31 251
31 252
31 253
31 254
31 255
31 256
31 257
31 258
31 259
31 260
31 261
31 263
31 264
31 265
31 266
31 267
31 268
31 269
31 270
31 271
31 272
31 273
31 274
31 275
31 276
31 277
31 278
31 279
31 280
31 281
31 282
31 283
31 284
31 285
31 286
31 287
31 288
31 289
31 290
31 291
31 292
31 293
31 294
31 295
31 296
31 297
31 298
32 35
32 36
32 39
32 45
32 49
32 54
32 55
32 65
32 69
32 77
32 78
32 85
32 91
32 92
32 93
32 95
32 97
32 98
32 99
32 100
32 102
32 109
32 114
32 115
32 117
32 118
32 120
32 122
32 125
32 126
32 132
32 133
32 136
32 137
32 139
32 143
32 145
32 147
32 157
32 158
32 161
32 164
32 168
32 173
32 177
32 184
32 186
32 191
32 192
32 202
32 203
32 206
32 208
32 214
32 215
32 216
32 218
32 221
32 225
32 228
32 230
32 232
32 234
32 235
32 236
32 237
32 240
32 248
32 254
32 260
32 261
32 262
32 263
32 268
32 284
32 288
32 291
32 295
32 297
32 299
33 35
33 36
33 39
33 45
33 49
33 54
33 55
33 65
33 69
33 77
33 78
33 85
33 91
33 92
33 93
33 95
33 97
33 98
33 99
33 100
33 102
33 109
33 114
33 115
33 117
33 118
33 120
33 122
33 125
33 126
33 132
33 133
33 136
33 137
33 139
33 143
33 145
33 147
33 157
33 158
33 161
33 164
33 168
33 173
33 177
33 184
33 186
33 191
33 192
33 202
33 203
33 206
33 208
33 214
33 215
33 216
33 218
33 221
33 225
33 228
33 230
33 232
33 234
33 235
33 236
33 237
33 240
33 248
33 254
33 260
33 261
33 262
33 263
33 268
33 284
33 288
33 291
33 295
33 297
33 299
34 35
34 36
34 39
34 45
34 49
34 54
34 55
34 65
34 69
34 77
34 78
34 85
34 91
34 92
34 93
34 95
34 97
34 98
34 99
34 100
34 102
34 109
34 114
34 115
34 117
34 118
34 120
34 122
34 125
34 126
34 132
34 133
34 136
34 137
34 139
34 143
34 145
34 147
34 157
34 158
34 161
34 164
34 168
34 173
34 177
34 184
34 186
34 191
34 192
34 202
34 203
34 206
34 208
34 214
34 215
34 216
34 218
34 221
34 225
34 228
34 230
34 232
34 234
34 235
34 236
34 237
34 240
34 248
34 254
34 260
34 261
34 262
34 263
34 268
34 284
34 288
34 291
34 295
34 297
34 299
35 36
35 37
35 38
35 39
35 40
35 41
35 42
35 43
35 44
35 46
35 47
35 48
35 49
35 50
35 51
35 52
35 53
35 54
35 55
35 56
35 57
35 58
35 59
35 60
35 61
35 62
35 63
35 64
35 65
35 66
35 67
35 68
35 70
35 71
35 72
35 73
35 74
35 75
35 76
35 77
35 79
35 80
35 81
35 82
35 83
35 84
35 85
35 86
35 87
35 88
35 89
35 90
35 92
35 94
35 95
35 96
35 97
35 98
35 99
35 100
35 101
35 102
35 103
35 104
35 105
35 106
35 107
35 108
35 109
35 110
35 111
35 112
35 113
35 114
35 115
35 116
35 117
35 118
35 119
35 120
35 121
35 122
35 123
35 124
35 125
35 126
35 127
35 128
35 129
35 130
35 131
35 132
35 133
35 134
35 135
35 136
35 137
35 138
35 139
35 140
35 141
35 142
35 144
35 145
35 146
35 147
35 148
35 149
35 150
35 151
35 152
35 153
35 154
35 155
35 156
35 157
35 158
35 159
35 160
35 161
35 162
35 163
35 164
35 165
35 166
35 167
35 168
35 169
35 170
35 171
35 172
35 173
35 174
35 175
35 176
35 177
35 178
35 179
35 180
35 181
35 182
35 183
35 184
35 185
35 186
35 187
35 188
35 189
35 190
35 191
35 192
35 193
35 194
35 195
35 196
35 197
35 198
35 199
35 200
35 201
35 202
35 203
35 204
35 205
35 206
35 207
35 209
35 210
35 211
35 212
35 213
35 214
35 215
35 216
35 217
35 218
35 219
35 220
35 221
35 222
35 223
35 224
35 225
35 226
35 227
35 229
35 230
35 231
35 232
35 233
35 234
35 235
35 236
35 237
35 238
35 239
35 240
35 241
35 242
35 243
35 244
35 245
35 246
35 247
35 248
35 249
35 250
35 251
35 252
35 253
35 254
35 255
35 256
35 257
35 258
35 259
35 260
35 261
35 262
35 263
35 264
35 265
35 266
35 267
35 269
35 270
35 271
35 272
35 273
35 274
35 275
35 276
35 277
35 278
35 279
35 280
35 281
35 282
35 283
35 284
35 285
35 286
35 287
35 288
35 289
35 290
35 291
35 292
35 293
35 294
35 295
35 296
35 297
35 298
35 299
36 37
36 38
36 39
36 40
36 41
36 42
36 43
36 44
36 45
36 46
36 47
36 48
36 49
36 50
36 51
36 52
36 53
36 54
36 55
36 56
36 57
36 58
36 59
36 60
36 61
36 62
36 63
36 64
36 65
36 66
36 67
36 68
36 69
36 70
36 71
36 72
36 73
36 74
36 75
36 76
36 77
36 78
36 79
36 80
36 81
36 82
36 83
36 84
36 85
36 86
36 87
36 88
36 89
36 90
36 91
36 93
36 94
36 95
36 96
36 97
36 98
36 99
36 100
36 101
36 102
36 103
36 104
36 105
36 106
36 107
36 108
36 109
36 110
36 111
36 112
36 113
36 114
36 115
36 116
36 117
36 118
36 119
36 120
36 121
36 122
36 123
36 124
36 126
36 127
36 128
36 129
36 130
36 131
36 132
36 133
36 134
36 135
36 137
36 138
36 139
36 140
36 141
36 142
36 143
36 144
36 145
36 146
36 147
36 148
36 149
36 150
36 151
36 152
36 153
36 154
36 155
36 156
36 157
36 158
36 159
36 160
36 161
36 162
36 163
36 164
36 165
36 166
36 167
36 168
36 169
36 170
36 171
36 172
36 174
36 175
36 176
36 177
36 178
36 179
36 180
36 181
36 182
36 183
36 184
36 185
36 186
36 187
36 188
36 189
36 190
36 191
36 192
36 193
36 194
36 195
36 196
36 197
36 198
36 199
36 200
36 201
36 202
36 203
36 204
36 205
36 206
36 207
36 208
36 209
36 210
36 211
36 212
36 213
36 214
36 215
36 216
36 217
36 219
36 220
36 221
36 222
36 223
36 224
36 225
36 226
36 227
36 228
36 229
36 230
36 231
36 232
36 233
36 235
36 236
36 237
36 238
36 239
36 240
36 241
36 242
36 243
36 244
36 245
36 246
36 247
36 248
36 249
36 250
36 251
36 252
36 253
36 254
36 255
36 256
36 257
36 258
36 259
36 260
36 261
36 263
36 264
36 265
36 266
36 267
36 268
36 269
36 270
36 271
36 272
36 273
36 274
36 275
36 276
36 277
36 278
36 279
36 280
36 281
36 282
36 283
36 284
36 285
36 286
36 287
36 288
36 289
36 290
36 291
36 292
36 293
36 294
36 295
36 296
36 297
36 298
37 39
37 45
37 49
37 54
37 55
37 65
37 69
37 77
37 78
37 85
37 91
37 92
37 93
37 95
37 97
37 98
37 99
37 100
37 102
37 109
37 114
37 115
37 117
37 118
37 120
37 122
37 125
37 126
37 132
37 133
37 136
37 137
37 139
37 143
37 145
37 147
37 157
37 158
37 161
37 164
37 168
37 173
37 177
37 184
37 186
37 191
37 192
37 202
37 203
37 206
37 208
37 214
37 215
37 216
37 218
37 221
37 225
37 228
37 230
37 232
37 234
37 235
37 236
37 237
37 240
37 248
37 254
37 260
37 261
37 262
37 263
37 268
37 284
37 288
37 291
37 295
37 297
37 299
38 39
38 45
38 49
38 54
38 55
38 65
38 69
38 77
38 78
38 85
38 91
38 92
38 93
38 95
38 97
38 98
38 99
38 100
38 102
38 109
38 114
38 115
38 117
38 118
38 120
38 122
38 125
38 126
38 132
38 133
38 136
38 137
38 139
38 143
38 145
38 147
38 157
38 158
38 161
38 164
38 168
38 173
38 177
38 184
38 186
38 191
38 192
38 202
38 203
38 206
38 208
38 214
38 215
38 216
38 218
38 221
38 225
38 228
38 230
38 232
38 234
38 235
38 236
38 237
38 240
38 248
38 254
38 260
38 261
38 262
38 263
38 268
38 284
38 288
38 291
38 295
38 297
38 299
39 40
39 41
39 42
39 43
39 44
39 45
39 46
39 47
39 48
39 49
39 50
39 51
39 52
39 53
39 54
39 55
39 56
39 57
39 58
39 59
39 60
39 61
39 62
39 63
39 64
39 65
39 66
39 67
39 68
39 69
39 70
39 71
39 72
39 73
39 74
39 75
39 76
39 78
39 79
39 80
39 81
39 82
39 83
39 84
39 85
39 86
39 87
39 88
39 89
39 90
39 91
39 92
39 93
39 94
39 95
39 96
39 97
39 98
39 99
39 100
39 101
39 102
39 103
39 104
39 105
39 106
39 107
39 108
39 109
39 110
39 111
39 112
39 113
39 114
39 115
39 116
39 117
39 118
39 119
39 120
39 121
39 122
39 123
39 124
39 125
39 127
39 128
39 129
39 130
39 131
39 132
39 133
39 134
39 135
39 136
39 137
39 138
39 139
39 140
39 141
39 142
39 143
39 144
39 145
39 146
39 147
39 148
39 149
39 150
39 151
39 152
39 153
39 154
39 155
39 156
39 157
39 158
39 159
39 160
39 161
39 162
39 163
39 165
39 166
39 167
39 168
39 169
39 170
39 171
39 172
39 173
39 174
39 175
39 176
39 177
39 178
39 179
39 180
39 181
39 182
39 183
39 184
39 185
39 186
39 187
39 188
39 189
39 190
39 191
39 192
39 193
39 194
39 195
39 196
39 197
39 198
39 199
39 200
39 201
39 202
39 203
39 204
39 205
39 206
39 207
39 208
39 209
39 210
39 211
39 212
39 213
39 214
39 216
39 217
39 218
39 219
39 220
39 221
39 222
39 223
39 224
39 225
39 226
39 227
39 228
39 229
39 231
39 232
39 233
39 234
39 235
39 238
39 239
39 241
39 242
39 243
39 244
39 245
39 246
39 247
39 248
39 249
39 250
39 251
39 252
39 253
39 254
39 255
39 256
39 257
39 258
39 259
39 260
39 261
39 262
39 263
39 264
39 265
39 266
39 267
39 268
39 269
39 270
39 271
39 272
39 273
39 274
39 275
39 276
39 277
39 278
39 279
39 280
39 281
39 282
39 283
39 284
39 285
39 286
39 287
39 288
39 289
39 290
39 291
39 292
39 293
39 294
39 295
39 296
39 297
39 298
39 299
40 45
40 49
40 54
40 55
40 65
40 69
40 77
40 78
40 85
40 91
40 92
40 93
40 95
40 97
40 98
40 99
40 100
40 102
40 109
40 114
40 115
40 117
40 118
40 120
40 122
40 125
40 126
40 132
40 133
40 136
40 137
40 139
40 143
40 145
40 147
40 157
40 158
40 161
40 164
40 168
40 173
40 177
40 184
40 186
40 191
40 192
40 202
40 203
40 206
40 208
40 214
40 215
40 216
40 218
40 221
40 225
40 228
40 230
40 232
40 234
40 235
40 236
40 237
40 240
40 248
40 254
40 260
40 261
40 262
40 263
40 268
40 284
40 288
40 291
40 295
40 297
40 299
41 45
41 49
41 54
41 55
41 65
41 69
41 77
41 78
41 85
41 91
41 92
41 93
41 95
41 97
41 98
41 99
41 100
41 102
41 109
41 114
41 115
41 117
41 118
41 120
41 122
41 125
41 126
41 132
41 133
41 136
41 137
41 139
41 143
41 145
41 147
41 157
41 158
41 161
41 164
41 168
41 173
41 177
41 184
41 186
41 191
41 192
41 202
41 203
41 206
41 208
41 214
41 215
41 216
41 218
41 221
41 225
41 228
41 230
41 232
41 234
41 235
41 236
41 237
41 240
41 248
41 254
41 260
41 261
41 262
41 263
41 268
41 284
41 288
41 291
41 295
41 297
41 299
42 45
42 49
42 54
42 55
42 65
42 69
42 77
42 78
42 85
42 91
42 92
42 93
42 95
42 97
42 98
42 99
42 100
42 102
42 109
42 114
42 115
42 117
42 118
42 120
42 122
42 125
42 126
42 132
42 133
42 136
42 137
42 139
42 143
42 145
42 147
42 157
42 158
42 161
42 164
42 168
42 173
42 177
42 184
42 186
42 191
42 192
42 202
42 203
42 206
42 208
42 214
42 215
42 216
42 218
42 221
42 225
42 228
42 230
42 232
42 234
42 235
42 236
42 237
42 240
42 248
42 254
42 260
42 261
42 262
42 263
42 268
42 284
42 288
42 291
42 295
42 297
42 299
43 45
43 49
43 54
43 55
43 65
43 69
43 77
43 78
43 85
43 91
43 92
43 93
43 95
43 97
43 98
43 99
43 100
43 102
43 109
43 114
43 115
43 117
43 118
43 120
43 122
43 125
43 126
43 132
43 133
43 136
43 137
43 139
43 143
43 145
43 147
43 157
43 158
43 161
43 164
43 168
43 173
43 177
43 184
43 186
43 191
43 192
43 202
43 203
43 206
43 208
43 214
43 215
43 216
43 218
43 221
43 225
43 228
43 230
43 232
43 234
43 235
43 236
43 237
43 240
43 248
43 254
43 260
43 261
43 262
43 263
43 268
43 284
43 288
43 291
43 295
43 297
43 299
44 45
44 49
44 54
44 55
44 65
44 69
44 77
44 78
44 85
44 91
44 92
44 93
44 95
44 97
44 98
44 99
44 100
44 102
44 109
44 114
44 115
44 117
44 118
44 120
44 122
44 125
44 126
44 132
44 133
44 136
44 137
44 139
44 143
44 145
44 147
44 157
44 158
44 161
44 164
44 168
44 173
44 177
44 184
44 186
44 191
44 192
44 202
44 203
44 206
44 208
44 214
44 215
44 216
44 218
44 221
44 225
44 228
44 230
44 232
44 234
44 235
44 236
44 237
44 240
44 248
44 254
44 260
44 261
44 262
44 263
44 268
44 284
44 288
44 291
44 295
44 297
44 299
45 46
45 47
45 48
45 49
45 50
45 51
45 52
45 53
45 54
45 55
45 56
45 57
45 58
45 59
45 60
45 61
45 62
45 63
45 64
45 65
45 66
45 67
45 68
45 70
45 71
45 72
45 73
45 74
45 75
45 76
45 77
45 79
45 80
45 81
45 82
45 83
45 84
45 85
45 86
45 87
45 88
45 89
45 90
45 92
45 94
45 95
45 96
45 97
45 98
45 99
45 100
45 101
45 102
45 103
45 104
45 105
45 106
45 107
45 108
45 109
45 110
45 111
45 112
45 113
45 114
45 115
45 116
45 117
45 118
45 119
45 120
45 121
45 122
45 123
45 124
45 125
45 126
45 127
45 128
45 129
45 130
45 131
45 132
45 133
45 134
45 135
45 136
45 137
45 138
45 139
45 140
45 141
45 142
45 144
45 145
45 146
45 147
45 148
45 149
45 150
45 151
45 152
45 153
45 154
45 155
45 156
45 157
45 158
45 159
45 160
45 161
45 162
45 163
45 164
45 165
45 166
45 167
45 168
45 169
45 170
45 171
45 172
45 173
45 174
45 175
45 176
45 177
45 178
45 179
45 180
45 181
45 182
45 183
45 184
45 185
45 186
45 187
45 188
45 189
45 190
45 191
45 192
45 193
45 194
45 195
45 196
45 197
45 198
45 199
45 200
45 201
45 202
45 203
45 204
45 205
45 206
45 207
45 209
45 210
45 211
45 212
45 213
45 214
45 215
45 216
45 217
45 218
45 219
45 220
45 221
45 222
45 223
45 224
45 225
45 226
45 227
45 229
45 230
45 231
45 232
45 233
45 234
45 235
45 236
45 237
45 238
45 239
45 240
45 241
45 242
45 243
45 244
45 245
45 246
45 247
45 248
45 249
45 250
45 251
45 252
45 253
45 254
45 255
45 256
45 257
45 258
45 259
45 260
45 261
45 262
45 263
45 264
45 265
45 266
45 267
45 269
45 270
45 271
45 272
45 273
45 274
45 275
45 276
45 277
45 278
45 279
45 280
45 281
45 282
45 283
45 284
45 285
45 286
45 287
45 288
45 289
45 290
45 291
45 292
45 293
45 294
45 295
45 296
45 297
45 298
45 299
46 49
46 54
46 55
46 65
46 69
46 77
46 78
46 85
46 91
46 92
46 93
46 95
46 97
46 98
46 99
46 100
46 102
46 109
46 114
46 115
46 117
46 118
46 120
46 122
46 125
46 126
46 132
46 133
46 136
46 137
46 139
46 143
46 145
46 147
46 157
46 158
46 161
46 164
46 168
46 173
46 177
46 184
46 186
46 191
46 192
46 202
46 203
46 206
46 208
46 214
46 215
46 216
46 218
46 221
46 225
46 228
46 230
46 232
46 234
46 235
46 236
46 237
46 240
46 248
46 254
46 260
46 261
46 262
46 263
46 268
46 284
46 288
46 291
46 295
46 297
46 299
47 49
47 54
47 55
47 65
47 69
47 77
47 78
47 85
47 91
47 92
47 93
47 95
47 97
47 98
47 99
47 100
47 102
47 109
47 114
47 115
47 117
47 118
47 120
47 122
47 125
47 126
47 132
47 133
47 136
47 137
47 139
47 143
47 145
47 147
47 157
47 158
47 161
47 164
47 168
47 173
47 177
47 184
47 186
47 191
47 192
47 202
47 203
47 206
47 208
47 214
47 215
47 216
47 218
47 221
47 225
47 228
47 230
47 232
47 234
47 235
47 236
47 237
47 240
47 248
47 254
47 260
47 261
47 262
47 263
47 268
47 284
47 288
47 291
47 295
47 297
47 299
48 49
48 54
48 55
48 65
48 69
48 77
48 78
48 85
48 91
48 92
48 93
48 95
48 97
48 98
48 99
48 100
48 102
48 109
48 114
48 115
48 117
48 118
48 120
48 122
48 125
48 126
48 132
48 133
48 136
48 137
48 139
48 143
48 145
48 147
48 157
48 158
48 161
48 164
48 168
48 173
48 177
48 184
48 186
48 191
48 192
48 202
48 203
48 206
48 208
48 214
48 215
48 216
48 218
48 221
48 225
48 228
48 230
48 232
48 234
48 235
48 236
48 237
48 240
48 248
48 254
48 260
48 261
48 262
48 263
48 268
48 284
48 288
48 291
48 295
48 297
48 299
49 50
49 51
49 52
49 53
49 54
49 55
49 56
49 57
49 58
49 59
49 60
49 61
49 62
49 63
49 64
49 65
49 66
49 67
49 68
49 69
49 70
49 71
49 72
49 73
49 74
49 75
49 76
49 77
49 78
49 79
49 80
49 81
49 82
49 83
49 84
49 85
49 86
49 87
49 88
49 89
49 90
49 91
49 92
49 93
49 94
49 95
49 96
49 97
49 98
49 99
49 100
49 101
49 103
49 104
49 105
49 106
49 107
49 108
49 109
49 110
49 111
49 112
49 113
49 114
49 115
49 116
49 117
49 118
49 119
49 120
49 121
49 122
49 123
49 124
49 125
49 126
49 127
49 128
49 129
49 130
49 131
49 132
49 133
49 134
49 135
49 136
49 137
49 138
49 139
49 140
49 141
49 142
49 143
49 144
49 146
49 147
49 148
49 149
49 150
49 151
49 152
49 153
49 154
49 155
49 156
49 157
49 158
49 159
49 160
49 162
49 163
49 164
49 165
49 166
49 167
49 168
49 169
49 170
49 171
49 172
49 173
49 174
49 175
49 176
49 178
49 179
49 180
49 181
49 182
49 183
49 184
49 185
49 187
49 188
49 189
49 190
49 191
49 192
49 193
49 194
49 195
49 196
49 197
49 198
49 199
49 200
49 201
49 202
49 204
49 205
49 206
49 207
49 208
49 209
49 210
49 211
49 212
49 213
49 214
49 215
49 216
49 217
49 218
49 219
49 220
49 221
49 222
49 223
49 224
49 225
49 226
49 227
49 228
49 229
49 230
49 231
49 232
49 233
49 234
49 235
49 236
49 237
49 238
49 239
49 240
49 241
49 242
49 243
49 244
49 245
49 246
49 247
49 248
49 249
49 250
49 251
49 252
49 253
49 255
49 256
49 257
49 258
49 259
49 260
49 261
49 262
49 263
49 264
49 265
49 266
49 267
49 268
49 269
49 270
49 271
49 272
49 273
49 274
49 275
49 276
49 277
49 278
49 279
49 280
49 281
49 282
49 283
49 284
49 285
49 286
49 287
49 289
49 290
49 291
49 292
49 293
49 294
49 295
49 296
49 298
49 299
50 54
50 55
50 65
50 69
50 77
50 78
50 85
50 91
50 92
50 93
50 95
50 97
50 98
50 99
50 100
50 102
50 109
50 114
50 115
50 117
50 118
50 120
50 122
50 125
50 126
50 132
50 133
50 136
50 137
50 139
50 143
50 145
50 147
50 157
50 158
50 161
50 164
50 168
50 173
50 177
50 184
50 186
50 191
50 192
50 202
50 203
50 206
50 208
50 214
50 215
50 216
50 218
50 221
50 225
50 228
50 230
50 232
50 234
50 235
50 236
50 237
50 240
50 248
50 254
50 260
50 261
50 262
50 263
50 268
50 284
50 288
50 291
50 295
50 297
50 299
51 54
51 55
51 65
51 69
51 77
51 78
51 85
51 91
51 92
51 93
51 95
51 97
51 98
51 99
51 100
51 102
51 109
51 114
51 115
51 117
51 118
51 120
51 122
51 125
51 126
51 132
51 133
51 136
51 137
51 139
51 143
51 145
51 147
51 157
51 158
51 161
51 164
51 168
51 173
51 177
51 184
51 186
51 191
51 192
51 202
51 203
51 206
51 208
51 214
51 215
51 216
51 218
51 221
51 225
51 228
51 230
51 232
51 234
51 235
51 236
51 237
51 240
51 248
51 254
51 260
51 261
51 262
51 263
51 268
51 284
51 288
51 291
51 295
51 297
51 299
52 54
52 55
52 65
52 69
52 77
52 78
52 85
52 91
52 92
52 93
52 95
52 97
52 98
52 99
52 100
52 102
52 109
52 114
52 115
52 117
52 118
52 120
52 122
52 125
52 126
52 132
52 133
52 136
52 137
52 139
52 143
52 145
52 147
52 157
52 158
52 161
52 164
52 168
52 173
52 177
52 184
52 186
52 191
52 192
52 202
52 203
52 206
52 208
52 214
52 215
52 216
52 218
52 221
52 225
52 228
52 230
52 232
52 234
52 235
52 236
52 237
52 240
52 248
52 254
52 260
52 261
52 262
52 263
52 268
52 284
52 288
52 291
52 295
52 297
52 299
53 54
53 55
53 65
53 69
53 77
53 78
53 85
53 91
53 92
53 93
53 95
53 97
53 98
53 99
53 100
53 102
53 109
53 114
53 115
53 117
53 118
53 120
53 122
53 125
53 126
53 132
53 133
53 136
53 137
53 139
53 143
53 145
53 147
53 157
53 158
53 161
53 164
53 168
53 173
53 177
53 184
53 186
53 191
53 192
53 202
53 203
53 206
53 208
53 214
53 215
53 216
53 218
53 221
53 225
53 228
53 230
53 232
53 234
53 235
53 236
53 237
53 240
53 248
53 254
53 260
53 261
53 262
53 263
53 268
53 284
53 288
53 291
53 295
53 297
53 299
54 55
54 56
54 57
54 58
54 59
54 60
54 61
54 62
54 63
54 64
54 66
54 67
54 68
54 69
54 70
54 71
54 72
54 73
54 74
54 75
54 76
54 77
54 78
54 79
54 80
54 81
54 82
54 83
54 84
54 86
54 87
54 88
54 89
54 90
54 91
54 92
54 93
54 94
54 95
54 96
54 97
54 98
54 99
54 101
54 102
54 103
54 104
54 105
54 106
54 107
54 108
54 109
54 110
54 111
54 112
54 113
54 114
54 115
54 116
54 117
54 118
54 119
54 120
54 121
54 122
54 123
54 124
54 125
54 126
54 127
54 128
54 129
54 130
54 131
54 132
54 133
54 134
54 135
54 136
54 137
54 138
54 139
54 140
54 141
54 142
54 143
54 144
54 145
54 146
54 147
54 148
54 149
54 150
54 151
54 152
54 153
54 154
54 155
54 156
54 157
54 158
54 159
54 160
54 161
54 162
54 163
54 164
54 165
54 166
54 167
54 169
54 170
54 171
54 172
54 173
54 174
54 175
54 176
54 177
54 178
54 179
54 180
54 181
54 182
54 183
54 184
54 185
54 186
54 187
54 188
54 189
54 190
54 191
54 192
54 193
54 194
54 195
54 196
54 197
54 198
54 199
54 200
54 201
54 203
54 204
54 205
54 207
54 208
54 209
54 210
54 211
54 212
54 213
54 215
54 216
54 217
54 218
54 219
54 220
54 221
54 222
54 223
54 224
54 225
54 226
54 227
54 228
54 229
54 230
54 231
54 232
54 233
54 234
54 235
54 236
54 237
54 238
54 239
54 240
54 241
54 242
54 243
54 244
54 245
54 246
54 247
54 248
54 249
54 250
54 251
54 252
54 253
54 254
54 255
54 256
54 257
54 258
54 259
54 260
54 261
54 262
54 264
54 265
54 266
54 267
54 268
54 269
54 270
54 271
54 272
54 273
54 274
54 275
54 276
54 277
54 278
54 279
54 280
54 281
54 282
54 283
54 284
54 285
54 286
54 287
54 288
54 289
54 290
54 291
54 292
54 293
54 294
54 295
54 296
54 297
54 298
54 299
55 56
55 57
55 58
55 59
55 60
55 61
55 62
55 63
55 64
55 65
55 66
55 67
55 68
55 69
55 70
55 71
55 72
55 73
55 74
55 75
55 76
55 77
55 78
55 79
55 80
55 81
55 82
55 83
55 84
55 85
55 86
55 87
55 88
55 89
55 90
55 91
55 92
55 93
55 94
55 95
55 96
55 97
55 99
55 100
55 101
55 102
55 103
55 104
55 105
55 106
55 107
55 108
55 109
55 110
55 111
55 112
55 113
55 115
55 116
55 117
55 118
55 119
55 120
55 121
55 123
55 124
55 125
55 126
55 127
55 128
55 129
55 130
55 131
55 132
55 133
55 134
55 135
55 136
55 138
55 139
55 140
55 141
55 142
55 143
55 144
55 145
55 146
55 147
55 148
55 149
55 150
55 151
55 152
55 153
55 154
55 155
55 156
55 159
55 160
55 161
55 162
55 163
55 164
55 165
55 166
55 167
55 168
55 169
55 170
55 171
55 172
55 173
55 174
55 175
55 176
55 177
55 178
55 179
55 180
55 181
55 182
55 183
55 184
55 185
55 186
55 187
55 188
55 189
55 190
55 191
55 192
55 193
55 194
55 195
55 196
55 197
55 198
55 199
55 200
55 201
55 202
55 203
55 204
55 205
55 206
55 207
55 208
55 209
55 210
55 211
55 212
55 213
55 214
55 215
55 216
55 217
55 218
55 219
55 220
55 222
55 223
55 224
55 225
55 226
55 227
55 228
55 229
55 230
55 231
55 232
55 233
55 234
55 235
55 236
55 237
55 238
55 239
55 240
55 241
55 242
55 243
55 244
55 245
55 246
55 247
55 248
55 249
55 250
55 251
55 252
55 253
55 254
55 255
55 256
55 257
55 258
55 259
55 260
55 261
55 262
55 263
55 264
55 265
55 266
55 267
55 268
55 269
55 270
55 271
55 272
55 273
55 274
55 275
55 276
55 277
55 278
55 279
55 280
55 281
55 282
55 283
55 284
55 285
55 286
55 287
55 288
55 289
55 290
55 291
55 292
55 293
55 294
55 295
55 296
55 297
55 298
55 299
56 65
56 69
56 77
56 78
56 85
56 91
56 92
56 93
56 95
56 97
56 98
56 99
56 100
56 102
56 109
56 114
56 115
56 117
56 118
56 120
56 122
56 125
56 126
56 132
56 133
56 136
56 137
56 139
56 143
56 145
56 147
56 157
56 158
56 161
56 164
56 168
56 173
56 177
56 184
56 186
56 191
56 192
56 202
56 203
56 206
56 208
56 214
56 215
56 216
56 218
56 221
56 225
56 228
56 230
56 232
56 234
56 235
56 236
56 237
56 240
56 248
56 254
56 260
56 261
56 262
56 263
56 268
56 284
56 288
56 291
56 295
56 297
56 299
57 65
57 69
57 77
57 78
57 85
57 91
57 92
57 93
57 95
57 97
57 98
57 99
57 100
57 102
57 109
57 114
57 115
57 117
57 118
57 120
57 122
57 125
57 126
57 132
57 133
57 136
57 137
57 139
57 143
57 145
57 147
57 157
57 158
57 161
57 164
57 168
57 173
57 177
57 184
57 186
57 191
57 192
57 202
57 203
57 206
57 208
57 214
57 215
57 216
57 218
57 221
57 225
57 228
57 230
57 232
57 234
57 235
57 236
57 237
57 240
57 248
57 254
57 260
57 261
57 262
57 263
57 268
57 284
57 288
57 291
57 295
57 297
57 299
58 65
58 69
58 77
58 78
58 85
58 91
58 92
58 93
58 95
58 97
58 98
58 99
58 100
58 102
58 109
58 114
58 115
58 117
58 118
58 120
58 122
58 125
58 126
58 132
58 133
58 136
58 137
58 139
58 143
58 145
58 147
58 157
58 158
58 161
58 164
58 168
58 173
58 177
58 184
58 186
58 191
58 192
58 202
58 203
58 206
58 208
58 214
58 215
58 216
58 218
58 221
58 225
58 228
58 230
58 232
58 234
58 235
58 236
58 237
58 240
58 248
58 254
58 260
58 261
58 262
58 263
58 268
58 284
58 288
58 291
58 295
58 297
58 299
59 65
59 69
59 77
59 78
59 85
59 91
59 92
59 93
59 95
59 97
59 98
59 99
59 100
59 102
59 109
59 114
59 115
59 117
59 118
59 120
59 122
59 125
59 126
59 132
59 133
59 136
59 137
59 139
59 143
59 145
59 147
59 157
59 158
59 161
59 164
59 168
59 173
59 177
59 184
59 186
59 191
59 192
59 202
59 203
59 206
59 208
59 214
59 215
59 216
59 218
59 221
59 225
59 228
59 230
59 232
59 234
59 235
59 236
59 237
59 240
59 248
59 254
59 260
59 261
59 262
59 263
59 268
59 284
59 288
59 291
59 295
59 297
59 299
60 65
60 69
60 77
60 78
60 85
60 91
60 92
60 93
60 95
60 97
60 98
60 99
60 100
60 102
60 109
60 114
60 115
60 117
60 118
60 120
60 122
60 125
60 126
60 132
60 133
60 136
60 137
60 139
60 143
60 145
60 147
60 157
60 158
60 161
60 164
60 168
60 173
60 177
60 184
60 186
60 191
60 192
60 202
60 203
60 206
60 208
60 214
60 215
60 216
60 218
60 221
60 225
60 228
60 230
60 232
60 234
60 235
60 236
60 237
60 240
60 248
60 254
60 260
60 261
60 262
60 263
60 268
60 284
60 288
60 291
60 295
60 297
60 299
61 65
61 69
61 77
61 78
61 85
61 91
61 92
61 93
61 95
61 97
61 98
61 99
61 100
61 102
61 109
61 114
61 115
61 117
61 118
61 120
61 122
61 125
61 126
61 132
61 133
61 136
61 137
61 139
61 143
61 145
61 147
61 157
61 158
61 161
61 164
61 168
61 173
61 177
61 184
61 186
61 191
61 192
61 202
61 203
61 206
61 208
61 214
61 215
61 216
61 218
61 221
61 225
61 228
61 230
61 232
61 234
61 235
61 236
61 237
61 240
61 248
61 254
61 260
61 261
61 262
61 263
61 268
61 284
61 288
61 291
61 295
61 297
61 299
62 65
62 69
62 77
62 78
62 85
62 91
62 92
62 93
62 95
62 97
62 98
62 99
62 100
62 102
62 109
62 114
62 115
62 117
62 118
62 120
62 122
62 125
62 126
62 132
62 133
62 136
62 137
62 139
62 143
62 145
62 147
62 157
62 158
62 161
62 164
62 168
62 173
62 177
62 184
62 186
62 191
62 192
62 202
62 203
62 206
62 208
62 214
62 215
62 216
62 218
62 221
62 225
62 228
62 230
62 232
62 234
62 235
62 236
62 237
62 240
62 248
62 254
62 260
62 261
62 262
62 263
62 268
62 284
62 288
62 291
62 295
62 297
62 299
63 65
63 69
63 77
63 78
63 85
63 91
63 92
63 93
63 95
63 97
63 98
63 99
63 100
63 102
63 109
63 114
63 115
63 117
63 118
63 120
63 122
63 125
63 126
63 132
63 133
63 136
63 137
63 139
63 143
63 145
63 147
63 157
63 158
63 161
63 164
63 168
63 173
63 177
63 184
63 186
63 191
63 192
63 202
63 203
63 206
63 208
63 214
63 215
63 216
63 218
63 221
63 225
63 228
63 230
63 232
63 234
63 235
63 236
63 237
63 240
63 248
63 254
63 260
63 261
63 262
63 263
63 268
63 284
63 288
63 291
63 295
63 297
63 299
64 65
64 69
64 77
64 78
64 85
64 91
64 92
64 93
64 95
64 97
64 98
64 99
64 100
64 102
64 109
64 114
64 115
64 117
64 118
64 120
64 122
64 125
64 126
64 132
64 133
64 136
64 137
64 139
64 143
64 145
64 147
64 157
64 158
64 161
64 164
64 168
64 173
64 177
64 184
64 186
64 191
64 192
64 202
64 203
64 206
64 208
64 214
64 215
64 216
64 218
64 221
64 225
64 228
64 230
64 232
64 234
64 235
64 236
64 237
64 240
64 248
64 254
64 260
64 261
64 262
64 263
64 268
64 284
64 288
64 291
64 295
64 297
64 299
65 66
65 67
65 68
65 69
65 70
65 71
65 72
65 73
65 74
65 75
65 76
65 77
65 78
65 79
65 80
65 81
65 82
65 83
65 84
65 86
65 87
65 88
65 89
65 90
65 91
65 92
65 93
65 94
65 95
65 96
65 97
65 98
65 99
65 101
65 102
65 103
65 104
65 105
65 106
65 107
65 108
65 109
65 110
65 111
65 112
65 113
65 114
65 115
65 116
65 117
65 118
65 119
65 120
65 121
65 122
65 123
65 124
65 125
65 126
65 127
65 128
65 129
65 130
65 131
65 132
65 133
65 134
65 135
65 136
65 137
65 138
65 139
65 140
65 141
65 142
65 143
65 144
65 145
65 146
65 147
65 148
65 149
65 150
65 151
65 152
65 153
65 154
65 155
65 156
65 157
65 158
65 159
65 160
65 161
65 162
65 163
65 164
65 165
65 166
65 167
65 169
65 170
65 171
65 172
65 173
65 174
65 175
65 176
65 177
65 178
65 179
65 180
65 181
65 182
65 183
65 184
65 185
65 186
65 187
65 188
65 189
65 190
65 191
65 192
65 193
65 194
65 195
65 196
65 197
65 198
65 199
65 200
65 201
65 203
65 204
65 205
65 207
65 208
65 209
65 210
65 211
65 212
65 213
65 215
65 216
65 217
65 218
65 219
65 220
65 221
65 222
65 223
65 224
65 225
65 226
65 227
65 228
65 229
65 230
65 231
65 232
65 233
65 234
65 235
65 236
65 237
65 238
65 239
65 240
65 241
65 242
65 243
65 244
65 245
65 246
65 247
65 248
65 249
65 250
65 251
65 252
65 253
65 254
65 255
65 256
65 257
65 258
65 259
65 260
65 261
65 262
65 264
65 265
65 266
65 267
65 268
65 269
65 270
65 271
65 272
65 273
65 274
65 275
65 276
65 277
65 278
65 279
65 280
65 281
65 282
65 283
65 284
65 285
65 286
65 287
65 288
65 289
65 290
65 291
65 292
65 293
65 294
65 295
65 296
65 297
65 298
65 299
66 69
66 77
66 78
66 85
66 91
66 92
66 93
66 95
66 97
66 98
66 99
66 100
66 102
66 109
66 114
66 115
66 117
66 118
66 120
66 122
66 125
66 126
66 132
66 133
66 136
66 137
66 139
66 143
66 145
66 147
66 157
66 158
66 161
66 164
66 168
66 173
66 177
66 184
66 186
66 191
66 192
66 202
66 203
66 206
66 208
66 214
66 215
66 216
66 218
66 221
66 225
66 228
66 230
66 232
66 234
66 235
66 236
66 237
66 240
66 248
66 254
66 260
66 261
66 262
66 263
66 268
66 284
66 288
66 291
66 295
66 297
66 299
67 69
67 77
67 78
67 85
67 91
67 92
67 93
67 95
67 97
67 98
67 99
67 100
67 102
67 109
67 114
67 115
67 117
67 118
67 120
67 122
67 125
67 126
67 132
67 133
67 136
67 137
67 139
67 143
67 145
67 147
67 157
67 158
67 161
67 164
67 168
67 173
67 177
67 184
67 186
67 191
67 192
67 202
67 203
67 206
67 208
67 214
67 215
67 216
67 218
67 221
67 225
67 228
67 230
67 232
67 234
67 235
67 236
67 237
67 240
67 248
67 254
67 260
67 261
67 262
67 263
67 268
67 284
67 288
67 291
67 295
67 297
67 299
68 69
68 77
68 78
68 85
68 91
68 92
68 93
68 95
68 97
68 98
68 99
68 100
68 102
68 109
68 114
68 115
68 117
68 118
68 120
68 122
68 125
68 126
68 132
68 133
68 136
68 137
68 139
68 143
68 145
68 147
68 157
68 158
68 161
68 164
68 168
68 173
68 177
68 184
68 186
68 191
68 192
68 202
68 203
68 206
68 208
68 214
68 215
68 216
68 218
68 221
68 225
68 228
68 230
68 232
68 234
68 235
68 236
68 237
68 240
68 248
68 254
68 260
68 261
68 262
68 263
68 268
68 284
68 288
68 291
68 295
68 297
68 299
69 70
69 71
69 72
69 73
69 74
69 75
69 76
69 77
69 79
69 80
69 81
69 82
69 83
69 84
69 85
69 86
69 87
69 88
69 89
69 90
69 92
69 94
69 95
69 96
69 97
69 98
69 99
69 100
69 101
69 102
69 103
69 104
69 105
69 106
69 107
69 108
69 109
69 110
69 111
69 112
69 113
69 114
69 115
69 116
69 117
69 118
69 119
69 120
69 121
69 122
69 123
69 124
69 125
69 126
69 127
69 128
69 129
69 130
69 131
69 132
69 133
69 134
69 135
69 136
69 137
69 138
69 139
69 140
69 141
69 142
69 144
69 145
69 146
69 147
69 148
69 149
69 150
69 151
69 152
69 153
69 154
69 155
69 156
69 157
69 158
69 159
69 160
69 161
69 162
69 163
69 164
69 165
69 166
69 167
69 168
69 169
69 170
69 171
69 172
69 173
69 174
69 175
69 176
69 177
69 178
69 179
69 180
69 181
69 182
69 183
69 184
69 185
69 186
69 187
69 188
69 189
69 190
69 191
69 192
69 193
69 194
69 195
69 196
69 197
69 198
69 199
69 200
69 201
69 202
69 203
69 204
69 205
69 206
69 207
69 209
69 210
69 211
69 212
69 213
69 214
69 215
69 216
69 217
69 218
69 219
69 220
69 221
69 222
69 223
69 224
69 225
69 226
69 227
69 229
69 230
69 231
69 232
69 233
69 234
69 235
69 236
69 237
69 238
69 239
69 240
69 241
69 242
69 243
69 244
69 245
69 246
69 247
69 248
69 249
69 250
69 251
69 252
69 253
69 254
69 255
69 256
69 257
69 258
69 259
69 260
69 261
69 262
69 263
69 264
69 265
69 266
69 267
69 269
69 270
69 271
69 272
69 273
69 274
69 275
69 276
69 277
69 278
69 279
69 280
69 281
69 282
69 283
69 284
69 285
69 286
69 287
69 288
69 289
69 290
69 291
69 292
69 293
69 294
69 295
69 296
69 297
69 298
69 299
70 77
70 78
70 85
70 91
70 92
70 93
70 95
70 97
70 98
70 99
70 100
70 102
70 109
70 114
70 115
70 117
70 118
70 120
70 122
70 125
70 126
70 132
70 133
70 136
70 137
70 139
70 143
70 145
70 147
70 157
70 158
70 161
70 164
70 168
70 173
70 177
70 184
70 186
70 191
70 192
70 202
70 203
70 206
70 208
70 214
70 215
70 216
70 218
70 221
70 225
70 228
70 230
70 232
70 234
70 235
70 236
70 237
70 240
70 248
70 254
70 260
70 261
70 262
70 263
70 268
70 284
70 288
70 291
70 295
70 297
70 299
71 77
71 78
71 85
71 91
71 92
71 93
71 95
71 97
71 98
71 99
71 100
71 102
71 109
71 114
71 115
71 117
71 118
71 120
71 122
71 125
71 126
71 132
71 133
71 136
71 137
71 139
71 143
71 145
71 147
71 157
71 158
71 161
71 164
71 168
71 173
71 177
71 184
71 186
71 191
71 192
71 202
71 203
71 206
71 208
71 214
71 215
71 216
71 218
71 221
71 225
71 228
71 230
71 232
71 234
71 235
71 236
71 237
71 240
71 248
71 254
71 260
71 261
71 262
71 263
71 268
71 284
71 288
71 291
71 295
71 297
71 299
72 77
72 78
72 85
72 91
72 92
72 93
72 95
72 97
72 98
72 99
72 100
72 102
72 109
72 114
72 115
72 117
72 118
72 120
72 122
72 125
72 126
72 132
72 133
72 136
72 137
72 139
72 143
72 145
72 147
72 157
72 158
72 161
72 164
72 168
72 173
72 177
72 184
72 186
72 191
72 192
72 202
72 203
72 206
72 208
72 214
72 215
72 216
72 218
72 221
72 225
72 228
72 230
72 232
72 234
72 235
72 236
72 237
72 240
72 248
72 254
72 260
72 261
72 262
72 263
72 268
72 284
72 288
72 291
72 295
72 297
72 299
73 77
73 78
73 85
73 91
73 92
73 93
73 95
73 97
73 98
73 99
73 100
73 102
73 109
73 114
73 115
73 117
73 118
73 120
73 122
73 125
73 126
73 132
73 133
73 136
73 137
73 139
73 143
73 145
73 147
73 157
73 158
73 161
73 164
73 168
73 173
73 177
73 184
73 186
73 191
73 192
73 202
73 203
73 206
73 208
73 214
73 215
73 216
73 218
73 221
73 225
73 228
73 230
73 232
73 234
73 235
73 236
73 237
73 240
73 248
73 254
73 260
73 261
73 262
73 263
73 268
73 284
73 288
73 291
73 295
73 297
73 299
74 77
74 78
74 85
74 91
74 92
74 93
74 95
74 97
74 98
74 99
74 100
74 102
74 109
74 114
74 115
74 117
74 118
74 120
74 122
74 125
74 126
74 132
74 133
74 136
74 137
74 139
74 143
74 145
74 147
74 157
74 158
74 161
74 164
74 168
74 173
74 177
74 184
74 186
74 191
74 192
74 202
74 203
74 206
74 208
74 214
74 215
74 216
74 218
74 221
74 225
74 228
74 230
74 232
74 234
74 235
74 236
74 237
74 240
74 248
74 254
74 260
74 261
74 262
74 263
74 268
74 284
74 288
74 291
74 295
74 297
74 299
75 77
75 78
75 85
75 91
75 92
75 93
75 95
75 97
75 98
75 99
75 100
75 102
75 109
75 114
75 115
75 117
75 118
75 120
75 122
75 125
75 126
75 132
75 133
75 136
75 137
75 139
75 143
75 145
75 147
75 157
75 158
75 161
75 164
75 168
75 173
75 177
75 184
75 186
75 191
75 192
75 202
75 203
75 206
75 208
75 214
75 215
75 216
75 218
75 221
75 225
75 228
75 230
75 232
75 234
75 235
75 236
75 237
75 240
75 248
75 254
75 260
75 261
75 262
75 263
75 268
75 284
75 288
75 291
75 295
75 297
75 299
76 77
76 78
76 85
76 91
76 92
76 93
76 95
76 97
76 98
76 99
76 100
76 102
76 109
76 114
76 115
76 117
76 118
76 120
76 122
76 125
76 126
76 132
76 133
76 136
76 137
76 139
76 143
76 145
76 147
76 157
76 158
76 161
76 164
76 168
76 173
76 177
76 184
76 186
76 191
76 192
76 202
76 203
76 206
76 208
76 214
76 215
76 216
76 218
76 221
76 225
76 228
76 230
76 232
76 234
76 235
76 236
76 237
76 240
76 248
76 254
76 260
76 261
76 262
76 263
76 268
76 284
76 288
76 291
76 295
76 297
76 299
77 78
77 79
77 80
77 81
77 82
77 83
77 84
77 85
77 86
77 87
77 88
77 89
77 90
77 91
77 92
77 93
77 94
77 95
77 96
77 97
77 98
77 99
77 100
77 101
77 102
77 103
77 104
77 105
77 106
77 107
77 108
77 109
77 110
77 111
77 112
77 113
77 114
77 115
77 116
77 117
77 118
77 119
77 120
77 121
77 122
77 123
77 124
77 125
77 127
77 128
77 129
77 130
77 131
77 132
77 133
77 134
77 135
77 136
77 137
77 138
77 139
77 140
77 141
77 142
77 143
77 144
77 145
77 146
77 147
77 148
77 149
77 150
77 151
77 152
77 153
77 154
77 155
77 156
77 157
77 158
77 159
77 160
77 161
77 162
77 163
77 165
77 166
77 167
77 168
77 169
77 170
77 171
77 172
77 173
77 174
77 175
77 176
77 177
77 178
77 179
77 180
77 181
77 182
77 183
77 184
77 185
77 186
77 187
77 188
77 189
77 190
77 191
77 192
77 193
77 194
77 195
77 196
77 197
77 198
77 199
77 200
77 201
77 202
77 203
77 204
77 205
77 206
77 207
77 208
77 209
77 210
77 211
77 212
77 213
77 214
77 216
77 217
77 218
77 219
77 220
77 221
77 222
77 223
77 224
77 225
77 226
77 227
77 228
77 229
77 231
77 232
77 233
77 234
77 235
77 238
77 239
77 241
77 242
77 243
77 244
77 245
77 246
77 247
77 248
77 249
77 250
77 251
77 252
77 253
77 254
77 255
77 256
77 257
77 258
77 259
77 260
77 261
77 262
77 263
77 264
77 265
77 266
77 267
77 268
77 269
77 270
77 271
77 272
77 273
77 274
77 275
77 276
77 277
77 278
77 279
77 280
77 281
77 282
77 283
77 284
77 285
77 286
77 287
77 288
77 289
77 290
77 291
77 292
77 293
77 294
77 295
77 296
77 297
77 298
77 299
78 79
78 80
78 81
78 82
78 83
78 84
78 85
78 86
78 87
78 88
78 89
78 90
78 92
78 94
78 95
78 96
78 97
78 98
78 99
78 100
78 101
78 102
78 103
78 104
78 105
78 106
78 107
78 108
78 109
78 110
78 111
78 112
78 113
78 114
78 115
78 116
78 117
78 118
78 119
78 120
78 121
78 122
78 123
78 124
78 125
78 126
78 127
78 128
78 129
78 130
78 131
78 132
78 133
78 134
78 135
78 136
78 137
78 138
78 139
78 140
78 141
78 142
78 144
78 145
78 146
78 147
78 148
78 149
78 150
78 151
78 152
78 153
78 154
78 155
78 156
78 157
78 158
78 159
78 160
78 161
78 162
78 163
78 164
78 165
78 166
78 167
78 168
78 169
78 170
78 171
78 172
78 173
78 174
78 175
78 176
78 177
78 178
78 179
78 180
78 181
78 182
78 183
78 184
78 185
78 186
78 187
78 188
78 189
78 190
78 191
78 192
78 193
78 194
78 195
78 196
78 197
78 198
78 199
78 200
78 201
78 202
78 203
78 204
78 205
78 206
78 207
78 209
78 210
78 211
78 212
78 213
78 214
78 215
78 216
78 217
78 218
78 219
78 220
78 221
78 222
78 223
78 224
78 225
78 226
78 227
78 229
78 230
78 231
78 232
78 233
78 234
78 235
78 236
78 237
78 238
78 239
78 240
78 241
78 242
78 243
78 244
78 245
78 246
78 247
78 248
78 249
78 250
78 251
78 252
78 253
78 254
78 255
78 256
78 257
78 258
78 259
78 260
78 261
78 262
78 263
78 264
78 265
78 266
78 267
78 269
78 270
78 271
78 272
78 273
78 274
78 275
78 276
78 277
78 278
78 279
78 280
78 281
78 282
78 283
78 284
78 285
78 286
78 287
78 288
78 289
78 290
78 291
78 292
78 293
78 294
78 295
78 296
78 297
78 298
78 299
79 85
79 91
79 92
79 93
79 95
79 97
79 98
79 99
79 100
79 102
79 109
79 114
79 115
79 117
79 118
79 120
79 122
79 125
79 126
79 132
79 133
79 136
79 137
79 139
79 143
79 145
79 147
79 157
79 158
79 161
79 164
79 168
79 173
79 177
79 184
79 186
79 191
79 192
79 202
79 203
79 206
79 208
79 214
79 215
79 216
79 218
79 221
79 225
79 228
79 230
79 232
79 234
79 235
79 236
79 237
79 240
79 248
79 254
79 260
79 261
79 262
79 263
79 268
79 284
79 288
79 291
79 295
79 297
79 299
80 85
80 91
80 92
80 93
80 95
80 97
80 98
80 99
80 100
80 102
80 109
80 114
80 115
80 117
80 118
80 120
80 122
80 125
80 126
80 132
80 133
80 136
80 137
80 139
80 143
80 145
80 147
80 157
80 158
80 161
80 164
80 168
80 173
80 177
80 184
80 186
80 191
80 192
80 202
80 203
80 206
80 208
80 214
80 215
80 216
80 218
80 221
80 225
80 228
80 230
80 232
80 234
80 235
80 236
80 237
80 240
80 248
80 254
80 260
80 261
80 262
80 263
80 268
80 284
80 288
80 291
80 295
80 297
80 299
81 85
81 91
81 92
81 93
81 95
81 97
81 98
81 99
81 100
81 102
81 109
81 114
81 115
81 117
81 118
81 120
81 122
81 125
81 126
81 132
81 133
81 136
81 137
81 139
81 143
81 145
81 147
81 157
81 158
81 161
81 164
81 168
81 173
81 177
81 184
81 186
81 191
81 192
81 202
81 203
81 206
81 208
81 214
81 215
81 216
81 218
81 221
81 225
81 228
81 230
81 232
81 234
81 235
81 236
81 237
81 240
81 248
81 254
81 260
81 261
81 262
81 263
81 268
81 284
81 288
81 291
81 295
81 297
81 299
82 85
82 91
82 92
82 93
82 95
82 97
82 98
82 99
82 100
82 102
82 109
82 114
82 115
82 117
82 118
82 120
82 122
82 125
82 126
82 132
82 133
82 136
82 137
82 139
82 143
82 145
82 147
82 157
82 158
82 161
82 164
82 168
82 173
82 177
82 184
82 186
82 191
82 192
82 202
82 203
82 206
82 208
82 214
82 215
82 216
82 218
82 221
82 225
82 228
82 230
82 232
82 234
82 235
82 236
82 237
82 240
82 248
82 254
82 260
82 261
82 262
82 263
82 268
82 284
82 288
82 291
82 295
82 297
82 299
83 85
83 91
83 92
83 93
83 95
83 97
83 98
83 99
83 100
83 102
83 109
83 114
83 115
83 117
83 118
83 120
83 122
83 125
83 126
83 132
83 133
83 136
83 137
83 139
83 143
83 145
83 147
83 157
83 158
83 161
83 164
83 168
83 173
83 177
83 184
83 186
83 191
83 192
83 202
83 203
83 206
83 208
83 214
83 215
83 216
83 218
83 221
83 225
83 228
83 230
83 232
83 234
83 235
83 236
83 237
83 240
83 248
83 254
83 260
83 261
83 262
83 263
83 268
83 284
83 288
83 291
83 295
83 297
83 299
84 85
84 91
84 92
84 93
84 95
84 97
84 98
84 99
84 100
84 102
84 109
84 114
84 115
84 117
84 118
84 120
84 122
84 125
84 126
84 132
84 133
84 136
84 137
84 139
84 143
84 145
84 147
84 157
84 158
84 161
84 164
84 168
84 173
84 177
84 184
84 186
84 191
84 192
84 202
84 203
84 206
84 208
84 214
84 215
84 216
84 218
84 221
84 225
84 228
84 230
84 232
84 234
84 235
84 236
84 237
84 240
84 248
84 254
84 260
84 261
84 262
84 263
84 268
84 284
84 288
84 291
84 295
84 297
84 299
85 86
85 87
85 88
85 89
85 90
85 91
85 92
85 93
85 94
85 95
85 96
85 97
85 98
85 99
85 101
85 102
85 103
85 104
85 105
85 106
85 107
85 108
85 109
85 110
85 111
85 112
85 113
85 114
85 115
85 116
85 117
85 118
85 119
85 120
85 121
85 122
85 123
85 124
85 125
85 126
85 127
85 128
85 129
85 130
85 131
85 132
85 133
85 134
85 135
85 136
85 137
85 138
85 139
85 140
85 141
85 142
85 143
85 144
85 145
85 146
85 147
85 148
85 149
85 150
85 151
85 152
85 153
85 154
85 155
85 156
85 157
85 158
85 159
85 160
85 161
85 162
85 163
85 164
85 165
85 166
85 167
85 169
85 170
85 171
85 172
85 173
85 174
85 175
85 176
85 177
85 178
85 179
85 180
85 181
85 182
85 183
85 184
85 185
85 186
85 187
85 188
85 189
85 190
85 191
85 192
85 193
85 194
85 195
85 196
85 197
85 198
85 199
85 200
85 201
85 203
85 204
85 205
85 207
85 208
85 209
85 210
85 211
85 212
85 213
85 215
85 216
85 217
85 218
85 219
85 220
85 221
85 222
85 223
85 224
85 225
85 226
85 227
85 228
85 229
85 230
85 231
85 232
85 233
85 234
85 235
85 236
85 237
85 238
85 239
85 240
85 241
85 242
85 243
85 244
85 245
85 246
85 247
85 248
85 249
85 250
85 251
85 252
85 253
85 254
85 255
85 256
85 257
85 258
85 259
85 260
85 261
85 262
85 264
85 265
85 266
85 267
85 268
85 269
85 270
85 271
85 272
85 273
85 274
85 275
85 276
85 277
85 278
85 279
85 280
85 281
85 282
85 283
85 284
85 285
85 286
85 287
85 288
85 289
85 290
85 291
85 292
85 293
85 294
85 295
85 296
85 297
85 298
85 299
86 91
86 92
86 93
86 95
86 97
86 98
86 99
86 100
86 102
86 109
86 114
86 115
86 117
86 118
86 120
86 122
86 125
86 126
86 132
86 133
86 136
86 137
86 139
86 143
86 145
86 147
86 157
86 158
86 161
86 164
86 168
86 173
86 177
86 184
86 186
86 191
86 192
86 202
86 203
86 206
86 208
86 214
86 215
86 216
86 218
86 221
86 225
86 228
86 230
86 232
86 234
86 235
86 236
86 237
86 240
86 248
86 254
86 260
86 261
86 262
86 263
86 268
86 284
86 288
86 291
86 295
86 297
86 299
87 91
87 92
87 93
87 95
87 97
87 98
87 99
87 100
87 102
87 109
87 114
87 115
87 117
87 118
87 120
87 122
87 125
87 126
87 132
87 133
87 136
87 137
87 139
87 143
87 145
87 147
87 157
87 158
87 161
87 164
87 168
87 173
87 177
87 184
87 186
87 191
87 192
87 202
87 203
87 206
87 208
87 214
87 215
87 216
87 218
87 221
87 225
87 228
87 230
87 232
87 234
87 235
87 236
87 237
87 240
87 248
87 254
87 260
87 261
87 262
87 263
87 268
87 284
87 288
87 291
87 295
87 297
87 299
88 91
88 92
88 93
88 95
88 97
88 98
88 99
88 100
88 102
88 109
88 114
88 115
88 117
88 118
88 120
88 122
88 125
88 126
88 132
88 133
88 136
88 137
88 139
88 143
88 145
88 147
88 157
88 158
88 161
88 164
88 168
88 173
88 177
88 184
88 186
88 191
88 192
88 202
88 203
88 206
88 208
88 214
88 215
88 216
88 218
88 221
88 225
88 228
88 230
88 232
88 234
88 235
88 236
88 237
88 240
88 248
88 254
88 260
88 261
88 262
88 263
88 268
88 284
88 288
88 291
88 295
88 297
88 299
89 91
89 92
89 93
89 95
89 97
89 98
89 99
89 100
89 102
89 109
89 114
89 115
89 117
89 118
89 120
89 122
89 125
89 126
89 132
89 133
89 136
89 137
89 139
89 143
89 145
89 147
89 157
89 158
89 161
89 164
89 168
89 173
89 177
89 184
89 186
89 191
89 192
89 202
89 203
89 206
89 208
89 214
89 215
89 216
89 218
89 221
89 225
89 228
89 230
89 232
89 234
89 235
89 236
89 237
89 240
89 248
89 254
89 260
89 261
89 262
89 263
89 268
89 284
89 288
89 291
89 295
89 297
89 299
90 91
90 92
90 93
90 95
90 97
90 98
90 99
90 100
90 102
90 109
90 114
90 115
90 117
90 118
90 120
90 122
90 125
90 126
90 132
90 133
90 136
90 137
90 139
90 143
90 145
90 147
90 157
90 158
90 161
90 164
90 168
90 173
90 177
90 184
90 186
90 191
90 192
90 202
90 203
90 206
90 208
90 214
90 215
90 216
90 218
90 221
90 225
90 228
90 230
90 232
90 234
90 235
90 236
90 237
90 240
90 248
90 254
90 260
90 261
90 262
90 263
90 268
90 284
90 288
90 291
90 295
90 297
90 299
91 92
91 94
91 95
91 96
91 97
91 98
91 99
91 100
91 101
91 102
91 103
91 104
91 105
91 106
91 107
91 108
91 109
91 110
91 111
91 112
91 113
91 114
91 115
91 116
91 117
91 118
91 119
91 120
91 121
91 122
91 123
91 124
91 125
91 126
91 127
91 128
91 129
91 130
91 131
91 132
91 133
91 134
91 135
91 136
91 137
91 138
91 139
91 140
91 141
91 142
91 144
91 145
91 146
91 147
91 148
91 149
91 150
91 151
91 152
91 153
91 154
91 155
91 156
91 157
91 158
91 159
91 160
91 161
91 162
91 163
91 164
91 165
91 166
91 167
91 168
91 169
91 170
91 171
91 172
91 173
91 174
91 175
91 176
91 177
91 178
91 179
91 180
91 181
91 182
91 183
91 184
91 185
91 186
91 187
91 188
91 189
91 190
91 191
91 192
91 193
91 194
91 195
91 196
91 197
91 198
91 199
91 200
91 201
91 202
91 203
91 204
91 205
91 206
91 207
91 209
91 210
91 211
91 212
91 213
91 214
91 215
91 216
91 217
91 218
91 219
91 220
91 221
91 222
91 223
91 224
91 225
91 226
91 227
91 229
91 230
91 231
91 232
91 233
91 234
91 235
91 236
91 237
91 238
91 239
91 240
91 241
91 242
91 243
91 244
91 245
91 246
91 247
91 248
91 249
91 250
91 251
91 252
91 253
91 254
91 255
91 256
91 257
91 258
91 259
91 260
91 261
91 262
91 263
91 264
91 265
91 266
91 267
91 269
91 270
91 271
91 272
91 273
91 274
91 275
91 276
91 277
91 278
91 279
91 280
91 281
91 282
91 283
91 284
91 285
91 286
91 287
91 288
91 289
91 290
91 291
91 292
91 293
91 294
91 295
91 296
91 297
91 298
91 299
92 93
92 94
92 95
92 96
92 97
92 98
92 99
92 100
92 101
92 102
92 103
92 104
92 105
92 106
92 107
92 108
92 109
92 110
92 111
92 112
92 113
92 114
92 115
92 116
92 117
92 118
92 119
92 120
92 121
92 122
92 123
92 124
92 126
92 127
92 128
92 129
92 130
92 131
92 132
92 133
92 134
92 135
92 137
92 138
92 139
92 140
92 141
92 142
92 143
92 144
92 145
92 146
92 147
92 148
92 149
92 150
92 151
92 152
92 153
92 154
92 155
92 156
92 157
92 158
92 159
92 160
92 161
92 162
92 163
92 164
92 165
92 166
92 167
92 168
92 169
92 170
92 171
92 172
92 174
92 175
92 176
92 177
92 178
92 179
92 180
92 181
92 182
92 183
92 184
92 185
92 186
92 187
92 188
92 189
92 190
92 191
92 192
92 193
92 194
92 195
92 196
92 197
92 198
92 199
92 200
92 201
92 202
92 203
92 204
92 205
92 206
92 207
92 208
92 209
92 210
92 211
92 212
92 213
92 214
92 215
92 216
92 217
92 219
92 220
92 221
92 222
92 223
92 224
92 225
92 226
92 227
92 228
92 229
92 230
92 231
92 232
92 233
92 235
92 236
92 237
92 238
92 239
92 240
92 241
92 242
92 243
92 244
92 245
92 246
92 247
92 248
92 249
92 250
92 251
92 252
92 253
92 254
92 255
92 256
92 257
92 258
92 259
92 260
92 261
92 263
92 264
92 265
92 266
92 267
92 268
92 269
92 270
92 271
92 272
92 273
92 274
92 275
92 276
92 277
92 278
92 279
92 280
92 281
92 282
92 283
92 284
92 285
92 286
92 287
92 288
92 289
92 290
92 291
92 292
92 293
92 294
92 295
92 296
92 297
92 298
93 94
93 95
93 96
93 97
93 98
93 99
93 100
93 101
93 102
93 103
93 104
93 105
93 106
93 107
93 108
93 109
93 110
93 111
93 112
93 113
93 114
93 115
93 116
93 117
93 118
93 119
93 120
93 121
93 122
93 123
93 124
93 125
93 126
93 127
93 128
93 129
93 130
93 131
93 132
93 133
93 134
93 135
93 136
93 137
93 138
93 139
93 140
93 141
93 142
93 144
93 145
93 146
93 147
93 148
93 149
93 150
93 151
93 152
93 153
93 154
93 155
93 156
93 157
93 158
93 159
93 160
93 161
93 162
93 163
93 164
93 165
93 166
93 167
93 168
93 169
93 170
93 171
93 172
93 173
93 174
93 175
93 176
93 177
93 178
93 179
93 180
93 181
93 182
93 183
93 184
93 185
93 186
93 187
93 188
93 189
93 190
93 191
93 192
93 193
93 194
93 195
93 196
93 197
93 198
93 199
93 200
93 201
93 202
93 203
93 204
93 205
93 206
93 207
93 209
93 210
93 211
93 212
93 213
93 214
93 215
93 216
93 217
93 218
93 219
93 220
93 221
93 222
93 223
93 224
93 225
93 226
93 227
93 229
93 230
93 231
93 232
93 233
93 234
93 235
93 236
93 237
93 238
93 239
93 240
93 241
93 242
93 243
93 244
93 245
93 246
93 247
93 248
93 249
93 250
93 251
93 252
93 253
93 254
93 255
93 256
93 257
93 258
93 259
93 260
93 261
93 262
93 263
93 264
93 265
93 266
93 267
93 269
93 270
93 271
93 272
93 273
93 274
93 275
93 276
93 277
93 278
93 279
93 280
93 281
93 282
93 283
93 284
93 285
93 286
93 287
93 288
93 289
93 290
93 291
93 292
93 293
93 294
93 295
93 296
93 297
93 298
93 299
94 95
94 97
94 98
94 99
94 100
94 102
94 109
94 114
94 115
94 117
94 118
94 120
94 122
94 125
94 126
94 132
94 133
94 136
94 137
94 139
94 143
94 145
94 147
94 157
94 158
94 161
94 164
94 168
94 173
94 177
94 184
94 186
94 191
94 192
94 202
94 203
94 206
94 208
94 214
94 215
94 216
94 218
94 221
94 225
94 228
94 230
94 232
94 234
94 235
94 236
94 237
94 240
94 248
94 254
94 260
94 261
94 262
94 263
94 268
94 284
94 288
94 291
94 295
94 297
94 299
95 96
95 97
95 98
95 99
95 100
95 101
95 102
95 103
95 104
95 105
95 106
95 107
95 108
95 109
95 110
95 111
95 112
95 113
95 114
95 115
95 116
95 117
95 118
95 119
95 120
95 121
95 122
95 123
95 124
95 125
95 126
95 127
95 128
95 129
95 130
95 131
95 133
95 134
95 135
95 136
95 137
95 138
95 140
95 141
95 142
95 143
95 144
95 145
95 146
95 147
95 148
95 149
95 150
95 151
95 152
95 153
95 154
95 155
95 156
95 157
95 158
95 159
95 160
95 161
95 162
95 163
95 164
95 165
95 166
95 167
95 168
95 169
95 170
95 171
95 172
95 173
95 174
95 175
95 176
95 177
95 178
95 179
95 180
95 181
95 182
95 183
95 184
95 185
95 186
95 187
95 188
95 189
95 190
95 192
95 193
95 194
95 195
95 196
95 197
95 198
95 199
95 200
95 201
95 202
95 203
95 204
95 205
95 206
95 207
95 208
95 209
95 210
95 211
95 212
95 213
95 214
95 215
95 217
95 218
95 219
95 220
95 221
95 222
95 223
95 224
95 225
95 226
95 227
95 228
95 229
95 230
95 231
95 232
95 233
95 234
95 236
95 237
95 238
95 239
95 240
95 241
95 242
95 243
95 244
95 245
95 246
95 247
95 249
95 250
95 251
95 252
95 253
95 254
95 255
95 256
95 257
95 258
95 259
95 260
95 261
95 262
95 263
95 264
95 265
95 266
95 267
95 268
95 269
95 270
95 271
95 272
95 273
95 274
95 275
95 276
95 277
95 278
95 279
95 280
95 281
95 282
95 283
95 284
95 285
95 286
95 287
95 288
95 289
95 290
95 291
95 292
95 293
95 294
95 295
95 296
95 297
95 298
95 299
96 97
96 98
96 99
96 100
96 102
96 109
96 114
96 115
96 117
96 118
96 120
96 122
96 125
96 126
96 132
96 133
96 136
96 137
96 139
96 143
96 145
96 147
96 157
96 158
96 161
96 164
96 168
96 173
96 177
96 184
96 186
96 191
96 192
96 202
96 203
96 206
96 208
96 214
96 215
96 216
96 218
96 221
96 225
96 228
96 230
96 232
96 234
96 235
96 236
96 237
96 240
96 248
96 254
96 260
96 261
96 262
96 263
96 268
96 284
96 288
96 291
96 295
96 297
96 299
97 98
97 100
97 101
97 102
97 103
97 104
97 105
97 106
97 107
97 108
97 110
97 111
97 112
97 113
97 114
97 116
97 118
97 119
97 121
97 122
97 123
97 124
97 125
97 126
97 127
97 128
97 129
97 130
97 131
97 132
97 133
97 134
97 135
97 136
97 137
97 138
97 139
97 140
97 141
97 142
97 143
97 144
97 145
97 146
97 147
97 148
97 149
97 150
97 151
97 152
97 153
97 154
97 155
97 156
97 157
97 158
97 159
97 160
97 161
97 162
97 163
97 164
97 165
97 166
97 167
97 168
97 169
97 170
97 171
97 172
97 173
97 174
97 175
97 176
97 177
97 178
97 179
97 180
97 181
97 182
97 183
97 184
97 185
97 186
97 187
97 188
97 189
97 190
97 191
97 192
97 193
97 194
97 195
97 196
97 197
97 198
97 199
97 200
97 201
97 202
97 203
97 204
97 205
97 206
97 207
97 208
97 209
97 210
97 211
97 212
97 213
97 214
97 215
97 216
97 217
97 218
97 219
97 220
97 221
97 222
97 223
97 224
97 226
97 227
97 228
97 229
97 230
97 231
97 233
97 234
97 235
97 236
97 237
97 238
97 239
97 240
97 241
97 242
97 243
97 244
97 245
97 246
97 247
97 248
97 249
97 250
97 251
97 252
97 253
97 254
97 255
97 256
97 257
97 258
97 259
97 260
97 261
97 262
97 263
97 264
97 265
97 266
97 267
97 268
97 269
97 270
97 271
97 272
97 273
97 274
97 275
97 276
97 277
97 278
97 279
97 280
97 281
97 282
97 283
97 285
97 286
97 287
97 288
97 289
97 290
97 291
97 292
97 293
97 294
97 295
97 296
97 297
97 298
97 299
98 99
98 100
98 101
98 102
98 103
98 104
98 105
98 106
98 107
98 108
98 109
98 110
98 111
98 112
98 113
98 115
98 116
98 117
98 118
98 119
98 120
98 121
98 123
98 124
98 125
98 126
98 127
98 128
98 129
98 130
98 131
98 132
98 133
98 134
98 135
98 136
98 138
98 139
98 140
98 141
98 142
98 143
98 144
98 145
98 146
98 147
98 148
98 149
98 150
98 151
98 152
98 153
98 154
98 155
98 156
98 159
98 160
98 161
98 162
98 163
98 164
98 165
98 166
98 167
98 168
98 169
98 170
98 171
98 172
98 173
98 174
98 175
98 176
98 177
98 178
98 179
98 180
98 181
98 182
98 183
98 184
98 185
98 186
98 187
98 188
98 189
98 190
98 191
98 192
98 193
98 194
98 195
98 196
98 197
98 198
98 199
98 200
98 201
98 202
98 203
98 204
98 205
98 206
98 207
98 208
98 209
98 210
98 211
98 212
98 213
98 214
98 215
98 216
98 217
98 218
98 219
98 220
98 222
98 223
98 224
98 225
98 226
98 227
98 228
98 229
98 230
98 231
98 232
98 233
98 234
98 235
98 236
98 237
98 238
98 239
98 240
98 241
98 242
98 243
98 244
98 245
98 246
98 247
98 248
98 249
98 250
98 251
98 252
98 253
98 254
98 255
98 256
98 257
98 258
98 259
98 260
98 261
98 262
98 263
98 264
98 265
98 266
98 267
98 268
98 269
98 270
98 271
98 272
98 273
98 274
98 275
98 276
98 277
98 278
98 279
98 280
98 281
98 282
98 283
98 284
98 285
98 286
98 287
98 288
98 289
98 290
98 291
98 292
98 293
98 294
98 295
98 296
98 297
98 298
98 299
99 100
99 101
99 102
99 103
99 104
99 105
99 106
99 107
99 108
99 110
99 111
99 112
99 113
99 114
99 116
99 118
99 119
99 121
99 122
99 123
99 124
99 125
99 126
99 127
99 128
99 129
99 130
99 131
99 132
99 133
99 134
99 135
99 136
99 137
99 138
99 139
99 140
99 141
99 142
99 143
99 144
99 145
99 146
99 147
99 148
99 149
99 150
99 151
99 152
99 153
99 154
99 155
99 156
99 157
99 158
99 159
99 160
99 161
99 162
99 163
99 164
99 165
99 166
99 167
99 168
99 169
99 170
99 171
99 172
99 173
99 174
99 175
99 176
99 177
99 178
99 179
99 180
99 181
99 182
99 183
99 184
99 185
99 186
99 187
99 188
99 189
99 190
99 191
99 192
99 193
99 194
99 195
99 196
99 197
99 198
99 199
99 200
99 201
99 202
99 203
99 204
99 205
99 206
99 207
99 208
99 209
99 210
99 211
99 212
99 213
99 214
99 215
99 216
99 217
99 218
99 219
99 220
99 221
99 222
99 223
99 224
99 226
99 227
99 228
99 229
99 230
99 231
99 233
99 234
99 235
99 236
99 237
99 238
99 239
99 240
99 241
99 242
99 243
99 244
99 245
99 246
99 247
99 248
99 249
99 250
99 251
99 252
99 253
99 254
99 255
99 256
99 257
99 258
99 259
99 260
99 261
99 262
99 263
99 264
99 265
99 266
99 267
99 268
99 269
99 270
99 271
99 272
99 273
99 274
99 275
99 276
99 277
99 278
99 279
99 280
99 281
99 282
99 283
99 285
99 286
99 287
99 288
99 289
99 290
99 291
99 292
99 293
99 294
99 295
99 296
99 297
99 298
99 299
100 101
100 102
100 103
100 104
100 105
100 106
100 107
100 108
100 109
100 110
100 111
100 112
100 113
100 114
100 115
100 116
100 117
100 118
100 119
100 120
100 121
100 122
100 123
100 124
100 125
100 126
100 127
100 128
100 129
100 130
100 131
100 132
100 133
100 134
100 135
100 136
100 137
100 138
100 139
100 140
100 141
100 142
100 143
100 144
100 145
100 146
100 147
100 148
100 149
100 150
100 151
100 152
100 153
100 154
100 155
100 156
100 157
100 158
100 159
100 160
100 161
100 162
100 163
100 164
100 165
100 166
100 167
100 169
100 170
100 171
100 172
100 173
100 174
100 175
100 176
100 177
100 178
100 179
100 180
100 181
100 182
100 183
100 184
100 185
100 186
100 187
100 188
100 189
100 190
100 191
100 192
100 193
100 194
100 195
100 196
100 197
100 198
100 199
100 200
100 201
100 203
100 204
100 205
100 207
100 208
100 209
100 210
100 211
100 212
100 213
100 215
100 216
100 217
100 218
100 219
100 220
100 221
100 222
100 223
100 224
100 225
100 226
100 227
100 228
100 229
100 230
100 231
100 232
100 233
100 234
100 235
100 236
100 237
100 238
100 239
100 240
100 241
100 242
100 243
100 244
100 245
100 246
100 247
100 248
100 249
100 250
100 251
100 252
100 253
100 254
100 255
100 256
100 257
100 258
100 259
100 260
100 261
100 262
100 264
100 265
100 266
100 267
100 268
100 269
100 270
100 271
100 272
100 273
100 274
100 275
100 276
100 277
100 278
100 279
100 280
100 281
100 282
100 283
100 284
100 285
100 286
100 287
100 288
100 289
100 290
100 291
100 292
100 293
100 294
100 295
100 296
100 297
100 298
100 299
101 102
101 109
101 114
101 115
101 117
101 118
101 120
101 122
101 125
101 126
101 132
101 133
101 136
101 137
101 139
101 143
101 145
101 147
101 157
101 158
101 161
101 164
101 168
101 173
101 177
101 184
101 186
101 191
101 192
101 202
101 203
101 206
101 208
101 214
101 215
101 216
101 218
101 221
101 225
101 228
101 230
101 232
101 234
101 235
101 236
101 237
101 240
101 248
101 254
101 260
101 261
101 262
101 263
101 268
101 284
101 288
101 291
101 295
101 297
101 299
102 103
102 104
102 105
102 106
102 107
102 108
102 109
102 110
102 111
102 112
102 113
102 114
102 115
102 116
102 117
102 118
102 119
102 120
102 121
102 122
102 123
102 124
102 125
102 126
102 127
102 128
102 129
102 130
102 131
102 132
102 133
102 134
102 135
102 136
102 137
102 138
102 139
102 140
102 141
102 142
102 143
102 144
102 146
102 147
102 148
102 149
102 150
102 151
102 152
102 153
102 154
102 155
102 156
102 157
102 158
102 159
102 160
102 162
102 163
102 164
102 165
102 166
102 167
102 168
102 169
102 170
102 171
102 172
102 173
102 174
102 175
102 176
102 178
102 179
102 180
102 181
102 182
102 183
102 184
102 185
102 187
102 188
102 189
102 190
102 191
102 192
102 193
102 194
102 195
102 196
102 197
102 198
102 199
102 200
102 201
102 202
102 204
102 205
102 206
102 207
102 208
102 209
102 210
102 211
102 212
102 213
102 214
102 215
102 216
102 217
102 218
102 219
102 220
102 221
102 222
102 223
102 224
102 225
102 226
102 227
102 228
102 229
102 230
102 231
102 232
102 233
102 234
102 235
102 236
102 237
102 238
102 239
102 240
102 241
102 242
102 243
102 244
102 245
102 246
102 247
102 248
102 249
102 250
102 251
102 252
102 253
102 255
102 256
102 257
102 258
102 259
102 260
102 261
102 262
102 263
102 264
102 265
102 266
102 267
102 268
102 269
102 270
102 271
102 272
102 273
102 274
102 275
102 276
102 277
102 278
102 279
102 280
102 281
102 282
102 283
102 284
102 285
102 286
102 287
102 289
102 290
102 291
102 292
102 293
102 294
102 295
102 296
102 298
102 299
103 109
103 114
103 115
103 117
103 118
103 120
103 122
103 125
103 126
103 132
103 133
103 136
103 137
103 139
103 143
103 145
103 147
103 157
103 158
103 161
103 164
103 168
103 173
103 177
103 184
103 186
103 191
103 192
103 202
103 203
103 206
103 208
103 214
103 215
103 216
103 218
103 221
103 225
103 228
103 230
103 232
103 234
103 235
103 236
103 237
103 240
103 248
103 254
103 260
103 261
103 262
103 263
103 268
103 284
103 288
103 291
103 295
103 297
103 299
104 109
104 114
104 115
104 117
104 118
104 120
104 122
104 125
104 126
104 132
104 133
104 136
104 137
104 139
104 143
104 145
104 147
104 157
104 158
104 161
104 164
104 168
104 173
104 177
104 184
104 186
104 191
104 192
104 202
104 203
104 206
104 208
104 214
104 215
104 216
104 218
104 221
104 225
104 228
104 230
104 232
104 234
104 235
104 236
104 237
104 240
104 248
104 254
104 260
104 261
104 262
104 263
104 268
104 284
104 288
104 291
104 295
104 297
104 299
105 109
105 114
105 115
105 117
105 118
105 120
105 122
105 125
105 126
105 132
105 133
105 136
105 137
105 139
105 143
105 145
105 147
105 157
105 158
105 161
105 164
105 168
105 173
105 177
105 184
105 186
105 191
105 192
105 202
105 203
105 206
105 208
105 214
105 215
105 216
105 218
105 221
105 225
105 228
105 230
105 232
105 234
105 235
105 236
105 237
105 240
105 248
105 254
105 260
105 261
105 262
105 263
105 268
105 284
105 288
105 291
105 295
105 297
105 299
106 109
106 114
106 115
106 117
106 118
106 120
106 122
106 125
106 126
106 132
106 133
106 136
106 137
106 139
106 143
106 145
106 147
106 157
106 158
106 161
106 164
106 168
106 173
106 177
106 184
106 186
106 191
106 192
106 202
106 203
106 206
106 208
106 214
106 215
106 216
106 218
106 221
106 225
106 228
106 230
106 232
106 234
106 235
106 236
106 237
106 240
106 248
106 254
106 260
106 261
106 262
106 263
106 268
106 284
106 288
106 291
106 295
106 297
106 299
107 109
107 114
107 115
107 117
107 118
107 120
107 122
107 125
107 126
107 132
107 133
107 136
107 137
107 139
107 143
107 145
107 147
107 157
107 158
107 161
107 164
107 168
107 173
107 177
107 184
107 186
107 191
107 192
107 202
107 203
107 206
107 208
107 214
107 215
107 216
107 218
107 221
107 225
107 228
107 230
107 232
107 234
107 235
107 236
107 237
107 240
107 248
107 254
107 260
107 261
107 262
107 263
107 268
107 284
107 288
107 291
107 295
107 297
107 299
108 109
108 114
108 115
108 117
108 118
108 120
108 122
108 125
108 126
108 132
108 133
108 136
108 137
108 139
108 143
108 145
108 147
108 157
108 158
108 161
108 164
108 168
108 173
108 177
108 184
108 186
108 191
108 192
108 202
108 203
108 206
108 208
108 214
108 215
108 216
108 218
108 221
108 225
108 228
108 230
108 232
108 234
108 235
108 236
108 237
108 240
108 248
108 254
108 260
108 261
108 262
108 263
108 268
108 284
108 288
108 291
108 295
108 297
108 299
109 110
109 111
109 112
109 113
109 114
109 116
109 118
109 119
109 121
109 122
109 123
109 124
109 125
109 126
109 127
109 128
109 129
109 130
109 131
109 132
109 133
109 134
109 135
109 136
109 137
109 138
109 139
109 140
109 141
109 142
109 143
109 144
109 145
109 146
109 147
109 148
109 149
109 150
109 151
109 152
109 153
109 154
109 155
109 156
109 157
109 158
109 159
109 160
109 161
109 162
109 163
109 164
109 165
109 166
109 167
109 168
109 169
109 170
109 171
109 172
109 173
109 174
109 175
109 176
109 177
109 178
109 179
109 180
109 181
109 182
109 183
109 184
109 185
109 186
109 187
109 188
109 189
109 190
109 191
109 192
109 193
109 194
109 195
109 196
109 197
109 198
109 199
109 200
109 201
109 202
109 203
109 204
109 205
109 206
109 207
109 208
109 209
109 210
109 211
109 212
109 213
109 214
109 215
109 216
109 217
109 218
109 219
109 220
109 221
109 222
109 223
109 224
109 226
109 227
109 228
109 229
109 230
109 231
109 233
109 234
109 235
109 236
109 237
109 238
109 239
109 240
109 241
109 242
109 243
109 244
109 245
109 246
109 247
109 248
109 249
109 250
109 251
109 252
109 253
109 254
109 255
109 256
109 257
109 258
109 259
109 260
109 261
109 262
109 263
109 264
109 265
109 266
109 267
109 268
109 269
109 270
109 271
109 272
109 273
109 274
109 275
109 276
109 277
109 278
109 279
109 280
109 281
109 282
109 283
109 285
109 286
109 287
109 288
109 289
109 290
109 291
109 292
109 293
109 294
109 295
109 296
109 297
109 298
109 299
110 114
110 115
110 117
110 118
110 120
110 122
110 125
110 126
110 132
110 133
110 136
110 137
110 139
110 143
110 145
110 147
110 157
110 158
110 161
110 164
110 168
110 173
110 177
110 184
110 186
110 191
110 192
110 202
110 203
110 206
110 208
110 214
110 215
110 216
110 218
110 221
110 225
110 228
110 230
110 232
110 234
110 235
110 236
110 237
110 240
110 248
110 254
110 260
110 261
110 262
110 263
110 268
110 284
110 288
110 291
110 295
110 297
110 299
111 114
111 115
111 117
111 118
111 120
111 122
111 125
111 126
111 132
111 133
111 136
111 137
111 139
111 143
111 145
111 147
111 157
111 158
111 161
111 164
111 168
111 173
111 177
111 184
111 186
111 191
111 192
111 202
111 203
111 206
111 208
111 214
111 215
111 216
111 218
111 221
111 225
111 228
111 230
111 232
111 234
111 235
111 236
111 237
111 240
111 248
111 254
111 260
111 261
111 262
111 263
111 268
111 284
111 288
111 291
111 295
111 297
111 299
112 114
112 115
112 117
112 118
112 120
112 122
112 125
112 126
112 132
112 133
112 136
112 137
112 139
112 143
112 145
112 147
112 157
112 158
112 161
112 164
112 168
112 173
112 177
112 184
112 186
112 191
112 192
112 202
112 203
112 206
112 208
112 214
112 215
112 216
112 218
112 221
112 225
112 228
112 230
112 232
112 234
112 235
112 236
112 237
112 240
112 248
112 254
112 260
112 261
112 262
112 263
112 268
112 284
112 288
112 291
112 295
112 297
112 299
113 114
113 115
113 117
113 118
113 120
113 122
113 125
113 126
113 132
113 133
113 136
113 137
113 139
113 143
113 145
113 147
113 157
113 158
113 161
113 164
113 168
113 173
113 177
113 184
113 186
113 191
113 192
113 202
113 203
113 206
113 208
113 214
113 215
113 216
113 218
113 221
113 225
113 228
113 230
113 232
113 234
113 235
113 236
113 237
113 240
113 248
113 254
113 260
113 261
113 262
113 263
113 268
113 284
113 288
113 291
113 295
113 297
113 299
114 115
114 116
114 117
114 118
114 119
114 120
114 121
114 123
114 124
114 125
114 126
114 127
114 128
114 129
114 130
114 131
114 132
114 133
114 134
114 135
114 136
114 138
114 139
114 140
114 141
114 142
114 143
114 144
114 145
114 146
114 147
114 148
114 149
114 150
114 151
114 152
114 153
114 154
114 155
114 156
114 159
114 160
114 161
114 162
114 163
114 164
114 165
114 166
114 167
114 168
114 169
114 170
114 171
114 172
114 173
114 174
114 175
114 176
114 177
114 178
114 179
114 180
114 181
114 182
114 183
114 184
114 185
114 186
114 187
114 188
114 189
114 190
114 191
114 192
114 193
114 194
114 195
114 196
114 197
114 198
114 199
114 200
114 201
114 202
114 203
114 204
114 205
114 206
114 207
114 208
114 209
114 210
114 211
114 212
114 213
114 214
114 215
114 216
114 217
114 218
114 219
114 220
114 222
114 223
114 224
114 225
114 226
114 227
114 228
114 229
114 230
114 231
114 232
114 233
114 234
114 235
114 236
114 237
114 238
114 239
114 240
114 241
114 242
114 243
114 244
114 245
114 246
114 247
114 248
114 249
114 250
114 251
114 252
114 253
114 254
114 255
114 256
114 257
114 258
114 259
114 260
114 261
114 262
114 263
114 264
114 265
114 266
114 267
114 268
114 269
114 270
114 271
114 272
114 273
114 274
114 275
114 276
114 277
114 278
114 279
114 280
114 281
114 282
114 283
114 284
114 285
114 286
114 287
114 288
114 289
114 290
114 291
114 292
114 293
114 294
114 295
114 296
114 297
114 298
114 299
115 116
115 118
115 119
115 121
115 122
115 123
115 124
115 125
115 126
115 127
115 128
115 129
115 130
115 131
115 132
115 133
115 134
115 135
115 136
115 137
115 138
115 139
115 140
115 141
115 142
115 143
115 144
115 145
115 146
115 147
115 148
115 149
115 150
115 151
115 152
115 153
115 154
115 155
115 156
115 157
115 158
115 159
115 160
115 161
115 162
115 163
115 164
115 165
115 166
115 167
115 168
115 169
115 170
115 171
115 172
115 173
115 174
115 175
115 176
115 177
115 178
115 179
115 180
115 181
115 182
115 183
115 184
115 185
115 186
115 187
115 188
115 189
115 190
115 191
115 192
115 193
115 194
115 195
115 196
115 197
115 198
115 199
115 200
115 201
115 202
115 203
115 204
115 205
115 206
115 207
115 208
115 209
115 210
115 211
115 212
115 213
115 214
115 215
115 216
115 217
115 218
115 219
115 220
115 221
115 222
115 223
115 224
115 226
115 227
115 228
115 229
115 230
115 231
115 233
115 234
115 235
115 236
115 237
115 238
115 239
115 240
115 241
115 242
115 243
115 244
115 245
115 246
115 247
115 248
115 249
115 250
115 251
115 252
115 253
115 254
115 255
115 256
115 257
115 258
115 259
115 260
115 261
115 262
115 263
115 264
115 265
115 266
115 267
115 268
115 269
115 270
115 271
115 272
115 273
115 274
115 275
115 276
115 277
115 278
115 279
115 280
115 281
115 282
115 283
115 285
115 286
115 287
115 288
115 289
115 290
115 291
115 292
115 293
115 294
115 295
115 296
115 297
115 298
115 299
116 117
116 118
116 120
116 122
116 125
116 126
116 132
116 133
116 136
116 137
116 139
116 143
116 145
116 147
116 157
116 158
116 161
116 164
116 168
116 173
116 177
116 184
116 186
116 191
116 192
116 202
116 203
116 206
116 208
116 214
116 215
116 216
116 218
116 221
116 225
116 228
116 230
116 232
116 234
116 235
116 236
116 237
116 240
116 248
116 254
116 260
116 261
116 262
116 263
116 268
116 284
116 288
116 291
116 295
116 297
116 299
117 118
117 119
117 121
117 122
117 123
117 124
117 125
117 126
117 127
117 128
117 129
117 130
117 131
117 132
117 133
117 134
117 135
117 136
117 137
117 138
117 139
117 140
117 141
117 142
117 143
117 144
117 145
117 146
117 147
117 148
117 149
117 150
117 151
117 152
117 153
117 154
117 155
117 156
117 157
117 158
117 159
117 160
117 161
117 162
117 163
117 164
117 165
117 166
117 167
117 168
117 169
117 170
117 171
117 172
117 173
117 174
117 175
117 176
117 177
117 178
117 179
117 180
117 181
117 182
117 183
117 184
117 185
117 186
117 187
117 188
117 189
117 190
117 191
117 192
117 193
117 194
117 195
117 196
117 197
117 198
117 199
117 200
117 201
117 202
117 203
117 204
117 205
117 206
117 207
117 208
117 209
117 210
117 211
117 212
117 213
117 214
117 215
117 216
117 217
117 218
117 219
117 220
117 221
117 222
117 223
117 224
117 226
117 227
117 228
117 229
117 230
117 231
117 233
117 234
117 235
117 236
117 237
117 238
117 239
117 240
117 241
117 242
117 243
117 244
117 245
117 246
117 247
117 248
117 249
117 250
117 251
117 252
117 253
117 254
117 255
117 256
117 257
117 258
117 259
117 260
117 261
117 262
117 263
117 264
117 265
117 266
117 267
117 268
117 269
117 270
117 271
117 272
117 273
117 274
117 275
117 276
117 277
117 278
117 279
117 280
117 281
117 282
117 283
117 285
117 286
117 287
117 288
117 289
117 290
117 291
117 292
117 293
117 294
117 295
117 296
117 297
117 298
117 299
118 119
118 120
118 121
118 122
118 123
118 124
118 125
118 126
118 127
118 128
118 129
118 130
118 131
118 132
118 134
118 135
118 136
118 137
118 138
118 139
118 140
118 141
118 142
118 143
118 144
118 145
118 146
118 148
118 149
118 150
118 151
118 152
118 153
118 154
118 155
118 156
118 157
118 158
118 159
118 160
118 161
118 162
118 163
118 164
118 165
118 166
118 167
118 168
118 169
118 170
118 171
118 172
118 173
118 174
118 175
118 176
118 177
118 178
118 179
118 180
118 181
118 182
118 183
118 185
118 186
118 187
118 188
118 189
118 190
118 191
118 193
118 194
118 195
118 196
118 197
118 198
118 199
118 200
118 201
118 202
118 203
118 204
118 205
118 206
118 207
118 208
118 209
118 210
118 211
118 212
118 213
118 214
118 215
118 216
118 217
118 218
118 219
118 220
118 221
118 222
118 223
118 224
118 225
118 226
118 227
118 228
118 229
118 230
118 231
118 232
118 233
118 234
118 235
118 236
118 237
118 238
118 239
118 240
118 241
118 242
118 243
118 244
118 245
118 246
118 247
118 248
118 249
118 250
118 251
118 252
118 253
118 254
118 255
118 256
118 257
118 258
118 259
118 262
118 263
118 264
118 265
118 266
118 267
118 268
118 269
118 270
118 271
118 272
118 273
118 274
118 275
118 276
118 277
118 278
118 279
118 280
118 281
118 282
118 283
118 284
118 285
118 286
118 287
118 288
118 289
118 290
118 292
118 293
118 294
118 296
118 297
118 298
118 299
119 120
119 122
119 125
119 126
119 132
119 133
119 136
119 137
119 139
119 143
119 145
119 147
119 157
119 158
119 161
119 164
119 168
119 173
119 177
119 184
119 186
119 191
119 192
119 202
119 203
119 206
119 208
119 214
119 215
119 216
119 218
119 221
119 225
119 228
119 230
119 232
119 234
119 235
119 236
119 237
119 240
119 248
119 254
119 260
119 261
119 262
119 263
119 268
119 284
119 288
119 291
119 295
119 297
119 299
120 121
120 122
120 123
120 124
120 125
120 126
120 127
120 128
120 129
120 130
120 131
120 132
120 133
120 134
120 135
120 136
120 137
120 138
120 139
120 140
120 141
120 142
120 143
120 144
120 145
120 146
120 147
120 148
120 149
120 150
120 151
120 152
120 153
120 154
120 155
120 156
120 157
120 158
120 159
120 160
120 161
120 162
120 163
120 164
120 165
120 166
120 167
120 168
120 169
120 170
120 171
120 172
120 173
120 174
120 175
120 176
120 177
120 178
120 179
120 180
120 181
120 182
120 183
120 184
120 185
120 186
120 187
120 188
120 189
120 190
120 191
120 192
120 193
120 194
120 195
120 196
120 197
120 198
120 199
120 200
120 201
120 202
120 203
120 204
120 205
120 206
120 207
120 208
120 209
120 210
120 211
120 212
120 213
120 214
120 215
120 216
120 217
120 218
120 219
120 220
120 221
120 222
120 223
120 224
120 226
120 227
120 228
120 229
120 230
120 231
120 233
120 234
120 235
120 236
120 237
120 238
120 239
120 240
120 241
120 242
120 243
120 244
120 245
120 246
120 247
120 248
120 249
120 250
120 251
120 252
120 253
120 254
120 255
120 256
120 257
120 258
120 259
120 260
120 261
120 262
120 263
120 264
120 265
120 266
120 267
120 268
120 269
120 270
120 271
120 272
120 273
120 274
120 275
120 276
120 277
120 278
120 279
120 280
120 281
120 282
120 283
120 285
120 286
120 287
120 288
120 289
120 290
120 291
120 292
120 293
120 294
120 295
120 296
120 297
120 298
120 299
121 122
121 125
121 126
121 132
121 133
121 136
121 137
121 139
121 143
121 145
121 147
121 157
121 158
121 161
121 164
121 168
121 173
121 177
121 184
121 186
121 191
121 192
121 202
121 203
121 206
121 208
121 214
121 215
121 216
121 218
121 221
121 225
121 228
121 230
121 232
121 234
121 235
121 236
121 237
121 240
121 248
121 254
121 260
121 261
121 262
121 263
121 268
121 284
121 288
121 291
121 295
121 297
121 299
122 123
122 124
122 125
122 126
122 127
122 128
122 129
122 130
122 131
122 132
122 133
122 134
122 135
122 136
122 138
122 139
122 140
122 141
122 142
122 143
122 144
122 145
122 146
122 147
122 148
122 149
122 150
122 151
122 152
122 153
122 154
122 155
122 156
122 159
122 160
122 161
122 162
122 163
122 164
122 165
122 166
122 167
122 168
122 169
122 170
122 171
122 172
122 173
122 174
122 175
122 176
122 177
122 178
122 179
122 180
122 181
122 182
122 183
122 184
122 185
122 186
122 187
122 188
122 189
122 190
122 191
122 192
122 193
122 194
122 195
122 196
122 197
122 198
122 199
122 200
122 201
122 202
122 203
122 204
122 205
122 206
122 207
122 208
122 209
122 210
122 211
122 212
122 213
122 214
122 215
122 216
122 217
122 218
122 219
122 220
122 222
122 223
122 224
122 225
122 226
122 227
122 228
122 229
122 230
122 231
122 232
122 233
122 234
122 235
122 236
122 237
122 238
122 239
122 240
122 241
122 242
122 243
122 244
122 245
122 246
122 247
122 248
122 249
122 250
122 251
122 252
122 253
122 254
122 255
122 256
122 257
122 258
122 259
122 260
122 261
122 262
122 263
122 264
122 265
122 266
122 267
122 268
122 269
122 270
122 271
122 272
122 273
122 274
122 275
122 276
122 277
122 278
122 279
122 280
122 281
122 282
122 283
122 284
122 285
122 286
122 287
122 288
122 289
122 290
122 291
122 292
122 293
122 294
122 295
122 296
122 297
122 298
122 299
123 125
123 126
123 132
123 133
123 136
123 137
123 139
123 143
123 145
123 147
123 157
123 158
123 161
123 164
123 168
123 173
123 177
123 184
123 186
123 191
123 192
123 202
123 203
123 206
123 208
123 214
123 215
123 216
123 218
123 221
123 225
123 228
123 230
123 232
123 234
123 235
123 236
123 237
123 240
123 248
123 254
123 260
123 261
123 262
123 263
123 268
123 284
123 288
123 291
123 295
123 297
123 299
124 125
124 126
124 132
124 133
124 136
124 137
124 139
124 143
124 145
124 147
124 157
124 158
124 161
124 164
124 168
124 173
124 177
124 184
124 186
124 191
124 192
124 202
124 203
124 206
124 208
124 214
124 215
124 216
124 218
124 221
124 225
124 228
124 230
124 232
124 234
124 235
124 236
124 237
124 240
124 248
124 254
124 260
124 261
124 262
124 263
124 268
124 284
124 288
124 291
124 295
124 297
124 299
125 126
125 127
125 128
125 129
125 130
125 131
125 132
125 133
125 134
125 135
125 137
125 138
125 139
125 140
125 141
125 142
125 143
125 144
125 145
125 146
125 147
125 148
125 149
125 150
125 151
125 152
125 153
125 154
125 155
125 156
125 157
125 158
125 159
125 160
125 161
125 162
125 163
125 164
125 165
125 166
125 167
125 168
125 169
125 170
125 171
125 172
125 174
125 175
125 176
125 177
125 178
125 179
125 180
125 181
125 182
125 183
125 184
125 185
125 186
125 187
125 188
125 189
125 190
125 191
125 192
125 193
125 194
125 195
125 196
125 197
125 198
125 199
125 200
125 201
125 202
125 203
125 204
125 205
125 206
125 207
125 208
125 209
125 210
125 211
125 212
125 213
125 214
125 215
125 216
125 217
125 219
125 220
125 221
125 222
125 223
125 224
125 225
125 226
125 227
125 228
125 229
125 230
125 231
125 232
125 233
125 235
125 236
125 237
125 238
125 239
125 240
125 241
125 242
125 243
125 244
125 245
125 246
125 247
125 248
125 249
125 250
125 251
125 252
125 253
125 254
125 255
125 256
125 257
125 258
125 259
125 260
125 261
125 263
125 264
125 265
125 266
125 267
125 268
125 269
125 270
125 271
125 272
125 273
125 274
125 275
125 276
125 277
125 278
125 279
125 280
125 281
125 282
125 283
125 284
125 285
125 286
125 287
125 288
125 289
125 290
125 291
125 292
125 293
125 294
125 295
125 296
125 297
125 298
126 127
126 128
126 129
126 130
126 131
126 132
126 133
126 134
126 135
126 136
126 137
126 138
126 139
126 140
126 141
126 142
126 143
126 144
126 145
126 146
126 147
126 148
126 149
126 150
126 151
126 152
126 153
126 154
126 155
126 156
126 157
126 158
126 159
126 160
126 161
126 162
126 163
126 165
126 166
126 167
126 168
126 169
126 170
126 171
126 172
126 173
126 174
126 175
126 176
126 177
126 178
126 179
126 180
126 181
126 182
126 183
126 184
126 185
126 186
126 187
126 188
126 189
126 190
126 191
126 192
126 193
126 194
126 195
126 196
126 197
126 198
126 199
126 200
126 201
126 202
126 203
126 204
126 205
126 206
126 207
126 208
126 209
126 210
126 211
126 212
126 213
126 214
126 216
126 217
126 218
126 219
126 220
126 221
126 222
126 223
126 224
126 225
126 226
126 227
126 228
126 229
126 231
126 232
126 233
126 234
126 235
126 238
126 239
126 241
126 242
126 243
126 244
126 245
126 246
126 247
126 248
126 249
126 250
126 251
126 252
126 253
126 254
126 255
126 256
126 257
126 258
126 259
126 260
126 261
126 262
126 263
126 264
126 265
126 266
126 267
126 268
126 269
126 270
126 271
126 272
126 273
126 274
126 275
126 276
126 277
126 278
126 279
126 280
126 281
126 282
126 283
126 284
126 285
126 286
126 287
126 288
126 289
126 290
126 291
126 292
126 293
126 294
126 295
126 296
126 297
126 298
126 299
127 132
127 133
127 136
127 137
127 139
127 143
127 145
127 147
127 157
127 158
127 161
127 164
127 168
127 173
127 177
127 184
127 186
127 191
127 192
127 202
127 203
127 206
127 208
127 214
127 215
127 216
127 218
127 221
127 225
127 228
127 230
127 232
127 234
127 235
127 236
127 237
127 240
127 248
127 254
127 260
127 261
127 262
127 263
127 268
127 284
127 288
127 291
127 295
127 297
127 299
128 132
128 133
128 136
128 137
128 139
128 143
128 145
128 147
128 157
128 158
128 161
128 164
128 168
128 173
128 177
128 184
128 186
128 191
128 192
128 202
128 203
128 206
128 208
128 214
128 215
128 216
128 218
128 221
128 225
128 228
128 230
128 232
128 234
128 235
128 236
128 237
128 240
128 248
128 254
128 260
128 261
128 262
128 263
128 268
128 284
128 288
128 291
128 295
128 297
128 299
129 132
129 133
129 136
129 137
129 139
129 143
129 145
129 147
129 157
129 158
129 161
129 164
129 168
129 173
129 177
129 184
129 186
129 191
129 192
129 202
129 203
129 206
129 208
129 214
129 215
129 216
129 218
129 221
129 225
129 228
129 230
129 232
129 234
129 235
129 236
129 237
129 240
129 248
129 254
129 260
129 261
129 262
129 263
129 268
129 284
129 288
129 291
129 295
129 297
129 299
130 132
130 133
130 136
130 137
130 139
130 143
130 145
130 147
130 157
130 158
130 161
130 164
130 168
130 173
130 177
130 184
130 186
130 191
130 192
130 202
130 203
130 206
130 208
130 214
130 215
130 216
130 218
130 221
130 225
130 228
130 230
130 232
130 234
130 235
130 236
130 237
130 240
130 248
130 254
130 260
130 261
130 262
130 263
130 268
130 284
130 288
130 291
130 295
130 297
130 299
131 132
131 133
131 136
131 137
131 139
131 143
131 145
131 147
131 157
131 158
131 161
131 164
131 168
131 173
131 177
131 184
131 186
131 191
131 192
131 202
131 203
131 206
131 208
131 214
131 215
131 216
131 218
131 221
131 225
131 228
131 230
131 232
131 234
131 235
131 236
131 237
131 240
131 248
131 254
131 260
131 261
131 262
131 263
131 268
131 284
131 288
131 291
131 295
131 297
131 299
132 133
132 134
132 135
132 136
132 137
132 138
132 140
132 141
132 142
132 143
132 144
132 145
132 146
132 147
132 148
132 149
132 150
132 151
132 152
132 153
132 154
132 155
132 156
132 157
132 158
132 159
132 160
132 161
132 162
132 163
132 164
132 165
132 166
132 167
132 168
132 169
132 170
132 171
132 172
132 173
132 174
132 175
132 176
132 177
132 178
132 179
132 180
132 181
132 182
132 183
132 184
132 185
132 186
132 187
132 188
132 189
132 190
132 192
132 193
132 194
132 195
132 196
132 197
132 198
132 199
132 200
132 201
132 202
132 203
132 204
132 205
132 206
132 207
132 208
132 209
132 210
132 211
132 212
132 213
132 214
132 215
132 217
132 218
132 219
132 220
132 221
132 222
132 223
132 224
132 225
132 226
132 227
132 228
132 229
132 230
132 231
132 232
132 233
132 234
132 236
132 237
132 238
132 239
132 240
132 241
132 242
132 243
132 244
132 245
132 246
132 247
132 249
132 250
132 251
132 252
132 253
132 254
132 255
132 256
132 257
132 258
132 259
132 260
132 261
132 262
132 263
132 264
132 265
132 266
132 267
132 268
132 269
132 270
132 271
132 272
132 273
132 274
132 275
132 276
132 277
132 278
132 279
132 280
132 281
132 282
132 283
132 284
132 285
132 286
132 287
132 288
132 289
132 290
132 291
132 292
132 293
132 294
132 295
132 296
132 297
132 298
132 299
133 134
133 135
133 136
133 137
133 138
133 139
133 140
133 141
133 142
133 143
133 144
133 145
133 146
133 148
133 149
133 150
133 151
133 152
133 153
133 154
133 155
133 156
133 157
133 158
133 159
133 160
133 161
133 162
133 163
133 164
133 165
133 166
133 167
133 168
133 169
133 170
133 171
133 172
133 173
133 174
133 175
133 176
133 177
133 178
133 179
133 180
133 181
133 182
133 183
133 185
133 186
133 187
133 188
133 189
133 190
133 191
133 193
133 194
133 195
133 196
133 197
133 198
133 199
133 200
133 201
133 202
133 203
133 204
133 205
133 206
133 207
133 208
133 209
133 210
133 211
133 212
133 213
133 214
133 215
133 216
133 217
133 218
133 219
133 220
133 221
133 222
133 223
133 224
133 225
133 226
133 227
133 228
133 229
133 230
133 231
133 232
133 233
133 234
133 235
133 236
133 237
133 238
133 239
133 240
133 241
133 242
133 243
133 244
133 245
133 246
133 247
133 248
133 249
133 250
133 251
133 252
133 253
133 254
133 255
133 256
133 257
133 258
133 259
133 262
133 263
133 264
133 265
133 266
133 267
133 268
133 269
133 270
133 271
133 272
133 273
133 274
133 275
133 276
133 277
133 278
133 279
133 280
133 281
133 282
133 283
133 284
133 285
133 286
133 287
133 288
133 289
133 290
133 292
133 293
133 294
133 296
133 297
133 298
133 299
134 136
134 137
134 139
134 143
134 145
134 147
134 157
134 158
134 161
134 164
134 168
134 173
134 177
134 184
134 186
134 191
134 192
134 202
134 203
134 206
134 208
134 214
134 215
134 216
134 218
134 221
134 225
134 228
134 230
134 232
134 234
134 235
134 236
134 237
134 240
134 248
134 254
134 260
134 261
134 262
134 263
134 268
134 284
134 288
134 291
134 295
134 297
134 299
135 136
135 137
135 139
135 143
135 145
135 147
135 157
135 158
135 161
135 164
135 168
135 173
135 177
135 184
135 186
135 191
135 192
135 202
135 203
135 206
135 208
135 214
135 215
135 216
135 218
135 221
135 225
135 228
135 230
135 232
135 234
135 235
135 236
135 237
135 240
135 248
135 254
135 260
135 261
135 262
135 263
135 268
135 284
135 288
135 291
135 295
135 297
135 299
136 137
136 138
136 139
136 140
136 141
136 142
136 143
136 144
136 145
136 146
136 147
136 148
136 149
136 150
136 151
136 152
136 153
136 154
136 155
136 156
136 157
136 158
136 159
136 160
136 161
136 162
136 163
136 164
136 165
136 166
136 167
136 168
136 169
136 170
136 171
136 172
136 174
136 175
136 176
136 177
136 178
136 179
136 180
136 181
136 182
136 183
136 184
136 185
136 186
136 187
136 188
136 189
136 190
136 191
136 192
136 193
136 194
136 195
136 196
136 197
136 198
136 199
136 200
136 201
136 202
136 203
136 204
136 205
136 206
136 207
136 208
136 209
136 210
136 211
136 212
136 213
136 214
136 215
136 216
136 217
136 219
136 220
136 221
136 222
136 223
136 224
136 225
136 226
136 227
136 228
136 229
136 230
136 231
136 232
136 233
136 235
136 236
136 237
136 238
136 239
136 240
136 241
136 242
136 243
136 244
136 245
136 246
136 247
136 248
136 249
136 250
136 251
136 252
136 253
136 254
136 255
136 256
136 257
136 258
136 259
136 260
136 261
136 263
136 264
136 265
136 266
136 267
136 268
136 269
136 270
136 271
136 272
136 273
136 274
136 275
136 276
136 277
136 278
136 279
136 280
136 281
136 282
136 283
136 284
136 285
136 286
136 287
136 288
136 289
136 290
136 291
136 292
136 293
136 294
136 295
136 296
136 297
136 298
137 138
137 139
137 140
137 141
137 142
137 143
137 144
137 145
137 146
137 147
137 148
137 149
137 150
137 151
137 152
137 153
137 154
137 155
137 156
137 159
137 160
137 161
137 162
137 163
137 164
137 165
137 166
137 167
137 168
137 169
137 170
137 171
137 172
137 173
137 174
137 175
137 176
137 177
137 178
137 179
137 180
137 181
137 182
137 183
137 184
137 185
137 186
137 187
137 188
137 189
137 190
137 191
137 192
137 193
137 194
137 195
137 196
137 197
137 198
137 199
137 200
137 201
137 202
137 203
137 204
137 205
137 206
137 207
137 208
137 209
137 210
137 211
137 212
137 213
137 214
137 215
137 216
137 217
137 218
137 219
137 220
137 222
137 223
137 224
137 225
137 226
137 227
137 228
137 229
137 230
137 231
137 232
137 233
137 234
137 235
137 236
137 237
137 238
137 239
137 240
137 241
137 242
137 243
137 244
137 245
137 246
137 247
137 248
137 249
137 250
137 251
137 252
137 253
137 254
137 255
137 256
137 257
137 258
137 259
137 260
137 261
137 262
137 263
137 264
137 265
137 266
137 267
137 268
137 269
137 270
137 271
137 272
137 273
137 274
137 275
137 276
137 277
137 278
137 279
137 280
137 281
137 282
137 283
137 284
137 285
137 286
137 287
137 288
137 289
137 290
137 291
137 292
137 293
137 294
137 295
137 296
137 297
137 298
137 299
138 139
138 143
138 145
138 147
138 157
138 158
138 161
138 164
138 168
138 173
138 177
138 184
138 186
138 191
138 192
138 202
138 203
138 206
138 208
138 214
138 215
138 216
138 218
138 221
138 225
138 228
138 230
138 232
138 234
138 235
138 236
138 237
138 240
138 248
138 254
138 260
138 261
138 262
138 263
138 268
138 284
138 288
138 291
138 295
138 297
138 299
139 140
139 141
139 142
139 143
139 144
139 145
139 146
139 147
139 148
139 149
139 150
139 151
139 152
139 153
139 154
139 155
139 156
139 157
139 158
139 159
139 160
139 161
139 162
139 163
139 164
139 165
139 166
139 167
139 168
139 169
139 170
139 171
139 172
139 173
139 174
139 175
139 176
139 177
139 178
139 179
139 180
139 181
139 182
139 183
139 184
139 185
139 186
139 187
139 188
139 189
139 190
139 192
139 193
139 194
139 195
139 196
139 197
139 198
139 199
139 200
139 201
139 202
139 203
139 204
139 205
139 206
139 207
139 208
139 209
139 210
139 211
139 212
139 213
139 214
139 215
139 217
139 218
139 219
139 220
139 221
139 222
139 223
139 224
139 225
139 226
139 227
139 228
139 229
139 230
139 231
139 232
139 233
139 234
139 236
139 237
139 238
139 239
139 240
139 241
139 242
139 243
139 244
139 245
139 246
139 247
139 249
139 250
139 251
139 252
139 253
139 254
139 255
139 256
139 257
139 258
139 259
139 260
139 261
139 262
139 263
139 264
139 265
139 266
139 267
139 268
139 269
139 270
139 271
139 272
139 273
139 274
139 275
139 276
139 277
139 278
139 279
139 280
139 281
139 282
139 283
139 284
139 285
139 286
139 287
139 288
139 289
139 290
139 291
139 292
139 293
139 294
139 295
139 296
139 297
139 298
139 299
140 143
140 145
140 147
140 157
140 158
140 161
140 164
140 168
140 173
140 177
140 184
140 186
140 191
140 192
140 202
140 203
140 206
140 208
140 214
140 215
140 216
140 218
140 221
140 225
140 228
140 230
140 232
140 234
140 235
140 236
140 237
140 240
140 248
140 254
140 260
140 261
140 262
140 263
140 268
140 284
140 288
140 291
140 295
140 297
140 299
141 143
141 145
141 147
141 157
141 158
141 161
141 164
141 168
141 173
141 177
141 184
141 186
141 191
141 192
141 202
141 203
141 206
141 208
141 214
141 215
141 216
141 218
141 221
141 225
141 228
141 230
141 232
141 234
141 235
141 236
141 237
141 240
141 248
141 254
141 260
141 261
141 262
141 263
141 268
141 284
141 288
141 291
141 295
141 297
141 299
142 143
142 145
142 147
142 157
142 158
142 161
142 164
142 168
142 173
142 177
142 184
142 186
142 191
142 192
142 202
142 203
142 206
142 208
142 214
142 215
142 216
142 218
142 221
142 225
142 228
142 230
142 232
142 234
142 235
142 236
142 237
142 240
142 248
142 254
142 260
142 261
142 262
142 263
142 268
142 284
142 288
142 291
142 295
142 297
142 299
143 144
143 145
143 146
143 147
143 148
143 149
143 150
143 151
143 152
143 153
143 154
143 155
143 156
143 157
143 158
143 159
143 160
143 161
143 162
143 163
143 164
143 165
143 166
143 167
143 168
143 169
143 170
143 171
143 172
143 173
143 174
143 175
143 176
143 177
143 178
143 179
143 180
143 181
143 182
143 183
143 184
143 185
143 186
143 187
143 188
143 189
143 190
143 191
143 192
143 193
143 194
143 195
143 196
143 197
143 198
143 199
143 200
143 201
143 202
143 203
143 204
143 205
143 206
143 207
143 209
143 210
143 211
143 212
143 213
143 214
143 215
143 216
143 217
143 218
143 219
143 220
143 221
143 222
143 223
143 224
143 225
143 226
143 227
143 229
143 230
143 231
143 232
143 233
143 234
143 235
143 236
143 237
143 238
143 239
143 240
143 241
143 242
143 243
143 244
143 245
143 246
143 247
143 248
143 249
143 250
143 251
143 252
143 253
143 254
143 255
143 256
143 257
143 258
143 259
143 260
143 261
143 262
143 263
143 264
143 265
143 266
143 267
143 269
143 270
143 271
143 272
143 273
143 274
143 275
143 276
143 277
143 278
143 279
143 280
143 281
143 282
143 283
143 284
143 285
143 286
143 287
143 288
143 289
143 290
143 291
143 292
143 293
143 294
143 295
143 296
143 297
143 298
143 299
144 145
144 147
144 157
144 158
144 161
144 164
144 168
144 173
144 177
144 184
144 186
144 191
144 192
144 202
144 203
144 206
144 208
144 214
144 215
144 216
144 218
144 221
144 225
144 228
144 230
144 232
144 234
144 235
144 236
144 237
144 240
144 248
144 254
144 260
144 261
144 262
144 263
144 268
144 284
144 288
144 291
144 295
144 297
144 299
145 146
145 147
145 148
145 149
145 150
145 151
145 152
145 153
145 154
145 155
145 156
145 157
145 158
145 159
145 160
145 162
145 163
145 164
145 165
145 166
145 167
145 168
145 169
145 170
145 171
145 172
145 173
145 174
145 175
145 176
145 178
145 179
145 180
145 181
145 182
145 183
145 184
145 185
145 187
145 188
145 189
145 190
145 191
145 192
145 193
145 194
145 195
145 196
145 197
145 198
145 199
145 200
145 201
145 202
145 204
145 205
145 206
145 207
145 208
145 209
145 210
145 211
145 212
145 213
145 214
145 215
145 216
145 217
145 218
145 219
145 220
145 221
145 222
145 223
145 224
145 225
145 226
145 227
145 228
145 229
145 230
145 231
145 232
145 233
145 234
145 235
145 236
145 237
145 238
145 239
145 240
145 241
145 242
145 243
145 244
145 245
145 246
145 247
145 248
145 249
145 250
145 251
145 252
145 253
145 255
145 256
145 257
145 258
145 259
145 260
145 261
145 262
145 263
145 264
145 265
145 266
145 267
145 268
145 269
145 270
145 271
145 272
145 273
145 274
145 275
145 276
145 277
145 278
145 279
145 280
145 281
145 282
145 283
145 284
145 285
145 286
145 287
145 289
145 290
145 291
145 292
145 293
145 294
145 295
145 296
145 298
145 299
146 147
146 157
146 158
146 161
146 164
146 168
146 173
146 177
146 184
146 186
146 191
146 192
146 202
146 203
146 206
146 208
146 214
146 215
146 216
146 218
146 221
146 225
146 228
146 230
146 232
146 234
146 235
146 236
146 237
146 240
146 248
146 254
146 260
146 261
146 262
146 263
146 268
146 284
146 288
146 291
146 295
146 297
146 299
147 148
147 149
147 150
147 151
147 152
147 153
147 154
147 155
147 156
147 157
147 158
147 159
147 160
147 161
147 162
147 163
147 164
147 165
147 166
147 167
147 168
147 169
147 170
147 171
147 172
147 173
147 174
147 175
147 176
147 177
147 178
147 179
147 180
147 181
147 182
147 183
147 185
147 186
147 187
147 188
147 189
147 190
147 191
147 193
147 194
147 195
147 196
147 197
147 198
147 199
147 200
147 201
147 202
147 203
147 204
147 205
147 206
147 207
147 208
147 209
147 210
147 211
147 212
147 213
147 214
147 215
147 216
147 217
147 218
147 219
147 220
147 221
147 222
147 223
147 224
147 225
147 226
147 227
147 228
147 229
147 230
147 231
147 232
147 233
147 234
147 235
147 236
147 237
147 238
147 239
147 240
147 241
147 242
147 243
147 244
147 245
147 246
147 247
147 248
147 249
147 250
147 251
147 252
147 253
147 254
147 255
147 256
147 257
147 258
147 259
147 262
147 263
147 264
147 265
147 266
147 267
147 268
147 269
147 270
147 271
147 272
147 273
147 274
147 275
147 276
147 277
147 278
147 279
147 280
147 281
147 282
147 283
147 284
147 285
147 286
147 287
147 288
147 289
147 290
147 292
147 293
147 294
147 296
147 297
147 298
147 299
148 157
148 158
148 161
148 164
148 168
148 173
148 177
148 184
148 186
148 191
148 192
148 202
148 203
148 206
148 208
148 214
148 215
148 216
148 218
148 221
148 225
148 228
148 230
148 232
148 234
148 235
148 236
148 237
148 240
148 248
148 254
148 260
148 261
148 262
148 263
148 268
148 284
148 288
148 291
148 295
148 297
148 299
149 157
149 158
149 161
149 164
149 168
149 173
149 177
149 184
149 186
149 191
149 192
149 202
149 203
149 206
149 208
149 214
149 215
149 216
149 218
149 221
149 225
149 228
149 230
149 232
149 234
149 235
149 236
149 237
149 240
149 248
149 254
149 260
149 261
149 262
149 263
149 268
149 284
149 288
149 291
149 295
149 297
149 299
150 157
150 158
150 161
150 164
150 168
150 173
150 177
150 184
150 186
150 191
150 192
150 202
150 203
150 206
150 208
150 214
150 215
150 216
150 218
150 221
150 225
150 228
150 230
150 232
150 234
150 235
150 236
150 237
150 240
150 248
150 254
150 260
150 261
150 262
150 263
150 268
150 284
150 288
150 291
150 295
150 297
150 299
151 157
151 158
151 161
151 164
151 168
151 173
151 177
151 184
151 186
151 191
151 192
151 202
151 203
151 206
151 208
151 214
151 215
151 216
151 218
151 221
151 225
151 228
151 230
151 232
151 234
151 235
151 236
151 237
151 240
151 248
151 254
151 260
151 261
151 262
151 263
151 268
151 284
151 288
151 291
151 295
151 297
151 299
152 157
152 158
152 161
152 164
152 168
152 173
152 177
152 184
152 186
152 191
152 192
152 202
152 203
152 206
152 208
152 214
152 215
152 216
152 218
152 221
152 225
152 228
152 230
152 232
152 234
152 235
152 236
152 237
152 240
152 248
152 254
152 260
152 261
152 262
152 263
152 268
152 284
152 288
152 291
152 295
152 297
152 299
153 157
153 158
153 161
153 164
153 168
153 173
153 177
153 184
153 186
153 191
153 192
153 202
153 203
153 206
153 208
153 214
153 215
153 216
153 218
153 221
153 225
153 228
153 230
153 232
153 234
153 235
153 236
153 237
153 240
153 248
153 254
153 260
153 261
153 262
153 263
153 268
153 284
153 288
153 291
153 295
153 297
153 299
154 157
154 158
154 161
154 164
154 168
154 173
154 177
154 184
154 186
154 191
154 192
154 202
154 203
154 206
154 208
154 214
154 215
154 216
154 218
154 221
154 225
154 228
154 230
154 232
154 234
154 235
154 236
154 237
154 240
154 248
154 254
154 260
154 261
154 262
154 263
154 268
154 284
154 288
154 291
154 295
154 297
154 299
155 157
155 158
155 161
155 164
155 168
155 173
155 177
155 184
155 186
155 191
155 192
155 202
155 203
155 206
155 208
155 214
155 215
155 216
155 218
155 221
155 225
155 228
155 230
155 232
155 234
155 235
155 236
155 237
155 240
155 248
155 254
155 260
155 261
155 262
155 263
155 268
155 284
155 288
155 291
155 295
155 297
155 299
156 157
156 158
156 161
156 164
156 168
156 173
156 177
156 184
156 186
156 191
156 192
156 202
156 203
156 206
156 208
156 214
156 215
156 216
156 218
156 221
156 225
156 228
156 230
156 232
156 234
156 235
156 236
156 237
156 240
156 248
156 254
156 260
156 261
156 262
156 263
156 268
156 284
156 288
156 291
156 295
156 297
156 299
157 159
157 160
157 161
157 162
157 163
157 164
157 165
157 166
157 167
157 168
157 169
157 170
157 171
157 172
157 173
157 174
157 175
157 176
157 177
157 178
157 179
157 180
157 181
157 182
157 183
157 184
157 185
157 186
157 187
157 188
157 189
157 190
157 191
157 192
157 193
157 194
157 195
157 196
157 197
157 198
157 199
157 200
157 201
157 202
157 203
157 204
157 205
157 206
157 207
157 208
157 209
157 210
157 211
157 212
157 213
157 214
157 215
157 216
157 217
157 218
157 219
157 220
157 222
157 223
157 224
157 225
157 226
157 227
157 228
157 229
157 230
157 231
157 232
157 233
157 234
157 235
157 236
157 237
157 238
157 239
157 240
157 241
157 242
157 243
157 244
157 245
157 246
157 247
157 248
157 249
157 250
157 251
157 252
157 253
157 254
157 255
157 256
157 257
157 258
157 259
157 260
157 261
157 262
157 263
157 264
157 265
157 266
157 267
157 268
157 269
157 270
157 271
157 272
157 273
157 274
157 275
157 276
157 277
157 278
157 279
157 280
157 281
157 282
157 283
157 284
157 285
157 286
157 287
157 288
157 289
157 290
157 291
157 292
157 293
157 294
157 295
157 296
157 297
157 298
157 299
158 159
158 160
158 161
158 162
158 163
158 164
158 165
158 166
158 167
158 168
158 169
158 170
158 171
158 172
158 173
158 174
158 175
158 176
158 177
158 178
158 179
158 180
158 181
158 182
158 183
158 184
158 185
158 186
158 187
158 188
158 189
158 190
158 191
158 192
158 193
158 194
158 195
158 196
158 197
158 198
158 199
158 200
158 201
158 202
158 203
158 204
158 205
158 206
158 207
158 208
158 209
158 210
158 211
158 212
158 213
158 214
158 215
158 216
158 217
158 218
158 219
158 220
158 222
158 223
158 224
158 225
158 226
158 227
158 228
158 229
158 230
158 231
158 232
158 233
158 234
158 235
158 236
158 237
158 238
158 239
158 240
158 241
158 242
158 243
158 244
158 245
158 246
158 247
158 248
158 249
158 250
158 251
158 252
158 253
158 254
158 255
158 256
158 257
158 258
158 259
158 260
158 261
158 262
158 263
158 264
158 265
158 266
158 267
158 268
158 269
158 270
158 271
158 272
158 273
158 274
158 275
158 276
158 277
158 278
158 279
158 280
158 281
158 282
158 283
158 284
158 285
158 286
158 287
158 288
158 289
158 290
158 291
158 292
158 293
158 294
158 295
158 296
158 297
158 298
158 299
159 161
159 164
159 168
159 173
159 177
159 184
159 186
159 191
159 192
159 202
159 203
159 206
159 208
159 214
159 215
159 216
159 218
159 221
159 225
159 228
159 230
159 232
159 234
159 235
159 236
159 237
159 240
159 248
159 254
159 260
159 261
159 262
159 263
159 268
159 284
159 288
159 291
159 295
159 297
159 299
160 161
160 164
160 168
160 173
160 177
160 184
160 186
160 191
160 192
160 202
160 203
160 206
160 208
160 214
160 215
160 216
160 218
160 221
160 225
160 228
160 230
160 232
160 234
160 235
160 236
160 237
160 240
160 248
160 254
160 260
160 261
160 262
160 263
160 268
160 284
160 288
160 291
160 295
160 297
160 299
161 162
161 163
161 164
161 165
161 166
161 167
161 168
161 169
161 170
161 171
161 172
161 173
161 174
161 175
161 176
161 178
161 179
161 180
161 181
161 182
161 183
161 184
161 185
161 187
161 188
161 189
161 190
161 191
161 192
161 193
161 194
161 195
161 196
161 197
161 198
161 199
161 200
161 201
161 202
161 204
161 205
161 206
161 207
161 208
161 209
161 210
161 211
161 212
161 213
161 214
161 215
161 216
161 217
161 218
161 219
161 220
161 221
161 222
161 223
161 224
161 225
161 226
161 227
161 228
161 229
161 230
161 231
161 232
161 233
161 234
161 235
161 236
161 237
161 238
161 239
161 240
161 241
161 242
161 243
161 244
161 245
161 246
161 247
161 248
161 249
161 250
161 251
161 252
161 253
161 255
161 256
161 257
161 258
161 259
161 260
161 261
161 262
161 263
161 264
161 265
161 266
161 267
161 268
161 269
161 270
161 271
161 272
161 273
161 274
161 275
161 276
161 277
161 278
161 279
161 280
161 281
161 282
161 283
161 284
161 285
161 286
161 287
161 289
161 290
161 291
161 292
161 293
161 294
161 295
161 296
161 298
161 299
162 164
162 168
162 173
162 177
162 184
162 186
162 191
162 192
162 202
162 203
162 206
162 208
162 214
162 215
162 216
162 218
162 221
162 225
162 228
162 230
162 232
162 234
162 235
162 236
162 237
162 240
162 248
162 254
162 260
162 261
162 262
162 263
162 268
162 284
162 288
162 291
162 295
162 297
162 299
163 164
163 168
163 173
163 177
163 184
163 186
163 191
163 192
163 202
163 203
163 206
163 208
163 214
163 215
163 216
163 218
163 221
163 225
163 228
163 230
163 232
163 234
163 235
163 236
163 237
163 240
163 248
163 254
163 260
163 261
163 262
163 263
163 268
163 284
163 288
163 291
163 295
163 297
163 299
164 165
164 166
164 167
164 168
164 169
164 170
164 171
164 172
164 173
164 174
164 175
164 176
164 177
164 178
164 179
164 180
164 181
164 182
164 183
164 184
164 185
164 186
164 187
164 188
164 189
164 190
164 191
164 192
164 193
164 194
164 195
164 196
164 197
164 198
164 199
164 200
164 201
164 202
164 203
164 204
164 205
164 206
164 207
164 208
164 209
164 210
164 211
164 212
164 213
164 214
164 216
164 217
164 218
164 219
164 220
164 221
164 222
164 223
164 224
164 225
164 226
164 227
164 228
164 229
164 231
164 232
164 233
164 234
164 235
164 238
164 239
164 241
164 242
164 243
164 244
164 245
164 246
164 247
164 248
164 249
164 250
164 251
164 252
164 253
164 254
164 255
164 256
164 257
164 258
164 259
164 260
164 261
164 262
164 263
164 264
164 265
164 266
164 267
164 268
164 269
164 270
164 271
164 272
164 273
164 274
164 275
164 276
164 277
164 278
164 279
164 280
164 281
164 282
164 283
164 284
164 285
164 286
164 287
164 288
164 289
164 290
164 291
164 292
164 293
164 294
164 295
164 296
164 297
164 298
164 299
165 168
165 173
165 177
165 184
165 186
165 191
165 192
165 202
165 203
165 206
165 208
165 214
165 215
165 216
165 218
165 221
165 225
165 228
165 230
165 232
165 234
165 235
165 236
165 237
165 240
165 248
165 254
165 260
165 261
165 262
165 263
165 268
165 284
165 288
165 291
165 295
165 297
165 299
166 168
166 173
166 177
166 184
166 186
166 191
166 192
166 202
166 203
166 206
166 208
166 214
166 215
166 216
166 218
166 221
166 225
166 228
166 230
166 232
166 234
166 235
166 236
166 237
166 240
166 248
166 254
166 260
166 261
166 262
166 263
166 268
166 284
166 288
166 291
166 295
166 297
166 299
167 168
167 173
167 177
167 184
167 186
167 191
167 192
167 202
167 203
167 206
167 208
167 214
167 215
167 216
167 218
167 221
167 225
167 228
167 230
167 232
167 234
167 235
167 236
167 237
167 240
167 248
167 254
167 260
167 261
167 262
167 263
167 268
167 284
167 288
167 291
167 295
167 297
167 299
168 169
168 170
168 171
168 172
168 173
168 174
168 175
168 176
168 177
168 178
168 179
168 180
168 181
168 182
168 183
168 184
168 185
168 186
168 187
168 188
168 189
168 190
168 191
168 192
168 193
168 194
168 195
168 196
168 197
168 198
168 199
168 200
168 201
168 203
168 204
168 205
168 207
168 208
168 209
168 210
168 211
168 212
168 213
168 215
168 216
168 217
168 218
168 219
168 220
168 221
168 222
168 223
168 224
168 225
168 226
168 227
168 228
168 229
168 230
168 231
168 232
168 233
168 234
168 235
168 236
168 237
168 238
168 239
168 240
168 241
168 242
168 243
168 244
168 245
168 246
168 247
168 248
168 249
168 250
168 251
168 252
168 253
168 254
168 255
168 256
168 257
168 258
168 259
168 260
168 261
168 262
168 264
168 265
168 266
168 267
168 268
168 269
168 270
168 271
168 272
168 273
168 274
168 275
168 276
168 277
168 278
168 279
168 280
168 281
168 282
168 283
168 284
168 285
168 286
168 287
168 288
168 289
168 290
168 291
168 292
168 293
168 294
168 295
168 296
168 297
168 298
168 299
169 173
169 177
169 184
169 186
169 191
169 192
169 202
169 203
169 206
169 208
169 214
169 215
169 216
169 218
169 221
169 225
169 228
169 230
169 232
169 234
169 235
169 236
169 237
169 240
169 248
169 254
169 260
169 261
169 262
169 263
169 268
169 284
169 288
169 291
169 295
169 297
169 299
170 173
170 177
170 184
170 186
170 191
170 192
170 202
170 203
170 206
170 208
170 214
170 215
170 216
170 218
170 221
170 225
170 228
170 230
170 232
170 234
170 235
170 236
170 237
170 240
170 248
170 254
170 260
170 261
170 262
170 263
170 268
170 284
170 288
170 291
170 295
170 297
170 299
171 173
171 177
171 184
171 186
171 191
171 192
171 202
171 203
171 206
171 208
171 214
171 215
171 216
171 218
171 221
171 225
171 228
171 230
171 232
171 234
171 235
171 236
171 237
171 240
171 248
171 254
171 260
171 261
171 262
171 263
171 268
171 284
171 288
171 291
171 295
171 297
171 299
172 173
172 177
172 184
172 186
172 191
172 192
172 202
172 203
172 206
172 208
172 214
172 215
172 216
172 218
172 221
172 225
172 228
172 230
172 232
172 234
172 235
172 236
172 237
172 240
172 248
172 254
172 260
172 261
172 262
172 263
172 268
172 284
172 288
172 291
172 295
172 297
172 299
173 174
173 175
173 176
173 177
173 178
173 179
173 180
173 181
173 182
173 183
173 184
173 185
173 186
173 187
173 188
173 189
173 190
173 191
173 192
173 193
173 194
173 195
173 196
173 197
173 198
173 199
173 200
173 201
173 202
173 203
173 204
173 205
173 206
173 207
173 208
173 209
173 210
173 211
173 212
173 213
173 214
173 215
173 216
173 217
173 219
173 220
173 221
173 222
173 223
173 224
173 225
173 226
173 227
173 228
173 229
173 230
173 231
173 232
173 233
173 235
173 236
173 237
173 238
173 239
173 240
173 241
173 242
173 243
173 244
173 245
173 246
173 247
173 248
173 249
173 250
173 251
173 252
173 253
173 254
173 255
173 256
173 257
173 258
173 259
173 260
173 261
173 263
173 264
173 265
173 266
173 267
173 268
173 269
173 270
173 271
173 272
173 273
173 274
173 275
173 276
173 277
173 278
173 279
173 280
173 281
173 282
173 283
173 284
173 285
173 286
173 287
173 288
173 289
173 290
173 291
173 292
173 293
173 294
173 295
173 296
173 297
173 298
174 177
174 184
174 186
174 191
174 192
174 202
174 203
174 206
174 208
174 214
174 215
174 216
174 218
174 221
174 225
174 228
174 230
174 232
174 234
174 235
174 236
174 237
174 240
174 248
174 254
174 260
174 261
174 262
174 263
174 268
174 284
174 288
174 291
174 295
174 297
174 299
175 177
175 184
175 186
175 191
175 192
175 202
175 203
175 206
175 208
175 214
175 215
175 216
175 218
175 221
175 225
175 228
175 230
175 232
175 234
175 235
175 236
175 237
175 240
175 248
175 254
175 260
175 261
175 262
175 263
175 268
175 284
175 288
175 291
175 295
175 297
175 299
176 177
176 184
176 186
176 191
176 192
176 202
176 203
176 206
176 208
176 214
176 215
176 216
176 218
176 221
176 225
176 228
176 230
176 232
176 234
176 235
176 236
176 237
176 240
176 248
176 254
176 260
176 261
176 262
176 263
176 268
176 284
176 288
176 291
176 295
176 297
176 299
177 178
177 179
177 180
177 181
177 182
177 183
177 184
177 185
177 187
177 188
177 189
177 190
177 191
177 192
177 193
177 194
177 195
177 196
177 197
177 198
177 199
177 200
177 201
177 202
177 204
177 205
177 206
177 207
177 208
177 209
177 210
177 211
177 212
177 213
177 214
177 215
177 216
177 217
177 218
177 219
177 220
177 221
177 222
177 223
177 224
177 225
177 226
177 227
177 228
177 229
177 230
177 231
177 232
177 233
177 234
177 235
177 236
177 237
177 238
177 239
177 240
177 241
177 242
177 243
177 244
177 245
177 246
177 247
177 248
177 249
177 250
177 251
177 252
177 253
177 255
177 256
177 257
177 258
177 259
177 260
177 261
177 262
177 263
177 264
177 265
177 266
177 267
177 268
177 269
177 270
177 271
177 272
177 273
177 274
177 275
177 276
177 277
177 278
177 279
177 280
177 281
177 282
177 283
177 284
177 285
177 286
177 287
177 289
177 290
177 291
177 292
177 293
177 294
177 295
177 296
177 298
177 299
178 184
178 186
178 191
178 192
178 202
178 203
178 206
178 208
178 214
178 215
178 216
178 218
178 221
178 225
178 228
178 230
178 232
178 234
178 235
178 236
178 237
178 240
178 248
178 254
178 260
178 261
178 262
178 263
178 268
178 284
178 288
178 291
178 295
178 297
178 299
179 184
179 186
179 191
179 192
179 202
179 203
179 206
179 208
179 214
179 215
179 216
179 218
179 221
179 225
179 228
179 230
179 232
179 234
179 235
179 236
179 237
179 240
179 248
179 254
179 260
179 261
179 262
179 263
179 268
179 284
179 288
179 291
179 295
179 297
179 299
180 184
180 186
180 191
180 192
180 202
180 203
180 206
180 208
180 214
180 215
180 216
180 218
180 221
180 225
180 228
180 230
180 232
180 234
180 235
180 236
180 237
180 240
180 248
180 254
180 260
180 261
180 262
180 263
180 268
180 284
180 288
180 291
180 295
180 297
180 299
181 184
181 186
181 191
181 192
181 202
181 203
181 206
181 208
181 214
181 215
181 216
181 218
181 221
181 225
181 228
181 230
181 232
181 234
181 235
181 236
181 237
181 240
181 248
181 254
181 260
181 261
181 262
181 263
181 268
181 284
181 288
181 291
181 295
181 297
181 299
182 184
182 186
182 191
182 192
182 202
182 203
182 206
182 208
182 214
182 215
182 216
182 218
182 221
182 225
182 228
182 230
182 232
182 234
182 235
182 236
182 237
182 240
182 248
182 254
182 260
182 261
182 262
182 263
182 268
182 284
182 288
182 291
182 295
182 297
182 299
183 184
183 186
183 191
183 192
183 202
183 203
183 206
183 208
183 214
183 215
183 216
183 218
183 221
183 225
183 228
183 230
183 232
183 234
183 235
183 236
183 237
183 240
183 248
183 254
183 260
183 261
183 262
183 263
183 268
183 284
183 288
183 291
183 295
183 297
183 299
184 185
184 186
184 187
184 188
184 189
184 190
184 191
184 193
184 194
184 195
184 196
184 197
184 198
184 199
184 200
184 201
184 202
184 203
184 204
184 205
184 206
184 207
184 208
184 209
184 210
184 211
184 212
184 213
184 214
184 215
184 216
184 217
184 218
184 219
184 220
184 221
184 222
184 223
184 224
184 225
184 226
184 227
184 228
184 229
184 230
184 231
184 232
184 233
184 234
184 235
184 236
184 237
184 238
184 239
184 240
184 241
184 242
184 243
184 244
184 245
184 246
184 247
184 248
184 249
184 250
184 251
184 252
184 253
184 254
184 255
184 256
184 257
184 258
184 259
184 262
184 263
184 264
184 265
184 266
184 267
184 268
184 269
184 270
184 271
184 272
184 273
184 274
184 275
184 276
184 277
184 278
184 279
184 280
184 281
184 282
184 283
184 284
184 285
184 286
184 287
184 288
184 289
184 290
184 292
184 293
184 294
184 296
184 297
184 298
184 299
185 186
185 191
185 192
185 202
185 203
185 206
185 208
185 214
185 215
185 216
185 218
185 221
185 225
185 228
185 230
185 232
185 234
185 235
185 236
185 237
185 240
185 248
185 254
185 260
185 261
185 262
185 263
185 268
185 284
185 288
185 291
185 295
185 297
185 299
186 187
186 188
186 189
186 190
186 191
186 192
186 193
186 194
186 195
186 196
186 197
186 198
186 199
186 200
186 201
186 202
186 204
186 205
186 206
186 207
186 208
186 209
186 210
186 211
186 212
186 213
186 214
186 215
186 216
186 217
186 218
186 219
186 220
186 221
186 222
186 223
186 224
186 225
186 226
186 227
186 228
186 229
186 230
186 231
186 232
186 233
186 234
186 235
186 236
186 237
186 238
186 239
186 240
186 241
186 242
186 243
186 244
186 245
186 246
186 247
186 248
186 249
186 250
186 251
186 252
186 253
186 255
186 256
186 257
186 258
186 259
186 260
186 261
186 262
186 263
186 264
186 265
186 266
186 267
186 268
186 269
186 270
186 271
186 272
186 273
186 274
186 275
186 276
186 277
186 278
186 279
186 280
186 281
186 282
186 283
186 284
186 285
186 286
186 287
186 289
186 290
186 291
186 292
186 293
186 294
186 295
186 296
186 298
186 299
187 191
187 192
187 202
187 203
187 206
187 208
187 214
187 215
187 216
187 218
187 221
187 225
187 228
187 230
187 232
187 234
187 235
187 236
187 237
187 240
187 248
187 254
187 260
187 261
187 262
187 263
187 268
187 284
187 288
187 291
187 295
187 297
187 299
188 191
188 192
188 202
188 203
188 206
188 208
188 214
188 215
188 216
188 218
188 221
188 225
188 228
188 230
188 232
188 234
188 235
188 236
188 237
188 240
188 248
188 254
188 260
188 261
188 262
188 263
188 268
188 284
188 288
188 291
188 295
188 297
188 299
189 191
189 192
189 202
189 203
189 206
189 208
189 214
189 215
189 216
189 218
189 221
189 225
189 228
189 230
189 232
189 234
189 235
189 236
189 237
189 240
189 248
189 254
189 260
189 261
189 262
189 263
189 268
189 284
189 288
189 291
189 295
189 297
189 299
190 191
190 192
190 202
190 203
190 206
190 208
190 214
190 215
190 216
190 218
190 221
190 225
190 228
190 230
190 232
190 234
190 235
190 236
190 237
190 240
190 248
190 254
190 260
190 261
190 262
190 263
190 268
190 284
190 288
190 291
190 295
190 297
190 299
191 192
191 193
191 194
191 195
191 196
191 197
191 198
191 199
191 200
191 201
191 202
191 203
191 204
191 205
191 206
191 207
191 208
191 209
191 210
191 211
191 212
191 213
191 214
191 215
191 217
191 218
191 219
191 220
191 221
191 222
191 223
191 224
191 225
191 226
191 227
191 228
191 229
191 230
191 231
191 232
191 233
191 234
191 236
191 237
191 238
191 239
191 240
191 241
191 242
191 243
191 244
191 245
191 246
191 247
191 249
191 250
191 251
191 252
191 253
191 254
191 255
191 256
191 257
191 258
191 259
191 260
191 261
191 262
191 263
191 264
191 265
191 266
191 267
191 268
191 269
191 270
191 271
191 272
191 273
191 274
191 275
191 276
191 277
191 278
191 279
191 280
191 281
191 282
191 283
191 284
191 285
191 286
191 287
191 288
191 289
191 290
191 291
191 292
191 293
191 294
191 295
191 296
191 297
191 298
191 299
192 193
192 194
192 195
192 196
192 197
192 198
192 199
192 200
192 201
192 202
192 203
192 204
192 205
192 206
192 207
192 208
192 209
192 210
192 211
192 212
192 213
192 214
192 215
192 216
192 217
192 218
192 219
192 220
192 221
192 222
192 223
192 224
192 225
192 226
192 227
192 228
192 229
192 230
192 231
192 232
192 233
192 234
192 235
192 236
192 237
192 238
192 239
192 240
192 241
192 242
192 243
192 244
192 245
192 246
192 247
192 248
192 249
192 250
192 251
192 252
192 253
192 254
192 255
192 256
192 257
192 258
192 259
192 262
192 263
192 264
192 265
192 266
192 267
192 268
192 269
192 270
192 271
192 272
192 273
192 274
192 275
192 276
192 277
192 278
192 279
192 280
192 281
192 282
192 283
192 284
192 285
192 286
192 287
192 288
192 289
192 290
192 292
192 293
192 294
192 296
192 297
192 298
192 299
193 202
193 203
193 206
193 208
193 214
193 215
193 216
193 218
193 221
193 225
193 228
193 230
193 232
193 234
193 235
193 236
193 237
193 240
193 248
193 254
193 260
193 261
193 262
193 263
193 268
193 284
193 288
193 291
193 295
193 297
193 299
194 202
194 203
194 206
194 208
194 214
194 215
194 216
194 218
194 221
194 225
194 228
194 230
194 232
194 234
194 235
194 236
194 237
194 240
194 248
194 254
194 260
194 261
194 262
194 263
194 268
194 284
194 288
194 291
194 295
194 297
194 299
195 202
195 203
195 206
195 208
195 214
195 215
195 216
195 218
195 221
195 225
195 228
195 230
195 232
195 234
195 235
195 236
195 237
195 240
195 248
195 254
195 260
195 261
195 262
195 263
195 268
195 284
195 288
195 291
195 295
195 297
195 299
196 202
196 203
196 206
196 208
196 214
196 215
196 216
196 218
196 221
196 225
196 228
196 230
196 232
196 234
196 235
196 236
196 237
196 240
196 248
196 254
196 260
196 261
196 262
196 263
196 268
196 284
196 288
196 291
196 295
196 297
196 299
197 202
197 203
197 206
197 208
197 214
197 215
197 216
197 218
197 221
197 225
197 228
197 230
197 232
197 234
197 235
197 236
197 237
197 240
197 248
197 254
197 260
197 261
197 262
197 263
197 268
197 284
197 288
197 291
197 295
197 297
197 299
198 202
198 203
198 206
198 208
198 214
198 215
198 216
198 218
198 221
198 225
198 228
198 230
198 232
198 234
198 235
198 236
198 237
198 240
198 248
198 254
198 260
198 261
198 262
198 263
198 268
198 284
198 288
198 291
198 295
198 297
198 299
199 202
199 203
199 206
199 208
199 214
199 215
199 216
199 218
199 221
199 225
199 228
199 230
199 232
199 234
199 235
199 236
199 237
199 240
199 248
199 254
199 260
199 261
199 262
199 263
199 268
199 284
199 288
199 291
199 295
199 297
199 299
200 202
200 203
200 206
200 208
200 214
200 215
200 216
200 218
200 221
200 225
200 228
200 230
200 232
200 234
200 235
200 236
200 237
200 240
200 248
200 254
200 260
200 261
200 262
200 263
200 268
200 284
200 288
200 291
200 295
200 297
200 299
201 202
201 203
201 206
201 208
201 214
201 215
201 216
201 218
201 221
201 225
201 228
201 230
201 232
201 234
201 235
201 236
201 237
201 240
201 248
201 254
201 260
201 261
201 262
201 263
201 268
201 284
201 288
201 291
201 295
201 297
201 299
202 203
202 204
202 205
202 207
202 208
202 209
202 210
202 211
202 212
202 213
202 215
202 216
202 217
202 218
202 219
202 220
202 221
202 222
202 223
202 224
202 225
202 226
202 227
202 228
202 229
202 230
202 231
202 232
202 233
202 234
202 235
202 236
202 237
202 238
202 239
202 240
202 241
202 242
202 243
202 244
202 245
202 246
202 247
202 248
202 249
202 250
202 251
202 252
202 253
202 254
202 255
202 256
202 257
202 258
202 259
202 260
202 261
202 262
202 264
202 265
202 266
202 267
202 268
202 269
202 270
202 271
202 272
202 273
202 274
202 275
202 276
202 277
202 278
202 279
202 280
202 281
202 282
202 283
202 284
202 285
202 286
202 287
202 288
202 289
202 290
202 291
202 292
202 293
202 294
202 295
202 296
202 297
202 298
202 299
203 204
203 205
203 206
203 207
203 208
203 209
203 210
203 211
203 212
203 213
203 214
203 215
203 216
203 217
203 218
203 219
203 220
203 221
203 222
203 223
203 224
203 225
203 226
203 227
203 228
203 229
203 230
203 231
203 232
203 233
203 234
203 235
203 236
203 237
203 238
203 239
203 240
203 241
203 242
203 243
203 244
203 245
203 246
203 247
203 248
203 249
203 250
203 251
203 252
203 253
203 255
203 256
203 257
203 258
203 259
203 260
203 261
203 262
203 263
203 264
203 265
203 266
203 267
203 268
203 269
203 270
203 271
203 272
203 273
203 274
203 275
203 276
203 277
203 278
203 279
203 280
203 281
203 282
203 283
203 284
203 285
203 286
203 287
203 289
203 290
203 291
203 292
203 293
203 294
203 295
203 296
203 298
203 299
204 206
204 208
204 214
204 215
204 216
204 218
204 221
204 225
204 228
204 230
204 232
204 234
204 235
204 236
204 237
204 240
204 248
204 254
204 260
204 261
204 262
204 263
204 268
204 284
204 288
204 291
204 295
204 297
204 299
205 206
205 208
205 214
205 215
205 216
205 218
205 221
205 225
205 228
205 230
205 232
205 234
205 235
205 236
205 237
205 240
205 248
205 254
205 260
205 261
205 262
205 263
205 268
205 284
205 288
205 291
205 295
205 297
205 299
206 207
206 208
206 209
206 210
206 211
206 212
206 213
206 215
206 216
206 217
206 218
206 219
206 220
206 221
206 222
206 223
206 224
206 225
206 226
206 227
206 228
206 229
206 230
206 231
206 232
206 233
206 234
206 235
206 236
206 237
206 238
206 239
206 240
206 241
206 242
206 243
206 244
206 245
206 246
206 247
206 248
206 249
206 250
206 251
206 252
206 253
206 254
206 255
206 256
206 257
206 258
206 259
206 260
206 261
206 262
206 264
206 265
206 266
206 267
206 268
206 269
206 270
206 271
206 272
206 273
206 274
206 275
206 276
206 277
206 278
206 279
206 280
206 281
206 282
206 283
206 284
206 285
206 286
206 287
206 288
206 289
206 290
206 291
206 292
206 293
206 294
206 295
206 296
206 297
206 298
206 299
207 208
207 214
207 215
207 216
207 218
207 221
207 225
207 228
207 230
207 232
207 234
207 235
207 236
207 237
207 240
207 248
207 254
207 260
207 261
207 262
207 263
207 268
207 284
207 288
207 291
207 295
207 297
207 299
208 209
208 210
208 211
208 212
208 213
208 214
208 215
208 216
208 217
208 218
208 219
208 220
208 221
208 222
208 223
208 224
208 225
208 226
208 227
208 229
208 230
208 231
208 232
208 233
208 234
208 235
208 236
208 237
208 238
208 239
208 240
208 241
208 242
208 243
208 244
208 245
208 246
208 247
208 248
208 249
208 250
208 251
208 252
208 253
208 254
208 255
208 256
208 257
208 258
208 259
208 260
208 261
208 262
208 263
208 264
208 265
208 266
208 267
208 269
208 270
208 271
208 272
208 273
208 274
208 275
208 276
208 277
208 278
208 279
208 280
208 281
208 282
208 283
208 284
208 285
208 286
208 287
208 288
208 289
208 290
208 291
208 292
208 293
208 294
208 295
208 296
208 297
208 298
208 299
209 214
209 215
209 216
209 218
209 221
209 225
209 228
209 230
209 232
209 234
209 235
209 236
209 237
209 240
209 248
209 254
209 260
209 261
209 262
209 263
209 268
209 284
209 288
209 291
209 295
209 297
209 299
210 214
210 215
210 216
210 218
210 221
210 225
210 228
210 230
210 232
210 234
210 235
210 236
210 237
210 240
210 248
210 254
210 260
210 261
210 262
210 263
210 268
210 284
210 288
210 291
210 295
210 297
210 299
211 214
211 215
211 216
211 218
211 221
211 225
211 228
211 230
211 232
211 234
211 235
211 236
211 237
211 240
211 248
211 254
211 260
211 261
211 262
211 263
211 268
211 284
211 288
211 291
211 295
211 297
211 299
212 214
212 215
212 216
212 218
212 221
212 225
212 228
212 230
212 232
212 234
212 235
212 236
212 237
212 240
212 248
212 254
212 260
212 261
212 262
212 263
212 268
212 284
212 288
212 291
212 295
212 297
212 299
213 214
213 215
213 216
213 218
213 221
213 225
213 228
213 230
213 232
213 234
213 235
213 236
213 237
213 240
213 248
213 254
213 260
213 261
213 262
213 263
213 268
213 284
213 288
213 291
213 295
213 297
213 299
214 215
214 216
214 217
214 218
214 219
214 220
214 221
214 222
214 223
214 224
214 225
214 226
214 227
214 228
214 229
214 230
214 231
214 232
214 233
214 234
214 235
214 236
214 237
214 238
214 239
214 240
214 241
214 242
214 243
214 244
214 245
214 246
214 247
214 248
214 249
214 250
214 251
214 252
214 253
214 254
214 255
214 256
214 257
214 258
214 259
214 260
214 261
214 262
214 264
214 265
214 266
214 267
214 268
214 269
214 270
214 271
214 272
214 273
214 274
214 275
214 276
214 277
214 278
214 279
214 280
214 281
214 282
214 283
214 284
214 285
214 286
214 287
214 288
214 289
214 290
214 291
214 292
214 293
214 294
214 295
214 296
214 297
214 298
214 299
215 216
215 217
215 218
215 219
215 220
215 221
215 222
215 223
215 224
215 225
215 226
215 227
215 228
215 229
215 231
215 232
215 233
215 234
215 235
215 238
215 239
215 241
215 242
215 243
215 244
215 245
215 246
215 247
215 248
215 249
215 250
215 251
215 252
215 253
215 254
215 255
215 256
215 257
215 258
215 259
215 260
215 261
215 262
215 263
215 264
215 265
215 266
215 267
215 268
215 269
215 270
215 271
215 272
215 273
215 274
215 275
215 276
215 277
215 278
215 279
215 280
215 281
215 282
215 283
215 284
215 285
215 286
215 287
215 288
215 289
215 290
215 291
215 292
215 293
215 294
215 295
215 296
215 297
215 298
215 299
216 217
216 218
216 219
216 220
216 221
216 222
216 223
216 224
216 225
216 226
216 227
216 228
216 229
216 230
216 231
216 232
216 233
216 234
216 236
216 237
216 238
216 239
216 240
216 241
216 242
216 243
216 244
216 245
216 246
216 247
216 249
216 250
216 251
216 252
216 253
216 254
216 255
216 256
216 257
216 258
216 259
216 260
216 261
216 262
216 263
216 264
216 265
216 266
216 267
216 268
216 269
216 270
216 271
216 272
216 273
216 274
216 275
216 276
216 277
216 278
216 279
216 280
216 281
216 282
216 283
216 284
216 285
216 286
216 287
216 288
216 289
216 290
216 291
216 292
216 293
216 294
216 295
216 296
216 297
216 298
216 299
217 218
217 221
217 225
217 228
217 230
217 232
217 234
217 235
217 236
217 237
217 240
217 248
217 254
217 260
217 261
217 262
217 263
217 268
217 284
217 288
217 291
217 295
217 297
217 299
218 219
218 220
218 221
218 222
218 223
218 224
218 225
218 226
218 227
218 228
218 229
218 230
218 231
218 232
218 233
218 235
218 236
218 237
218 238
218 239
218 240
218 241
218 242
218 243
218 244
218 245
218 246
218 247
218 248
218 249
218 250
218 251
218 252
218 253
218 254
218 255
218 256
218 257
218 258
218 259
218 260
218 261
218 263
218 264
218 265
218 266
218 267
218 268
218 269
218 270
218 271
218 272
218 273
218 274
218 275
218 276
218 277
218 278
218 279
218 280
218 281
218 282
218 283
218 284
218 285
218 286
218 287
218 288
218 289
218 290
218 291
218 292
218 293
218 294
218 295
218 296
218 297
218 298
219 221
219 225
219 228
219 230
219 232
219 234
219 235
219 236
219 237
219 240
219 248
219 254
219 260
219 261
219 262
219 263
219 268
219 284
219 288
219 291
219 295
219 297
219 299
220 221
220 225
220 228
220 230
220 232
220 234
220 235
220 236
220 237
220 240
220 248
220 254
220 260
220 261
220 262
220 263
220 268
220 284
220 288
220 291
220 295
220 297
220 299
221 222
221 223
221 224
221 225
221 226
221 227
221 228
221 229
221 230
221 231
221 232
221 233
221 234
221 235
221 236
221 237
221 238
221 239
221 240
221 241
221 242
221 243
221 244
221 245
221 246
221 247
221 248
221 249
221 250
221 251
221 252
221 253
221 254
221 255
221 256
221 257
221 258
221 259
221 260
221 261
221 262
221 263
221 264
221 265
221 266
221 267
221 268
221 269
221 270
221 271
221 272
221 273
221 274
221 275
221 276
221 277
221 278
221 279
221 280
221 281
221 282
221 283
221 284
221 285
221 286
221 287
221 288
221 289
221 290
221 291
221 292
221 293
221 294
221 295
221 296
221 297
221 298
221 299
222 225
222 228
222 230
222 232
222 234
222 235
222 236
222 237
222 240
222 248
222 254
222 260
222 261
222 262
222 263
222 268
222 284
222 288
222 291
222 295
222 297
222 299
223 225
223 228
223 230
223 232
223 234
223 235
223 236
223 237
223 240
223 248
223 254
223 260
223 261
223 262
223 263
223 268
223 284
223 288
223 291
223 295
223 297
223 299
224 225
224 228
224 230
224 232
224 234
224 235
224 236
224 237
224 240
224 248
224 254
224 260
224 261
224 262
224 263
224 268
224 284
224 288
224 291
224 295
224 297
224 299
225 226
225 227
225 228
225 229
225 230
225 231
225 233
225 234
225 235
225 236
225 237
225 238
225 239
225 240
225 241
225 242
225 243
225 244
225 245
225 246
225 247
225 248
225 249
225 250
225 251
225 252
225 253
225 254
225 255
225 256
225 257
225 258
225 259
225 260
225 261
225 262
225 263
225 264
225 265
225 266
225 267
225 268
225 269
225 270
225 271
225 272
225 273
225 274
225 275
225 276
225 277
225 278
225 279
225 280
225 281
225 282
225 283
225 285
225 286
225 287
225 288
225 289
225 290
225 291
225 292
225 293
225 294
225 295
225 296
225 297
225 298
225 299
226 228
226 230
226 232
226 234
226 235
226 236
226 237
226 240
226 248
226 254
226 260
226 261
226 262
226 263
226 268
226 284
226 288
226 291
226 295
226 297
226 299
227 228
227 230
227 232
227 234
227 235
227 236
227 237
227 240
227 248
227 254
227 260
227 261
227 262
227 263
227 268
227 284
227 288
227 291
227 295
227 297
227 299
228 229
228 230
228 231
228 232
228 233
228 234
228 235
228 236
228 237
228 238
228 239
228 240
228 241
228 242
228 243
228 244
228 245
228 246
228 247
228 248
228 249
228 250
228 251
228 252
228 253
228 254
228 255
228 256
228 257
228 258
228 259
228 260
228 261
228 262
228 263
228 264
228 265
228 266
228 267
228 269
228 270
228 271
228 272
228 273
228 274
228 275
228 276
228 277
228 278
228 279
228 280
228 281
228 282
228 283
228 284
228 285
228 286
228 287
228 288
228 289
228 290
228 291
228 292
228 293
228 294
228 295
228 296
228 297
228 298
228 299
229 230
229 232
229 234
229 235
229 236
229 237
229 240
229 248
229 254
229 260
229 261
229 262
229 263
229 268
229 284
229 288
229 291
229 295
229 297
229 299
230 231
230 232
230 233
230 234
230 235
230 238
230 239
230 241
230 242
230 243
230 244
230 245
230 246
230 247
230 248
230 249
230 250
230 251
230 252
230 253
230 254
230 255
230 256
230 257
230 258
230 259
230 260
230 261
230 262
230 263
230 264
230 265
230 266
230 267
230 268
230 269
230 270
230 271
230 272
230 273
230 274
230 275
230 276
230 277
230 278
230 279
230 280
230 281
230 282
230 283
230 284
230 285
230 286
230 287
230 288
230 289
230 290
230 291
230 292
230 293
230 294
230 295
230 296
230 297
230 298
230 299
231 232
231 234
231 235
231 236
231 237
231 240
231 248
231 254
231 260
231 261
231 262
231 263
231 268
231 284
231 288
231 291
231 295
231 297
231 299
232 233
232 234
232 235
232 236
232 237
232 238
232 239
232 240
232 241
232 242
232 243
232 244
232 245
232 246
232 247
232 248
232 249
232 250
232 251
232 252
232 253
232 254
232 255
232 256
232 257
232 258
232 259
232 260
232 261
232 262
232 263
232 264
232 265
232 266
232 267
232 268
232 269
232 270
232 271
232 272
232 273
232 274
232 275
232 276
232 277
232 278
232 279
232 280
232 281
232 282
232 283
232 285
232 286
232 287
232 288
232 289
232 290
232 291
232 292
232 293
232 294
232 295
232 296
232 297
232 298
232 299
233 234
233 235
233 236
233 237
233 240
233 248
233 254
233 260
233 261
233 262
233 263
233 268
233 284
233 288
233 291
233 295
233 297
233 299
234 235
234 236
234 237
234 238
234 239
234 240
234 241
234 242
234 243
234 244
234 245
234 246
234 247
234 248
234 249
234 250
234 251
234 252
234 253
234 254
234 255
234 256
234 257
234 258
234 259
234 260
234 261
234 263
234 264
234 265
234 266
234 267
234 268
234 269
234 270
234 271
234 272
234 273
234 274
234 275
234 276
234 277
234 278
234 279
234 280
234 281
234 282
234 283
234 284
234 285
234 286
234 287
234 288
234 289
234 290
234 291
234 292
234 293
234 294
234 295
234 296
234 297
234 298
235 236
235 237
235 238
235 239
235 240
235 241
235 242
235 243
235 244
235 245
235 246
235 247
235 249
235 250
235 251
235 252
235 253
235 254
235 255
235 256
235 257
235 258
235 259
235 260
235 261
235 262
235 263
235 264
235 265
235 266
235 267
235 268
235 269
235 270
235 271
235 272
235 273
235 274
235 275
235 276
235 277
235 278
235 279
235 280
235 281
235 282
235 283
235 284
235 285
235 286
235 287
235 288
235 289
235 290
235 291
235 292
235 293
235 294
235 295
235 296
235 297
235 298
235 299
236 238
236 239
236 241
236 242
236 243
236 244
236 245
236 246
236 247
236 248
236 249
236 250
236 251
236 252
236 253
236 254
236 255
236 256
236 257
236 258
236 259
236 260
236 261
236 262
236 263
236 264
236 265
236 266
236 267
236 268
236 269
236 270
236 271
236 272
236 273
236 274
236 275
236 276
236 277
236 278
236 279
236 280
236 281
236 282
236 283
236 284
236 285
236 286
236 287
236 288
236 289
236 290
236 291
236 292
236 293
236 294
236 295
236 296
236 297
236 298
236 299
237 238
237 239
237 241
237 242
237 243
237 244
237 245
237 246
237 247
237 248
237 249
237 250
237 251
237 252
237 253
237 254
237 255
237 256
237 257
237 258
237 259
237 260
237 261
237 262
237 263
237 264
237 265
237 266
237 267
237 268
237 269
237 270
237 271
237 272
237 273
237 274
237 275
237 276
237 277
237 278
237 279
237 280
237 281
237 282
237 283
237 284
237 285
237 286
237 287
237 288
237 289
237 290
237 291
237 292
237 293
237 294
237 295
237 296
237 297
237 298
237 299
238 240
238 248
238 254
238 260
238 261
238 262
238 263
238 268
238 284
238 288
238 291
238 295
238 297
238 299
239 240
239 248
239 254
239 260
239 261
239 262
239 263
239 268
239 284
239 288
239 291
239 295
239 297
239 299
240 241
240 242
240 243
240 244
240 245
240 246
240 247
240 248
240 249
240 250
240 251
240 252
240 253
240 254
240 255
240 256
240 257
240 258
240 259
240 260
240 261
240 262
240 263
240 264
240 265
240 266
240 267
240 268
240 269
240 270
240 271
240 272
240 273
240 274
240 275
240 276
240 277
240 278
240 279
240 280
240 281
240 282
240 283
240 284
240 285
240 286
240 287
240 288
240 289
240 290
240 291
240 292
240 293
240 294
240 295
240 296
240 297
240 298
240 299
241 248
241 254
241 260
241 261
241 262
241 263
241 268
241 284
241 288
241 291
241 295
241 297
241 299
242 248
242 254
242 260
242 261
242 262
242 263
242 268
242 284
242 288
242 291
242 295
242 297
242 299
243 248
243 254
243 260
243 261
243 262
243 263
243 268
243 284
243 288
243 291
243 295
243 297
243 299
244 248
244 254
244 260
244 261
244 262
244 263
244 268
244 284
244 288
244 291
244 295
244 297
244 299
245 248
245 254
245 260
245 261
245 262
245 263
245 268
245 284
245 288
245 291
245 295
245 297
245 299
246 248
246 254
246 260
246 261
246 262
246 263
246 268
246 284
246 288
246 291
246 295
246 297
246 299
247 248
247 254
247 260
247 261
247 262
247 263
247 268
247 284
247 288
247 291
247 295
247 297
247 299
248 249
248 250
248 251
248 252
248 253
248 254
248 255
248 256
248 257
248 258
248 259
248 260
248 261
248 262
248 263
248 264
248 265
248 266
248 267
248 268
248 269
248 270
248 271
248 272
248 273
248 274
248 275
248 276
248 277
248 278
248 279
248 280
248 281
248 282
248 283
248 284
248 285
248 286
248 287
248 288
248 289
248 290
248 291
248 292
248 293
248 294
248 295
248 296
248 297
248 298
248 299
249 254
249 260
249 261
249 262
249 263
249 268
249 284
249 288
249 291
249 295
249 297
249 299
250 254
250 260
250 261
250 262
250 263
250 268
250 284
250 288
250 291
250 295
250 297
250 299
251 254
251 260
251 261
251 262
251 263
251 268
251 284
251 288
251 291
251 295
251 297
251 299
252 254
252 260
252 261
252 262
252 263
252 268
252 284
252 288
252 291
252 295
252 297
252 299
253 254
253 260
253 261
253 262
253 263
253 268
253 284
253 288
253 291
253 295
253 297
253 299
254 255
254 256
254 257
254 258
254 259
254 260
254 261
254 262
254 263
254 264
254 265
254 266
254 267
254 268
254 269
254 270
254 271
254 272
254 273
254 274
254 275
254 276
254 277
254 278
254 279
254 280
254 281
254 282
254 283
254 284
254 285
254 286
254 287
254 289
254 290
254 291
254 292
254 293
254 294
254 295
254 296
254 298
254 299
255 260
255 261
255 262
255 263
255 268
255 284
255 288
255 291
255 295
255 297
255 299
256 260
256 261
256 262
256 263
256 268
256 284
256 288
256 291
256 295
256 297
256 299
257 260
257 261
257 262
257 263
257 268
257 284
257 288
257 291
257 295
257 297
257 299
258 260
258 261
258 262
258 263
258 268
258 284
258 288
258 291
258 295
258 297
258 299
259 260
259 261
259 262
259 263
259 268
259 284
259 288
259 291
259 295
259 297
259 299
260 262
260 263
260 264
260 265
260 266
260 267
260 268
260 269
260 270
260 271
260 272
260 273
260 274
260 275
260 276
260 277
260 278
260 279
260 280
260 281
260 282
260 283
260 284
260 285
260 286
260 287
260 288
260 289
260 290
260 292
260 293
260 294
260 296
260 297
260 298
260 299
261 262
261 263
261 264
261 265
261 266
261 267
261 268
261 269
261 270
261 271
261 272
261 273
261 274
261 275
261 276
261 277
261 278
261 279
261 280
261 281
261 282
261 283
261 284
261 285
261 286
261 287
261 288
261 289
261 290
261 292
261 293
261 294
261 296
261 297
261 298
261 299
262 263
262 264
262 265
262 266
262 267
262 268
262 269
262 270
262 271
262 272
262 273
262 274
262 275
262 276
262 277
262 278
262 279
262 280
262 281
262 282
262 283
262 284
262 285
262 286
262 287
262 288
262 289
262 290
262 291
262 292
262 293
262 294
262 295
262 296
262 297
262 298
263 264
263 265
263 266
263 267
263 268
263 269
263 270
263 271
263 272
263 273
263 274
263 275
263 276
263 277
263 278
263 279
263 280
263 281
263 282
263 283
263 284
263 285
263 286
263 287
263 288
263 289
263 290
263 291
263 292
263 293
263 294
263 295
263 296
263 297
263 298
263 299
264 268
264 284
264 288
264 291
264 295
264 297
264 299
265 268
265 284
265 288
265 291
265 295
265 297
265 299
266 268
266 284
266 288
266 291
266 295
266 297
266 299
267 268
267 284
267 288
267 291
267 295
267 297
267 299
268 269
268 270
268 271
268 272
268 273
268 274
268 275
268 276
268 277
268 278
268 279
268 280
268 281
268 282
268 283
268 284
268 285
268 286
268 287
268 288
268 289
268 290
268 291
268 292
268 293
268 294
268 295
268 296
268 297
268 298
268 299
269 284
269 288
269 291
269 295
269 297
269 299
270 284
270 288
270 291
270 295
270 297
270 299
271 284
271 288
271 291
271 295
271 297
271 299
272 284
272 288
272 291
272 295
272 297
272 299
273 284
273 288
273 291
273 295
273 297
273 299
274 284
274 288
274 291
274 295
274 297
274 299
275 284
275 288
275 291
275 295
275 297
275 299
276 284
276 288
276 291
276 295
276 297
276 299
277 284
277 288
277 291
277 295
277 297
277 299
278 284
278 288
278 291
278 295
278 297
278 299
279 284
279 288
279 291
279 295
279 297
279 299
280 284
280 288
280 291
280 295
280 297
280 299
281 284
281 288
281 291
281 295
281 297
281 299
282 284
282 288
282 291
282 295
282 297
282 299
283 284
283 288
283 291
283 295
283 297
283 299
284 285
284 286
284 287
284 288
284 289
284 290
284 291
284 292
284 293
284 294
284 295
284 296
284 297
284 298
284 299
285 288
285 291
285 295
285 297
285 299
286 288
286 291
286 295
286 297
286 299
287 288
287 291
287 295
287 297
287 299
288 289
288 290
288 291
288 292
288 293
288 294
288 295
288 296
288 298
288 299
289 291
289 295
289 297
289 299
290 291
290 295
290 297
290 299
291 292
291 293
291 294
291 296
291 297
291 298
291 299
292 295
292 297
292 299
293 295
293 297
293 299
294 295
294 297
294 299
295 296
295 297
295 298
295 299
296 297
296 299
297 298
297 299
298 299
