300 22500
0 1
0 2
0 3
0 4
0 5
0 6
0 8
0 9
0 10
0 11
0 12
0 13
0 14
0 15
0 16
0 17
0 18
0 19
0 20
0 21
0 22
0 23
0 24
0 25
0 26
0 27
0 28
0 30
0 31
0 32
0 33
0 34
0 35
0 36
0 37
0 38
0 39
0 40
0 41
0 42
0 43
0 44
0 45
0 46
0 47
0 48
0 49
0 50
0 51
0 52
0 53
0 54
0 55
0 56
0 57
0 58
0 59
0 60
0 61
0 62
0 63
0 65
0 66
0 67
0 68
0 69
0 70
0 71
0 72
0 73
0 74
0 75
0 76
0 77
0 78
0 79
0 80
0 81
0 82
0 83
0 84
0 85
0 86
0 87
0 88
0 89
0 90
0 91
0 92
0 93
0 94
0 95
0 96
0 97
0 98
0 99
0 100
0 101
0 102
0 103
0 104
0 105
0 106
0 107
0 108
0 109
0 110
0 111
0 112
0 113
0 114
0 116
0 117
0 118
0 119
0 120
0 121
0 122
0 123
0 124
0 125
0 126
0 127
0 128
0 129
0 130
0 131
0 132
0 133
0 134
0 135
0 136
0 137
0 138
0 139
0 140
0 141
0 142
0 143
0 144
0 145
0 146
0 147
0 148
0 149
0 150
0 151
0 152
0 153
0 154
0 155
0 156
0 157
0 158
0 159
0 160
0 161
0 162
0 164
0 165
0 166
0 167
0 168
0 169
0 170
0 171
0 172
0 173
0 175
0 176
0 177
0 179
0 180
0 181
0 182
0 183
0 184
0 185
0 186
0 187
0 188
0 189
0 190
0 191
0 192
0 193
0 194
0 195
0 196
0 197
0 198
0 199
0 200
0 201
0 202
0 203
0 204
0 205
0 206
0 207
0 208
0 209
0 210
0 211
0 212
0 213
0 214
0 215
0 216
0 217
0 218
0 219
0 220
0 221
0 222
0 223
0 224
0 225
0 226
0 227
0 228
0 229
0 230
0 231
0 232
0 233
0 234
0 235
0 236
0 237
0 238
0 239
0 240
0 241
0 242
0 243
0 244
0 245
0 246
0 247
0 248
0 249
0 250
0 251
0 252
0 253
0 254
0 255
0 256
0 257
0 258
0 259
0 260
0 261
0 262
0 263
0 264
0 265
0 266
0 267
0 268
0 269
0 270
0 271
0 272
0 273
0 274
0 275
0 276
0 277
0 279
0 280
0 281
0 282
0 283
0 284
0 285
0 286
0 287
0 288
0 289
0 290
0 292
0 293
0 294
0 295
0 296
0 297
0 298
0 299
1 2
1 3
1 4
1 5
1 6
1 7
1 8
1 9
1 10
1 11
1 12
1 13
1 14
1 15
1 16
1 17
1 18
1 19
1 20
1 21
1 22
1 23
1 24
1 25
1 26
1 27
1 28
1 29
1 30
1 31
1 32
1 33
1 34
1 35
1 36
1 37
1 38
1 39
1 40
1 41
1 42
1 43
1 45
1 46
1 47
1 48
1 49
1 50
1 51
1 52
1 53
1 54
1 55
1 56
1 57
1 58
1 59
1 60
1 61
1 62
1 63
1 64
1 65
1 66
1 67
1 68
1 70
1 71
1 72
1 73
1 74
1 75
1 76
1 77
1 78
1 79
1 80
1 81
1 82
1 83
1 84
1 85
1 86
1 87
1 88
1 89
1 90
1 91
1 92
1 93
1 94
1 95
1 96
1 97
1 98
1 99
1 100
1 101
1 102
1 103
1 104
1 105
1 106
1 107
1 108
1 109
1 110
1 111
1 112
1 113
1 114
1 115
1 116
1 117
1 118
1 119
1 120
1 121
1 122
1 123
1 124
1 125
1 126
1 127
1 128
1 129
1 130
1 131
1 132
1 133
1 134
1 135
1 136
1 137
1 138
1 139
1 140
1 141
1 142
1 143
1 144
1 145
1 146
1 148
1 149
1 150
1 151
1 152
1 153
1 154
1 155
1 156
1 157
1 158
1 159
1 160
1 161
1 162
1 163
1 164
1 165
1 166
1 167
1 168
1 169
1 170
1 171
1 172
1 173
1 174
1 175
1 176
1 177
1 178
1 179
1 180
1 181
1 182
1 183
1 184
1 185
1 187
1 188
1 189
1 190
1 191
1 192
1 193
1 195
1 196
1 197
1 199
1 200
1 201
1 202
1 203
1 204
1 205
1 206
1 207
1 208
1 209
1 210
1 211
1 212
1 213
1 214
1 215
1 216
1 217
1 218
1 219
1 220
1 221
1 222
1 223
1 224
1 225
1 226
1 227
1 228
1 229
1 230
1 231
1 232
1 233
1 234
1 235
1 236
1 237
1 238
1 239
1 240
1 241
1 242
1 243
1 244
1 245
1 246
1 247
1 248
1 249
1 250
1 251
1 252
1 254
1 255
1 256
1 258
1 259
1 260
1 261
1 262
1 263
1 264
1 265
1 266
1 267
1 268
1 269
1 270
1 271
1 272
1 273
1 274
1 275
1 276
1 277
1 278
1 279
1 280
1 281
1 282
1 283
1 284
1 285
1 286
1 287
1 288
1 289
1 290
1 291
1 292
1 293
1 295
1 296
1 297
1 298
1 299
2 7
2 8
2 12
2 14
2 19
2 29
2 30
2 34
2 39
2 44
2 46
2 49
2 50
2 60
2 64
2 66
2 69
2 79
2 81
2 83
2 85
2 86
2 87
2 91
2 96
2 99
2 105
2 110
2 115
2 116
2 118
2 121
2 122
2 124
2 126
2 130
2 134
2 147
2 157
2 159
2 161
2 162
2 163
2 164
2 166
2 168
2 170
2 174
2 178
2 183
2 186
2 188
2 189
2 194
2 197
2 198
2 203
2 208
2 209
2 229
2 232
2 235
2 243
2 244
2 249
2 250
2 253
2 255
2 256
2 257
2 259
2 261
2 262
2 264
2 266
2 267
2 269
2 270
2 276
2 277
2 278
2 283
2 286
2 291
2 294
2 295
2 296
2 298
3 7
3 8
3 12
3 14
3 19
3 29
3 30
3 34
3 39
3 44
3 46
3 49
3 50
3 60
3 64
3 66
3 69
3 79
3 81
3 83
3 85
3 86
3 87
3 91
3 96
3 99
3 105
3 110
3 115
3 116
3 118
3 121
3 122
3 124
3 126
3 130
3 134
3 147
3 157
3 159
3 161
3 162
3 163
3 164
3 166
3 168
3 170
3 174
3 178
3 183
3 186
3 188
3 189
3 194
3 197
3 198
3 203
3 208
3 209
3 229
3 232
3 235
3 243
3 244
3 249
3 250
3 253
3 255
3 256
3 257
3 259
3 261
3 262
3 264
3 266
3 267
3 269
3 270
3 276
3 277
3 278
3 283
3 286
3 291
3 294
3 295
3 296
3 298
4 7
4 8
4 12
4 14
4 19
4 29
4 30
4 34
4 39
4 44
4 46
4 49
4 50
4 60
4 64
4 66
4 69
4 79
4 81
4 83
4 85
4 86
4 87
4 91
4 96
4 99
4 105
4 110
4 115
4 116
4 118
4 121
4 122
4 124
4 126
4 130
4 134
4 147
4 157
4 159
4 161
4 162
4 163
4 164
4 166
4 168
4 170
4 174
4 178
4 183
4 186
4 188
4 189
4 194
4 197
4 198
4 203
4 208
4 209
4 229
4 232
4 235
4 243
4 244
4 249
4 250
4 253
4 255
4 256
4 257
4 259
4 261
4 262
4 264
4 266
4 267
4 269
4 270
4 276
4 277
4 278
4 283
4 286
4 291
4 294
4 295
4 296
4 298
5 7
5 8
5 12
5 14
5 19
5 29
5 30
5 34
5 39
5 44
5 46
5 49
5 50
5 60
5 64
5 66
5 69
5 79
5 81
5 83
5 85
5 86
5 87
5 91
5 96
5 99
5 105
5 110
5 115
5 116
5 118
5 121
5 122
5 124
5 126
5 130
5 134
5 147
5 157
5 159
5 161
5 162
5 163
5 164
5 166
5 168
5 170
5 174
5 178
5 183
5 186
5 188
5 189
5 194
5 197
5 198
5 203
5 208
5 209
5 229
5 232
5 235
5 243
5 244
5 249
5 250
5 253
5 255
5 256
5 257
5 259
5 261
5 262
5 264
5 266
5 267
5 269
5 270
5 276
5 277
5 278
5 283
5 286
5 291
5 294
5 295
5 296
5 298
6 7
6 8
6 12
6 14
6 19
6 29
6 30
6 34
6 39
6 44
6 46
6 49
6 50
6 60
6 64
6 66
6 69
6 79
6 81
6 83
6 85
6 86
6 87
6 91
6 96
6 99
6 105
6 110
6 115
6 116
6 118
6 121
6 122
6 124
6 126
6 130
6 134
6 147
6 157
6 159
6 161
6 162
6 163
6 164
6 166
6 168
6 170
6 174
6 178
6 183
6 186
6 188
6 189
6 194
6 197
6 198
6 203
6 208
6 209
6 229
6 232
6 235
6 243
6 244
6 249
6 250
6 253
6 255
6 256
6 257
6 259
6 261
6 262
6 264
6 266
6 267
6 269
6 270
6 276
6 277
6 278
6 283
6 286
6 291
6 294
6 295
6 296
6 298
7 8
7 9
7 10
7 11
7 12
7 13
7 14
7 15
7 16
7 17
7 18
7 19
7 20
7 21
7 22
7 23
7 24
7 25
7 26
7 27
7 28
7 30
7 31
7 32
7 33
7 34
7 35
7 36
7 37
7 38
7 39
7 40
7 41
7 42
7 43
7 44
7 45
7 46
7 47
7 48
7 49
7 50
7 51
7 52
7 53
7 54
7 55
7 56
7 57
7 58
7 59
7 60
7 61
7 62
7 63
7 65
7 66
7 67
7 68
7 69
7 70
7 71
7 72
7 73
7 74
7 75
7 76
7 77
7 78
7 79
7 80
7 81
7 82
7 83
7 84
7 85
7 86
7 87
7 88
7 89
7 90
7 91
7 92
7 93
7 94
7 95
7 96
7 97
7 98
7 99
7 100
7 101
7 102
7 103
7 104
7 105
7 106
7 107
7 108
7 109
7 110
7 111
7 112
7 113
7 114
7 116
7 117
7 118
7 119
7 120
7 121
7 122
7 123
7 124
7 125
7 126
7 127
7 128
7 129
7 130
7 131
7 132
7 133
7 134
7 135
7 136
7 137
7 138
7 139
7 140
7 141
7 142
7 143
7 144
7 145
7 146
7 147
7 148
7 149
7 150
7 151
7 152
7 153
7 154
7 155
7 156
7 157
7 158
7 159
7 160
7 161
7 162
7 164
7 165
7 166
7 167
7 168
7 169
7 170
7 171
7 172
7 173
7 175
7 176
7 177
7 179
7 180
7 181
7 182
7 183
7 184
7 185
7 186
7 187
7 188
7 189
7 190
7 191
7 192
7 193
7 194
7 195
7 196
7 197
7 198
7 199
7 200
7 201
7 202
7 203
7 204
7 205
7 206
7 207
7 208
7 209
7 210
7 211
7 212
7 213
7 214
7 215
7 216
7 217
7 218
7 219
7 220
7 221
7 222
7 223
7 224
7 225
7 226
7 227
7 228
7 229
7 230
7 231
7 232
7 233
7 234
7 235
7 236
7 237
7 238
7 239
7 240
7 241
7 242
7 243
7 244
7 245
7 246
7 247
7 248
7 249
7 250
7 251
7 252
7 253
7 254
7 255
7 256
7 257
7 258
7 259
7 260
7 261
7 262
7 263
7 264
7 265
7 266
7 267
7 268
7 269
7 270
7 271
7 272
7 273
7 274
7 275
7 276
7 277
7 279
7 280
7 281
7 282
7 283
7 284
7 285
7 286
7 287
7 288
7 289
7 290
7 292
7 293
7 294
7 295
7 296
7 297
7 298
7 299
8 9
8 10
8 11
8 13
8 14
8 15
8 16
8 17
8 18
8 19
8 20
8 21
8 22
8 23
8 24
8 25
8 26
8 27
8 28
8 29
8 30
8 31
8 32
8 33
8 34
8 35
8 36
8 37
8 38
8 39
8 40
8 41
8 42
8 43
8 44
8 45
8 46
8 47
8 48
8 49
8 50
8 51
8 52
8 53
8 54
8 55
8 56
8 57
8 58
8 59
8 60
8 61
8 62
8 63
8 64
8 65
8 66
8 67
8 68
8 69
8 70
8 71
8 72
8 73
8 74
8 75
8 76
8 77
8 78
8 79
8 80
8 81
8 82
8 83
8 84
8 85
8 86
8 87
8 88
8 89
8 90
8 91
8 92
8 93
8 94
8 95
8 97
8 98
8 99
8 100
8 101
8 102
8 103
8 104
8 106
8 107
8 108
8 109
8 110
8 111
8 112
8 113
8 114
8 115
8 116
8 117
8 118
8 119
8 120
8 121
8 122
8 123
8 124
8 125
8 126
8 127
8 128
8 129
8 130
8 131
8 132
8 133
8 134
8 135
8 136
8 137
8 138
8 139
8 140
8 141
8 142
8 143
8 144
8 145
8 146
8 147
8 148
8 149
8 150
8 151
8 152
8 153
8 154
8 155
8 156
8 157
8 158
8 159
8 160
8 161
8 162
8 163
8 164
8 165
8 166
8 167
8 168
8 169
8 171
8 172
8 173
8 174
8 175
8 176
8 177
8 178
8 179
8 180
8 181
8 182
8 183
8 184
8 185
8 186
8 187
8 188
8 190
8 191
8 192
8 193
8 194
8 195
8 196
8 197
8 198
8 199
8 200
8 201
8 202
8 203
8 204
8 205
8 206
8 207
8 208
8 209
8 210
8 211
8 212
8 213
8 214
8 215
8 216
8 217
8 218
8 219
8 220
8 221
8 222
8 223
8 224
8 225
8 226
8 227
8 228
8 229
8 230
8 231
8 232
8 233
8 234
8 235
8 236
8 237
8 238
8 239
8 240
8 241
8 242
8 243
8 244
8 245
8 246
8 247
8 248
8 249
8 250
8 251
8 252
8 253
8 254
8 256
8 257
8 258
8 259
8 260
8 261
8 262
8 263
8 264
8 265
8 266
8 268
8 269
8 271
8 272
8 273
8 274
8 275
8 276
8 277
8 278
8 279
8 280
8 281
8 282
8 283
8 284
8 285
8 286
8 287
8 288
8 289
8 290
8 291
8 292
8 293
8 294
8 295
8 296
8 297
8 299
9 12
9 14
9 19
9 29
9 30
9 34
9 39
9 44
9 46
9 49
9 50
9 60
9 64
9 66
9 69
9 79
9 81
9 83
9 85
9 86
9 87
9 91
9 96
9 99
9 105
9 110
9 115
9 116
9 118
9 121
9 122
9 124
9 126
9 130
9 134
9 147
9 157
9 159
9 161
9 162
9 163
9 164
9 166
9 168
9 170
9 174
9 178
9 183
9 186
9 188
9 189
9 194
9 197
9 198
9 203
9 208
9 209
9 229
9 232
9 235
9 243
9 244
9 249
9 250
9 253
9 255
9 256
9 257
9 259
9 261
9 262
9 264
9 266
9 267
9 269
9 270
9 276
9 277
9 278
9 283
9 286
9 291
9 294
9 295
9 296
9 298
10 12
10 14
10 19
10 29
10 30
10 34
10 39
10 44
10 46
10 49
10 50
10 60
10 64
10 66
10 69
10 79
10 81
10 83
10 85
10 86
10 87
10 91
10 96
10 99
10 105
10 110
10 115
10 116
10 118
10 121
10 122
10 124
10 126
10 130
10 134
10 147
10 157
10 159
10 161
10 162
10 163
10 164
10 166
10 168
10 170
10 174
10 178
10 183
10 186
10 188
10 189
10 194
10 197
10 198
10 203
10 208
10 209
10 229
10 232
10 235
10 243
10 244
10 249
10 250
10 253
10 255
10 256
10 257
10 259
10 261
10 262
10 264
10 266
10 267
10 269
10 270
10 276
10 277
10 278
10 283
10 286
10 291
10 294
10 295
10 296
10 298
11 12
11 14
11 19
11 29
11 30
11 34
11 39
11 44
11 46
11 49
11 50
11 60
11 64
11 66
11 69
11 79
11 81
11 83
11 85
11 86
11 87
11 91
11 96
11 99
11 105
11 110
11 115
11 116
11 118
11 121
11 122
11 124
11 126
11 130
11 134
11 147
11 157
11 159
11 161
11 162
11 163
11 164
11 166
11 168
11 170
11 174
11 178
11 183
11 186
11 188
11 189
11 194
11 197
11 198
11 203
11 208
11 209
11 229
11 232
11 235
11 243
11 244
11 249
11 250
11 253
11 255
11 256
11 257
11 259
11 261
11 262
11 264
11 266
11 267
11 269
11 270
11 276
11 277
11 278
11 283
11 286
11 291
11 294
11 295
11 296
11 298
12 13
12 14
12 15
12 16
12 17
12 18
12 19
12 20
12 21
12 22
12 23
12 24
12 25
12 26
12 27
12 28
12 29
12 30
12 31
12 32
12 33
12 34
12 35
12 36
12 37
12 38
12 39
12 40
12 41
12 42
12 43
12 44
12 45
12 46
12 47
12 48
12 49
12 50
12 51
12 52
12 53
12 54
12 55
12 56
12 57
12 58
12 59
12 60
12 61
12 62
12 63
12 64
12 65
12 66
12 67
12 68
12 69
12 70
12 71
12 72
12 73
12 74
12 75
12 76
12 77
12 78
12 79
12 80
12 81
12 82
12 83
12 84
12 85
12 86
12 87
12 88
12 89
12 90
12 91
12 92
12 93
12 94
12 95
12 97
12 98
12 99
12 100
12 101
12 102
12 103
12 104
12 106
12 107
12 108
12 109
12 110
12 111
12 112
12 113
12 114
12 115
12 116
12 117
12 118
12 119
12 120
12 121
12 122
12 123
12 124
12 125
12 126
12 127
12 128
12 129
12 130
12 131
12 132
12 133
12 134
12 135
12 136
12 137
12 138
12 139
12 140
12 141
12 142
12 143
12 144
12 145
12 146
12 147
12 148
12 149
12 150
12 151
12 152
12 153
12 154
12 155
12 156
12 157
12 158
12 159
12 160
12 161
12 162
12 163
12 164
12 165
12 166
12 167
12 168
12 169
12 171
12 172
12 173
12 174
12 175
12 176
12 177
12 178
12 179
12 180
12 181
12 182
12 183
12 184
12 185
12 186
12 187
12 188
12 190
12 191
12 192
12 193
12 194
12 195
12 196
12 197
12 198
12 199
12 200
12 201
12 202
12 203
12 204
12 205
12 206
12 207
12 208
12 209
12 210
12 211
12 212
12 213
12 214
12 215
12 216
12 217
12 218
12 219
12 220
12 221
12 222
12 223
12 224
12 225
12 226
12 227
12 228
12 229
12 230
12 231
12 232
12 233
12 234
12 235
12 236
12 237
12 238
12 239
12 240
12 241
12 242
12 243
12 244
12 245
12 246
12 247
12 248
12 249
12 250
12 251
12 252
12 253
12 254
12 256
12 257
12 258
12 259
12 260
12 261
12 262
12 263
12 264
12 265
12 266
12 268
12 269
12 271
12 272
12 273
12 274
12 275
12 276
12 277
12 278
12 279
12 280
12 281
12 282
12 283
12 284
12 285
12 286
12 287
12 288
12 289
12 290
12 291
12 292
12 293
12 294
12 295
12 296
12 297
12 299
13 14
13 19
13 29
13 30
13 34
13 39
13 44
13 46
13 49
13 50
13 60
13 64
13 66
13 69
13 79
13 81
13 83
13 85
13 86
13 87
13 91
13 96
13 99
13 105
13 110
13 115
13 116
13 118
13 121
13 122
13 124
13 126
13 130
13 134
13 147
13 157
13 159
13 161
13 162
13 163
13 164
13 166
13 168
13 170
13 174
13 178
13 183
13 186
13 188
13 189
13 194
13 197
13 198
13 203
13 208
13 209
13 229
13 232
13 235
13 243
13 244
13 249
13 250
13 253
13 255
13 256
13 257
13 259
13 261
13 262
13 264
13 266
13 267
13 269
13 270
13 276
13 277
13 278
13 283
13 286
13 291
13 294
13 295
13 296
13 298
14 15
14 16
14 17
14 18
14 19
14 20
14 21
14 22
14 23
14 24
14 25
14 26
14 27
14 28
14 29
14 30
14 31
14 32
14 33
14 35
14 36
14 37
14 38
14 40
14 41
14 42
14 43
14 44
14 45
14 46
14 47
14 48
14 50
14 51
14 52
14 53
14 54
14 55
14 56
14 57
14 58
14 59
14 60
14 61
14 62
14 63
14 64
14 65
14 66
14 67
14 68
14 69
14 70
14 71
14 72
14 73
14 74
14 75
14 76
14 77
14 78
14 79
14 80
14 81
14 82
14 83
14 84
14 85
14 86
14 88
14 89
14 90
14 91
14 92
14 93
14 94
14 95
14 96
14 97
14 98
14 99
14 100
14 101
14 102
14 103
14 104
14 105
14 106
14 107
14 108
14 109
14 110
14 111
14 112
14 113
14 114
14 115
14 116
14 117
14 118
14 119
14 120
14 122
14 123
14 124
14 125
14 126
14 127
14 128
14 129
14 130
14 131
14 132
14 133
14 134
14 135
14 136
14 137
14 138
14 139
14 140
14 141
14 142
14 143
14 144
14 145
14 146
14 147
14 148
14 149
14 150
14 151
14 152
14 153
14 154
14 155
14 156
14 157
14 158
14 159
14 160
14 161
14 162
14 163
14 164
14 165
14 166
14 167
14 168
14 169
14 170
14 171
14 172
14 173
14 174
14 175
14 176
14 177
14 178
14 179
14 180
14 181
14 182
14 184
14 185
14 186
14 187
14 188
14 189
14 190
14 191
14 192
14 193
14 194
14 195
14 196
14 197
14 198
14 199
14 200
14 201
14 202
14 203
14 204
14 205
14 206
14 207
14 208
14 209
14 210
14 211
14 212
14 213
14 214
14 215
14 216
14 217
14 218
14 219
14 220
14 221
14 222
14 223
14 224
14 225
14 226
14 227
14 228
14 229
14 230
14 231
14 232
14 233
14 234
14 236
14 237
14 238
14 239
14 240
14 241
14 242
14 244
14 245
14 246
14 247
14 248
14 249
14 250
14 251
14 252
14 253
14 254
14 255
14 256
14 257
14 258
14 259
14 260
14 261
14 262
14 263
14 264
14 265
14 266
14 267
14 268
14 269
14 270
14 271
14 272
14 273
14 274
14 275
14 277
14 278
14 279
14 280
14 281
14 282
14 283
14 284
14 285
14 286
14 287
14 288
14 289
14 290
14 291
14 292
14 293
14 294
14 295
14 296
14 297
14 298
14 299
15 19
15 29
15 30
15 34
15 39
15 44
15 46
15 49
15 50
15 60
15 64
15 66
15 69
15 79
15 81
15 83
15 85
15 86
15 87
15 91
15 96
15 99
15 105
15 110
15 115
15 116
15 118
15 121
15 122
15 124
15 126
15 130
15 134
15 147
15 157
15 159
15 161
15 162
15 163
15 164
15 166
15 168
15 170
15 174
15 178
15 183
15 186
15 188
15 189
15 194
15 197
15 198
15 203
15 208
15 209
15 229
15 232
15 235
15 243
15 244
15 249
15 250
15 253
15 255
15 256
15 257
15 259
15 261
15 262
15 264
15 266
15 267
15 269
15 270
15 276
15 277
15 278
15 283
15 286
15 291
15 294
15 295
15 296
15 298
16 19
16 29
16 30
16 34
16 39
16 44
16 46
16 49
16 50
16 60
16 64
16 66
16 69
16 79
16 81
16 83
16 85
16 86
16 87
16 91
16 96
16 99
16 105
16 110
16 115
16 116
16 118
16 121
16 122
16 124
16 126
16 130
16 134
16 147
16 157
16 159
16 161
16 162
16 163
16 164
16 166
16 168
16 170
16 174
16 178
16 183
16 186
16 188
16 189
16 194
16 197
16 198
16 203
16 208
16 209
16 229
16 232
16 235
16 243
16 244
16 249
16 250
16 253
16 255
16 256
16 257
16 259
16 261
16 262
16 264
16 266
16 267
16 269
16 270
16 276
16 277
16 278
16 283
16 286
16 291
16 294
16 295
16 296
16 298
17 19
17 29
17 30
17 34
17 39
17 44
17 46
17 49
17 50
17 60
17 64
17 66
17 69
17 79
17 81
17 83
17 85
17 86
17 87
17 91
17 96
17 99
17 105
17 110
17 115
17 116
17 118
17 121
17 122
17 124
17 126
17 130
17 134
17 147
17 157
17 159
17 161
17 162
17 163
17 164
17 166
17 168
17 170
17 174
17 178
17 183
17 186
17 188
17 189
17 194
17 197
17 198
17 203
17 208
17 209
17 229
17 232
17 235
17 243
17 244
17 249
17 250
17 253
17 255
17 256
17 257
17 259
17 261
17 262
17 264
17 266
17 267
17 269
17 270
17 276
17 277
17 278
17 283
17 286
17 291
17 294
17 295
17 296
17 298
18 19
18 29
18 30
18 34
18 39
18 44
18 46
18 49
18 50
18 60
18 64
18 66
18 69
18 79
18 81
18 83
18 85
18 86
18 87
18 91
18 96
18 99
18 105
18 110
18 115
18 116
18 118
18 121
18 122
18 124
18 126
18 130
18 134
18 147
18 157
18 159
18 161
18 162
18 163
18 164
18 166
18 168
18 170
18 174
18 178
18 183
18 186
18 188
18 189
18 194
18 197
18 198
18 203
18 208
18 209
18 229
18 232
18 235
18 243
18 244
18 249
18 250
18 253
18 255
18 256
18 257
18 259
18 261
18 262
18 264
18 266
18 267
18 269
18 270
18 276
18 277
18 278
18 283
18 286
18 291
18 294
18 295
18 296
18 298
19 20
19 21
19 22
19 23
19 24
19 25
19 26
19 27
19 28
19 29
19 30
19 31
19 32
19 33
19 34
19 35
19 36
19 37
19 38
19 39
19 40
19 41
19 42
19 43
19 44
19 45
19 47
19 48
19 49
19 50
19 51
19 52
19 53
19 54
19 55
19 56
19 57
19 58
19 59
19 60
19 61
19 62
19 63
19 64
19 65
19 66
19 67
19 68
19 69
19 70
19 71
19 72
19 73
19 74
19 75
19 76
19 77
19 78
19 79
19 80
19 81
19 82
19 83
19 84
19 85
19 86
19 87
19 88
19 89
19 90
19 92
19 93
19 94
19 95
19 96
19 97
19 98
19 99
19 100
19 101
19 102
19 103
19 104
19 105
19 106
19 107
19 108
19 109
19 110
19 111
19 112
19 113
19 114
19 115
19 116
19 117
19 118
19 119
19 120
19 121
19 122
19 123
19 124
19 125
19 126
19 127
19 128
19 129
19 130
19 131
19 132
19 133
19 134
19 135
19 136
19 137
19 138
19 139
19 140
19 141
19 142
19 143
19 144
19 145
19 146
19 147
19 148
19 149
19 150
19 151
19 152
19 153
19 154
19 155
19 156
19 157
19 158
19 160
19 161
19 162
19 163
19 164
19 165
19 166
19 167
19 169
19 170
19 171
19 172
19 173
19 174
19 175
19 176
19 177
19 178
19 179
19 180
19 181
19 182
19 183
19 184
19 185
19 186
19 187
19 188
19 189
19 190
19 191
19 192
19 193
19 194
19 195
19 196
19 197
19 198
19 199
19 200
19 201
19 202
19 204
19 205
19 206
19 207
19 208
19 209
19 210
19 211
19 212
19 213
19 214
19 215
19 216
19 217
19 218
19 219
19 220
19 221
19 222
19 223
19 224
19 225
19 226
19 227
19 228
19 229
19 230
19 231
19 232
19 233
19 234
19 235
19 236
19 237
19 238
19 239
19 240
19 241
19 242
19 243
19 244
19 245
19 246
19 247
19 248
19 250
19 251
19 252
19 253
19 254
19 255
19 256
19 257
19 258
19 259
19 260
19 262
19 263
19 264
19 265
19 266
19 267
19 268
19 270
19 271
19 272
19 273
19 274
19 275
19 276
19 278
19 279
19 280
19 281
19 282
19 283
19 284
19 285
19 286
19 287
19 288
19 289
19 290
19 291
19 292
19 293
19 294
19 295
19 296
19 297
19 298
19 299
20 29
20 30
20 34
20 39
20 44
20 46
20 49
20 50
20 60
20 64
20 66
20 69
20 79
20 81
20 83
20 85
20 86
20 87
20 91
20 96
20 99
20 105
20 110
20 115
20 116
20 118
20 121
20 122
20 124
20 126
20 130
20 134
20 147
20 157
20 159
20 161
20 162
20 163
20 164
20 166
20 168
20 170
20 174
20 178
20 183
20 186
20 188
20 189
20 194
20 197
20 198
20 203
20 208
20 209
20 229
20 232
20 235
20 243
20 244
20 249
20 250
20 253
20 255
20 256
20 257
20 259
20 261
20 262
20 264
20 266
20 267
20 269
20 270
20 276
20 277
20 278
20 283
20 286
20 291
20 294
20 295
20 296
20 298
21 29
21 30
21 34
21 39
21 44
21 46
21 49
21 50
21 60
21 64
21 66
21 69
21 79
21 81
21 83
21 85
21 86
21 87
21 91
21 96
21 99
21 105
21 110
21 115
21 116
21 118
21 121
21 122
21 124
21 126
21 130
21 134
21 147
21 157
21 159
21 161
21 162
21 163
21 164
21 166
21 168
21 170
21 174
21 178
21 183
21 186
21 188
21 189
21 194
21 197
21 198
21 203
21 208
21 209
21 229
21 232
21 235
21 243
21 244
21 249
21 250
21 253
21 255
21 256
21 257
21 259
21 261
21 262
21 264
21 266
21 267
21 269
21 270
21 276
21 277
21 278
21 283
21 286
21 291
21 294
21 295
21 296
21 298
22 29
22 30
22 34
22 39
22 44
22 46
22 49
22 50
22 60
22 64
22 66
22 69
22 79
22 81
22 83
22 85
22 86
22 87
22 91
22 96
22 99
22 105
22 110
22 115
22 116
22 118
22 121
22 122
22 124
22 126
22 130
22 134
22 147
22 157
22 159
22 161
22 162
22 163
22 164
22 166
22 168
22 170
22 174
22 178
22 183
22 186
22 188
22 189
22 194
22 197
22 198
22 203
22 208
22 209
22 229
22 232
22 235
22 243
22 244
22 249
22 250
22 253
22 255
22 256
22 257
22 259
22 261
22 262
22 264
22 266
22 267
22 269
22 270
22 276
22 277
22 278
22 283
22 286
22 291
22 294
22 295
22 296
22 298
23 29
23 30
23 34
23 39
23 44
23 46
23 49
23 50
23 60
23 64
23 66
23 69
23 79
23 81
23 83
23 85
23 86
23 87
23 91
23 96
23 99
23 105
23 110
23 115
23 116
23 118
23 121
23 122
23 124
23 126
23 130
23 134
23 147
23 157
23 159
23 161
23 162
23 163
23 164
23 166
23 168
23 170
23 174
23 178
23 183
23 186
23 188
23 189
23 194
23 197
23 198
23 203
23 208
23 209
23 229
23 232
23 235
23 243
23 244
23 249
23 250
23 253
23 255
23 256
23 257
23 259
23 261
23 262
23 264
23 266
23 267
23 269
23 270
23 276
23 277
23 278
23 283
23 286
23 291
23 294
23 295
23 296
23 298
24 29
24 30
24 34
24 39
24 44
24 46
24 49
24 50
24 60
24 64
24 66
24 69
24 79
24 81
24 83
24 85
24 86
24 87
24 91
24 96
24 99
24 105
24 110
24 115
24 116
24 118
24 121
24 122
24 124
24 126
24 130
24 134
24 147
24 157
24 159
24 161
24 162
24 163
24 164
24 166
24 168
24 170
24 174
24 178
24 183
24 186
24 188
24 189
24 194
24 197
24 198
24 203
24 208
24 209
24 229
24 232
24 235
24 243
24 244
24 249
24 250
24 253
24 255
24 256
24 257
24 259
24 261
24 262
24 264
24 266
24 267
24 269
24 270
24 276
24 277
24 278
24 283
24 286
24 291
24 294
24 295
24 296
24 298
25 29
25 30
25 34
25 39
25 44
25 46
25 49
25 50
25 60
25 64
25 66
25 69
25 79
25 81
25 83
25 85
25 86
25 87
25 91
25 96
25 99
25 105
25 110
25 115
25 116
25 118
25 121
25 122
25 124
25 126
25 130
25 134
25 147
25 157
25 159
25 161
25 162
25 163
25 164
25 166
25 168
25 170
25 174
25 178
25 183
25 186
25 188
25 189
25 194
25 197
25 198
25 203
25 208
25 209
25 229
25 232
25 235
25 243
25 244
25 249
25 250
25 253
25 255
25 256
25 257
25 259
25 261
25 262
25 264
25 266
25 267
25 269
25 270
25 276
25 277
25 278
25 283
25 286
25 291
25 294
25 295
25 296
25 298
26 29
26 30
26 34
26 39
26 44
26 46
26 49
26 50
26 60
26 64
26 66
26 69
26 79
26 81
26 83
26 85
26 86
26 87
26 91
26 96
26 99
26 105
26 110
26 115
26 116
26 118
26 121
26 122
26 124
26 126
26 130
26 134
26 147
26 157
26 159
26 161
26 162
26 163
26 164
26 166
26 168
26 170
26 174
26 178
26 183
26 186
26 188
26 189
26 194
26 197
26 198
26 203
26 208
26 209
26 229
26 232
26 235
26 243
26 244
26 249
26 250
26 253
26 255
26 256
26 257
26 259
26 261
26 262
26 264
26 266
26 267
26 269
26 270
26 276
26 277
26 278
26 283
26 286
26 291
26 294
26 295
26 296
26 298
27 29
27 30
27 34
27 39
27 44
27 46
27 49
27 50
27 60
27 64
27 66
27 69
27 79
27 81
27 83
27 85
27 86
27 87
27 91
27 96
27 99
27 105
27 110
27 115
27 116
27 118
27 121
27 122
27 124
27 126
27 130
27 134
27 147
27 157
27 159
27 161
27 162
27 163
27 164
27 166
27 168
27 170
27 174
27 178
27 183
27 186
27 188
27 189
27 194
27 197
27 198
27 203
27 208
27 209
27 229
27 232
27 235
27 243
27 244
27 249
27 250
27 253
27 255
27 256
27 257
27 259
27 261
27 262
27 264
27 266
27 267
27 269
27 270
27 276
27 277
27 278
27 283
27 286
27 291
27 294
27 295
27 296
27 298
28 29
28 30
28 34
28 39
28 44
28 46
28 49
28 50
28 60
28 64
28 66
28 69
28 79
28 81
28 83
28 85
28 86
28 87
28 91
28 96
28 99
28 105
28 110
28 115
28 116
28 118
28 121
28 122
28 124
28 126
28 130
28 134
28 147
28 157
28 159
28 161
28 162
28 163
28 164
28 166
28 168
28 170
28 174
28 178
28 183
28 186
28 188
28 189
28 194
28 197
28 198
28 203
28 208
28 209
28 229
28 232
28 235
28 243
28 244
28 249
28 250
28 253
28 255
28 256
28 257
28 259
28 261
28 262
28 264
28 266
28 267
28 269
28 270
28 276
28 277
28 278
28 283
28 286
28 291
28 294
28 295
28 296
28 298
29 30
29 31
29 32
29 33
29 34
29 35
29 36
29 37
29 38
29 39
29 40
29 41
29 42
29 43
29 44
29 45
29 46
29 47
29 48
29 49
29 50
29 51
29 52
29 53
29 54
29 55
29 56
29 57
29 58
29 59
29 60
29 61
29 62
29 63
29 65
29 66
29 67
29 68
29 69
29 70
29 71
29 72
29 73
29 74
29 75
29 76
29 77
29 78
29 79
29 80
29 81
29 82
29 83
29 84
29 85
29 86
29 87
29 88
29 89
29 90
29 91
29 92
29 93
29 94
29 95
29 96
29 97
29 98
29 99
29 100
29 101
29 102
29 103
29 104
29 105
29 106
29 107
29 108
29 109
29 110
29 111
29 112
29 113
29 114
29 116
29 117
29 118
29 119
29 120
29 121
29 122
29 123
29 124
29 125
29 126
29 127
29 128
29 129
29 130
29 131
29 132
29 133
29 134
29 135
29 136
29 137
29 138
29 139
29 140
29 141
29 142
29 143
29 144
29 145
29 146
29 147
29 148
29 149
29 150
29 151
29 152
29 153
29 154
29 155
29 156
29 157
29 158
29 159
29 160
29 161
29 162
29 164
29 165
29 166
29 167
29 168
29 169
29 170
29 171
29 172
29 173
29 175
29 176
29 177
29 179
29 180
29 181
29 182
29 183
29 184
29 185
29 186
29 187
29 188
29 189
29 190
29 191
29 192
29 193
29 194
29 195
29 196
29 197
29 198
29 199
29 200
29 201
29 202
29 203
29 204
29 205
29 206
29 207
29 208
29 209
29 210
29 211
29 212
29 213
29 214
29 215
29 216
29 217
29 218
29 219
29 220
29 221
29 222
29 223
29 224
29 225
29 226
29 227
29 228
29 229
29 230
29 231
29 232
29 233
29 234
29 235
29 236
29 237
29 238
29 239
29 240
29 241
29 242
29 243
29 244
29 245
29 246
29 247
29 248
29 249
29 250
29 251
29 252
29 253
29 254
29 255
29 256
29 257
29 258
29 259
29 260
29 261
29 262
29 263
29 264
29 265
29 266
29 267
29 268
29 269
29 270
29 271
29 272
29 273
29 274
29 275
29 276
29 277
29 279
29 280
29 281
29 282
29 283
29 284
29 285
29 286
29 287
29 288
29 289
29 290
29 292
29 293
29 294
29 295
29 296
29 297
29 298
29 299
30 31
30 32
30 33
30 34
30 35
30 36
30 37
30 38
30 39
30 40
30 41
30 42
30 43
30 44
30 45
30 46
30 47
30 48
30 49
30 50
30 51
30 52
30 53
30 54
30 55
30 56
30 57
30 58
30 59
30 60
30 61
30 62
30 63
30 64
30 65
30 66
30 67
30 68
30 69
30 70
30 71
30 72
30 73
30 74
30 75
30 76
30 77
30 78
30 79
30 80
30 81
30 82
30 84
30 85
30 87
30 88
30 89
30 90
30 91
30 92
30 93
30 94
30 95
30 96
30 97
30 98
30 99
30 100
30 101
30 102
30 103
30 104
30 105
30 106
30 107
30 108
30 109
30 110
30 111
30 112
30 113
30 114
30 115
30 116
30 117
30 118
30 119
30 120
30 121
30 123
30 124
30 125
30 127
30 128
30 129
30 130
30 131
30 132
30 133
30 134
30 135
30 136
30 137
30 138
30 139
30 140
30 141
30 142
30 143
30 144
30 145
30 146
30 147
30 148
30 149
30 150
30 151
30 152
30 153
30 154
30 155
30 156
30 157
30 158
30 159
30 160
30 161
30 162
30 163
30 164
30 165
30 166
30 167
30 168
30 169
30 170
30 171
30 172
30 173
30 174
30 175
30 176
30 177
30 178
30 179
30 180
30 181
30 182
30 183
30 184
30 185
30 186
30 187
30 188
30 189
30 190
30 191
30 192
30 193
30 194
30 195
30 196
30 198
30 199
30 200
30 201
30 202
30 203
30 204
30 205
30 206
30 207
30 208
30 209
30 210
30 211
30 212
30 213
30 214
30 215
30 216
30 217
30 218
30 219
30 220
30 221
30 222
30 223
30 224
30 225
30 226
30 227
30 228
30 230
30 231
30 232
30 233
30 234
30 235
30 236
30 237
30 238
30 239
30 240
30 241
30 242
30 243
30 244
30 245
30 246
30 247
30 248
30 249
30 250
30 251
30 252
30 253
30 254
30 255
30 257
30 258
30 259
30 260
30 261
30 262
30 263
30 264
30 265
30 266
30 267
30 268
30 269
30 270
30 271
30 272
30 273
30 274
30 275
30 276
30 277
30 278
30 279
30 280
30 281
30 282
30 284
30 285
30 287
30 288
30 289
30 290
30 291
30 292
30 293
30 294
30 295
30 296
30 297
30 298
30 299
31 34
31 39
31 44
31 46
31 49
31 50
31 60
31 64
31 66
31 69
31 79
31 81
31 83
31 85
31 86
31 87
31 91
31 96
31 99
31 105
31 110
31 115
31 116
31 118
31 121
31 122
31 124
31 126
31 130
31 134
31 147
31 157
31 159
31 161
31 162
31 163
31 164
31 166
31 168
31 170
31 174
31 178
31 183
31 186
31 188
31 189
31 194
31 197
31 198
31 203
31 208
31 209
31 229
31 232
31 235
31 243
31 244
31 249
31 250
31 253
31 255
31 256
31 257
31 259
31 261
31 262
31 264
31 266
31 267
31 269
31 270
31 276
31 277
31 278
31 283
31 286
31 291
31 294
31 295
31 296
31 298
32 34
32 39
32 44
32 46
32 49
32 50
32 60
32 64
32 66
32 69
32 79
32 81
32 83
32 85
32 86
32 87
32 91
32 96
32 99
32 105
32 110
32 115
32 116
32 118
32 121
32 122
32 124
32 126
32 130
32 134
32 147
32 157
32 159
32 161
32 162
32 163
32 164
32 166
32 168
32 170
32 174
32 178
32 183
32 186
32 188
32 189
32 194
32 197
32 198
32 203
32 208
32 209
32 229
32 232
32 235
32 243
32 244
32 249
32 250
32 253
32 255
32 256
32 257
32 259
32 261
32 262
32 264
32 266
32 267
32 269
32 270
32 276
32 277
32 278
32 283
32 286
32 291
32 294
32 295
32 296
32 298
33 34
33 39
33 44
33 46
33 49
33 50
33 60
33 64
33 66
33 69
33 79
33 81
33 83
33 85
33 86
33 87
33 91
33 96
33 99
33 105
33 110
33 115
33 116
33 118
33 121
33 122
33 124
33 126
33 130
33 134
33 147
33 157
33 159
33 161
33 162
33 163
33 164
33 166
33 168
33 170
33 174
33 178
33 183
33 186
33 188
33 189
33 194
33 197
33 198
33 203
33 208
33 209
33 229
33 232
33 235
33 243
33 244
33 249
33 250
33 253
33 255
33 256
33 257
33 259
33 261
33 262
33 264
33 266
33 267
33 269
33 270
33 276
33 277
33 278
33 283
33 286
33 291
33 294
33 295
33 296
33 298
34 35
34 36
34 37
34 38
34 40
34 41
34 42
34 43
34 44
34 45
34 46
34 47
34 48
34 50
34 51
34 52
34 53
34 54
34 55
34 56
34 57
34 58
34 59
34 60
34 61
34 62
34 63
34 64
34 65
34 66
34 67
34 68
34 69
34 70
34 71
34 72
34 73
34 74
34 75
34 76
34 77
34 78
34 79
34 80
34 81
34 82
34 83
34 84
34 85
34 86
34 88
34 89
34 90
34 91
34 92
34 93
34 94
34 95
34 96
34 97
34 98
34 99
34 100
34 101
34 102
34 103
34 104
34 105
34 106
34 107
34 108
34 109
34 110
34 111
34 112
34 113
34 114
34 115
34 116
34 117
34 118
34 119
34 120
34 122
34 123
34 124
34 125
34 126
34 127
34 128
34 129
34 130
34 131
34 132
34 133
34 134
34 135
34 136
34 137
34 138
34 139
34 140
34 141
34 142
34 143
34 144
34 145
34 146
34 147
34 148
34 149
34 150
34 151
34 152
34 153
34 154
34 155
34 156
34 157
34 158
34 159
34 160
34 161
34 162
34 163
34 164
34 165
34 166
34 167
34 168
34 169
34 170
34 171
34 172
34 173
34 174
34 175
34 176
34 177
34 178
34 179
34 180
34 181
34 182
34 184
34 185
34 186
34 187
34 188
34 189
34 190
34 191
34 192
34 193
34 194
34 195
34 196
34 197
34 198
34 199
34 200
34 201
34 202
34 203
34 204
34 205
34 206
34 207
34 208
34 209
34 210
34 211
34 212
34 213
34 214
34 215
34 216
34 217
34 218
34 219
34 220
34 221
34 222
34 223
34 224
34 225
34 226
34 227
34 228
34 229
34 230
34 231
34 232
34 233
34 234
34 236
34 237
34 238
34 239
34 240
34 241
34 242
34 244
34 245
34 246
34 247
34 248
34 249
34 250
34 251
34 252
34 253
34 254
34 255
34 256
34 257
34 258
34 259
34 260
34 261
34 262
34 263
34 264
34 265
34 266
34 267
34 268
34 269
34 270
34 271
34 272
34 273
34 274
34 275
34 277
34 278
34 279
34 280
34 281
34 282
34 283
34 284
34 285
34 286
34 287
34 288
34 289
34 290
34 291
34 292
34 293
34 294
34 295
34 296
34 297
34 298
34 299
35 39
35 44
35 46
35 49
35 50
35 60
35 64
35 66
35 69
35 79
35 81
35 83
35 85
35 86
35 87
35 91
35 96
35 99
35 105
35 110
35 115
35 116
35 118
35 121
35 122
35 124
35 126
35 130
35 134
35 147
35 157
35 159
35 161
35 162
35 163
35 164
35 166
35 168
35 170
35 174
35 178
35 183
35 186
35 188
35 189
35 194
35 197
35 198
35 203
35 208
35 209
35 229
35 232
35 235
35 243
35 244
35 249
35 250
35 253
35 255
35 256
35 257
35 259
35 261
35 262
35 264
35 266
35 267
35 269
35 270
35 276
35 277
35 278
35 283
35 286
35 291
35 294
35 295
35 296
35 298
36 39
36 44
36 46
36 49
36 50
36 60
36 64
36 66
36 69
36 79
36 81
36 83
36 85
36 86
36 87
36 91
36 96
36 99
36 105
36 110
36 115
36 116
36 118
36 121
36 122
36 124
36 126
36 130
36 134
36 147
36 157
36 159
36 161
36 162
36 163
36 164
36 166
36 168
36 170
36 174
36 178
36 183
36 186
36 188
36 189
36 194
36 197
36 198
36 203
36 208
36 209
36 229
36 232
36 235
36 243
36 244
36 249
36 250
36 253
36 255
36 256
36 257
36 259
36 261
36 262
36 264
36 266
36 267
36 269
36 270
36 276
36 277
36 278
36 283
36 286
36 291
36 294
36 295
36 296
36 298
37 39
37 44
37 46
37 49
37 50
37 60
37 64
37 66
37 69
37 79
37 81
37 83
37 85
37 86
37 87
37 91
37 96
37 99
37 105
37 110
37 115
37 116
37 118
37 121
37 122
37 124
37 126
37 130
37 134
37 147
37 157
37 159
37 161
37 162
37 163
37 164
37 166
37 168
37 170
37 174
37 178
37 183
37 186
37 188
37 189
37 194
37 197
37 198
37 203
37 208
37 209
37 229
37 232
37 235
37 243
37 244
37 249
37 250
37 253
37 255
37 256
37 257
37 259
37 261
37 262
37 264
37 266
37 267
37 269
37 270
37 276
37 277
37 278
37 283
37 286
37 291
37 294
37 295
37 296
37 298
38 39
38 44
38 46
38 49
38 50
38 60
38 64
38 66
38 69
38 79
38 81
38 83
38 85
38 86
38 87
38 91
38 96
38 99
38 105
38 110
38 115
38 116
38 118
38 121
38 122
38 124
38 126
38 130
38 134
38 147
38 157
38 159
38 161
38 162
38 163
38 164
38 166
38 168
38 170
38 174
38 178
38 183
38 186
38 188
38 189
38 194
38 197
38 198
38 203
38 208
38 209
38 229
38 232
38 235
38 243
38 244
38 249
38 250
38 253
38 255
38 256
38 257
38 259
38 261
38 262
38 264
38 266
38 267
38 269
38 270
38 276
38 277
38 278
38 283
38 286
38 291
38 294
38 295
38 296
38 298
39 40
39 41
39 42
39 43
39 44
39 45
39 46
39 47
39 48
39 50
39 51
39 52
39 53
39 54
39 55
39 56
39 57
39 58
39 59
39 60
39 61
39 62
39 63
39 64
39 65
39 66
39 67
39 68
39 69
39 70
39 71
39 72
39 73
39 74
39 75
39 76
39 77
39 78
39 79
39 80
39 81
39 82
39 83
39 84
39 85
39 86
39 88
39 89
39 90
39 91
39 92
39 93
39 94
39 95
39 96
39 97
39 98
39 99
39 100
39 101
39 102
39 103
39 104
39 105
39 106
39 107
39 108
39 109
39 110
39 111
39 112
39 113
39 114
39 115
39 116
39 117
39 118
39 119
39 120
39 122
39 123
39 124
39 125
39 126
39 127
39 128
39 129
39 130
39 131
39 132
39 133
39 134
39 135
39 136
39 137
39 138
39 139
39 140
39 141
39 142
39 143
39 144
39 145
39 146
39 147
39 148
39 149
39 150
39 151
39 152
39 153
39 154
39 155
39 156
39 157
39 158
39 159
39 160
39 161
39 162
39 163
39 164
39 165
39 166
39 167
39 168
39 169
39 170
39 171
39 172
39 173
39 174
39 175
39 176
39 177
39 178
39 179
39 180
39 181
39 182
39 184
39 185
39 186
39 187
39 188
39 189
39 190
39 191
39 192
39 193
39 194
39 195
39 196
39 197
39 198
39 199
39 200
39 201
39 202
39 203
39 204
39 205
39 206
39 207
39 208
39 209
39 210
39 211
39 212
39 213
39 214
39 215
39 216
39 217
39 218
39 219
39 220
39 221
39 222
39 223
39 224
39 225
39 226
39 227
39 228
39 229
39 230
39 231
39 232
39 233
39 234
39 236
39 237
39 238
39 239
39 240
39 241
39 242
39 244
39 245
39 246
39 247
39 248
39 249
39 250
39 251
39 252
39 253
39 254
39 255
39 256
39 257
39 258
39 259
39 260
39 261
39 262
39 263
39 264
39 265
39 266
39 267
39 268
39 269
39 270
39 271
39 272
39 273
39 274
39 275
39 277
39 278
39 279
39 280
39 281
39 282
39 283
39 284
39 285
39 286
39 287
39 288
39 289
39 290
39 291
39 292
39 293
39 294
39 295
39 296
39 297
39 298
39 299
40 44
40 46
40 49
40 50
40 60
40 64
40 66
40 69
40 79
40 81
40 83
40 85
40 86
40 87
40 91
40 96
40 99
40 105
40 110
40 115
40 116
40 118
40 121
40 122
40 124
40 126
40 130
40 134
40 147
40 157
40 159
40 161
40 162
40 163
40 164
40 166
40 168
40 170
40 174
40 178
40 183
40 186
40 188
40 189
40 194
40 197
40 198
40 203
40 208
40 209
40 229
40 232
40 235
40 243
40 244
40 249
40 250
40 253
40 255
40 256
40 257
40 259
40 261
40 262
40 264
40 266
40 267
40 269
40 270
40 276
40 277
40 278
40 283
40 286
40 291
40 294
40 295
40 296
40 298
41 44
41 46
41 49
41 50
41 60
41 64
41 66
41 69
41 79
41 81
41 83
41 85
41 86
41 87
41 91
41 96
41 99
41 105
41 110
41 115
41 116
41 118
41 121
41 122
41 124
41 126
41 130
41 134
41 147
41 157
41 159
41 161
41 162
41 163
41 164
41 166
41 168
41 170
41 174
41 178
41 183
41 186
41 188
41 189
41 194
41 197
41 198
41 203
41 208
41 209
41 229
41 232
41 235
41 243
41 244
41 249
41 250
41 253
41 255
41 256
41 257
41 259
41 261
41 262
41 264
41 266
41 267
41 269
41 270
41 276
41 277
41 278
41 283
41 286
41 291
41 294
41 295
41 296
41 298
42 44
42 46
42 49
42 50
42 60
42 64
42 66
42 69
42 79
42 81
42 83
42 85
42 86
42 87
42 91
42 96
42 99
42 105
42 110
42 115
42 116
42 118
42 121
42 122
42 124
42 126
42 130
42 134
42 147
42 157
42 159
42 161
42 162
42 163
42 164
42 166
42 168
42 170
42 174
42 178
42 183
42 186
42 188
42 189
42 194
42 197
42 198
42 203
42 208
42 209
42 229
42 232
42 235
42 243
42 244
42 249
42 250
42 253
42 255
42 256
42 257
42 259
42 261
42 262
42 264
42 266
42 267
42 269
42 270
42 276
42 277
42 278
42 283
42 286
42 291
42 294
42 295
42 296
42 298
43 44
43 46
43 49
43 50
43 60
43 64
43 66
43 69
43 79
43 81
43 83
43 85
43 86
43 87
43 91
43 96
43 99
43 105
43 110
43 115
43 116
43 118
43 121
43 122
43 124
43 126
43 130
43 134
43 147
43 157
43 159
43 161
43 162
43 163
43 164
43 166
43 168
43 170
43 174
43 178
43 183
43 186
43 188
43 189
43 194
43 197
43 198
43 203
43 208
43 209
43 229
43 232
43 235
43 243
43 244
43 249
43 250
43 253
43 255
43 256
43 257
43 259
43 261
43 262
43 264
43 266
43 267
43 269
43 270
43 276
43 277
43 278
43 283
43 286
43 291
43 294
43 295
43 296
43 298
44 45
44 46
44 47
44 48
44 49
44 50
44 51
44 52
44 53
44 54
44 55
44 56
44 57
44 58
44 59
44 60
44 61
44 62
44 63
44 64
44 65
44 66
44 67
44 68
44 70
44 71
44 72
44 73
44 74
44 75
44 76
44 77
44 78
44 79
44 80
44 81
44 82
44 83
44 84
44 85
44 86
44 87
44 88
44 89
44 90
44 91
44 92
44 93
44 94
44 95
44 96
44 97
44 98
44 99
44 100
44 101
44 102
44 103
44 104
44 105
44 106
44 107
44 108
44 109
44 110
44 111
44 112
44 113
44 114
44 115
44 116
44 117
44 118
44 119
44 120
44 121
44 122
44 123
44 124
44 125
44 126
44 127
44 128
44 129
44 130
44 131
44 132
44 133
44 134
44 135
44 136
44 137
44 138
44 139
44 140
44 141
44 142
44 143
44 144
44 145
44 146
44 148
44 149
44 150
44 151
44 152
44 153
44 154
44 155
44 156
44 157
44 158
44 159
44 160
44 161
44 162
44 163
44 164
44 165
44 166
44 167
44 168
44 169
44 170
44 171
44 172
44 173
44 174
44 175
44 176
44 177
44 178
44 179
44 180
44 181
44 182
44 183
44 184
44 185
44 187
44 188
44 189
44 190
44 191
44 192
44 193
44 195
44 196
44 197
44 199
44 200
44 201
44 202
44 203
44 204
44 205
44 206
44 207
44 208
44 209
44 210
44 211
44 212
44 213
44 214
44 215
44 216
44 217
44 218
44 219
44 220
44 221
44 222
44 223
44 224
44 225
44 226
44 227
44 228
44 229
44 230
44 231
44 232
44 233
44 234
44 235
44 236
44 237
44 238
44 239
44 240
44 241
44 242
44 243
44 244
44 245
44 246
44 247
44 248
44 249
44 250
44 251
44 252
44 254
44 255
44 256
44 258
44 259
44 260
44 261
44 262
44 263
44 264
44 265
44 266
44 267
44 268
44 269
44 270
44 271
44 272
44 273
44 274
44 275
44 276
44 277
44 278
44 279
44 280
44 281
44 282
44 283
44 284
44 285
44 286
44 287
44 288
44 289
44 290
44 291
44 292
44 293
44 295
44 296
44 297
44 298
44 299
45 46
45 49
45 50
45 60
45 64
45 66
45 69
45 79
45 81
45 83
45 85
45 86
45 87
45 91
45 96
45 99
45 105
45 110
45 115
45 116
45 118
45 121
45 122
45 124
45 126
45 130
45 134
45 147
45 157
45 159
45 161
45 162
45 163
45 164
45 166
45 168
45 170
45 174
45 178
45 183
45 186
45 188
45 189
45 194
45 197
45 198
45 203
45 208
45 209
45 229
45 232
45 235
45 243
45 244
45 249
45 250
45 253
45 255
45 256
45 257
45 259
45 261
45 262
45 264
45 266
45 267
45 269
45 270
45 276
45 277
45 278
45 283
45 286
45 291
45 294
45 295
45 296
45 298
46 47
46 48
46 49
46 50
46 51
46 52
46 53
46 54
46 55
46 56
46 57
46 58
46 59
46 60
46 61
46 62
46 63
46 64
46 65
46 66
46 67
46 68
46 69
46 70
46 71
46 72
46 73
46 74
46 75
46 76
46 77
46 78
46 79
46 80
46 81
46 82
46 83
46 84
46 85
46 86
46 87
46 88
46 89
46 90
46 92
46 93
46 94
46 95
46 96
46 97
46 98
46 99
46 100
46 101
46 102
46 103
46 104
46 105
46 106
46 107
46 108
46 109
46 110
46 111
46 112
46 113
46 114
46 115
46 116
46 117
46 118
46 119
46 120
46 121
46 122
46 123
46 124
46 125
46 126
46 127
46 128
46 129
46 130
46 131
46 132
46 133
46 134
46 135
46 136
46 137
46 138
46 139
46 140
46 141
46 142
46 143
46 144
46 145
46 146
46 147
46 148
46 149
46 150
46 151
46 152
46 153
46 154
46 155
46 156
46 157
46 158
46 160
46 161
46 162
46 163
46 164
46 165
46 166
46 167
46 169
46 170
46 171
46 172
46 173
46 174
46 175
46 176
46 177
46 178
46 179
46 180
46 181
46 182
46 183
46 184
46 185
46 186
46 187
46 188
46 189
46 190
46 191
46 192
46 193
46 194
46 195
46 196
46 197
46 198
46 199
46 200
46 201
46 202
46 204
46 205
46 206
46 207
46 208
46 209
46 210
46 211
46 212
46 213
46 214
46 215
46 216
46 217
46 218
46 219
46 220
46 221
46 222
46 223
46 224
46 225
46 226
46 227
46 228
46 229
46 230
46 231
46 232
46 233
46 234
46 235
46 236
46 237
46 238
46 239
46 240
46 241
46 242
46 243
46 244
46 245
46 246
46 247
46 248
46 250
46 251
46 252
46 253
46 254
46 255
46 256
46 257
46 258
46 259
46 260
46 262
46 263
46 264
46 265
46 266
46 267
46 268
46 270
46 271
46 272
46 273
46 274
46 275
46 276
46 278
46 279
46 280
46 281
46 282
46 283
46 284
46 285
46 286
46 287
46 288
46 289
46 290
46 291
46 292
46 293
46 294
46 295
46 296
46 297
46 298
46 299
47 49
47 50
47 60
47 64
47 66
47 69
47 79
47 81
47 83
47 85
47 86
47 87
47 91
47 96
47 99
47 105
47 110
47 115
47 116
47 118
47 121
47 122
47 124
47 126
47 130
47 134
47 147
47 157
47 159
47 161
47 162
47 163
47 164
47 166
47 168
47 170
47 174
47 178
47 183
47 186
47 188
47 189
47 194
47 197
47 198
47 203
47 208
47 209
47 229
47 232
47 235
47 243
47 244
47 249
47 250
47 253
47 255
47 256
47 257
47 259
47 261
47 262
47 264
47 266
47 267
47 269
47 270
47 276
47 277
47 278
47 283
47 286
47 291
47 294
47 295
47 296
47 298
48 49
48 50
48 60
48 64
48 66
48 69
48 79
48 81
48 83
48 85
48 86
48 87
48 91
48 96
48 99
48 105
48 110
48 115
48 116
48 118
48 121
48 122
48 124
48 126
48 130
48 134
48 147
48 157
48 159
48 161
48 162
48 163
48 164
48 166
48 168
48 170
48 174
48 178
48 183
48 186
48 188
48 189
48 194
48 197
48 198
48 203
48 208
48 209
48 229
48 232
48 235
48 243
48 244
48 249
48 250
48 253
48 255
48 256
48 257
48 259
48 261
48 262
48 264
48 266
48 267
48 269
48 270
48 276
48 277
48 278
48 283
48 286
48 291
48 294
48 295
48 296
48 298
49 50
49 51
49 52
49 53
49 54
49 55
49 56
49 57
49 58
49 59
49 60
49 61
49 62
49 63
49 64
49 65
49 66
49 67
49 68
49 69
49 70
49 71
49 72
49 73
49 74
49 75
49 76
49 77
49 78
49 79
49 80
49 81
49 82
49 83
49 84
49 85
49 86
49 88
49 89
49 90
49 91
49 92
49 93
49 94
49 95
49 96
49 97
49 98
49 99
49 100
49 101
49 102
49 103
49 104
49 105
49 106
49 107
49 108
49 109
49 110
49 111
49 112
49 113
49 114
49 115
49 116
49 117
49 118
49 119
49 120
49 122
49 123
49 124
49 125
49 126
49 127
49 128
49 129
49 130
49 131
49 132
49 133
49 134
49 135
49 136
49 137
49 138
49 139
49 140
49 141
49 142
49 143
49 144
49 145
49 146
49 147
49 148
49 149
49 150
49 151
49 152
49 153
49 154
49 155
49 156
49 157
49 158
49 159
49 160
49 161
49 162
49 163
49 164
49 165
49 166
49 167
49 168
49 169
49 170
49 171
49 172
49 173
49 174
49 175
49 176
49 177
49 178
49 179
49 180
49 181
49 182
49 184
49 185
49 186
49 187
49 188
49 189
49 190
49 191
49 192
49 193
49 194
49 195
49 196
49 197
49 198
49 199
49 200
49 201
49 202
49 203
49 204
49 205
49 206
49 207
49 208
49 209
49 210
49 211
49 212
49 213
49 214
49 215
49 216
49 217
49 218
49 219
49 220
49 221
49 222
49 223
49 224
49 225
49 226
49 227
49 228
49 229
49 230
49 231
49 232
49 233
49 234
49 236
49 237
49 238
49 239
49 240
49 241
49 242
49 244
49 245
49 246
49 247
49 248
49 249
49 250
49 251
49 252
49 253
49 254
49 255
49 256
49 257
49 258
49 259
49 260
49 261
49 262
49 263
49 264
49 265
49 266
49 267
49 268
49 269
49 270
49 271
49 272
49 273
49 274
49 275
49 277
49 278
49 279
49 280
49 281
49 282
49 283
49 284
49 285
49 286
49 287
49 288
49 289
49 290
49 291
49 292
49 293
49 294
49 295
49 296
49 297
49 298
49 299
50 51
50 52
50 53
50 54
50 55
50 56
50 57
50 58
50 59
50 60
50 61
50 62
50 63
50 64
50 65
50 67
50 68
50 69
50 70
50 71
50 72
50 73
50 74
50 75
50 76
50 77
50 78
50 79
50 80
50 81
50 82
50 83
50 84
50 85
50 86
50 87
50 88
50 89
50 90
50 91
50 92
50 93
50 94
50 95
50 96
50 97
50 98
50 100
50 101
50 102
50 103
50 104
50 105
50 106
50 107
50 108
50 109
50 111
50 112
50 113
50 114
50 115
50 116
50 117
50 118
50 119
50 120
50 121
50 122
50 123
50 124
50 125
50 126
50 127
50 128
50 129
50 131
50 132
50 133
50 135
50 136
50 137
50 138
50 139
50 140
50 141
50 142
50 143
50 144
50 145
50 146
50 147
50 148
50 149
50 150
50 151
50 152
50 153
50 154
50 155
50 156
50 157
50 158
50 159
50 160
50 161
50 162
50 163
50 165
50 166
50 167
50 168
50 169
50 170
50 171
50 172
50 173
50 174
50 175
50 176
50 177
50 178
50 179
50 180
50 181
50 182
50 183
50 184
50 185
50 186
50 187
50 188
50 189
50 190
50 191
50 192
50 193
50 194
50 195
50 196
50 197
50 198
50 199
50 200
50 201
50 202
50 203
50 204
50 205
50 206
50 207
50 208
50 209
50 210
50 211
50 212
50 213
50 214
50 215
50 216
50 217
50 218
50 219
50 220
50 221
50 222
50 223
50 224
50 225
50 226
50 227
50 228
50 229
50 230
50 231
50 232
50 233
50 234
50 235
50 236
50 237
50 238
50 239
50 240
50 241
50 242
50 243
50 244
50 245
50 246
50 247
50 248
50 249
50 251
50 252
50 253
50 254
50 255
50 256
50 257
50 258
50 259
50 260
50 261
50 262
50 263
50 264
50 265
50 267
50 268
50 269
50 270
50 271
50 272
50 273
50 274
50 275
50 276
50 277
50 278
50 279
50 280
50 281
50 282
50 283
50 284
50 285
50 286
50 287
50 288
50 289
50 290
50 291
50 292
50 293
50 294
50 296
50 297
50 298
50 299
51 60
51 64
51 66
51 69
51 79
51 81
51 83
51 85
51 86
51 87
51 91
51 96
51 99
51 105
51 110
51 115
51 116
51 118
51 121
51 122
51 124
51 126
51 130
51 134
51 147
51 157
51 159
51 161
51 162
51 163
51 164
51 166
51 168
51 170
51 174
51 178
51 183
51 186
51 188
51 189
51 194
51 197
51 198
51 203
51 208
51 209
51 229
51 232
51 235
51 243
51 244
51 249
51 250
51 253
51 255
51 256
51 257
51 259
51 261
51 262
51 264
51 266
51 267
51 269
51 270
51 276
51 277
51 278
51 283
51 286
51 291
51 294
51 295
51 296
51 298
52 60
52 64
52 66
52 69
52 79
52 81
52 83
52 85
52 86
52 87
52 91
52 96
52 99
52 105
52 110
52 115
52 116
52 118
52 121
52 122
52 124
52 126
52 130
52 134
52 147
52 157
52 159
52 161
52 162
52 163
52 164
52 166
52 168
52 170
52 174
52 178
52 183
52 186
52 188
52 189
52 194
52 197
52 198
52 203
52 208
52 209
52 229
52 232
52 235
52 243
52 244
52 249
52 250
52 253
52 255
52 256
52 257
52 259
52 261
52 262
52 264
52 266
52 267
52 269
52 270
52 276
52 277
52 278
52 283
52 286
52 291
52 294
52 295
52 296
52 298
53 60
53 64
53 66
53 69
53 79
53 81
53 83
53 85
53 86
53 87
53 91
53 96
53 99
53 105
53 110
53 115
53 116
53 118
53 121
53 122
53 124
53 126
53 130
53 134
53 147
53 157
53 159
53 161
53 162
53 163
53 164
53 166
53 168
53 170
53 174
53 178
53 183
53 186
53 188
53 189
53 194
53 197
53 198
53 203
53 208
53 209
53 229
53 232
53 235
53 243
53 244
53 249
53 250
53 253
53 255
53 256
53 257
53 259
53 261
53 262
53 264
53 266
53 267
53 269
53 270
53 276
53 277
53 278
53 283
53 286
53 291
53 294
53 295
53 296
53 298
54 60
54 64
54 66
54 69
54 79
54 81
54 83
54 85
54 86
54 87
54 91
54 96
54 99
54 105
54 110
54 115
54 116
54 118
54 121
54 122
54 124
54 126
54 130
54 134
54 147
54 157
54 159
54 161
54 162
54 163
54 164
54 166
54 168
54 170
54 174
54 178
54 183
54 186
54 188
54 189
54 194
54 197
54 198
54 203
54 208
54 209
54 229
54 232
54 235
54 243
54 244
54 249
54 250
54 253
54 255
54 256
54 257
54 259
54 261
54 262
54 264
54 266
54 267
54 269
54 270
54 276
54 277
54 278
54 283
54 286
54 291
54 294
54 295
54 296
54 298
55 60
55 64
55 66
55 69
55 79
55 81
55 83
55 85
55 86
55 87
55 91
55 96
55 99
55 105
55 110
55 115
55 116
55 118
55 121
55 122
55 124
55 126
55 130
55 134
55 147
55 157
55 159
55 161
55 162
55 163
55 164
55 166
55 168
55 170
55 174
55 178
55 183
55 186
55 188
55 189
55 194
55 197
55 198
55 203
55 208
55 209
55 229
55 232
55 235
55 243
55 244
55 249
55 250
55 253
55 255
55 256
55 257
55 259
55 261
55 262
55 264
55 266
55 267
55 269
55 270
55 276
55 277
55 278
55 283
55 286
55 291
55 294
55 295
55 296
55 298
56 60
56 64
56 66
56 69
56 79
56 81
56 83
56 85
56 86
56 87
56 91
56 96
56 99
56 105
56 110
56 115
56 116
56 118
56 121
56 122
56 124
56 126
56 130
56 134
56 147
56 157
56 159
56 161
56 162
56 163
56 164
56 166
56 168
56 170
56 174
56 178
56 183
56 186
56 188
56 189
56 194
56 197
56 198
56 203
56 208
56 209
56 229
56 232
56 235
56 243
56 244
56 249
56 250
56 253
56 255
56 256
56 257
56 259
56 261
56 262
56 264
56 266
56 267
56 269
56 270
56 276
56 277
56 278
56 283
56 286
56 291
56 294
56 295
56 296
56 298
57 60
57 64
57 66
57 69
57 79
57 81
57 83
57 85
57 86
57 87
57 91
57 96
57 99
57 105
57 110
57 115
57 116
57 118
57 121
57 122
57 124
57 126
57 130
57 134
57 147
57 157
57 159
57 161
57 162
57 163
57 164
57 166
57 168
57 170
57 174
57 178
57 183
57 186
57 188
57 189
57 194
57 197
57 198
57 203
57 208
57 209
57 229
57 232
57 235
57 243
57 244
57 249
57 250
57 253
57 255
57 256
57 257
57 259
57 261
57 262
57 264
57 266
57 267
57 269
57 270
57 276
57 277
57 278
57 283
57 286
57 291
57 294
57 295
57 296
57 298
58 60
58 64
58 66
58 69
58 79
58 81
58 83
58 85
58 86
58 87
58 91
58 96
58 99
58 105
58 110
58 115
58 116
58 118
58 121
58 122
58 124
58 126
58 130
58 134
58 147
58 157
58 159
58 161
58 162
58 163
58 164
58 166
58 168
58 170
58 174
58 178
58 183
58 186
58 188
58 189
58 194
58 197
58 198
58 203
58 208
58 209
58 229
58 232
58 235
58 243
58 244
58 249
58 250
58 253
58 255
58 256
58 257
58 259
58 261
58 262
58 264
58 266
58 267
58 269
58 270
58 276
58 277
58 278
58 283
58 286
58 291
58 294
58 295
58 296
58 298
59 60
59 64
59 66
59 69
59 79
59 81
59 83
59 85
59 86
59 87
59 91
59 96
59 99
59 105
59 110
59 115
59 116
59 118
59 121
59 122
59 124
59 126
59 130
59 134
59 147
59 157
59 159
59 161
59 162
59 163
59 164
59 166
59 168
59 170
59 174
59 178
59 183
59 186
59 188
59 189
59 194
59 197
59 198
59 203
59 208
59 209
59 229
59 232
59 235
59 243
59 244
59 249
59 250
59 253
59 255
59 256
59 257
59 259
59 261
59 262
59 264
59 266
59 267
59 269
59 270
59 276
59 277
59 278
59 283
59 286
59 291
59 294
59 295
59 296
59 298
60 61
60 62
60 63
60 64
60 65
60 66
60 67
60 68
60 69
60 70
60 71
60 72
60 73
60 74
60 75
60 76
60 77
60 78
60 79
60 80
60 81
60 82
60 83
60 84
60 85
60 86
60 87
60 88
60 89
60 90
60 91
60 92
60 93
60 94
60 95
60 96
60 97
60 98
60 99
60 100
60 101
60 102
60 103
60 104
60 105
60 106
60 107
60 108
60 109
60 110
60 111
60 112
60 113
60 114
60 115
60 116
60 117
60 119
60 120
60 121
60 122
60 123
60 124
60 125
60 126
60 127
60 128
60 129
60 130
60 131
60 132
60 133
60 134
60 135
60 136
60 137
60 138
60 139
60 140
60 141
60 142
60 143
60 144
60 145
60 146
60 147
60 148
60 149
60 150
60 151
60 152
60 153
60 154
60 155
60 156
60 157
60 158
60 159
60 160
60 163
60 164
60 165
60 166
60 167
60 168
60 169
60 170
60 171
60 172
60 173
60 174
60 175
60 176
60 177
60 178
60 179
60 180
60 181
60 182
60 183
60 184
60 185
60 186
60 187
60 189
60 190
60 191
60 192
60 193
60 194
60 195
60 196
60 197
60 198
60 199
60 200
60 201
60 202
60 203
60 204
60 205
60 206
60 207
60 209
60 210
60 211
60 212
60 213
60 214
60 215
60 216
60 217
60 218
60 219
60 220
60 221
60 222
60 223
60 224
60 225
60 226
60 227
60 228
60 229
60 230
60 231
60 233
60 234
60 235
60 236
60 237
60 238
60 239
60 240
60 241
60 242
60 243
60 244
60 245
60 246
60 247
60 248
60 249
60 250
60 251
60 252
60 253
60 254
60 255
60 256
60 257
60 258
60 260
60 261
60 263
60 265
60 266
60 267
60 268
60 269
60 270
60 271
60 272
60 273
60 274
60 275
60 276
60 277
60 278
60 279
60 280
60 281
60 282
60 283
60 284
60 285
60 286
60 287
60 288
60 289
60 290
60 291
60 292
60 293
60 294
60 295
60 296
60 297
60 298
60 299
61 64
61 66
61 69
61 79
61 81
61 83
61 85
61 86
61 87
61 91
61 96
61 99
61 105
61 110
61 115
61 116
61 118
61 121
61 122
61 124
61 126
61 130
61 134
61 147
61 157
61 159
61 161
61 162
61 163
61 164
61 166
61 168
61 170
61 174
61 178
61 183
61 186
61 188
61 189
61 194
61 197
61 198
61 203
61 208
61 209
61 229
61 232
61 235
61 243
61 244
61 249
61 250
61 253
61 255
61 256
61 257
61 259
61 261
61 262
61 264
61 266
61 267
61 269
61 270
61 276
61 277
61 278
61 283
61 286
61 291
61 294
61 295
61 296
61 298
62 64
62 66
62 69
62 79
62 81
62 83
62 85
62 86
62 87
62 91
62 96
62 99
62 105
62 110
62 115
62 116
62 118
62 121
62 122
62 124
62 126
62 130
62 134
62 147
62 157
62 159
62 161
62 162
62 163
62 164
62 166
62 168
62 170
62 174
62 178
62 183
62 186
62 188
62 189
62 194
62 197
62 198
62 203
62 208
62 209
62 229
62 232
62 235
62 243
62 244
62 249
62 250
62 253
62 255
62 256
62 257
62 259
62 261
62 262
62 264
62 266
62 267
62 269
62 270
62 276
62 277
62 278
62 283
62 286
62 291
62 294
62 295
62 296
62 298
63 64
63 66
63 69
63 79
63 81
63 83
63 85
63 86
63 87
63 91
63 96
63 99
63 105
63 110
63 115
63 116
63 118
63 121
63 122
63 124
63 126
63 130
63 134
63 147
63 157
63 159
63 161
63 162
63 163
63 164
63 166
63 168
63 170
63 174
63 178
63 183
63 186
63 188
63 189
63 194
63 197
63 198
63 203
63 208
63 209
63 229
63 232
63 235
63 243
63 244
63 249
63 250
63 253
63 255
63 256
63 257
63 259
63 261
63 262
63 264
63 266
63 267
63 269
63 270
63 276
63 277
63 278
63 283
63 286
63 291
63 294
63 295
63 296
63 298
64 65
64 66
64 67
64 68
64 69
64 70
64 71
64 72
64 73
64 74
64 75
64 76
64 77
64 78
64 79
64 80
64 81
64 82
64 83
64 84
64 85
64 86
64 87
64 88
64 89
64 90
64 91
64 92
64 93
64 94
64 95
64 96
64 97
64 98
64 99
64 100
64 101
64 102
64 103
64 104
64 105
64 106
64 107
64 108
64 109
64 110
64 111
64 112
64 113
64 114
64 116
64 117
64 118
64 119
64 120
64 121
64 122
64 123
64 124
64 125
64 126
64 127
64 128
64 129
64 130
64 131
64 132
64 133
64 134
64 135
64 136
64 137
64 138
64 139
64 140
64 141
64 142
64 143
64 144
64 145
64 146
64 147
64 148
64 149
64 150
64 151
64 152
64 153
64 154
64 155
64 156
64 157
64 158
64 159
64 160
64 161
64 162
64 164
64 165
64 166
64 167
64 168
64 169
64 170
64 171
64 172
64 173
64 175
64 176
64 177
64 179
64 180
64 181
64 182
64 183
64 184
64 185
64 186
64 187
64 188
64 189
64 190
64 191
64 192
64 193
64 194
64 195
64 196
64 197
64 198
64 199
64 200
64 201
64 202
64 203
64 204
64 205
64 206
64 207
64 208
64 209
64 210
64 211
64 212
64 213
64 214
64 215
64 216
64 217
64 218
64 219
64 220
64 221
64 222
64 223
64 224
64 225
64 226
64 227
64 228
64 229
64 230
64 231
64 232
64 233
64 234
64 235
64 236
64 237
64 238
64 239
64 240
64 241
64 242
64 243
64 244
64 245
64 246
64 247
64 248
64 249
64 250
64 251
64 252
64 253
64 254
64 255
64 256
64 257
64 258
64 259
64 260
64 261
64 262
64 263
64 264
64 265
64 266
64 267
64 268
64 269
64 270
64 271
64 272
64 273
64 274
64 275
64 276
64 277
64 279
64 280
64 281
64 282
64 283
64 284
64 285
64 286
64 287
64 288
64 289
64 290
64 292
64 293
64 294
64 295
64 296
64 297
64 298
64 299
65 66
65 69
65 79
65 81
65 83
65 85
65 86
65 87
65 91
65 96
65 99
65 105
65 110
65 115
65 116
65 118
65 121
65 122
65 124
65 126
65 130
65 134
65 147
65 157
65 159
65 161
65 162
65 163
65 164
65 166
65 168
65 170
65 174
65 178
65 183
65 186
65 188
65 189
65 194
65 197
65 198
65 203
65 208
65 209
65 229
65 232
65 235
65 243
65 244
65 249
65 250
65 253
65 255
65 256
65 257
65 259
65 261
65 262
65 264
65 266
65 267
65 269
65 270
65 276
65 277
65 278
65 283
65 286
65 291
65 294
65 295
65 296
65 298
66 67
66 68
66 69
66 70
66 71
66 72
66 73
66 74
66 75
66 76
66 77
66 78
66 79
66 80
66 81
66 82
66 83
66 84
66 85
66 86
66 87
66 88
66 89
66 90
66 91
66 92
66 93
66 94
66 95
66 96
66 97
66 98
66 100
66 101
66 102
66 103
66 104
66 105
66 106
66 107
66 108
66 109
66 111
66 112
66 113
66 114
66 115
66 116
66 117
66 118
66 119
66 120
66 121
66 122
66 123
66 124
66 125
66 126
66 127
66 128
66 129
66 131
66 132
66 133
66 135
66 136
66 137
66 138
66 139
66 140
66 141
66 142
66 143
66 144
66 145
66 146
66 147
66 148
66 149
66 150
66 151
66 152
66 153
66 154
66 155
66 156
66 157
66 158
66 159
66 160
66 161
66 162
66 163
66 165
66 166
66 167
66 168
66 169
66 170
66 171
66 172
66 173
66 174
66 175
66 176
66 177
66 178
66 179
66 180
66 181
66 182
66 183
66 184
66 185
66 186
66 187
66 188
66 189
66 190
66 191
66 192
66 193
66 194
66 195
66 196
66 197
66 198
66 199
66 200
66 201
66 202
66 203
66 204
66 205
66 206
66 207
66 208
66 209
66 210
66 211
66 212
66 213
66 214
66 215
66 216
66 217
66 218
66 219
66 220
66 221
66 222
66 223
66 224
66 225
66 226
66 227
66 228
66 229
66 230
66 231
66 232
66 233
66 234
66 235
66 236
66 237
66 238
66 239
66 240
66 241
66 242
66 243
66 244
66 245
66 246
66 247
66 248
66 249
66 251
66 252
66 253
66 254
66 255
66 256
66 257
66 258
66 259
66 260
66 261
66 262
66 263
66 264
66 265
66 267
66 268
66 269
66 270
66 271
66 272
66 273
66 274
66 275
66 276
66 277
66 278
66 279
66 280
66 281
66 282
66 283
66 284
66 285
66 286
66 287
66 288
66 289
66 290
66 291
66 292
66 293
66 294
66 296
66 297
66 298
66 299
67 69
67 79
67 81
67 83
67 85
67 86
67 87
67 91
67 96
67 99
67 105
67 110
67 115
67 116
67 118
67 121
67 122
67 124
67 126
67 130
67 134
67 147
67 157
67 159
67 161
67 162
67 163
67 164
67 166
67 168
67 170
67 174
67 178
67 183
67 186
67 188
67 189
67 194
67 197
67 198
67 203
67 208
67 209
67 229
67 232
67 235
67 243
67 244
67 249
67 250
67 253
67 255
67 256
67 257
67 259
67 261
67 262
67 264
67 266
67 267
67 269
67 270
67 276
67 277
67 278
67 283
67 286
67 291
67 294
67 295
67 296
67 298
68 69
68 79
68 81
68 83
68 85
68 86
68 87
68 91
68 96
68 99
68 105
68 110
68 115
68 116
68 118
68 121
68 122
68 124
68 126
68 130
68 134
68 147
68 157
68 159
68 161
68 162
68 163
68 164
68 166
68 168
68 170
68 174
68 178
68 183
68 186
68 188
68 189
68 194
68 197
68 198
68 203
68 208
68 209
68 229
68 232
68 235
68 243
68 244
68 249
68 250
68 253
68 255
68 256
68 257
68 259
68 261
68 262
68 264
68 266
68 267
68 269
68 270
68 276
68 277
68 278
68 283
68 286
68 291
68 294
68 295
68 296
68 298
69 70
69 71
69 72
69 73
69 74
69 75
69 76
69 77
69 78
69 79
69 80
69 81
69 82
69 83
69 84
69 85
69 86
69 87
69 88
69 89
69 90
69 91
69 92
69 93
69 94
69 95
69 96
69 97
69 98
69 99
69 100
69 101
69 102
69 103
69 104
69 105
69 106
69 107
69 108
69 109
69 110
69 111
69 112
69 113
69 114
69 115
69 116
69 117
69 118
69 119
69 120
69 121
69 122
69 123
69 124
69 125
69 126
69 127
69 128
69 129
69 130
69 131
69 132
69 133
69 134
69 135
69 136
69 137
69 138
69 139
69 140
69 141
69 142
69 143
69 144
69 145
69 146
69 148
69 149
69 150
69 151
69 152
69 153
69 154
69 155
69 156
69 157
69 158
69 159
69 160
69 161
69 162
69 163
69 164
69 165
69 166
69 167
69 168
69 169
69 170
69 171
69 172
69 173
69 174
69 175
69 176
69 177
69 178
69 179
69 180
69 181
69 182
69 183
69 184
69 185
69 187
69 188
69 189
69 190
69 191
69 192
69 193
69 195
69 196
69 197
69 199
69 200
69 201
69 202
69 203
69 204
69 205
69 206
69 207
69 208
69 209
69 210
69 211
69 212
69 213
69 214
69 215
69 216
69 217
69 218
69 219
69 220
69 221
69 222
69 223
69 224
69 225
69 226
69 227
69 228
69 229
69 230
69 231
69 232
69 233
69 234
69 235
69 236
69 237
69 238
69 239
69 240
69 241
69 242
69 243
69 244
69 245
69 246
69 247
69 248
69 249
69 250
69 251
69 252
69 254
69 255
69 256
69 258
69 259
69 260
69 261
69 262
69 263
69 264
69 265
69 266
69 267
69 268
69 269
69 270
69 271
69 272
69 273
69 274
69 275
69 276
69 277
69 278
69 279
69 280
69 281
69 282
69 283
69 284
69 285
69 286
69 287
69 288
69 289
69 290
69 291
69 292
69 293
69 295
69 296
69 297
69 298
69 299
70 79
70 81
70 83
70 85
70 86
70 87
70 91
70 96
70 99
70 105
70 110
70 115
70 116
70 118
70 121
70 122
70 124
70 126
70 130
70 134
70 147
70 157
70 159
70 161
70 162
70 163
70 164
70 166
70 168
70 170
70 174
70 178
70 183
70 186
70 188
70 189
70 194
70 197
70 198
70 203
70 208
70 209
70 229
70 232
70 235
70 243
70 244
70 249
70 250
70 253
70 255
70 256
70 257
70 259
70 261
70 262
70 264
70 266
70 267
70 269
70 270
70 276
70 277
70 278
70 283
70 286
70 291
70 294
70 295
70 296
70 298
71 79
71 81
71 83
71 85
71 86
71 87
71 91
71 96
71 99
71 105
71 110
71 115
71 116
71 118
71 121
71 122
71 124
71 126
71 130
71 134
71 147
71 157
71 159
71 161
71 162
71 163
71 164
71 166
71 168
71 170
71 174
71 178
71 183
71 186
71 188
71 189
71 194
71 197
71 198
71 203
71 208
71 209
71 229
71 232
71 235
71 243
71 244
71 249
71 250
71 253
71 255
71 256
71 257
71 259
71 261
71 262
71 264
71 266
71 267
71 269
71 270
71 276
71 277
71 278
71 283
71 286
71 291
71 294
71 295
71 296
71 298
72 79
72 81
72 83
72 85
72 86
72 87
72 91
72 96
72 99
72 105
72 110
72 115
72 116
72 118
72 121
72 122
72 124
72 126
72 130
72 134
72 147
72 157
72 159
72 161
72 162
72 163
72 164
72 166
72 168
72 170
72 174
72 178
72 183
72 186
72 188
72 189
72 194
72 197
72 198
72 203
72 208
72 209
72 229
72 232
72 235
72 243
72 244
72 249
72 250
72 253
72 255
72 256
72 257
72 259
72 261
72 262
72 264
72 266
72 267
72 269
72 270
72 276
72 277
72 278
72 283
72 286
72 291
72 294
72 295
72 296
72 298
73 79
73 81
73 83
73 85
73 86
73 87
73 91
73 96
73 99
73 105
73 110
73 115
73 116
73 118
73 121
73 122
73 124
73 126
73 130
73 134
73 147
73 157
73 159
73 161
73 162
73 163
73 164
73 166
73 168
73 170
73 174
73 178
73 183
73 186
73 188
73 189
73 194
73 197
73 198
73 203
73 208
73 209
73 229
73 232
73 235
73 243
73 244
73 249
73 250
73 253
73 255
73 256
73 257
73 259
73 261
73 262
73 264
73 266
73 267
73 269
73 270
73 276
73 277
73 278
73 283
73 286
73 291
73 294
73 295
73 296
73 298
74 79
74 81
74 83
74 85
74 86
74 87
74 91
74 96
74 99
74 105
74 110
74 115
74 116
74 118
74 121
74 122
74 124
74 126
74 130
74 134
74 147
74 157
74 159
74 161
74 162
74 163
74 164
74 166
74 168
74 170
74 174
74 178
74 183
74 186
74 188
74 189
74 194
74 197
74 198
74 203
74 208
74 209
74 229
74 232
74 235
74 243
74 244
74 249
74 250
74 253
74 255
74 256
74 257
74 259
74 261
74 262
74 264
74 266
74 267
74 269
74 270
74 276
74 277
74 278
74 283
74 286
74 291
74 294
74 295
74 296
74 298
75 79
75 81
75 83
75 85
75 86
75 87
75 91
75 96
75 99
75 105
75 110
75 115
75 116
75 118
75 121
75 122
75 124
75 126
75 130
75 134
75 147
75 157
75 159
75 161
75 162
75 163
75 164
75 166
75 168
75 170
75 174
75 178
75 183
75 186
75 188
75 189
75 194
75 197
75 198
75 203
75 208
75 209
75 229
75 232
75 235
75 243
75 244
75 249
75 250
75 253
75 255
75 256
75 257
75 259
75 261
75 262
75 264
75 266
75 267
75 269
75 270
75 276
75 277
75 278
75 283
75 286
75 291
75 294
75 295
75 296
75 298
76 79
76 81
76 83
76 85
76 86
76 87
76 91
76 96
76 99
76 105
76 110
76 115
76 116
76 118
76 121
76 122
76 124
76 126
76 130
76 134
76 147
76 157
76 159
76 161
76 162
76 163
76 164
76 166
76 168
76 170
76 174
76 178
76 183
76 186
76 188
76 189
76 194
76 197
76 198
76 203
76 208
76 209
76 229
76 232
76 235
76 243
76 244
76 249
76 250
76 253
76 255
76 256
76 257
76 259
76 261
76 262
76 264
76 266
76 267
76 269
76 270
76 276
76 277
76 278
76 283
76 286
76 291
76 294
76 295
76 296
76 298
77 79
77 81
77 83
77 85
77 86
77 87
77 91
77 96
77 99
77 105
77 110
77 115
77 116
77 118
77 121
77 122
77 124
77 126
77 130
77 134
77 147
77 157
77 159
77 161
77 162
77 163
77 164
77 166
77 168
77 170
77 174
77 178
77 183
77 186
77 188
77 189
77 194
77 197
77 198
77 203
77 208
77 209
77 229
77 232
77 235
77 243
77 244
77 249
77 250
77 253
77 255
77 256
77 257
77 259
77 261
77 262
77 264
77 266
77 267
77 269
77 270
77 276
77 277
77 278
77 283
77 286
77 291
77 294
77 295
77 296
77 298
78 79
78 81
78 83
78 85
78 86
78 87
78 91
78 96
78 99
78 105
78 110
78 115
78 116
78 118
78 121
78 122
78 124
78 126
78 130
78 134
78 147
78 157
78 159
78 161
78 162
78 163
78 164
78 166
78 168
78 170
78 174
78 178
78 183
78 186
78 188
78 189
78 194
78 197
78 198
78 203
78 208
78 209
78 229
78 232
78 235
78 243
78 244
78 249
78 250
78 253
78 255
78 256
78 257
78 259
78 261
78 262
78 264
78 266
78 267
78 269
78 270
78 276
78 277
78 278
78 283
78 286
78 291
78 294
78 295
78 296
78 298
79 80
79 82
79 83
79 84
79 86
79 87
79 88
79 89
79 90
79 91
79 92
79 93
79 94
79 95
79 96
79 97
79 98
79 99
79 100
79 101
79 102
79 103
79 104
79 105
79 106
79 107
79 108
79 109
79 110
79 111
79 112
79 113
79 114
79 115
79 117
79 118
79 119
79 120
79 121
79 122
79 123
79 125
79 126
79 127
79 128
79 129
79 130
79 131
79 132
79 133
79 134
79 135
79 136
79 137
79 138
79 139
79 140
79 141
79 142
79 143
79 144
79 145
79 146
79 147
79 148
79 149
79 150
79 151
79 152
79 153
79 154
79 155
79 156
79 158
79 159
79 160
79 161
79 162
79 163
79 164
79 165
79 167
79 168
79 169
79 170
79 171
79 172
79 173
79 174
79 175
79 176
79 177
79 178
79 179
79 180
79 181
79 182
79 183
79 184
79 185
79 186
79 187
79 188
79 189
79 190
79 191
79 192
79 193
79 194
79 195
79 196
79 197
79 198
79 199
79 200
79 201
79 202
79 203
79 204
79 205
79 206
79 207
79 208
79 210
79 211
79 212
79 213
79 214
79 215
79 216
79 217
79 218
79 219
79 220
79 221
79 222
79 223
79 224
79 225
79 226
79 227
79 228
79 229
79 230
79 231
79 232
79 233
79 234
79 235
79 236
79 237
79 238
79 239
79 240
79 241
79 242
79 243
79 245
79 246
79 247
79 248
79 249
79 250
79 251
79 252
79 253
79 254
79 255
79 256
79 257
79 258
79 259
79 260
79 261
79 262
79 263
79 264
79 265
79 266
79 267
79 268
79 269
79 270
79 271
79 272
79 273
79 274
79 275
79 276
79 277
79 278
79 279
79 280
79 281
79 282
79 283
79 284
79 285
79 286
79 287
79 288
79 289
79 290
79 291
79 292
79 293
79 294
79 295
79 297
79 298
79 299
80 81
80 83
80 85
80 86
80 87
80 91
80 96
80 99
80 105
80 110
80 115
80 116
80 118
80 121
80 122
80 124
80 126
80 130
80 134
80 147
80 157
80 159
80 161
80 162
80 163
80 164
80 166
80 168
80 170
80 174
80 178
80 183
80 186
80 188
80 189
80 194
80 197
80 198
80 203
80 208
80 209
80 229
80 232
80 235
80 243
80 244
80 249
80 250
80 253
80 255
80 256
80 257
80 259
80 261
80 262
80 264
80 266
80 267
80 269
80 270
80 276
80 277
80 278
80 283
80 286
80 291
80 294
80 295
80 296
80 298
81 82
81 83
81 84
81 86
81 87
81 88
81 89
81 90
81 91
81 92
81 93
81 94
81 95
81 96
81 97
81 98
81 99
81 100
81 101
81 102
81 103
81 104
81 105
81 106
81 107
81 108
81 109
81 110
81 111
81 112
81 113
81 114
81 115
81 117
81 118
81 119
81 120
81 121
81 122
81 123
81 125
81 126
81 127
81 128
81 129
81 130
81 131
81 132
81 133
81 134
81 135
81 136
81 137
81 138
81 139
81 140
81 141
81 142
81 143
81 144
81 145
81 146
81 147
81 148
81 149
81 150
81 151
81 152
81 153
81 154
81 155
81 156
81 158
81 159
81 160
81 161
81 162
81 163
81 164
81 165
81 167
81 168
81 169
81 170
81 171
81 172
81 173
81 174
81 175
81 176
81 177
81 178
81 179
81 180
81 181
81 182
81 183
81 184
81 185
81 186
81 187
81 188
81 189
81 190
81 191
81 192
81 193
81 194
81 195
81 196
81 197
81 198
81 199
81 200
81 201
81 202
81 203
81 204
81 205
81 206
81 207
81 208
81 210
81 211
81 212
81 213
81 214
81 215
81 216
81 217
81 218
81 219
81 220
81 221
81 222
81 223
81 224
81 225
81 226
81 227
81 228
81 229
81 230
81 231
81 232
81 233
81 234
81 235
81 236
81 237
81 238
81 239
81 240
81 241
81 242
81 243
81 245
81 246
81 247
81 248
81 249
81 250
81 251
81 252
81 253
81 254
81 255
81 256
81 257
81 258
81 259
81 260
81 261
81 262
81 263
81 264
81 265
81 266
81 267
81 268
81 269
81 270
81 271
81 272
81 273
81 274
81 275
81 276
81 277
81 278
81 279
81 280
81 281
81 282
81 283
81 284
81 285
81 286
81 287
81 288
81 289
81 290
81 291
81 292
81 293
81 294
81 295
81 297
81 298
81 299
82 83
82 85
82 86
82 87
82 91
82 96
82 99
82 105
82 110
82 115
82 116
82 118
82 121
82 122
82 124
82 126
82 130
82 134
82 147
82 157
82 159
82 161
82 162
82 163
82 164
82 166
82 168
82 170
82 174
82 178
82 183
82 186
82 188
82 189
82 194
82 197
82 198
82 203
82 208
82 209
82 229
82 232
82 235
82 243
82 244
82 249
82 250
82 253
82 255
82 256
82 257
82 259
82 261
82 262
82 264
82 266
82 267
82 269
82 270
82 276
82 277
82 278
82 283
82 286
82 291
82 294
82 295
82 296
82 298
83 84
83 85
83 87
83 88
83 89
83 90
83 91
83 92
83 93
83 94
83 95
83 96
83 97
83 98
83 99
83 100
83 101
83 102
83 103
83 104
83 105
83 106
83 107
83 108
83 109
83 110
83 111
83 112
83 113
83 114
83 115
83 116
83 117
83 118
83 119
83 120
83 121
83 123
83 124
83 125
83 127
83 128
83 129
83 130
83 131
83 132
83 133
83 134
83 135
83 136
83 137
83 138
83 139
83 140
83 141
83 142
83 143
83 144
83 145
83 146
83 147
83 148
83 149
83 150
83 151
83 152
83 153
83 154
83 155
83 156
83 157
83 158
83 159
83 160
83 161
83 162
83 163
83 164
83 165
83 166
83 167
83 168
83 169
83 170
83 171
83 172
83 173
83 174
83 175
83 176
83 177
83 178
83 179
83 180
83 181
83 182
83 183
83 184
83 185
83 186
83 187
83 188
83 189
83 190
83 191
83 192
83 193
83 194
83 195
83 196
83 198
83 199
83 200
83 201
83 202
83 203
83 204
83 205
83 206
83 207
83 208
83 209
83 210
83 211
83 212
83 213
83 214
83 215
83 216
83 217
83 218
83 219
83 220
83 221
83 222
83 223
83 224
83 225
83 226
83 227
83 228
83 230
83 231
83 232
83 233
83 234
83 235
83 236
83 237
83 238
83 239
83 240
83 241
83 242
83 243
83 244
83 245
83 246
83 247
83 248
83 249
83 250
83 251
83 252
83 253
83 254
83 255
83 257
83 258
83 259
83 260
83 261
83 262
83 263
83 264
83 265
83 266
83 267
83 268
83 269
83 270
83 271
83 272
83 273
83 274
83 275
83 276
83 277
83 278
83 279
83 280
83 281
83 282
83 284
83 285
83 287
83 288
83 289
83 290
83 291
83 292
83 293
83 294
83 295
83 296
83 297
83 298
83 299
84 85
84 86
84 87
84 91
84 96
84 99
84 105
84 110
84 115
84 116
84 118
84 121
84 122
84 124
84 126
84 130
84 134
84 147
84 157
84 159
84 161
84 162
84 163
84 164
84 166
84 168
84 170
84 174
84 178
84 183
84 186
84 188
84 189
84 194
84 197
84 198
84 203
84 208
84 209
84 229
84 232
84 235
84 243
84 244
84 249
84 250
84 253
84 255
84 256
84 257
84 259
84 261
84 262
84 264
84 266
84 267
84 269
84 270
84 276
84 277
84 278
84 283
84 286
84 291
84 294
84 295
84 296
84 298
85 86
85 87
85 88
85 89
85 90
85 91
85 92
85 93
85 94
85 95
85 96
85 97
85 98
85 99
85 100
85 101
85 102
85 103
85 104
85 105
85 106
85 107
85 108
85 109
85 110
85 111
85 112
85 113
85 114
85 115
85 117
85 118
85 119
85 120
85 121
85 122
85 123
85 125
85 126
85 127
85 128
85 129
85 130
85 131
85 132
85 133
85 134
85 135
85 136
85 137
85 138
85 139
85 140
85 141
85 142
85 143
85 144
85 145
85 146
85 147
85 148
85 149
85 150
85 151
85 152
85 153
85 154
85 155
85 156
85 158
85 159
85 160
85 161
85 162
85 163
85 164
85 165
85 167
85 168
85 169
85 170
85 171
85 172
85 173
85 174
85 175
85 176
85 177
85 178
85 179
85 180
85 181
85 182
85 183
85 184
85 185
85 186
85 187
85 188
85 189
85 190
85 191
85 192
85 193
85 194
85 195
85 196
85 197
85 198
85 199
85 200
85 201
85 202
85 203
85 204
85 205
85 206
85 207
85 208
85 210
85 211
85 212
85 213
85 214
85 215
85 216
85 217
85 218
85 219
85 220
85 221
85 222
85 223
85 224
85 225
85 226
85 227
85 228
85 229
85 230
85 231
85 232
85 233
85 234
85 235
85 236
85 237
85 238
85 239
85 240
85 241
85 242
85 243
85 245
85 246
85 247
85 248
85 249
85 250
85 251
85 252
85 253
85 254
85 255
85 256
85 257
85 258
85 259
85 260
85 261
85 262
85 263
85 264
85 265
85 266
85 267
85 268
85 269
85 270
85 271
85 272
85 273
85 274
85 275
85 276
85 277
85 278
85 279
85 280
85 281
85 282
85 283
85 284
85 285
85 286
85 287
85 288
85 289
85 290
85 291
85 292
85 293
85 294
85 295
85 297
85 298
85 299
86 87
86 88
86 89
86 90
86 91
86 92
86 93
86 94
86 95
86 96
86 97
86 98
86 99
86 100
86 101
86 102
86 103
86 104
86 105
86 106
86 107
86 108
86 109
86 110
86 111
86 112
86 113
86 114
86 115
86 116
86 117
86 118
86 119
86 120
86 121
86 123
86 124
86 125
86 127
86 128
86 129
86 130
86 131
86 132
86 133
86 134
86 135
86 136
86 137
86 138
86 139
86 140
86 141
86 142
86 143
86 144
86 145
86 146
86 147
86 148
86 149
86 150
86 151
86 152
86 153
86 154
86 155
86 156
86 157
86 158
86 159
86 160
86 161
86 162
86 163
86 164
86 165
86 166
86 167
86 168
86 169
86 170
86 171
86 172
86 173
86 174
86 175
86 176
86 177
86 178
86 179
86 180
86 181
86 182
86 183
86 184
86 185
86 186
86 187
86 188
86 189
86 190
86 191
86 192
86 193
86 194
86 195
86 196
86 198
86 199
86 200
86 201
86 202
86 203
86 204
86 205
86 206
86 207
86 208
86 209
86 210
86 211
86 212
86 213
86 214
86 215
86 216
86 217
86 218
86 219
86 220
86 221
86 222
86 223
86 224
86 225
86 226
86 227
86 228
86 230
86 231
86 232
86 233
86 234
86 235
86 236
86 237
86 238
86 239
86 240
86 241
86 242
86 243
86 244
86 245
86 246
86 247
86 248
86 249
86 250
86 251
86 252
86 253
86 254
86 255
86 257
86 258
86 259
86 260
86 261
86 262
86 263
86 264
86 265
86 266
86 267
86 268
86 269
86 270
86 271
86 272
86 273
86 274
86 275
86 276
86 277
86 278
86 279
86 280
86 281
86 282
86 284
86 285
86 287
86 288
86 289
86 290
86 291
86 292
86 293
86 294
86 295
86 296
86 297
86 298
86 299
87 88
87 89
87 90
87 91
87 92
87 93
87 94
87 95
87 96
87 97
87 98
87 99
87 100
87 101
87 102
87 103
87 104
87 105
87 106
87 107
87 108
87 109
87 110
87 111
87 112
87 113
87 114
87 115
87 116
87 117
87 118
87 119
87 120
87 122
87 123
87 124
87 125
87 126
87 127
87 128
87 129
87 130
87 131
87 132
87 133
87 134
87 135
87 136
87 137
87 138
87 139
87 140
87 141
87 142
87 143
87 144
87 145
87 146
87 147
87 148
87 149
87 150
87 151
87 152
87 153
87 154
87 155
87 156
87 157
87 158
87 159
87 160
87 161
87 162
87 163
87 164
87 165
87 166
87 167
87 168
87 169
87 170
87 171
87 172
87 173
87 174
87 175
87 176
87 177
87 178
87 179
87 180
87 181
87 182
87 184
87 185
87 186
87 187
87 188
87 189
87 190
87 191
87 192
87 193
87 194
87 195
87 196
87 197
87 198
87 199
87 200
87 201
87 202
87 203
87 204
87 205
87 206
87 207
87 208
87 209
87 210
87 211
87 212
87 213
87 214
87 215
87 216
87 217
87 218
87 219
87 220
87 221
87 222
87 223
87 224
87 225
87 226
87 227
87 228
87 229
87 230
87 231
87 232
87 233
87 234
87 236
87 237
87 238
87 239
87 240
87 241
87 242
87 244
87 245
87 246
87 247
87 248
87 249
87 250
87 251
87 252
87 253
87 254
87 255
87 256
87 257
87 258
87 259
87 260
87 261
87 262
87 263
87 264
87 265
87 266
87 267
87 268
87 269
87 270
87 271
87 272
87 273
87 274
87 275
87 277
87 278
87 279
87 280
87 281
87 282
87 283
87 284
87 285
87 286
87 287
87 288
87 289
87 290
87 291
87 292
87 293
87 294
87 295
87 296
87 297
87 298
87 299
88 91
88 96
88 99
88 105
88 110
88 115
88 116
88 118
88 121
88 122
88 124
88 126
88 130
88 134
88 147
88 157
88 159
88 161
88 162
88 163
88 164
88 166
88 168
88 170
88 174
88 178
88 183
88 186
88 188
88 189
88 194
88 197
88 198
88 203
88 208
88 209
88 229
88 232
88 235
88 243
88 244
88 249
88 250
88 253
88 255
88 256
88 257
88 259
88 261
88 262
88 264
88 266
88 267
88 269
88 270
88 276
88 277
88 278
88 283
88 286
88 291
88 294
88 295
88 296
88 298
89 91
89 96
89 99
89 105
89 110
89 115
89 116
89 118
89 121
89 122
89 124
89 126
89 130
89 134
89 147
89 157
89 159
89 161
89 162
89 163
89 164
89 166
89 168
89 170
89 174
89 178
89 183
89 186
89 188
89 189
89 194
89 197
89 198
89 203
89 208
89 209
89 229
89 232
89 235
89 243
89 244
89 249
89 250
89 253
89 255
89 256
89 257
89 259
89 261
89 262
89 264
89 266
89 267
89 269
89 270
89 276
89 277
89 278
89 283
89 286
89 291
89 294
89 295
89 296
89 298
90 91
90 96
90 99
90 105
90 110
90 115
90 116
90 118
90 121
90 122
90 124
90 126
90 130
90 134
90 147
90 157
90 159
90 161
90 162
90 163
90 164
90 166
90 168
90 170
90 174
90 178
90 183
90 186
90 188
90 189
90 194
90 197
90 198
90 203
90 208
90 209
90 229
90 232
90 235
90 243
90 244
90 249
90 250
90 253
90 255
90 256
90 257
90 259
90 261
90 262
90 264
90 266
90 267
90 269
90 270
90 276
90 277
90 278
90 283
90 286
90 291
90 294
90 295
90 296
90 298
91 92
91 93
91 94
91 95
91 96
91 97
91 98
91 99
91 100
91 101
91 102
91 103
91 104
91 105
91 106
91 107
91 108
91 109
91 110
91 111
91 112
91 113
91 114
91 115
91 116
91 117
91 118
91 119
91 120
91 121
91 122
91 123
91 124
91 125
91 126
91 127
91 128
91 129
91 130
91 131
91 132
91 133
91 134
91 135
91 136
91 137
91 138
91 139
91 140
91 141
91 142
91 143
91 144
91 145
91 146
91 147
91 148
91 149
91 150
91 151
91 152
91 153
91 154
91 155
91 156
91 157
91 158
91 160
91 161
91 162
91 163
91 164
91 165
91 166
91 167
91 169
91 170
91 171
91 172
91 173
91 174
91 175
91 176
91 177
91 178
91 179
91 180
91 181
91 182
91 183
91 184
91 185
91 186
91 187
91 188
91 189
91 190
91 191
91 192
91 193
91 194
91 195
91 196
91 197
91 198
91 199
91 200
91 201
91 202
91 204
91 205
91 206
91 207
91 208
91 209
91 210
91 211
91 212
91 213
91 214
91 215
91 216
91 217
91 218
91 219
91 220
91 221
91 222
91 223
91 224
91 225
91 226
91 227
91 228
91 229
91 230
91 231
91 232
91 233
91 234
91 235
91 236
91 237
91 238
91 239
91 240
91 241
91 242
91 243
91 244
91 245
91 246
91 247
91 248
91 250
91 251
91 252
91 253
91 254
91 255
91 256
91 257
91 258
91 259
91 260
91 262
91 263
91 264
91 265
91 266
91 267
91 268
91 270
91 271
91 272
91 273
91 274
91 275
91 276
91 278
91 279
91 280
91 281
91 282
91 283
91 284
91 285
91 286
91 287
91 288
91 289
91 290
91 291
91 292
91 293
91 294
91 295
91 296
91 297
91 298
91 299
92 96
92 99
92 105
92 110
92 115
92 116
92 118
92 121
92 122
92 124
92 126
92 130
92 134
92 147
92 157
92 159
92 161
92 162
92 163
92 164
92 166
92 168
92 170
92 174
92 178
92 183
92 186
92 188
92 189
92 194
92 197
92 198
92 203
92 208
92 209
92 229
92 232
92 235
92 243
92 244
92 249
92 250
92 253
92 255
92 256
92 257
92 259
92 261
92 262
92 264
92 266
92 267
92 269
92 270
92 276
92 277
92 278
92 283
92 286
92 291
92 294
92 295
92 296
92 298
93 96
93 99
93 105
93 110
93 115
93 116
93 118
93 121
93 122
93 124
93 126
93 130
93 134
93 147
93 157
93 159
93 161
93 162
93 163
93 164
93 166
93 168
93 170
93 174
93 178
93 183
93 186
93 188
93 189
93 194
93 197
93 198
93 203
93 208
93 209
93 229
93 232
93 235
93 243
93 244
93 249
93 250
93 253
93 255
93 256
93 257
93 259
93 261
93 262
93 264
93 266
93 267
93 269
93 270
93 276
93 277
93 278
93 283
93 286
93 291
93 294
93 295
93 296
93 298
94 96
94 99
94 105
94 110
94 115
94 116
94 118
94 121
94 122
94 124
94 126
94 130
94 134
94 147
94 157
94 159
94 161
94 162
94 163
94 164
94 166
94 168
94 170
94 174
94 178
94 183
94 186
94 188
94 189
94 194
94 197
94 198
94 203
94 208
94 209
94 229
94 232
94 235
94 243
94 244
94 249
94 250
94 253
94 255
94 256
94 257
94 259
94 261
94 262
94 264
94 266
94 267
94 269
94 270
94 276
94 277
94 278
94 283
94 286
94 291
94 294
94 295
94 296
94 298
95 96
95 99
95 105
95 110
95 115
95 116
95 118
95 121
95 122
95 124
95 126
95 130
95 134
95 147
95 157
95 159
95 161
95 162
95 163
95 164
95 166
95 168
95 170
95 174
95 178
95 183
95 186
95 188
95 189
95 194
95 197
95 198
95 203
95 208
95 209
95 229
95 232
95 235
95 243
95 244
95 249
95 250
95 253
95 255
95 256
95 257
95 259
95 261
95 262
95 264
95 266
95 267
95 269
95 270
95 276
95 277
95 278
95 283
95 286
95 291
95 294
95 295
95 296
95 298
96 97
96 98
96 99
96 100
96 101
96 102
96 103
96 104
96 106
96 107
96 108
96 109
96 110
96 111
96 112
96 113
96 114
96 115
96 116
96 117
96 118
96 119
96 120
96 121
96 122
96 123
96 124
96 125
96 126
96 127
96 128
96 129
96 130
96 131
96 132
96 133
96 134
96 135
96 136
96 137
96 138
96 139
96 140
96 141
96 142
96 143
96 144
96 145
96 146
96 147
96 148
96 149
96 150
96 151
96 152
96 153
96 154
96 155
96 156
96 157
96 158
96 159
96 160
96 161
96 162
96 163
96 164
96 165
96 166
96 167
96 168
96 169
96 171
96 172
96 173
96 174
96 175
96 176
96 177
96 178
96 179
96 180
96 181
96 182
96 183
96 184
96 185
96 186
96 187
96 188
96 190
96 191
96 192
96 193
96 194
96 195
96 196
96 197
96 198
96 199
96 200
96 201
96 202
96 203
96 204
96 205
96 206
96 207
96 208
96 209
96 210
96 211
96 212
96 213
96 214
96 215
96 216
96 217
96 218
96 219
96 220
96 221
96 222
96 223
96 224
96 225
96 226
96 227
96 228
96 229
96 230
96 231
96 232
96 233
96 234
96 235
96 236
96 237
96 238
96 239
96 240
96 241
96 242
96 243
96 244
96 245
96 246
96 247
96 248
96 249
96 250
96 251
96 252
96 253
96 254
96 256
96 257
96 258
96 259
96 260
96 261
96 262
96 263
96 264
96 265
96 266
96 268
96 269
96 271
96 272
96 273
96 274
96 275
96 276
96 277
96 278
96 279
96 280
96 281
96 282
96 283
96 284
96 285
96 286
96 287
96 288
96 289
96 290
96 291
96 292
96 293
96 294
96 295
96 296
96 297
96 299
97 99
97 105
97 110
97 115
97 116
97 118
97 121
97 122
97 124
97 126
97 130
97 134
97 147
97 157
97 159
97 161
97 162
97 163
97 164
97 166
97 168
97 170
97 174
97 178
97 183
97 186
97 188
97 189
97 194
97 197
97 198
97 203
97 208
97 209
97 229
97 232
97 235
97 243
97 244
97 249
97 250
97 253
97 255
97 256
97 257
97 259
97 261
97 262
97 264
97 266
97 267
97 269
97 270
97 276
97 277
97 278
97 283
97 286
97 291
97 294
97 295
97 296
97 298
98 99
98 105
98 110
98 115
98 116
98 118
98 121
98 122
98 124
98 126
98 130
98 134
98 147
98 157
98 159
98 161
98 162
98 163
98 164
98 166
98 168
98 170
98 174
98 178
98 183
98 186
98 188
98 189
98 194
98 197
98 198
98 203
98 208
98 209
98 229
98 232
98 235
98 243
98 244
98 249
98 250
98 253
98 255
98 256
98 257
98 259
98 261
98 262
98 264
98 266
98 267
98 269
98 270
98 276
98 277
98 278
98 283
98 286
98 291
98 294
98 295
98 296
98 298
99 100
99 101
99 102
99 103
99 104
99 105
99 106
99 107
99 108
99 109
99 111
99 112
99 113
99 114
99 115
99 116
99 117
99 118
99 119
99 120
99 121
99 122
99 123
99 124
99 125
99 126
99 127
99 128
99 129
99 131
99 132
99 133
99 135
99 136
99 137
99 138
99 139
99 140
99 141
99 142
99 143
99 144
99 145
99 146
99 147
99 148
99 149
99 150
99 151
99 152
99 153
99 154
99 155
99 156
99 157
99 158
99 159
99 160
99 161
99 162
99 163
99 165
99 166
99 167
99 168
99 169
99 170
99 171
99 172
99 173
99 174
99 175
99 176
99 177
99 178
99 179
99 180
99 181
99 182
99 183
99 184
99 185
99 186
99 187
99 188
99 189
99 190
99 191
99 192
99 193
99 194
99 195
99 196
99 197
99 198
99 199
99 200
99 201
99 202
99 203
99 204
99 205
99 206
99 207
99 208
99 209
99 210
99 211
99 212
99 213
99 214
99 215
99 216
99 217
99 218
99 219
99 220
99 221
99 222
99 223
99 224
99 225
99 226
99 227
99 228
99 229
99 230
99 231
99 232
99 233
99 234
99 235
99 236
99 237
99 238
99 239
99 240
99 241
99 242
99 243
99 244
99 245
99 246
99 247
99 248
99 249
99 251
99 252
99 253
99 254
99 255
99 256
99 257
99 258
99 259
99 260
99 261
99 262
99 263
99 264
99 265
99 267
99 268
99 269
99 270
99 271
99 272
99 273
99 274
99 275
99 276
99 277
99 278
99 279
99 280
99 281
99 282
99 283
99 284
99 285
99 286
99 287
99 288
99 289
99 290
99 291
99 292
99 293
99 294
99 296
99 297
99 298
99 299
100 105
100 110
100 115
100 116
100 118
100 121
100 122
100 124
100 126
100 130
100 134
100 147
100 157
100 159
100 161
100 162
100 163
100 164
100 166
100 168
100 170
100 174
100 178
100 183
100 186
100 188
100 189
100 194
100 197
100 198
100 203
100 208
100 209
100 229
100 232
100 235
100 243
100 244
100 249
100 250
100 253
100 255
100 256
100 257
100 259
100 261
100 262
100 264
100 266
100 267
100 269
100 270
100 276
100 277
100 278
100 283
100 286
100 291
100 294
100 295
100 296
100 298
101 105
101 110
101 115
101 116
101 118
101 121
101 122
101 124
101 126
101 130
101 134
101 147
101 157
101 159
101 161
101 162
101 163
101 164
101 166
101 168
101 170
101 174
101 178
101 183
101 186
101 188
101 189
101 194
101 197
101 198
101 203
101 208
101 209
101 229
101 232
101 235
101 243
101 244
101 249
101 250
101 253
101 255
101 256
101 257
101 259
101 261
101 262
101 264
101 266
101 267
101 269
101 270
101 276
101 277
101 278
101 283
101 286
101 291
101 294
101 295
101 296
101 298
102 105
102 110
102 115
102 116
102 118
102 121
102 122
102 124
102 126
102 130
102 134
102 147
102 157
102 159
102 161
102 162
102 163
102 164
102 166
102 168
102 170
102 174
102 178
102 183
102 186
102 188
102 189
102 194
102 197
102 198
102 203
102 208
102 209
102 229
102 232
102 235
102 243
102 244
102 249
102 250
102 253
102 255
102 256
102 257
102 259
102 261
102 262
102 264
102 266
102 267
102 269
102 270
102 276
102 277
102 278
102 283
102 286
102 291
102 294
102 295
102 296
102 298
103 105
103 110
103 115
103 116
103 118
103 121
103 122
103 124
103 126
103 130
103 134
103 147
103 157
103 159
103 161
103 162
103 163
103 164
103 166
103 168
103 170
103 174
103 178
103 183
103 186
103 188
103 189
103 194
103 197
103 198
103 203
103 208
103 209
103 229
103 232
103 235
103 243
103 244
103 249
103 250
103 253
103 255
103 256
103 257
103 259
103 261
103 262
103 264
103 266
103 267
103 269
103 270
103 276
103 277
103 278
103 283
103 286
103 291
103 294
103 295
103 296
103 298
104 105
104 110
104 115
104 116
104 118
104 121
104 122
104 124
104 126
104 130
104 134
104 147
104 157
104 159
104 161
104 162
104 163
104 164
104 166
104 168
104 170
104 174
104 178
104 183
104 186
104 188
104 189
104 194
104 197
104 198
104 203
104 208
104 209
104 229
104 232
104 235
104 243
104 244
104 249
104 250
104 253
104 255
104 256
104 257
104 259
104 261
104 262
104 264
104 266
104 267
104 269
104 270
104 276
104 277
104 278
104 283
104 286
104 291
104 294
104 295
104 296
104 298
105 106
105 107
105 108
105 109
105 110
105 111
105 112
105 113
105 114
105 115
105 116
105 117
105 118
105 119
105 120
105 121
105 122
105 123
105 124
105 125
105 126
105 127
105 128
105 129
105 130
105 131
105 132
105 133
105 134
105 135
105 136
105 137
105 138
105 139
105 140
105 141
105 142
105 143
105 144
105 145
105 146
105 147
105 148
105 149
105 150
105 151
105 152
105 153
105 154
105 155
105 156
105 157
105 158
105 159
105 160
105 161
105 162
105 163
105 164
105 165
105 166
105 167
105 168
105 169
105 171
105 172
105 173
105 174
105 175
105 176
105 177
105 178
105 179
105 180
105 181
105 182
105 183
105 184
105 185
105 186
105 187
105 188
105 190
105 191
105 192
105 193
105 194
105 195
105 196
105 197
105 198
105 199
105 200
105 201
105 202
105 203
105 204
105 205
105 206
105 207
105 208
105 209
105 210
105 211
105 212
105 213
105 214
105 215
105 216
105 217
105 218
105 219
105 220
105 221
105 222
105 223
105 224
105 225
105 226
105 227
105 228
105 229
105 230
105 231
105 232
105 233
105 234
105 235
105 236
105 237
105 238
105 239
105 240
105 241
105 242
105 243
105 244
105 245
105 246
105 247
105 248
105 249
105 250
105 251
105 252
105 253
105 254
105 256
105 257
105 258
105 259
105 260
105 261
105 262
105 263
105 264
105 265
105 266
105 268
105 269
105 271
105 272
105 273
105 274
105 275
105 276
105 277
105 278
105 279
105 280
105 281
105 282
105 283
105 284
105 285
105 286
105 287
105 288
105 289
105 290
105 291
105 292
105 293
105 294
105 295
105 296
105 297
105 299
106 110
106 115
106 116
106 118
106 121
106 122
106 124
106 126
106 130
106 134
106 147
106 157
106 159
106 161
106 162
106 163
106 164
106 166
106 168
106 170
106 174
106 178
106 183
106 186
106 188
106 189
106 194
106 197
106 198
106 203
106 208
106 209
106 229
106 232
106 235
106 243
106 244
106 249
106 250
106 253
106 255
106 256
106 257
106 259
106 261
106 262
106 264
106 266
106 267
106 269
106 270
106 276
106 277
106 278
106 283
106 286
106 291
106 294
106 295
106 296
106 298
107 110
107 115
107 116
107 118
107 121
107 122
107 124
107 126
107 130
107 134
107 147
107 157
107 159
107 161
107 162
107 163
107 164
107 166
107 168
107 170
107 174
107 178
107 183
107 186
107 188
107 189
107 194
107 197
107 198
107 203
107 208
107 209
107 229
107 232
107 235
107 243
107 244
107 249
107 250
107 253
107 255
107 256
107 257
107 259
107 261
107 262
107 264
107 266
107 267
107 269
107 270
107 276
107 277
107 278
107 283
107 286
107 291
107 294
107 295
107 296
107 298
108 110
108 115
108 116
108 118
108 121
108 122
108 124
108 126
108 130
108 134
108 147
108 157
108 159
108 161
108 162
108 163
108 164
108 166
108 168
108 170
108 174
108 178
108 183
108 186
108 188
108 189
108 194
108 197
108 198
108 203
108 208
108 209
108 229
108 232
108 235
108 243
108 244
108 249
108 250
108 253
108 255
108 256
108 257
108 259
108 261
108 262
108 264
108 266
108 267
108 269
108 270
108 276
108 277
108 278
108 283
108 286
108 291
108 294
108 295
108 296
108 298
109 110
109 115
109 116
109 118
109 121
109 122
109 124
109 126
109 130
109 134
109 147
109 157
109 159
109 161
109 162
109 163
109 164
109 166
109 168
109 170
109 174
109 178
109 183
109 186
109 188
109 189
109 194
109 197
109 198
109 203
109 208
109 209
109 229
109 232
109 235
109 243
109 244
109 249
109 250
109 253
109 255
109 256
109 257
109 259
109 261
109 262
109 264
109 266
109 267
109 269
109 270
109 276
109 277
109 278
109 283
109 286
109 291
109 294
109 295
109 296
109 298
110 111
110 112
110 113
110 114
110 115
110 116
110 117
110 118
110 119
110 120
110 121
110 122
110 123
110 124
110 125
110 126
110 127
110 128
110 129
110 131
110 132
110 133
110 135
110 136
110 137
110 138
110 139
110 140
110 141
110 142
110 143
110 144
110 145
110 146
110 147
110 148
110 149
110 150
110 151
110 152
110 153
110 154
110 155
110 156
110 157
110 158
110 159
110 160
110 161
110 162
110 163
110 165
110 166
110 167
110 168
110 169
110 170
110 171
110 172
110 173
110 174
110 175
110 176
110 177
110 178
110 179
110 180
110 181
110 182
110 183
110 184
110 185
110 186
110 187
110 188
110 189
110 190
110 191
110 192
110 193
110 194
110 195
110 196
110 197
110 198
110 199
110 200
110 201
110 202
110 203
110 204
110 205
110 206
110 207
110 208
110 209
110 210
110 211
110 212
110 213
110 214
110 215
110 216
110 217
110 218
110 219
110 220
110 221
110 222
110 223
110 224
110 225
110 226
110 227
110 228
110 229
110 230
110 231
110 232
110 233
110 234
110 235
110 236
110 237
110 238
110 239
110 240
110 241
110 242
110 243
110 244
110 245
110 246
110 247
110 248
110 249
110 251
110 252
110 253
110 254
110 255
110 256
110 257
110 258
110 259
110 260
110 261
110 262
110 263
110 264
110 265
110 267
110 268
110 269
110 270
110 271
110 272
110 273
110 274
110 275
110 276
110 277
110 278
110 279
110 280
110 281
110 282
110 283
110 284
110 285
110 286
110 287
110 288
110 289
110 290
110 291
110 292
110 293
110 294
110 296
110 297
110 298
110 299
111 115
111 116
111 118
111 121
111 122
111 124
111 126
111 130
111 134
111 147
111 157
111 159
111 161
111 162
111 163
111 164
111 166
111 168
111 170
111 174
111 178
111 183
111 186
111 188
111 189
111 194
111 197
111 198
111 203
111 208
111 209
111 229
111 232
111 235
111 243
111 244
111 249
111 250
111 253
111 255
111 256
111 257
111 259
111 261
111 262
111 264
111 266
111 267
111 269
111 270
111 276
111 277
111 278
111 283
111 286
111 291
111 294
111 295
111 296
111 298
112 115
112 116
112 118
112 121
112 122
112 124
112 126
112 130
112 134
112 147
112 157
112 159
112 161
112 162
112 163
112 164
112 166
112 168
112 170
112 174
112 178
112 183
112 186
112 188
112 189
112 194
112 197
112 198
112 203
112 208
112 209
112 229
112 232
112 235
112 243
112 244
112 249
112 250
112 253
112 255
112 256
112 257
112 259
112 261
112 262
112 264
112 266
112 267
112 269
112 270
112 276
112 277
112 278
112 283
112 286
112 291
112 294
112 295
112 296
112 298
113 115
113 116
113 118
113 121
113 122
113 124
113 126
113 130
113 134
113 147
113 157
113 159
113 161
113 162
113 163
113 164
113 166
113 168
113 170
113 174
113 178
113 183
113 186
113 188
113 189
113 194
113 197
113 198
113 203
113 208
113 209
113 229
113 232
113 235
113 243
113 244
113 249
113 250
113 253
113 255
113 256
113 257
113 259
113 261
113 262
113 264
113 266
113 267
113 269
113 270
113 276
113 277
113 278
113 283
113 286
113 291
113 294
113 295
113 296
113 298
114 115
114 116
114 118
114 121
114 122
114 124
114 126
114 130
114 134
114 147
114 157
114 159
114 161
114 162
114 163
114 164
114 166
114 168
114 170
114 174
114 178
114 183
114 186
114 188
114 189
114 194
114 197
114 198
114 203
114 208
114 209
114 229
114 232
114 235
114 243
114 244
114 249
114 250
114 253
114 255
114 256
114 257
114 259
114 261
114 262
114 264
114 266
114 267
114 269
114 270
114 276
114 277
114 278
114 283
114 286
114 291
114 294
114 295
114 296
114 298
115 116
115 117
115 118
115 119
115 120
115 121
115 122
115 123
115 124
115 125
115 126
115 127
115 128
115 129
115 130
115 131
115 132
115 133
115 134
115 135
115 136
115 137
115 138
115 139
115 140
115 141
115 142
115 143
115 144
115 145
115 146
115 147
115 148
115 149
115 150
115 151
115 152
115 153
115 154
115 155
115 156
115 157
115 158
115 159
115 160
115 161
115 162
115 164
115 165
115 166
115 167
115 168
115 169
115 170
115 171
115 172
115 173
115 175
115 176
115 177
115 179
115 180
115 181
115 182
115 183
115 184
115 185
115 186
115 187
115 188
115 189
115 190
115 191
115 192
115 193
115 194
115 195
115 196
115 197
115 198
115 199
115 200
115 201
115 202
115 203
115 204
115 205
115 206
115 207
115 208
115 209
115 210
115 211
115 212
115 213
115 214
115 215
115 216
115 217
115 218
115 219
115 220
115 221
115 222
115 223
115 224
115 225
115 226
115 227
115 228
115 229
115 230
115 231
115 232
115 233
115 234
115 235
115 236
115 237
115 238
115 239
115 240
115 241
115 242
115 243
115 244
115 245
115 246
115 247
115 248
115 249
115 250
115 251
115 252
115 253
115 254
115 255
115 256
115 257
115 258
115 259
115 260
115 261
115 262
115 263
115 264
115 265
115 266
115 267
115 268
115 269
115 270
115 271
115 272
115 273
115 274
115 275
115 276
115 277
115 279
115 280
115 281
115 282
115 283
115 284
115 285
115 286
115 287
115 288
115 289
115 290
115 292
115 293
115 294
115 295
115 296
115 297
115 298
115 299
116 117
116 118
116 119
116 120
116 121
116 122
116 123
116 125
116 126
116 127
116 128
116 129
116 130
116 131
116 132
116 133
116 134
116 135
116 136
116 137
116 138
116 139
116 140
116 141
116 142
116 143
116 144
116 145
116 146
116 147
116 148
116 149
116 150
116 151
116 152
116 153
116 154
116 155
116 156
116 158
116 159
116 160
116 161
116 162
116 163
116 164
116 165
116 167
116 168
116 169
116 170
116 171
116 172
116 173
116 174
116 175
116 176
116 177
116 178
116 179
116 180
116 181
116 182
116 183
116 184
116 185
116 186
116 187
116 188
116 189
116 190
116 191
116 192
116 193
116 194
116 195
116 196
116 197
116 198
116 199
116 200
116 201
116 202
116 203
116 204
116 205
116 206
116 207
116 208
116 210
116 211
116 212
116 213
116 214
116 215
116 216
116 217
116 218
116 219
116 220
116 221
116 222
116 223
116 224
116 225
116 226
116 227
116 228
116 229
116 230
116 231
116 232
116 233
116 234
116 235
116 236
116 237
116 238
116 239
116 240
116 241
116 242
116 243
116 245
116 246
116 247
116 248
116 249
116 250
116 251
116 252
116 253
116 254
116 255
116 256
116 257
116 258
116 259
116 260
116 261
116 262
116 263
116 264
116 265
116 266
116 267
116 268
116 269
116 270
116 271
116 272
116 273
116 274
116 275
116 276
116 277
116 278
116 279
116 280
116 281
116 282
116 283
116 284
116 285
116 286
116 287
116 288
116 289
116 290
116 291
116 292
116 293
116 294
116 295
116 297
116 298
116 299
117 118
117 121
117 122
117 124
117 126
117 130
117 134
117 147
117 157
117 159
117 161
117 162
117 163
117 164
117 166
117 168
117 170
117 174
117 178
117 183
117 186
117 188
117 189
117 194
117 197
117 198
117 203
117 208
117 209
117 229
117 232
117 235
117 243
117 244
117 249
117 250
117 253
117 255
117 256
117 257
117 259
117 261
117 262
117 264
117 266
117 267
117 269
117 270
117 276
117 277
117 278
117 283
117 286
117 291
117 294
117 295
117 296
117 298
118 119
118 120
118 121
118 122
118 123
118 124
118 125
118 126
118 127
118 128
118 129
118 130
118 131
118 132
118 133
118 134
118 135
118 136
118 137
118 138
118 139
118 140
118 141
118 142
118 143
118 144
118 145
118 146
118 147
118 148
118 149
118 150
118 151
118 152
118 153
118 154
118 155
118 156
118 157
118 158
118 159
118 160
118 163
118 164
118 165
118 166
118 167
118 168
118 169
118 170
118 171
118 172
118 173
118 174
118 175
118 176
118 177
118 178
118 179
118 180
118 181
118 182
118 183
118 184
118 185
118 186
118 187
118 189
118 190
118 191
118 192
118 193
118 194
118 195
118 196
118 197
118 198
118 199
118 200
118 201
118 202
118 203
118 204
118 205
118 206
118 207
118 209
118 210
118 211
118 212
118 213
118 214
118 215
118 216
118 217
118 218
118 219
118 220
118 221
118 222
118 223
118 224
118 225
118 226
118 227
118 228
118 229
118 230
118 231
118 233
118 234
118 235
118 236
118 237
118 238
118 239
118 240
118 241
118 242
118 243
118 244
118 245
118 246
118 247
118 248
118 249
118 250
118 251
118 252
118 253
118 254
118 255
118 256
118 257
118 258
118 260
118 261
118 263
118 265
118 266
118 267
118 268
118 269
118 270
118 271
118 272
118 273
118 274
118 275
118 276
118 277
118 278
118 279
118 280
118 281
118 282
118 283
118 284
118 285
118 286
118 287
118 288
118 289
118 290
118 291
118 292
118 293
118 294
118 295
118 296
118 297
118 298
118 299
119 121
119 122
119 124
119 126
119 130
119 134
119 147
119 157
119 159
119 161
119 162
119 163
119 164
119 166
119 168
119 170
119 174
119 178
119 183
119 186
119 188
119 189
119 194
119 197
119 198
119 203
119 208
119 209
119 229
119 232
119 235
119 243
119 244
119 249
119 250
119 253
119 255
119 256
119 257
119 259
119 261
119 262
119 264
119 266
119 267
119 269
119 270
119 276
119 277
119 278
119 283
119 286
119 291
119 294
119 295
119 296
119 298
120 121
120 122
120 124
120 126
120 130
120 134
120 147
120 157
120 159
120 161
120 162
120 163
120 164
120 166
120 168
120 170
120 174
120 178
120 183
120 186
120 188
120 189
120 194
120 197
120 198
120 203
120 208
120 209
120 229
120 232
120 235
120 243
120 244
120 249
120 250
120 253
120 255
120 256
120 257
120 259
120 261
120 262
120 264
120 266
120 267
120 269
120 270
120 276
120 277
120 278
120 283
120 286
120 291
120 294
120 295
120 296
120 298
121 122
121 123
121 124
121 125
121 126
121 127
121 128
121 129
121 130
121 131
121 132
121 133
121 134
121 135
121 136
121 137
121 138
121 139
121 140
121 141
121 142
121 143
121 144
121 145
121 146
121 147
121 148
121 149
121 150
121 151
121 152
121 153
121 154
121 155
121 156
121 157
121 158
121 159
121 160
121 161
121 162
121 163
121 164
121 165
121 166
121 167
121 168
121 169
121 170
121 171
121 172
121 173
121 174
121 175
121 176
121 177
121 178
121 179
121 180
121 181
121 182
121 184
121 185
121 186
121 187
121 188
121 189
121 190
121 191
121 192
121 193
121 194
121 195
121 196
121 197
121 198
121 199
121 200
121 201
121 202
121 203
121 204
121 205
121 206
121 207
121 208
121 209
121 210
121 211
121 212
121 213
121 214
121 215
121 216
121 217
121 218
121 219
121 220
121 221
121 222
121 223
121 224
121 225
121 226
121 227
121 228
121 229
121 230
121 231
121 232
121 233
121 234
121 236
121 237
121 238
121 239
121 240
121 241
121 242
121 244
121 245
121 246
121 247
121 248
121 249
121 250
121 251
121 252
121 253
121 254
121 255
121 256
121 257
121 258
121 259
121 260
121 261
121 262
121 263
121 264
121 265
121 266
121 267
121 268
121 269
121 270
121 271
121 272
121 273
121 274
121 275
121 277
121 278
121 279
121 280
121 281
121 282
121 283
121 284
121 285
121 286
121 287
121 288
121 289
121 290
121 291
121 292
121 293
121 294
121 295
121 296
121 297
121 298
121 299
122 123
122 124
122 125
122 127
122 128
122 129
122 130
122 131
122 132
122 133
122 134
122 135
122 136
122 137
122 138
122 139
122 140
122 141
122 142
122 143
122 144
122 145
122 146
122 147
122 148
122 149
122 150
122 151
122 152
122 153
122 154
122 155
122 156
122 157
122 158
122 159
122 160
122 161
122 162
122 163
122 164
122 165
122 166
122 167
122 168
122 169
122 170
122 171
122 172
122 173
122 174
122 175
122 176
122 177
122 178
122 179
122 180
122 181
122 182
122 183
122 184
122 185
122 186
122 187
122 188
122 189
122 190
122 191
122 192
122 193
122 194
122 195
122 196
122 198
122 199
122 200
122 201
122 202
122 203
122 204
122 205
122 206
122 207
122 208
122 209
122 210
122 211
122 212
122 213
122 214
122 215
122 216
122 217
122 218
122 219
122 220
122 221
122 222
122 223
122 224
122 225
122 226
122 227
122 228
122 230
122 231
122 232
122 233
122 234
122 235
122 236
122 237
122 238
122 239
122 240
122 241
122 242
122 243
122 244
122 245
122 246
122 247
122 248
122 249
122 250
122 251
122 252
122 253
122 254
122 255
122 257
122 258
122 259
122 260
122 261
122 262
122 263
122 264
122 265
122 266
122 267
122 268
122 269
122 270
122 271
122 272
122 273
122 274
122 275
122 276
122 277
122 278
122 279
122 280
122 281
122 282
122 284
122 285
122 287
122 288
122 289
122 290
122 291
122 292
122 293
122 294
122 295
122 296
122 297
122 298
122 299
123 124
123 126
123 130
123 134
123 147
123 157
123 159
123 161
123 162
123 163
123 164
123 166
123 168
123 170
123 174
123 178
123 183
123 186
123 188
123 189
123 194
123 197
123 198
123 203
123 208
123 209
123 229
123 232
123 235
123 243
123 244
123 249
123 250
123 253
123 255
123 256
123 257
123 259
123 261
123 262
123 264
123 266
123 267
123 269
123 270
123 276
123 277
123 278
123 283
123 286
123 291
123 294
123 295
123 296
123 298
124 125
124 126
124 127
124 128
124 129
124 130
124 131
124 132
124 133
124 134
124 135
124 136
124 137
124 138
124 139
124 140
124 141
124 142
124 143
124 144
124 145
124 146
124 147
124 148
124 149
124 150
124 151
124 152
124 153
124 154
124 155
124 156
124 158
124 159
124 160
124 161
124 162
124 163
124 164
124 165
124 167
124 168
124 169
124 170
124 171
124 172
124 173
124 174
124 175
124 176
124 177
124 178
124 179
124 180
124 181
124 182
124 183
124 184
124 185
124 186
124 187
124 188
124 189
124 190
124 191
124 192
124 193
124 194
124 195
124 196
124 197
124 198
124 199
124 200
124 201
124 202
124 203
124 204
124 205
124 206
124 207
124 208
124 210
124 211
124 212
124 213
124 214
124 215
124 216
124 217
124 218
124 219
124 220
124 221
124 222
124 223
124 224
124 225
124 226
124 227
124 228
124 229
124 230
124 231
124 232
124 233
124 234
124 235
124 236
124 237
124 238
124 239
124 240
124 241
124 242
124 243
124 245
124 246
124 247
124 248
124 249
124 250
124 251
124 252
124 253
124 254
124 255
124 256
124 257
124 258
124 259
124 260
124 261
124 262
124 263
124 264
124 265
124 266
124 267
124 268
124 269
124 270
124 271
124 272
124 273
124 274
124 275
124 276
124 277
124 278
124 279
124 280
124 281
124 282
124 283
124 284
124 285
124 286
124 287
124 288
124 289
124 290
124 291
124 292
124 293
124 294
124 295
124 297
124 298
124 299
125 126
125 130
125 134
125 147
125 157
125 159
125 161
125 162
125 163
125 164
125 166
125 168
125 170
125 174
125 178
125 183
125 186
125 188
125 189
125 194
125 197
125 198
125 203
125 208
125 209
125 229
125 232
125 235
125 243
125 244
125 249
125 250
125 253
125 255
125 256
125 257
125 259
125 261
125 262
125 264
125 266
125 267
125 269
125 270
125 276
125 277
125 278
125 283
125 286
125 291
125 294
125 295
125 296
125 298
126 127
126 128
126 129
126 130
126 131
126 132
126 133
126 134
126 135
126 136
126 137
126 138
126 139
126 140
126 141
126 142
126 143
126 144
126 145
126 146
126 147
126 148
126 149
126 150
126 151
126 152
126 153
126 154
126 155
126 156
126 157
126 158
126 159
126 160
126 161
126 162
126 163
126 164
126 165
126 166
126 167
126 168
126 169
126 170
126 171
126 172
126 173
126 174
126 175
126 176
126 177
126 178
126 179
126 180
126 181
126 182
126 183
126 184
126 185
126 186
126 187
126 188
126 189
126 190
126 191
126 192
126 193
126 194
126 195
126 196
126 198
126 199
126 200
126 201
126 202
126 203
126 204
126 205
126 206
126 207
126 208
126 209
126 210
126 211
126 212
126 213
126 214
126 215
126 216
126 217
126 218
126 219
126 220
126 221
126 222
126 223
126 224
126 225
126 226
126 227
126 228
126 230
126 231
126 232
126 233
126 234
126 235
126 236
126 237
126 238
126 239
126 240
126 241
126 242
126 243
126 244
126 245
126 246
126 247
126 248
126 249
126 250
126 251
126 252
126 253
126 254
126 255
126 257
126 258
126 259
126 260
126 261
126 262
126 263
126 264
126 265
126 266
126 267
126 268
126 269
126 270
126 271
126 272
126 273
126 274
126 275
126 276
126 277
126 278
126 279
126 280
126 281
126 282
126 284
126 285
126 287
126 288
126 289
126 290
126 291
126 292
126 293
126 294
126 295
126 296
126 297
126 298
126 299
127 130
127 134
127 147
127 157
127 159
127 161
127 162
127 163
127 164
127 166
127 168
127 170
127 174
127 178
127 183
127 186
127 188
127 189
127 194
127 197
127 198
127 203
127 208
127 209
127 229
127 232
127 235
127 243
127 244
127 249
127 250
127 253
127 255
127 256
127 257
127 259
127 261
127 262
127 264
127 266
127 267
127 269
127 270
127 276
127 277
127 278
127 283
127 286
127 291
127 294
127 295
127 296
127 298
128 130
128 134
128 147
128 157
128 159
128 161
128 162
128 163
128 164
128 166
128 168
128 170
128 174
128 178
128 183
128 186
128 188
128 189
128 194
128 197
128 198
128 203
128 208
128 209
128 229
128 232
128 235
128 243
128 244
128 249
128 250
128 253
128 255
128 256
128 257
128 259
128 261
128 262
128 264
128 266
128 267
128 269
128 270
128 276
128 277
128 278
128 283
128 286
128 291
128 294
128 295
128 296
128 298
129 130
129 134
129 147
129 157
129 159
129 161
129 162
129 163
129 164
129 166
129 168
129 170
129 174
129 178
129 183
129 186
129 188
129 189
129 194
129 197
129 198
129 203
129 208
129 209
129 229
129 232
129 235
129 243
129 244
129 249
129 250
129 253
129 255
129 256
129 257
129 259
129 261
129 262
129 264
129 266
129 267
129 269
129 270
129 276
129 277
129 278
129 283
129 286
129 291
129 294
129 295
129 296
129 298
130 131
130 132
130 133
130 135
130 136
130 137
130 138
130 139
130 140
130 141
130 142
130 143
130 144
130 145
130 146
130 147
130 148
130 149
130 150
130 151
130 152
130 153
130 154
130 155
130 156
130 157
130 158
130 159
130 160
130 161
130 162
130 163
130 165
130 166
130 167
130 168
130 169
130 170
130 171
130 172
130 173
130 174
130 175
130 176
130 177
130 178
130 179
130 180
130 181
130 182
130 183
130 184
130 185
130 186
130 187
130 188
130 189
130 190
130 191
130 192
130 193
130 194
130 195
130 196
130 197
130 198
130 199
130 200
130 201
130 202
130 203
130 204
130 205
130 206
130 207
130 208
130 209
130 210
130 211
130 212
130 213
130 214
130 215
130 216
130 217
130 218
130 219
130 220
130 221
130 222
130 223
130 224
130 225
130 226
130 227
130 228
130 229
130 230
130 231
130 232
130 233
130 234
130 235
130 236
130 237
130 238
130 239
130 240
130 241
130 242
130 243
130 244
130 245
130 246
130 247
130 248
130 249
130 251
130 252
130 253
130 254
130 255
130 256
130 257
130 258
130 259
130 260
130 261
130 262
130 263
130 264
130 265
130 267
130 268
130 269
130 270
130 271
130 272
130 273
130 274
130 275
130 276
130 277
130 278
130 279
130 280
130 281
130 282
130 283
130 284
130 285
130 286
130 287
130 288
130 289
130 290
130 291
130 292
130 293
130 294
130 296
130 297
130 298
130 299
131 134
131 147
131 157
131 159
131 161
131 162
131 163
131 164
131 166
131 168
131 170
131 174
131 178
131 183
131 186
131 188
131 189
131 194
131 197
131 198
131 203
131 208
131 209
131 229
131 232
131 235
131 243
131 244
131 249
131 250
131 253
131 255
131 256
131 257
131 259
131 261
131 262
131 264
131 266
131 267
131 269
131 270
131 276
131 277
131 278
131 283
131 286
131 291
131 294
131 295
131 296
131 298
132 134
132 147
132 157
132 159
132 161
132 162
132 163
132 164
132 166
132 168
132 170
132 174
132 178
132 183
132 186
132 188
132 189
132 194
132 197
132 198
132 203
132 208
132 209
132 229
132 232
132 235
132 243
132 244
132 249
132 250
132 253
132 255
132 256
132 257
132 259
132 261
132 262
132 264
132 266
132 267
132 269
132 270
132 276
132 277
132 278
132 283
132 286
132 291
132 294
132 295
132 296
132 298
133 134
133 147
133 157
133 159
133 161
133 162
133 163
133 164
133 166
133 168
133 170
133 174
133 178
133 183
133 186
133 188
133 189
133 194
133 197
133 198
133 203
133 208
133 209
133 229
133 232
133 235
133 243
133 244
133 249
133 250
133 253
133 255
133 256
133 257
133 259
133 261
133 262
133 264
133 266
133 267
133 269
133 270
133 276
133 277
133 278
133 283
133 286
133 291
133 294
133 295
133 296
133 298
134 135
134 136
134 137
134 138
134 139
134 140
134 141
134 142
134 143
134 144
134 145
134 146
134 147
134 148
134 149
134 150
134 151
134 152
134 153
134 154
134 155
134 156
134 157
134 158
134 159
134 160
134 161
134 162
134 163
134 165
134 166
134 167
134 168
134 169
134 170
134 171
134 172
134 173
134 174
134 175
134 176
134 177
134 178
134 179
134 180
134 181
134 182
134 183
134 184
134 185
134 186
134 187
134 188
134 189
134 190
134 191
134 192
134 193
134 194
134 195
134 196
134 197
134 198
134 199
134 200
134 201
134 202
134 203
134 204
134 205
134 206
134 207
134 208
134 209
134 210
134 211
134 212
134 213
134 214
134 215
134 216
134 217
134 218
134 219
134 220
134 221
134 222
134 223
134 224
134 225
134 226
134 227
134 228
134 229
134 230
134 231
134 232
134 233
134 234
134 235
134 236
134 237
134 238
134 239
134 240
134 241
134 242
134 243
134 244
134 245
134 246
134 247
134 248
134 249
134 251
134 252
134 253
134 254
134 255
134 256
134 257
134 258
134 259
134 260
134 261
134 262
134 263
134 264
134 265
134 267
134 268
134 269
134 270
134 271
134 272
134 273
134 274
134 275
134 276
134 277
134 278
134 279
134 280
134 281
134 282
134 283
134 284
134 285
134 286
134 287
134 288
134 289
134 290
134 291
134 292
134 293
134 294
134 296
134 297
134 298
134 299
135 147
135 157
135 159
135 161
135 162
135 163
135 164
135 166
135 168
135 170
135 174
135 178
135 183
135 186
135 188
135 189
135 194
135 197
135 198
135 203
135 208
135 209
135 229
135 232
135 235
135 243
135 244
135 249
135 250
135 253
135 255
135 256
135 257
135 259
135 261
135 262
135 264
135 266
135 267
135 269
135 270
135 276
135 277
135 278
135 283
135 286
135 291
135 294
135 295
135 296
135 298
136 147
136 157
136 159
136 161
136 162
136 163
136 164
136 166
136 168
136 170
136 174
136 178
136 183
136 186
136 188
136 189
136 194
136 197
136 198
136 203
136 208
136 209
136 229
136 232
136 235
136 243
136 244
136 249
136 250
136 253
136 255
136 256
136 257
136 259
136 261
136 262
136 264
136 266
136 267
136 269
136 270
136 276
136 277
136 278
136 283
136 286
136 291
136 294
136 295
136 296
136 298
137 147
137 157
137 159
137 161
137 162
137 163
137 164
137 166
137 168
137 170
137 174
137 178
137 183
137 186
137 188
137 189
137 194
137 197
137 198
137 203
137 208
137 209
137 229
137 232
137 235
137 243
137 244
137 249
137 250
137 253
137 255
137 256
137 257
137 259
137 261
137 262
137 264
137 266
137 267
137 269
137 270
137 276
137 277
137 278
137 283
137 286
137 291
137 294
137 295
137 296
137 298
138 147
138 157
138 159
138 161
138 162
138 163
138 164
138 166
138 168
138 170
138 174
138 178
138 183
138 186
138 188
138 189
138 194
138 197
138 198
138 203
138 208
138 209
138 229
138 232
138 235
138 243
138 244
138 249
138 250
138 253
138 255
138 256
138 257
138 259
138 261
138 262
138 264
138 266
138 267
138 269
138 270
138 276
138 277
138 278
138 283
138 286
138 291
138 294
138 295
138 296
138 298
139 147
139 157
139 159
139 161
139 162
139 163
139 164
139 166
139 168
139 170
139 174
139 178
139 183
139 186
139 188
139 189
139 194
139 197
139 198
139 203
139 208
139 209
139 229
139 232
139 235
139 243
139 244
139 249
139 250
139 253
139 255
139 256
139 257
139 259
139 261
139 262
139 264
139 266
139 267
139 269
139 270
139 276
139 277
139 278
139 283
139 286
139 291
139 294
139 295
139 296
139 298
140 147
140 157
140 159
140 161
140 162
140 163
140 164
140 166
140 168
140 170
140 174
140 178
140 183
140 186
140 188
140 189
140 194
140 197
140 198
140 203
140 208
140 209
140 229
140 232
140 235
140 243
140 244
140 249
140 250
140 253
140 255
140 256
140 257
140 259
140 261
140 262
140 264
140 266
140 267
140 269
140 270
140 276
140 277
140 278
140 283
140 286
140 291
140 294
140 295
140 296
140 298
141 147
141 157
141 159
141 161
141 162
141 163
141 164
141 166
141 168
141 170
141 174
141 178
141 183
141 186
141 188
141 189
141 194
141 197
141 198
141 203
141 208
141 209
141 229
141 232
141 235
141 243
141 244
141 249
141 250
141 253
141 255
141 256
141 257
141 259
141 261
141 262
141 264
141 266
141 267
141 269
141 270
141 276
141 277
141 278
141 283
141 286
141 291
141 294
141 295
141 296
141 298
142 147
142 157
142 159
142 161
142 162
142 163
142 164
142 166
142 168
142 170
142 174
142 178
142 183
142 186
142 188
142 189
142 194
142 197
142 198
142 203
142 208
142 209
142 229
142 232
142 235
142 243
142 244
142 249
142 250
142 253
142 255
142 256
142 257
142 259
142 261
142 262
142 264
142 266
142 267
142 269
142 270
142 276
142 277
142 278
142 283
142 286
142 291
142 294
142 295
142 296
142 298
143 147
143 157
143 159
143 161
143 162
143 163
143 164
143 166
143 168
143 170
143 174
143 178
143 183
143 186
143 188
143 189
143 194
143 197
143 198
143 203
143 208
143 209
143 229
143 232
143 235
143 243
143 244
143 249
143 250
143 253
143 255
143 256
143 257
143 259
143 261
143 262
143 264
143 266
143 267
143 269
143 270
143 276
143 277
143 278
143 283
143 286
143 291
143 294
143 295
143 296
143 298
144 147
144 157
144 159
144 161
144 162
144 163
144 164
144 166
144 168
144 170
144 174
144 178
144 183
144 186
144 188
144 189
144 194
144 197
144 198
144 203
144 208
144 209
144 229
144 232
144 235
144 243
144 244
144 249
144 250
144 253
144 255
144 256
144 257
144 259
144 261
144 262
144 264
144 266
144 267
144 269
144 270
144 276
144 277
144 278
144 283
144 286
144 291
144 294
144 295
144 296
144 298
145 147
145 157
145 159
145 161
145 162
145 163
145 164
145 166
145 168
145 170
145 174
145 178
145 183
145 186
145 188
145 189
145 194
145 197
145 198
145 203
145 208
145 209
145 229
145 232
145 235
145 243
145 244
145 249
145 250
145 253
145 255
145 256
145 257
145 259
145 261
145 262
145 264
145 266
145 267
145 269
145 270
145 276
145 277
145 278
145 283
145 286
145 291
145 294
145 295
145 296
145 298
146 147
146 157
146 159
146 161
146 162
146 163
146 164
146 166
146 168
146 170
146 174
146 178
146 183
146 186
146 188
146 189
146 194
146 197
146 198
146 203
146 208
146 209
146 229
146 232
146 235
146 243
146 244
146 249
146 250
146 253
146 255
146 256
146 257
146 259
146 261
146 262
146 264
146 266
146 267
146 269
146 270
146 276
146 277
146 278
146 283
146 286
146 291
146 294
146 295
146 296
146 298
147 148
147 149
147 150
147 151
147 152
147 153
147 154
147 155
147 156
147 157
147 158
147 159
147 160
147 161
147 162
147 163
147 164
147 165
147 166
147 167
147 168
147 169
147 170
147 171
147 172
147 173
147 174
147 175
147 176
147 177
147 178
147 179
147 180
147 181
147 182
147 183
147 184
147 185
147 187
147 188
147 189
147 190
147 191
147 192
147 193
147 195
147 196
147 197
147 199
147 200
147 201
147 202
147 203
147 204
147 205
147 206
147 207
147 208
147 209
147 210
147 211
147 212
147 213
147 214
147 215
147 216
147 217
147 218
147 219
147 220
147 221
147 222
147 223
147 224
147 225
147 226
147 227
147 228
147 229
147 230
147 231
147 232
147 233
147 234
147 235
147 236
147 237
147 238
147 239
147 240
147 241
147 242
147 243
147 244
147 245
147 246
147 247
147 248
147 249
147 250
147 251
147 252
147 254
147 255
147 256
147 258
147 259
147 260
147 261
147 262
147 263
147 264
147 265
147 266
147 267
147 268
147 269
147 270
147 271
147 272
147 273
147 274
147 275
147 276
147 277
147 278
147 279
147 280
147 281
147 282
147 283
147 284
147 285
147 286
147 287
147 288
147 289
147 290
147 291
147 292
147 293
147 295
147 296
147 297
147 298
147 299
148 157
148 159
148 161
148 162
148 163
148 164
148 166
148 168
148 170
148 174
148 178
148 183
148 186
148 188
148 189
148 194
148 197
148 198
148 203
148 208
148 209
148 229
148 232
148 235
148 243
148 244
148 249
148 250
148 253
148 255
148 256
148 257
148 259
148 261
148 262
148 264
148 266
148 267
148 269
148 270
148 276
148 277
148 278
148 283
148 286
148 291
148 294
148 295
148 296
148 298
149 157
149 159
149 161
149 162
149 163
149 164
149 166
149 168
149 170
149 174
149 178
149 183
149 186
149 188
149 189
149 194
149 197
149 198
149 203
149 208
149 209
149 229
149 232
149 235
149 243
149 244
149 249
149 250
149 253
149 255
149 256
149 257
149 259
149 261
149 262
149 264
149 266
149 267
149 269
149 270
149 276
149 277
149 278
149 283
149 286
149 291
149 294
149 295
149 296
149 298
150 157
150 159
150 161
150 162
150 163
150 164
150 166
150 168
150 170
150 174
150 178
150 183
150 186
150 188
150 189
150 194
150 197
150 198
150 203
150 208
150 209
150 229
150 232
150 235
150 243
150 244
150 249
150 250
150 253
150 255
150 256
150 257
150 259
150 261
150 262
150 264
150 266
150 267
150 269
150 270
150 276
150 277
150 278
150 283
150 286
150 291
150 294
150 295
150 296
150 298
151 157
151 159
151 161
151 162
151 163
151 164
151 166
151 168
151 170
151 174
151 178
151 183
151 186
151 188
151 189
151 194
151 197
151 198
151 203
151 208
151 209
151 229
151 232
151 235
151 243
151 244
151 249
151 250
151 253
151 255
151 256
151 257
151 259
151 261
151 262
151 264
151 266
151 267
151 269
151 270
151 276
151 277
151 278
151 283
151 286
151 291
151 294
151 295
151 296
151 298
152 157
152 159
152 161
152 162
152 163
152 164
152 166
152 168
152 170
152 174
152 178
152 183
152 186
152 188
152 189
152 194
152 197
152 198
152 203
152 208
152 209
152 229
152 232
152 235
152 243
152 244
152 249
152 250
152 253
152 255
152 256
152 257
152 259
152 261
152 262
152 264
152 266
152 267
152 269
152 270
152 276
152 277
152 278
152 283
152 286
152 291
152 294
152 295
152 296
152 298
153 157
153 159
153 161
153 162
153 163
153 164
153 166
153 168
153 170
153 174
153 178
153 183
153 186
153 188
153 189
153 194
153 197
153 198
153 203
153 208
153 209
153 229
153 232
153 235
153 243
153 244
153 249
153 250
153 253
153 255
153 256
153 257
153 259
153 261
153 262
153 264
153 266
153 267
153 269
153 270
153 276
153 277
153 278
153 283
153 286
153 291
153 294
153 295
153 296
153 298
154 157
154 159
154 161
154 162
154 163
154 164
154 166
154 168
154 170
154 174
154 178
154 183
154 186
154 188
154 189
154 194
154 197
154 198
154 203
154 208
154 209
154 229
154 232
154 235
154 243
154 244
154 249
154 250
154 253
154 255
154 256
154 257
154 259
154 261
154 262
154 264
154 266
154 267
154 269
154 270
154 276
154 277
154 278
154 283
154 286
154 291
154 294
154 295
154 296
154 298
155 157
155 159
155 161
155 162
155 163
155 164
155 166
155 168
155 170
155 174
155 178
155 183
155 186
155 188
155 189
155 194
155 197
155 198
155 203
155 208
155 209
155 229
155 232
155 235
155 243
155 244
155 249
155 250
155 253
155 255
155 256
155 257
155 259
155 261
155 262
155 264
155 266
155 267
155 269
155 270
155 276
155 277
155 278
155 283
155 286
155 291
155 294
155 295
155 296
155 298
156 157
156 159
156 161
156 162
156 163
156 164
156 166
156 168
156 170
156 174
156 178
156 183
156 186
156 188
156 189
156 194
156 197
156 198
156 203
156 208
156 209
156 229
156 232
156 235
156 243
156 244
156 249
156 250
156 253
156 255
156 256
156 257
156 259
156 261
156 262
156 264
156 266
156 267
156 269
156 270
156 276
156 277
156 278
156 283
156 286
156 291
156 294
156 295
156 296
156 298
157 158
157 159
157 160
157 161
157 162
157 163
157 164
157 165
157 167
157 168
157 169
157 170
157 171
157 172
157 173
157 174
157 175
157 176
157 177
157 178
157 179
157 180
157 181
157 182
157 183
157 184
157 185
157 186
157 187
157 188
157 189
157 190
157 191
157 192
157 193
157 194
157 195
157 196
157 197
157 198
157 199
157 200
157 201
157 202
157 203
157 204
157 205
157 206
157 207
157 208
157 210
157 211
157 212
157 213
157 214
157 215
157 216
157 217
157 218
157 219
157 220
157 221
157 222
157 223
157 224
157 225
157 226
157 227
157 228
157 229
157 230
157 231
157 232
157 233
157 234
157 235
157 236
157 237
157 238
157 239
157 240
157 241
157 242
157 243
157 245
157 246
157 247
157 248
157 249
157 250
157 251
157 252
157 253
157 254
157 255
157 256
157 257
157 258
157 259
157 260
157 261
157 262
157 263
157 264
157 265
157 266
157 267
157 268
157 269
157 270
157 271
157 272
157 273
157 274
157 275
157 276
157 277
157 278
157 279
157 280
157 281
157 282
157 283
157 284
157 285
157 286
157 287
157 288
157 289
157 290
157 291
157 292
157 293
157 294
157 295
157 297
157 298
157 299
158 159
158 161
158 162
158 163
158 164
158 166
158 168
158 170
158 174
158 178
158 183
158 186
158 188
158 189
158 194
158 197
158 198
158 203
158 208
158 209
158 229
158 232
158 235
158 243
158 244
158 249
158 250
158 253
158 255
158 256
158 257
158 259
158 261
158 262
158 264
158 266
158 267
158 269
158 270
158 276
158 277
158 278
158 283
158 286
158 291
158 294
158 295
158 296
158 298
159 160
159 161
159 162
159 163
159 164
159 165
159 166
159 167
159 169
159 170
159 171
159 172
159 173
159 174
159 175
159 176
159 177
159 178
159 179
159 180
159 181
159 182
159 183
159 184
159 185
159 186
159 187
159 188
159 189
159 190
159 191
159 192
159 193
159 194
159 195
159 196
159 197
159 198
159 199
159 200
159 201
159 202
159 204
159 205
159 206
159 207
159 208
159 209
159 210
159 211
159 212
159 213
159 214
159 215
159 216
159 217
159 218
159 219
159 220
159 221
159 222
159 223
159 224
159 225
159 226
159 227
159 228
159 229
159 230
159 231
159 232
159 233
159 234
159 235
159 236
159 237
159 238
159 239
159 240
159 241
159 242
159 243
159 244
159 245
159 246
159 247
159 248
159 250
159 251
159 252
159 253
159 254
159 255
159 256
159 257
159 258
159 259
159 260
159 262
159 263
159 264
159 265
159 266
159 267
159 268
159 270
159 271
159 272
159 273
159 274
159 275
159 276
159 278
159 279
159 280
159 281
159 282
159 283
159 284
159 285
159 286
159 287
159 288
159 289
159 290
159 291
159 292
159 293
159 294
159 295
159 296
159 297
159 298
159 299
160 161
160 162
160 163
160 164
160 166
160 168
160 170
160 174
160 178
160 183
160 186
160 188
160 189
160 194
160 197
160 198
160 203
160 208
160 209
160 229
160 232
160 235
160 243
160 244
160 249
160 250
160 253
160 255
160 256
160 257
160 259
160 261
160 262
160 264
160 266
160 267
160 269
160 270
160 276
160 277
160 278
160 283
160 286
160 291
160 294
160 295
160 296
160 298
161 163
161 164
161 165
161 166
161 167
161 168
161 169
161 170
161 171
161 172
161 173
161 174
161 175
161 176
161 177
161 178
161 179
161 180
161 181
161 182
161 183
161 184
161 185
161 186
161 187
161 189
161 190
161 191
161 192
161 193
161 194
161 195
161 196
161 197
161 198
161 199
161 200
161 201
161 202
161 203
161 204
161 205
161 206
161 207
161 209
161 210
161 211
161 212
161 213
161 214
161 215
161 216
161 217
161 218
161 219
161 220
161 221
161 222
161 223
161 224
161 225
161 226
161 227
161 228
161 229
161 230
161 231
161 233
161 234
161 235
161 236
161 237
161 238
161 239
161 240
161 241
161 242
161 243
161 244
161 245
161 246
161 247
161 248
161 249
161 250
161 251
161 252
161 253
161 254
161 255
161 256
161 257
161 258
161 260
161 261
161 263
161 265
161 266
161 267
161 268
161 269
161 270
161 271
161 272
161 273
161 274
161 275
161 276
161 277
161 278
161 279
161 280
161 281
161 282
161 283
161 284
161 285
161 286
161 287
161 288
161 289
161 290
161 291
161 292
161 293
161 294
161 295
161 296
161 297
161 298
161 299
162 163
162 164
162 165
162 166
162 167
162 168
162 169
162 170
162 171
162 172
162 173
162 174
162 175
162 176
162 177
162 178
162 179
162 180
162 181
162 182
162 183
162 184
162 185
162 186
162 187
162 189
162 190
162 191
162 192
162 193
162 194
162 195
162 196
162 197
162 198
162 199
162 200
162 201
162 202
162 203
162 204
162 205
162 206
162 207
162 209
162 210
162 211
162 212
162 213
162 214
162 215
162 216
162 217
162 218
162 219
162 220
162 221
162 222
162 223
162 224
162 225
162 226
162 227
162 228
162 229
162 230
162 231
162 233
162 234
162 235
162 236
162 237
162 238
162 239
162 240
162 241
162 242
162 243
162 244
162 245
162 246
162 247
162 248
162 249
162 250
162 251
162 252
162 253
162 254
162 255
162 256
162 257
162 258
162 260
162 261
162 263
162 265
162 266
162 267
162 268
162 269
162 270
162 271
162 272
162 273
162 274
162 275
162 276
162 277
162 278
162 279
162 280
162 281
162 282
162 283
162 284
162 285
162 286
162 287
162 288
162 289
162 290
162 291
162 292
162 293
162 294
162 295
162 296
162 297
162 298
162 299
163 164
163 165
163 166
163 167
163 168
163 169
163 170
163 171
163 172
163 173
163 175
163 176
163 177
163 179
163 180
163 181
163 182
163 183
163 184
163 185
163 186
163 187
163 188
163 189
163 190
163 191
163 192
163 193
163 194
163 195
163 196
163 197
163 198
163 199
163 200
163 201
163 202
163 203
163 204
163 205
163 206
163 207
163 208
163 209
163 210
163 211
163 212
163 213
163 214
163 215
163 216
163 217
163 218
163 219
163 220
163 221
163 222
163 223
163 224
163 225
163 226
163 227
163 228
163 229
163 230
163 231
163 232
163 233
163 234
163 235
163 236
163 237
163 238
163 239
163 240
163 241
163 242
163 243
163 244
163 245
163 246
163 247
163 248
163 249
163 250
163 251
163 252
163 253
163 254
163 255
163 256
163 257
163 258
163 259
163 260
163 261
163 262
163 263
163 264
163 265
163 266
163 267
163 268
163 269
163 270
163 271
163 272
163 273
163 274
163 275
163 276
163 277
163 279
163 280
163 281
163 282
163 283
163 284
163 285
163 286
163 287
163 288
163 289
163 290
163 292
163 293
163 294
163 295
163 296
163 297
163 298
163 299
164 165
164 166
164 167
164 168
164 169
164 170
164 171
164 172
164 173
164 174
164 175
164 176
164 177
164 178
164 179
164 180
164 181
164 182
164 183
164 184
164 185
164 186
164 187
164 188
164 189
164 190
164 191
164 192
164 193
164 194
164 195
164 196
164 197
164 198
164 199
164 200
164 201
164 202
164 203
164 204
164 205
164 206
164 207
164 208
164 209
164 210
164 211
164 212
164 213
164 214
164 215
164 216
164 217
164 218
164 219
164 220
164 221
164 222
164 223
164 224
164 225
164 226
164 227
164 228
164 229
164 230
164 231
164 232
164 233
164 234
164 235
164 236
164 237
164 238
164 239
164 240
164 241
164 242
164 243
164 244
164 245
164 246
164 247
164 248
164 249
164 251
164 252
164 253
164 254
164 255
164 256
164 257
164 258
164 259
164 260
164 261
164 262
164 263
164 264
164 265
164 267
164 268
164 269
164 270
164 271
164 272
164 273
164 274
164 275
164 276
164 277
164 278
164 279
164 280
164 281
164 282
164 283
164 284
164 285
164 286
164 287
164 288
164 289
164 290
164 291
164 292
164 293
164 294
164 296
164 297
164 298
164 299
165 166
165 168
165 170
165 174
165 178
165 183
165 186
165 188
165 189
165 194
165 197
165 198
165 203
165 208
165 209
165 229
165 232
165 235
165 243
165 244
165 249
165 250
165 253
165 255
165 256
165 257
165 259
165 261
165 262
165 264
165 266
165 267
165 269
165 270
165 276
165 277
165 278
165 283
165 286
165 291
165 294
165 295
165 296
165 298
166 167
166 168
166 169
166 170
166 171
166 172
166 173
166 174
166 175
166 176
166 177
166 178
166 179
166 180
166 181
166 182
166 183
166 184
166 185
166 186
166 187
166 188
166 189
166 190
166 191
166 192
166 193
166 194
166 195
166 196
166 197
166 198
166 199
166 200
166 201
166 202
166 203
166 204
166 205
166 206
166 207
166 208
166 210
166 211
166 212
166 213
166 214
166 215
166 216
166 217
166 218
166 219
166 220
166 221
166 222
166 223
166 224
166 225
166 226
166 227
166 228
166 229
166 230
166 231
166 232
166 233
166 234
166 235
166 236
166 237
166 238
166 239
166 240
166 241
166 242
166 243
166 245
166 246
166 247
166 248
166 249
166 250
166 251
166 252
166 253
166 254
166 255
166 256
166 257
166 258
166 259
166 260
166 261
166 262
166 263
166 264
166 265
166 266
166 267
166 268
166 269
166 270
166 271
166 272
166 273
166 274
166 275
166 276
166 277
166 278
166 279
166 280
166 281
166 282
166 283
166 284
166 285
166 286
166 287
166 288
166 289
166 290
166 291
166 292
166 293
166 294
166 295
166 297
166 298
166 299
167 168
167 170
167 174
167 178
167 183
167 186
167 188
167 189
167 194
167 197
167 198
167 203
167 208
167 209
167 229
167 232
167 235
167 243
167 244
167 249
167 250
167 253
167 255
167 256
167 257
167 259
167 261
167 262
167 264
167 266
167 267
167 269
167 270
167 276
167 277
167 278
167 283
167 286
167 291
167 294
167 295
167 296
167 298
168 169
168 170
168 171
168 172
168 173
168 174
168 175
168 176
168 177
168 178
168 179
168 180
168 181
168 182
168 183
168 184
168 185
168 186
168 187
168 188
168 189
168 190
168 191
168 192
168 193
168 194
168 195
168 196
168 197
168 198
168 199
168 200
168 201
168 202
168 204
168 205
168 206
168 207
168 208
168 209
168 210
168 211
168 212
168 213
168 214
168 215
168 216
168 217
168 218
168 219
168 220
168 221
168 222
168 223
168 224
168 225
168 226
168 227
168 228
168 229
168 230
168 231
168 232
168 233
168 234
168 235
168 236
168 237
168 238
168 239
168 240
168 241
168 242
168 243
168 244
168 245
168 246
168 247
168 248
168 250
168 251
168 252
168 253
168 254
168 255
168 256
168 257
168 258
168 259
168 260
168 262
168 263
168 264
168 265
168 266
168 267
168 268
168 270
168 271
168 272
168 273
168 274
168 275
168 276
168 278
168 279
168 280
168 281
168 282
168 283
168 284
168 285
168 286
168 287
168 288
168 289
168 290
168 291
168 292
168 293
168 294
168 295
168 296
168 297
168 298
168 299
169 170
169 174
169 178
169 183
169 186
169 188
169 189
169 194
169 197
169 198
169 203
169 208
169 209
169 229
169 232
169 235
169 243
169 244
169 249
169 250
169 253
169 255
169 256
169 257
169 259
169 261
169 262
169 264
169 266
169 267
169 269
169 270
169 276
169 277
169 278
169 283
169 286
169 291
169 294
169 295
169 296
169 298
170 171
170 172
170 173
170 174
170 175
170 176
170 177
170 178
170 179
170 180
170 181
170 182
170 183
170 184
170 185
170 186
170 187
170 188
170 190
170 191
170 192
170 193
170 194
170 195
170 196
170 197
170 198
170 199
170 200
170 201
170 202
170 203
170 204
170 205
170 206
170 207
170 208
170 209
170 210
170 211
170 212
170 213
170 214
170 215
170 216
170 217
170 218
170 219
170 220
170 221
170 222
170 223
170 224
170 225
170 226
170 227
170 228
170 229
170 230
170 231
170 232
170 233
170 234
170 235
170 236
170 237
170 238
170 239
170 240
170 241
170 242
170 243
170 244
170 245
170 246
170 247
170 248
170 249
170 250
170 251
170 252
170 253
170 254
170 256
170 257
170 258
170 259
170 260
170 261
170 262
170 263
170 264
170 265
170 266
170 268
170 269
170 271
170 272
170 273
170 274
170 275
170 276
170 277
170 278
170 279
170 280
170 281
170 282
170 283
170 284
170 285
170 286
170 287
170 288
170 289
170 290
170 291
170 292
170 293
170 294
170 295
170 296
170 297
170 299
171 174
171 178
171 183
171 186
171 188
171 189
171 194
171 197
171 198
171 203
171 208
171 209
171 229
171 232
171 235
171 243
171 244
171 249
171 250
171 253
171 255
171 256
171 257
171 259
171 261
171 262
171 264
171 266
171 267
171 269
171 270
171 276
171 277
171 278
171 283
171 286
171 291
171 294
171 295
171 296
171 298
172 174
172 178
172 183
172 186
172 188
172 189
172 194
172 197
172 198
172 203
172 208
172 209
172 229
172 232
172 235
172 243
172 244
172 249
172 250
172 253
172 255
172 256
172 257
172 259
172 261
172 262
172 264
172 266
172 267
172 269
172 270
172 276
172 277
172 278
172 283
172 286
172 291
172 294
172 295
172 296
172 298
173 174
173 178
173 183
173 186
173 188
173 189
173 194
173 197
173 198
173 203
173 208
173 209
173 229
173 232
173 235
173 243
173 244
173 249
173 250
173 253
173 255
173 256
173 257
173 259
173 261
173 262
173 264
173 266
173 267
173 269
173 270
173 276
173 277
173 278
173 283
173 286
173 291
173 294
173 295
173 296
173 298
174 175
174 176
174 177
174 179
174 180
174 181
174 182
174 183
174 184
174 185
174 186
174 187
174 188
174 189
174 190
174 191
174 192
174 193
174 194
174 195
174 196
174 197
174 198
174 199
174 200
174 201
174 202
174 203
174 204
174 205
174 206
174 207
174 208
174 209
174 210
174 211
174 212
174 213
174 214
174 215
174 216
174 217
174 218
174 219
174 220
174 221
174 222
174 223
174 224
174 225
174 226
174 227
174 228
174 229
174 230
174 231
174 232
174 233
174 234
174 235
174 236
174 237
174 238
174 239
174 240
174 241
174 242
174 243
174 244
174 245
174 246
174 247
174 248
174 249
174 250
174 251
174 252
174 253
174 254
174 255
174 256
174 257
174 258
174 259
174 260
174 261
174 262
174 263
174 264
174 265
174 266
174 267
174 268
174 269
174 270
174 271
174 272
174 273
174 274
174 275
174 276
174 277
174 279
174 280
174 281
174 282
174 283
174 284
174 285
174 286
174 287
174 288
174 289
174 290
174 292
174 293
174 294
174 295
174 296
174 297
174 298
174 299
175 178
175 183
175 186
175 188
175 189
175 194
175 197
175 198
175 203
175 208
175 209
175 229
175 232
175 235
175 243
175 244
175 249
175 250
175 253
175 255
175 256
175 257
175 259
175 261
175 262
175 264
175 266
175 267
175 269
175 270
175 276
175 277
175 278
175 283
175 286
175 291
175 294
175 295
175 296
175 298
176 178
176 183
176 186
176 188
176 189
176 194
176 197
176 198
176 203
176 208
176 209
176 229
176 232
176 235
176 243
176 244
176 249
176 250
176 253
176 255
176 256
176 257
176 259
176 261
176 262
176 264
176 266
176 267
176 269
176 270
176 276
176 277
176 278
176 283
176 286
176 291
176 294
176 295
176 296
176 298
177 178
177 183
177 186
177 188
177 189
177 194
177 197
177 198
177 203
177 208
177 209
177 229
177 232
177 235
177 243
177 244
177 249
177 250
177 253
177 255
177 256
177 257
177 259
177 261
177 262
177 264
177 266
177 267
177 269
177 270
177 276
177 277
177 278
177 283
177 286
177 291
177 294
177 295
177 296
177 298
178 179
178 180
178 181
178 182
178 183
178 184
178 185
178 186
178 187
178 188
178 189
178 190
178 191
178 192
178 193
178 194
178 195
178 196
178 197
178 198
178 199
178 200
178 201
178 202
178 203
178 204
178 205
178 206
178 207
178 208
178 209
178 210
178 211
178 212
178 213
178 214
178 215
178 216
178 217
178 218
178 219
178 220
178 221
178 222
178 223
178 224
178 225
178 226
178 227
178 228
178 229
178 230
178 231
178 232
178 233
178 234
178 235
178 236
178 237
178 238
178 239
178 240
178 241
178 242
178 243
178 244
178 245
178 246
178 247
178 248
178 249
178 250
178 251
178 252
178 253
178 254
178 255
178 256
178 257
178 258
178 259
178 260
178 261
178 262
178 263
178 264
178 265
178 266
178 267
178 268
178 269
178 270
178 271
178 272
178 273
178 274
178 275
178 276
178 277
178 279
178 280
178 281
178 282
178 283
178 284
178 285
178 286
178 287
178 288
178 289
178 290
178 292
178 293
178 294
178 295
178 296
178 297
178 298
178 299
179 183
179 186
179 188
179 189
179 194
179 197
179 198
179 203
179 208
179 209
179 229
179 232
179 235
179 243
179 244
179 249
179 250
179 253
179 255
179 256
179 257
179 259
179 261
179 262
179 264
179 266
179 267
179 269
179 270
179 276
179 277
179 278
179 283
179 286
179 291
179 294
179 295
179 296
179 298
180 183
180 186
180 188
180 189
180 194
180 197
180 198
180 203
180 208
180 209
180 229
180 232
180 235
180 243
180 244
180 249
180 250
180 253
180 255
180 256
180 257
180 259
180 261
180 262
180 264
180 266
180 267
180 269
180 270
180 276
180 277
180 278
180 283
180 286
180 291
180 294
180 295
180 296
180 298
181 183
181 186
181 188
181 189
181 194
181 197
181 198
181 203
181 208
181 209
181 229
181 232
181 235
181 243
181 244
181 249
181 250
181 253
181 255
181 256
181 257
181 259
181 261
181 262
181 264
181 266
181 267
181 269
181 270
181 276
181 277
181 278
181 283
181 286
181 291
181 294
181 295
181 296
181 298
182 183
182 186
182 188
182 189
182 194
182 197
182 198
182 203
182 208
182 209
182 229
182 232
182 235
182 243
182 244
182 249
182 250
182 253
182 255
182 256
182 257
182 259
182 261
182 262
182 264
182 266
182 267
182 269
182 270
182 276
182 277
182 278
182 283
182 286
182 291
182 294
182 295
182 296
182 298
183 184
183 185
183 186
183 187
183 188
183 189
183 190
183 191
183 192
183 193
183 194
183 195
183 196
183 197
183 198
183 199
183 200
183 201
183 202
183 203
183 204
183 205
183 206
183 207
183 208
183 209
183 210
183 211
183 212
183 213
183 214
183 215
183 216
183 217
183 218
183 219
183 220
183 221
183 222
183 223
183 224
183 225
183 226
183 227
183 228
183 229
183 230
183 231
183 232
183 233
183 234
183 236
183 237
183 238
183 239
183 240
183 241
183 242
183 244
183 245
183 246
183 247
183 248
183 249
183 250
183 251
183 252
183 253
183 254
183 255
183 256
183 257
183 258
183 259
183 260
183 261
183 262
183 263
183 264
183 265
183 266
183 267
183 268
183 269
183 270
183 271
183 272
183 273
183 274
183 275
183 277
183 278
183 279
183 280
183 281
183 282
183 283
183 284
183 285
183 286
183 287
183 288
183 289
183 290
183 291
183 292
183 293
183 294
183 295
183 296
183 297
183 298
183 299
184 186
184 188
184 189
184 194
184 197
184 198
184 203
184 208
184 209
184 229
184 232
184 235
184 243
184 244
184 249
184 250
184 253
184 255
184 256
184 257
184 259
184 261
184 262
184 264
184 266
184 267
184 269
184 270
184 276
184 277
184 278
184 283
184 286
184 291
184 294
184 295
184 296
184 298
185 186
185 188
185 189
185 194
185 197
185 198
185 203
185 208
185 209
185 229
185 232
185 235
185 243
185 244
185 249
185 250
185 253
185 255
185 256
185 257
185 259
185 261
185 262
185 264
185 266
185 267
185 269
185 270
185 276
185 277
185 278
185 283
185 286
185 291
185 294
185 295
185 296
185 298
186 187
186 188
186 189
186 190
186 191
186 192
186 193
186 195
186 196
186 197
186 199
186 200
186 201
186 202
186 203
186 204
186 205
186 206
186 207
186 208
186 209
186 210
186 211
186 212
186 213
186 214
186 215
186 216
186 217
186 218
186 219
186 220
186 221
186 222
186 223
186 224
186 225
186 226
186 227
186 228
186 229
186 230
186 231
186 232
186 233
186 234
186 235
186 236
186 237
186 238
186 239
186 240
186 241
186 242
186 243
186 244
186 245
186 246
186 247
186 248
186 249
186 250
186 251
186 252
186 254
186 255
186 256
186 258
186 259
186 260
186 261
186 262
186 263
186 264
186 265
186 266
186 267
186 268
186 269
186 270
186 271
186 272
186 273
186 274
186 275
186 276
186 277
186 278
186 279
186 280
186 281
186 282
186 283
186 284
186 285
186 286
186 287
186 288
186 289
186 290
186 291
186 292
186 293
186 295
186 296
186 297
186 298
186 299
187 188
187 189
187 194
187 197
187 198
187 203
187 208
187 209
187 229
187 232
187 235
187 243
187 244
187 249
187 250
187 253
187 255
187 256
187 257
187 259
187 261
187 262
187 264
187 266
187 267
187 269
187 270
187 276
187 277
187 278
187 283
187 286
187 291
187 294
187 295
187 296
187 298
188 189
188 190
188 191
188 192
188 193
188 194
188 195
188 196
188 197
188 198
188 199
188 200
188 201
188 202
188 203
188 204
188 205
188 206
188 207
188 209
188 210
188 211
188 212
188 213
188 214
188 215
188 216
188 217
188 218
188 219
188 220
188 221
188 222
188 223
188 224
188 225
188 226
188 227
188 228
188 229
188 230
188 231
188 233
188 234
188 235
188 236
188 237
188 238
188 239
188 240
188 241
188 242
188 243
188 244
188 245
188 246
188 247
188 248
188 249
188 250
188 251
188 252
188 253
188 254
188 255
188 256
188 257
188 258
188 260
188 261
188 263
188 265
188 266
188 267
188 268
188 269
188 270
188 271
188 272
188 273
188 274
188 275
188 276
188 277
188 278
188 279
188 280
188 281
188 282
188 283
188 284
188 285
188 286
188 287
188 288
188 289
188 290
188 291
188 292
188 293
188 294
188 295
188 296
188 297
188 298
188 299
189 190
189 191
189 192
189 193
189 194
189 195
189 196
189 197
189 198
189 199
189 200
189 201
189 202
189 203
189 204
189 205
189 206
189 207
189 208
189 209
189 210
189 211
189 212
189 213
189 214
189 215
189 216
189 217
189 218
189 219
189 220
189 221
189 222
189 223
189 224
189 225
189 226
189 227
189 228
189 229
189 230
189 231
189 232
189 233
189 234
189 235
189 236
189 237
189 238
189 239
189 240
189 241
189 242
189 243
189 244
189 245
189 246
189 247
189 248
189 249
189 250
189 251
189 252
189 253
189 254
189 256
189 257
189 258
189 259
189 260
189 261
189 262
189 263
189 264
189 265
189 266
189 268
189 269
189 271
189 272
189 273
189 274
189 275
189 276
189 277
189 278
189 279
189 280
189 281
189 282
189 283
189 284
189 285
189 286
189 287
189 288
189 289
189 290
189 291
189 292
189 293
189 294
189 295
189 296
189 297
189 299
190 194
190 197
190 198
190 203
190 208
190 209
190 229
190 232
190 235
190 243
190 244
190 249
190 250
190 253
190 255
190 256
190 257
190 259
190 261
190 262
190 264
190 266
190 267
190 269
190 270
190 276
190 277
190 278
190 283
190 286
190 291
190 294
190 295
190 296
190 298
191 194
191 197
191 198
191 203
191 208
191 209
191 229
191 232
191 235
191 243
191 244
191 249
191 250
191 253
191 255
191 256
191 257
191 259
191 261
191 262
191 264
191 266
191 267
191 269
191 270
191 276
191 277
191 278
191 283
191 286
191 291
191 294
191 295
191 296
191 298
192 194
192 197
192 198
192 203
192 208
192 209
192 229
192 232
192 235
192 243
192 244
192 249
192 250
192 253
192 255
192 256
192 257
192 259
192 261
192 262
192 264
192 266
192 267
192 269
192 270
192 276
192 277
192 278
192 283
192 286
192 291
192 294
192 295
192 296
192 298
193 194
193 197
193 198
193 203
193 208
193 209
193 229
193 232
193 235
193 243
193 244
193 249
193 250
193 253
193 255
193 256
193 257
193 259
193 261
193 262
193 264
193 266
193 267
193 269
193 270
193 276
193 277
193 278
193 283
193 286
193 291
193 294
193 295
193 296
193 298
194 195
194 196
194 197
194 199
194 200
194 201
194 202
194 203
194 204
194 205
194 206
194 207
194 208
194 209
194 210
194 211
194 212
194 213
194 214
194 215
194 216
194 217
194 218
194 219
194 220
194 221
194 222
194 223
194 224
194 225
194 226
194 227
194 228
194 229
194 230
194 231
194 232
194 233
194 234
194 235
194 236
194 237
194 238
194 239
194 240
194 241
194 242
194 243
194 244
194 245
194 246
194 247
194 248
194 249
194 250
194 251
194 252
194 254
194 255
194 256
194 258
194 259
194 260
194 261
194 262
194 263
194 264
194 265
194 266
194 267
194 268
194 269
194 270
194 271
194 272
194 273
194 274
194 275
194 276
194 277
194 278
194 279
194 280
194 281
194 282
194 283
194 284
194 285
194 286
194 287
194 288
194 289
194 290
194 291
194 292
194 293
194 295
194 296
194 297
194 298
194 299
195 197
195 198
195 203
195 208
195 209
195 229
195 232
195 235
195 243
195 244
195 249
195 250
195 253
195 255
195 256
195 257
195 259
195 261
195 262
195 264
195 266
195 267
195 269
195 270
195 276
195 277
195 278
195 283
195 286
195 291
195 294
195 295
195 296
195 298
196 197
196 198
196 203
196 208
196 209
196 229
196 232
196 235
196 243
196 244
196 249
196 250
196 253
196 255
196 256
196 257
196 259
196 261
196 262
196 264
196 266
196 267
196 269
196 270
196 276
196 277
196 278
196 283
196 286
196 291
196 294
196 295
196 296
196 298
197 198
197 199
197 200
197 201
197 202
197 203
197 204
197 205
197 206
197 207
197 208
197 209
197 210
197 211
197 212
197 213
197 214
197 215
197 216
197 217
197 218
197 219
197 220
197 221
197 222
197 223
197 224
197 225
197 226
197 227
197 228
197 230
197 231
197 232
197 233
197 234
197 235
197 236
197 237
197 238
197 239
197 240
197 241
197 242
197 243
197 244
197 245
197 246
197 247
197 248
197 249
197 250
197 251
197 252
197 253
197 254
197 255
197 257
197 258
197 259
197 260
197 261
197 262
197 263
197 264
197 265
197 266
197 267
197 268
197 269
197 270
197 271
197 272
197 273
197 274
197 275
197 276
197 277
197 278
197 279
197 280
197 281
197 282
197 284
197 285
197 287
197 288
197 289
197 290
197 291
197 292
197 293
197 294
197 295
197 296
197 297
197 298
197 299
198 199
198 200
198 201
198 202
198 203
198 204
198 205
198 206
198 207
198 208
198 209
198 210
198 211
198 212
198 213
198 214
198 215
198 216
198 217
198 218
198 219
198 220
198 221
198 222
198 223
198 224
198 225
198 226
198 227
198 228
198 229
198 230
198 231
198 232
198 233
198 234
198 235
198 236
198 237
198 238
198 239
198 240
198 241
198 242
198 243
198 244
198 245
198 246
198 247
198 248
198 249
198 250
198 251
198 252
198 254
198 255
198 256
198 258
198 259
198 260
198 261
198 262
198 263
198 264
198 265
198 266
198 267
198 268
198 269
198 270
198 271
198 272
198 273
198 274
198 275
198 276
198 277
198 278
198 279
198 280
198 281
198 282
198 283
198 284
198 285
198 286
198 287
198 288
198 289
198 290
198 291
198 292
198 293
198 295
198 296
198 297
198 298
198 299
199 203
199 208
199 209
199 229
199 232
199 235
199 243
199 244
199 249
199 250
199 253
199 255
199 256
199 257
199 259
199 261
199 262
199 264
199 266
199 267
199 269
199 270
199 276
199 277
199 278
199 283
199 286
199 291
199 294
199 295
199 296
199 298
200 203
200 208
200 209
200 229
200 232
200 235
200 243
200 244
200 249
200 250
200 253
200 255
200 256
200 257
200 259
200 261
200 262
200 264
200 266
200 267
200 269
200 270
200 276
200 277
200 278
200 283
200 286
200 291
200 294
200 295
200 296
200 298
201 203
201 208
201 209
201 229
201 232
201 235
201 243
201 244
201 249
201 250
201 253
201 255
201 256
201 257
201 259
201 261
201 262
201 264
201 266
201 267
201 269
201 270
201 276
201 277
201 278
201 283
201 286
201 291
201 294
201 295
201 296
201 298
202 203
202 208
202 209
202 229
202 232
202 235
202 243
202 244
202 249
202 250
202 253
202 255
202 256
202 257
202 259
202 261
202 262
202 264
202 266
202 267
202 269
202 270
202 276
202 277
202 278
202 283
202 286
202 291
202 294
202 295
202 296
202 298
203 204
203 205
203 206
203 207
203 208
203 209
203 210
203 211
203 212
203 213
203 214
203 215
203 216
203 217
203 218
203 219
203 220
203 221
203 222
203 223
203 224
203 225
203 226
203 227
203 228
203 229
203 230
203 231
203 232
203 233
203 234
203 235
203 236
203 237
203 238
203 239
203 240
203 241
203 242
203 243
203 244
203 245
203 246
203 247
203 248
203 250
203 251
203 252
203 253
203 254
203 255
203 256
203 257
203 258
203 259
203 260
203 262
203 263
203 264
203 265
203 266
203 267
203 268
203 270
203 271
203 272
203 273
203 274
203 275
203 276
203 278
203 279
203 280
203 281
203 282
203 283
203 284
203 285
203 286
203 287
203 288
203 289
203 290
203 291
203 292
203 293
203 294
203 295
203 296
203 297
203 298
203 299
204 208
204 209
204 229
204 232
204 235
204 243
204 244
204 249
204 250
204 253
204 255
204 256
204 257
204 259
204 261
204 262
204 264
204 266
204 267
204 269
204 270
204 276
204 277
204 278
204 283
204 286
204 291
204 294
204 295
204 296
204 298
205 208
205 209
205 229
205 232
205 235
205 243
205 244
205 249
205 250
205 253
205 255
205 256
205 257
205 259
205 261
205 262
205 264
205 266
205 267
205 269
205 270
205 276
205 277
205 278
205 283
205 286
205 291
205 294
205 295
205 296
205 298
206 208
206 209
206 229
206 232
206 235
206 243
206 244
206 249
206 250
206 253
206 255
206 256
206 257
206 259
206 261
206 262
206 264
206 266
206 267
206 269
206 270
206 276
206 277
206 278
206 283
206 286
206 291
206 294
206 295
206 296
206 298
207 208
207 209
207 229
207 232
207 235
207 243
207 244
207 249
207 250
207 253
207 255
207 256
207 257
207 259
207 261
207 262
207 264
207 266
207 267
207 269
207 270
207 276
207 277
207 278
207 283
207 286
207 291
207 294
207 295
207 296
207 298
208 209
208 210
208 211
208 212
208 213
208 214
208 215
208 216
208 217
208 218
208 219
208 220
208 221
208 222
208 223
208 224
208 225
208 226
208 227
208 228
208 229
208 230
208 231
208 233
208 234
208 235
208 236
208 237
208 238
208 239
208 240
208 241
208 242
208 243
208 244
208 245
208 246
208 247
208 248
208 249
208 250
208 251
208 252
208 253
208 254
208 255
208 256
208 257
208 258
208 260
208 261
208 263
208 265
208 266
208 267
208 268
208 269
208 270
208 271
208 272
208 273
208 274
208 275
208 276
208 277
208 278
208 279
208 280
208 281
208 282
208 283
208 284
208 285
208 286
208 287
208 288
208 289
208 290
208 291
208 292
208 293
208 294
208 295
208 296
208 297
208 298
208 299
209 210
209 211
209 212
209 213
209 214
209 215
209 216
209 217
209 218
209 219
209 220
209 221
209 222
209 223
209 224
209 225
209 226
209 227
209 228
209 229
209 230
209 231
209 232
209 233
209 234
209 235
209 236
209 237
209 238
209 239
209 240
209 241
209 242
209 243
209 245
209 246
209 247
209 248
209 249
209 250
209 251
209 252
209 253
209 254
209 255
209 256
209 257
209 258
209 259
209 260
209 261
209 262
209 263
209 264
209 265
209 266
209 267
209 268
209 269
209 270
209 271
209 272
209 273
209 274
209 275
209 276
209 277
209 278
209 279
209 280
209 281
209 282
209 283
209 284
209 285
209 286
209 287
209 288
209 289
209 290
209 291
209 292
209 293
209 294
209 295
209 297
209 298
209 299
210 229
210 232
210 235
210 243
210 244
210 249
210 250
210 253
210 255
210 256
210 257
210 259
210 261
210 262
210 264
210 266
210 267
210 269
210 270
210 276
210 277
210 278
210 283
210 286
210 291
210 294
210 295
210 296
210 298
211 229
211 232
211 235
211 243
211 244
211 249
211 250
211 253
211 255
211 256
211 257
211 259
211 261
211 262
211 264
211 266
211 267
211 269
211 270
211 276
211 277
211 278
211 283
211 286
211 291
211 294
211 295
211 296
211 298
212 229
212 232
212 235
212 243
212 244
212 249
212 250
212 253
212 255
212 256
212 257
212 259
212 261
212 262
212 264
212 266
212 267
212 269
212 270
212 276
212 277
212 278
212 283
212 286
212 291
212 294
212 295
212 296
212 298
213 229
213 232
213 235
213 243
213 244
213 249
213 250
213 253
213 255
213 256
213 257
213 259
213 261
213 262
213 264
213 266
213 267
213 269
213 270
213 276
213 277
213 278
213 283
213 286
213 291
213 294
213 295
213 296
213 298
214 229
214 232
214 235
214 243
214 244
214 249
214 250
214 253
214 255
214 256
214 257
214 259
214 261
214 262
214 264
214 266
214 267
214 269
214 270
214 276
214 277
214 278
214 283
214 286
214 291
214 294
214 295
214 296
214 298
215 229
215 232
215 235
215 243
215 244
215 249
215 250
215 253
215 255
215 256
215 257
215 259
215 261
215 262
215 264
215 266
215 267
215 269
215 270
215 276
215 277
215 278
215 283
215 286
215 291
215 294
215 295
215 296
215 298
216 229
216 232
216 235
216 243
216 244
216 249
216 250
216 253
216 255
216 256
216 257
216 259
216 261
216 262
216 264
216 266
216 267
216 269
216 270
216 276
216 277
216 278
216 283
216 286
216 291
216 294
216 295
216 296
216 298
217 229
217 232
217 235
217 243
217 244
217 249
217 250
217 253
217 255
217 256
217 257
217 259
217 261
217 262
217 264
217 266
217 267
217 269
217 270
217 276
217 277
217 278
217 283
217 286
217 291
217 294
217 295
217 296
217 298
218 229
218 232
218 235
218 243
218 244
218 249
218 250
218 253
218 255
218 256
218 257
218 259
218 261
218 262
218 264
218 266
218 267
218 269
218 270
218 276
218 277
218 278
218 283
218 286
218 291
218 294
218 295
218 296
218 298
219 229
219 232
219 235
219 243
219 244
219 249
219 250
219 253
219 255
219 256
219 257
219 259
219 261
219 262
219 264
219 266
219 267
219 269
219 270
219 276
219 277
219 278
219 283
219 286
219 291
219 294
219 295
219 296
219 298
220 229
220 232
220 235
220 243
220 244
220 249
220 250
220 253
220 255
220 256
220 257
220 259
220 261
220 262
220 264
220 266
220 267
220 269
220 270
220 276
220 277
220 278
220 283
220 286
220 291
220 294
220 295
220 296
220 298
221 229
221 232
221 235
221 243
221 244
221 249
221 250
221 253
221 255
221 256
221 257
221 259
221 261
221 262
221 264
221 266
221 267
221 269
221 270
221 276
221 277
221 278
221 283
221 286
221 291
221 294
221 295
221 296
221 298
222 229
222 232
222 235
222 243
222 244
222 249
222 250
222 253
222 255
222 256
222 257
222 259
222 261
222 262
222 264
222 266
222 267
222 269
222 270
222 276
222 277
222 278
222 283
222 286
222 291
222 294
222 295
222 296
222 298
223 229
223 232
223 235
223 243
223 244
223 249
223 250
223 253
223 255
223 256
223 257
223 259
223 261
223 262
223 264
223 266
223 267
223 269
223 270
223 276
223 277
223 278
223 283
223 286
223 291
223 294
223 295
223 296
223 298
224 229
224 232
224 235
224 243
224 244
224 249
224 250
224 253
224 255
224 256
224 257
224 259
224 261
224 262
224 264
224 266
224 267
224 269
224 270
224 276
224 277
224 278
224 283
224 286
224 291
224 294
224 295
224 296
224 298
225 229
225 232
225 235
225 243
225 244
225 249
225 250
225 253
225 255
225 256
225 257
225 259
225 261
225 262
225 264
225 266
225 267
225 269
225 270
225 276
225 277
225 278
225 283
225 286
225 291
225 294
225 295
225 296
225 298
226 229
226 232
226 235
226 243
226 244
226 249
226 250
226 253
226 255
226 256
226 257
226 259
226 261
226 262
226 264
226 266
226 267
226 269
226 270
226 276
226 277
226 278
226 283
226 286
226 291
226 294
226 295
226 296
226 298
227 229
227 232
227 235
227 243
227 244
227 249
227 250
227 253
227 255
227 256
227 257
227 259
227 261
227 262
227 264
227 266
227 267
227 269
227 270
227 276
227 277
227 278
227 283
227 286
227 291
227 294
227 295
227 296
227 298
228 229
228 232
228 235
228 243
228 244
228 249
228 250
228 253
228 255
228 256
228 257
228 259
228 261
228 262
228 264
228 266
228 267
228 269
228 270
228 276
228 277
228 278
228 283
228 286
228 291
228 294
228 295
228 296
228 298
229 230
229 231
229 232
229 233
229 234
229 235
229 236
229 237
229 238
229 239
229 240
229 241
229 242
229 243
229 244
229 245
229 246
229 247
229 248
229 249
229 250
229 251
229 252
229 253
229 254
229 255
229 257
229 258
229 259
229 260
229 261
229 262
229 263
229 264
229 265
229 266
229 267
229 268
229 269
229 270
229 271
229 272
229 273
229 274
229 275
229 276
229 277
229 278
229 279
229 280
229 281
229 282
229 284
229 285
229 287
229 288
229 289
229 290
229 291
229 292
229 293
229 294
229 295
229 296
229 297
229 298
229 299
230 232
230 235
230 243
230 244
230 249
230 250
230 253
230 255
230 256
230 257
230 259
230 261
230 262
230 264
230 266
230 267
230 269
230 270
230 276
230 277
230 278
230 283
230 286
230 291
230 294
230 295
230 296
230 298
231 232
231 235
231 243
231 244
231 249
231 250
231 253
231 255
231 256
231 257
231 259
231 261
231 262
231 264
231 266
231 267
231 269
231 270
231 276
231 277
231 278
231 283
231 286
231 291
231 294
231 295
231 296
231 298
232 233
232 234
232 235
232 236
232 237
232 238
232 239
232 240
232 241
232 242
232 243
232 244
232 245
232 246
232 247
232 248
232 249
232 250
232 251
232 252
232 253
232 254
232 255
232 256
232 257
232 258
232 260
232 261
232 263
232 265
232 266
232 267
232 268
232 269
232 270
232 271
232 272
232 273
232 274
232 275
232 276
232 277
232 278
232 279
232 280
232 281
232 282
232 283
232 284
232 285
232 286
232 287
232 288
232 289
232 290
232 291
232 292
232 293
232 294
232 295
232 296
232 297
232 298
232 299
233 235
233 243
233 244
233 249
233 250
233 253
233 255
233 256
233 257
233 259
233 261
233 262
233 264
233 266
233 267
233 269
233 270
233 276
233 277
233 278
233 283
233 286
233 291
233 294
233 295
233 296
233 298
234 235
234 243
234 244
234 249
234 250
234 253
234 255
234 256
234 257
234 259
234 261
234 262
234 264
234 266
234 267
234 269
234 270
234 276
234 277
234 278
234 283
234 286
234 291
234 294
234 295
234 296
234 298
235 236
235 237
235 238
235 239
235 240
235 241
235 242
235 244
235 245
235 246
235 247
235 248
235 249
235 250
235 251
235 252
235 253
235 254
235 255
235 256
235 257
235 258
235 259
235 260
235 261
235 262
235 263
235 264
235 265
235 266
235 267
235 268
235 269
235 270
235 271
235 272
235 273
235 274
235 275
235 277
235 278
235 279
235 280
235 281
235 282
235 283
235 284
235 285
235 286
235 287
235 288
235 289
235 290
235 291
235 292
235 293
235 294
235 295
235 296
235 297
235 298
235 299
236 243
236 244
236 249
236 250
236 253
236 255
236 256
236 257
236 259
236 261
236 262
236 264
236 266
236 267
236 269
236 270
236 276
236 277
236 278
236 283
236 286
236 291
236 294
236 295
236 296
236 298
237 243
237 244
237 249
237 250
237 253
237 255
237 256
237 257
237 259
237 261
237 262
237 264
237 266
237 267
237 269
237 270
237 276
237 277
237 278
237 283
237 286
237 291
237 294
237 295
237 296
237 298
238 243
238 244
238 249
238 250
238 253
238 255
238 256
238 257
238 259
238 261
238 262
238 264
238 266
238 267
238 269
238 270
238 276
238 277
238 278
238 283
238 286
238 291
238 294
238 295
238 296
238 298
239 243
239 244
239 249
239 250
239 253
239 255
239 256
239 257
239 259
239 261
239 262
239 264
239 266
239 267
239 269
239 270
239 276
239 277
239 278
239 283
239 286
239 291
239 294
239 295
239 296
239 298
240 243
240 244
240 249
240 250
240 253
240 255
240 256
240 257
240 259
240 261
240 262
240 264
240 266
240 267
240 269
240 270
240 276
240 277
240 278
240 283
240 286
240 291
240 294
240 295
240 296
240 298
241 243
241 244
241 249
241 250
241 253
241 255
241 256
241 257
241 259
241 261
241 262
241 264
241 266
241 267
241 269
241 270
241 276
241 277
241 278
241 283
241 286
241 291
241 294
241 295
241 296
241 298
242 243
242 244
242 249
242 250
242 253
242 255
242 256
242 257
242 259
242 261
242 262
242 264
242 266
242 267
242 269
242 270
242 276
242 277
242 278
242 283
242 286
242 291
242 294
242 295
242 296
242 298
243 244
243 245
243 246
243 247
243 248
243 249
243 250
243 251
243 252
243 253
243 254
243 255
243 256
243 257
243 258
243 259
243 260
243 261
243 262
243 263
243 264
243 265
243 266
243 267
243 268
243 269
243 270
243 271
243 272
243 273
243 274
243 275
243 277
243 278
243 279
243 280
243 281
243 282
243 283
243 284
243 285
243 286
243 287
243 288
243 289
243 290
243 291
243 292
243 293
243 294
243 295
243 296
243 297
243 298
243 299
244 245
244 246
244 247
244 248
244 249
244 250
244 251
244 252
244 253
244 254
244 255
244 256
244 257
244 258
244 259
244 260
244 261
244 262
244 263
244 264
244 265
244 266
244 267
244 268
244 269
244 270
244 271
244 272
244 273
244 274
244 275
244 276
244 277
244 278
244 279
244 280
244 281
244 282
244 283
244 284
244 285
244 286
244 287
244 288
244 289
244 290
244 291
244 292
244 293
244 294
244 295
244 297
244 298
244 299
245 249
245 250
245 253
245 255
245 256
245 257
245 259
245 261
245 262
245 264
245 266
245 267
245 269
245 270
245 276
245 277
245 278
245 283
245 286
245 291
245 294
245 295
245 296
245 298
246 249
246 250
246 253
246 255
246 256
246 257
246 259
246 261
246 262
246 264
246 266
246 267
246 269
246 270
246 276
246 277
246 278
246 283
246 286
246 291
246 294
246 295
246 296
246 298
247 249
247 250
247 253
247 255
247 256
247 257
247 259
247 261
247 262
247 264
247 266
247 267
247 269
247 270
247 276
247 277
247 278
247 283
247 286
247 291
247 294
247 295
247 296
247 298
248 249
248 250
248 253
248 255
248 256
248 257
248 259
248 261
248 262
248 264
248 266
248 267
248 269
248 270
248 276
248 277
248 278
248 283
248 286
248 291
248 294
248 295
248 296
248 298
249 250
249 251
249 252
249 253
249 254
249 255
249 256
249 257
249 258
249 259
249 260
249 262
249 263
249 264
249 265
249 266
249 267
249 268
249 270
249 271
249 272
249 273
249 274
249 275
249 276
249 278
249 279
249 280
249 281
249 282
249 283
249 284
249 285
249 286
249 287
249 288
249 289
249 290
249 291
249 292
249 293
249 294
249 295
249 296
249 297
249 298
249 299
250 251
250 252
250 253
250 254
250 255
250 256
250 257
250 258
250 259
250 260
250 261
250 262
250 263
250 264
250 265
250 267
250 268
250 269
250 270
250 271
250 272
250 273
250 274
250 275
250 276
250 277
250 278
250 279
250 280
250 281
250 282
250 283
250 284
250 285
250 286
250 287
250 288
250 289
250 290
250 291
250 292
250 293
250 294
250 296
250 297
250 298
250 299
251 253
251 255
251 256
251 257
251 259
251 261
251 262
251 264
251 266
251 267
251 269
251 270
251 276
251 277
251 278
251 283
251 286
251 291
251 294
251 295
251 296
251 298
252 253
252 255
252 256
252 257
252 259
252 261
252 262
252 264
252 266
252 267
252 269
252 270
252 276
252 277
252 278
252 283
252 286
252 291
252 294
252 295
252 296
252 298
253 254
253 255
253 256
253 258
253 259
253 260
253 261
253 262
253 263
253 264
253 265
253 266
253 267
253 268
253 269
253 270
253 271
253 272
253 273
253 274
253 275
253 276
253 277
253 278
253 279
253 280
253 281
253 282
253 283
253 284
253 285
253 286
253 287
253 288
253 289
253 290
253 291
253 292
253 293
253 295
253 296
253 297
253 298
253 299
254 255
254 256
254 257
254 259
254 261
254 262
254 264
254 266
254 267
254 269
254 270
254 276
254 277
254 278
254 283
254 286
254 291
254 294
254 295
254 296
254 298
255 256
255 257
255 258
255 259
255 260
255 261
255 262
255 263
255 264
255 265
255 266
255 268
255 269
255 271
255 272
255 273
255 274
255 275
255 276
255 277
255 278
255 279
255 280
255 281
255 282
255 283
255 284
255 285
255 286
255 287
255 288
255 289
255 290
255 291
255 292
255 293
255 294
255 295
255 296
255 297
255 299
256 257
256 258
256 259
256 260
256 261
256 262
256 263
256 264
256 265
256 266
256 267
256 268
256 269
256 270
256 271
256 272
256 273
256 274
256 275
256 276
256 277
256 278
256 279
256 280
256 281
256 282
256 284
256 285
256 287
256 288
256 289
256 290
256 291
256 292
256 293
256 294
256 295
256 296
256 297
256 298
256 299
257 258
257 259
257 260
257 261
257 262
257 263
257 264
257 265
257 266
257 267
257 268
257 269
257 270
257 271
257 272
257 273
257 274
257 275
257 276
257 277
257 278
257 279
257 280
257 281
257 282
257 283
257 284
257 285
257 286
257 287
257 288
257 289
257 290
257 291
257 292
257 293
257 295
257 296
257 297
257 298
257 299
258 259
258 261
258 262
258 264
258 266
258 267
258 269
258 270
258 276
258 277
258 278
258 283
258 286
258 291
258 294
258 295
258 296
258 298
259 260
259 261
259 263
259 265
259 266
259 267
259 268
259 269
259 270
259 271
259 272
259 273
259 274
259 275
259 276
259 277
259 278
259 279
259 280
259 281
259 282
259 283
259 284
259 285
259 286
259 287
259 288
259 289
259 290
259 291
259 292
259 293
259 294
259 295
259 296
259 297
259 298
259 299
260 261
260 262
260 264
260 266
260 267
260 269
260 270
260 276
260 277
260 278
260 283
260 286
260 291
260 294
260 295
260 296
260 298
261 262
261 263
261 264
261 265
261 266
261 267
261 268
261 270
261 271
261 272
261 273
261 274
261 275
261 276
261 278
261 279
261 280
261 281
261 282
261 283
261 284
261 285
261 286
261 287
261 288
261 289
261 290
261 291
261 292
261 293
261 294
261 295
261 296
261 297
261 298
261 299
262 263
262 265
262 266
262 267
262 268
262 269
262 270
262 271
262 272
262 273
262 274
262 275
262 276
262 277
262 278
262 279
262 280
262 281
262 282
262 283
262 284
262 285
262 286
262 287
262 288
262 289
262 290
262 291
262 292
262 293
262 294
262 295
262 296
262 297
262 298
262 299
263 264
263 266
263 267
263 269
263 270
263 276
263 277
263 278
263 283
263 286
263 291
263 294
263 295
263 296
263 298
264 265
264 266
264 267
264 268
264 269
264 270
264 271
264 272
264 273
264 274
264 275
264 276
264 277
264 278
264 279
264 280
264 281
264 282
264 283
264 284
264 285
264 286
264 287
264 288
264 289
264 290
264 291
264 292
264 293
264 294
264 295
264 296
264 297
264 298
264 299
265 266
265 267
265 269
265 270
265 276
265 277
265 278
265 283
265 286
265 291
265 294
265 295
265 296
265 298
266 267
266 268
266 269
266 270
266 271
266 272
266 273
266 274
266 275
266 276
266 277
266 278
266 279
266 280
266 281
266 282
266 283
266 284
266 285
266 286
266 287
266 288
266 289
266 290
266 291
266 292
266 293
266 294
266 296
266 297
266 298
266 299
267 268
267 269
267 271
267 272
267 273
267 274
267 275
267 276
267 277
267 278
267 279
267 280
267 281
267 282
267 283
267 284
267 285
267 286
267 287
267 288
267 289
267 290
267 291
267 292
267 293
267 294
267 295
267 296
267 297
267 299
268 269
268 270
268 276
268 277
268 278
268 283
268 286
268 291
268 294
268 295
268 296
268 298
269 270
269 271
269 272
269 273
269 274
269 275
269 276
269 278
269 279
269 280
269 281
269 282
269 283
269 284
269 285
269 286
269 287
269 288
269 289
269 290
269 291
269 292
269 293
269 294
269 295
269 296
269 297
269 298
269 299
270 271
270 272
270 273
270 274
270 275
270 276
270 277
270 278
270 279
270 280
270 281
270 282
270 283
270 284
270 285
270 286
270 287
270 288
270 289
270 290
270 291
270 292
270 293
270 294
270 295
270 296
270 297
270 299
271 276
271 277
271 278
271 283
271 286
271 291
271 294
271 295
271 296
271 298
272 276
272 277
272 278
272 283
272 286
272 291
272 294
272 295
272 296
272 298
273 276
273 277
273 278
273 283
273 286
273 291
273 294
273 295
273 296
273 298
274 276
274 277
274 278
274 283
274 286
274 291
274 294
274 295
274 296
274 298
275 276
275 277
275 278
275 283
275 286
275 291
275 294
275 295
275 296
275 298
276 277
276 278
276 279
276 280
276 281
276 282
276 283
276 284
276 285
276 286
276 287
276 288
276 289
276 290
276 291
276 292
276 293
276 294
276 295
276 296
276 297
276 298
276 299
277 278
277 279
277 280
277 281
277 282
277 283
277 284
277 285
277 286
277 287
277 288
277 289
277 290
277 291
277 292
277 293
277 294
277 295
277 296
277 297
277 298
277 299
278 279
278 280
278 281
278 282
278 283
278 284
278 285
278 286
278 287
278 288
278 289
278 290
278 292
278 293
278 294
278 295
278 296
278 297
278 298
278 299
279 283
279 286
279 291
279 294
279 295
279 296
279 298
280 283
280 286
280 291
280 294
280 295
280 296
280 298
281 283
281 286
281 291
281 294
281 295
281 296
281 298
282 283
282 286
282 291
282 294
282 295
282 296
282 298
283 284
283 285
283 287
283 288
283 289
283 290
283 291
283 292
283 293
283 294
283 295
283 296
283 297
283 298
283 299
284 286
284 291
284 294
284 295
284 296
284 298
285 286
285 291
285 294
285 295
285 296
285 298
286 287
286 288
286 289
286 290
286 291
286 292
286 293
286 294
286 295
286 296
286 297
286 298
286 299
287 291
287 294
287 295
287 296
287 298
288 291
288 294
288 295
288 296
288 298
289 291
289 294
289 295
289 296
289 298
290 291
290 294
290 295
290 296
290 298
291 292
291 293
291 294
291 295
291 296
291 297
291 298
291 299
292 294
292 295
292 296
292 298
293 294
293 295
293 296
293 298
294 295
294 296
294 297
294 298
294 299
295 296
295 297
295 298
295 299
296 297
296 298
296 299
297 298
298 299
