5000 14999
0 315
0 892
0 2607
0 3125
0 3144
0 4271
1 336
1 1574
1 3317
1 4429
2 108
2 775
2 937
2 981
2 2018
2 2152
2 3327
2 4680
3 288
3 2232
3 2814
3 3006
3 3351
3 4134
3 4683
4 468
4 1172
4 1849
4 2322
4 2778
4 3062
4 3239
4 3346
4 3380
4 4739
5 282
5 487
5 1160
5 1563
5 2070
5 3699
5 4983
6 641
6 766
6 1198
6 2651
7 1023
7 1418
7 1936
7 2806
7 3344
8 258
8 929
8 1487
8 1771
8 2122
8 2984
8 3590
8 4335
9 1098
9 1342
9 1504
9 4096
9 4581
9 4833
10 303
10 669
10 1107
10 1549
10 1595
10 1767
10 2738
10 3562
10 4031
11 240
11 2158
11 3134
11 4219
11 4656
12 253
12 294
12 4573
12 4792
13 736
13 1658
13 2160
13 2968
13 2982
13 4557
14 164
14 594
14 789
14 1260
14 3047
14 3048
14 3227
14 3690
14 4270
14 4811
14 4926
15 287
15 328
15 747
15 1054
15 1598
15 1603
15 2313
15 2322
15 2771
15 3510
15 4760
16 1115
16 1246
16 1338
16 2710
16 3889
17 489
17 683
17 731
17 1336
17 1996
17 3134
17 3149
17 4979
18 271
18 795
18 2040
18 2929
18 3804
19 3176
19 3294
19 3493
19 3975
19 4598
20 762
20 1581
20 2049
20 3191
21 1802
21 1884
21 2665
21 2733
21 3716
22 206
22 2137
22 2498
22 2801
22 2893
23 163
23 1921
23 2692
23 3103
24 213
24 533
24 787
24 1311
24 1726
24 1927
24 3224
24 4225
25 590
25 1102
25 3325
25 4839
26 308
26 321
26 774
26 1190
26 1277
26 2655
26 2936
27 191
27 1387
27 2842
27 2876
27 4300
28 40
28 822
28 1062
28 1406
28 2111
28 4762
28 4948
29 743
29 745
29 2136
29 2392
29 2448
29 3570
29 3960
30 571
30 952
30 1325
30 1489
30 1865
30 2512
30 3507
31 648
31 676
31 2748
31 3041
31 3984
32 736
32 766
32 967
32 1871
32 1977
32 2725
32 4931
33 1413
33 2314
33 3540
34 485
34 897
34 943
34 2575
34 3081
34 3236
34 3355
34 3939
34 4373
35 382
35 433
35 900
35 1205
35 2077
35 2917
35 3675
35 4027
35 4382
35 4600
35 4927
36 2022
36 2158
36 2677
36 2851
36 3268
36 3401
36 3642
36 4717
37 1244
37 4482
37 4665
37 4815
38 374
38 1259
38 2278
38 2624
38 2935
38 4843
39 3455
39 4414
39 4569
40 481
40 2499
40 2614
40 2843
40 3951
40 4114
40 4925
41 419
41 833
41 2272
41 2641
41 4412
41 4456
42 440
42 1085
42 1557
42 4090
43 337
43 487
43 1666
43 1828
43 1907
43 2059
43 3319
43 4087
44 52
44 84
44 2182
44 3290
44 4513
45 327
45 725
45 1142
45 1163
45 2190
45 3812
45 4675
45 4690
45 4804
46 119
46 1685
46 3102
46 3509
46 3936
46 4162
47 2777
47 4399
48 264
48 1767
48 2511
48 2719
48 3074
48 3396
48 3455
49 1599
49 1719
50 755
50 1141
50 3070
50 3210
50 3246
50 3384
50 3721
50 4413
50 4939
51 1012
51 1598
51 1688
51 1743
51 2036
51 3567
51 3996
51 4302
51 4836
52 1894
52 3064
52 3660
52 4072
52 4274
52 4462
53 1354
53 1866
53 2193
53 3164
53 4530
53 4710
54 925
54 1620
54 3753
54 4015
55 748
55 1453
55 3717
55 4959
56 637
56 928
56 1038
56 1550
56 3063
57 294
57 413
57 2604
57 2860
57 3129
57 4296
57 4335
58 4688
58 4903
59 1515
59 1892
59 2927
59 3406
59 4137
60 147
60 434
60 468
60 1977
60 2237
60 2689
60 2704
60 2737
60 3096
60 3504
61 763
61 833
61 1338
61 1491
61 2481
61 2749
61 3053
61 4031
61 4198
62 437
62 1580
62 2512
62 2648
62 2656
62 3526
62 4833
63 630
63 1447
63 1636
63 1733
63 2914
63 3322
63 4099
64 529
64 934
64 1557
64 2145
64 2887
64 3039
64 3260
64 3357
64 3596
64 3807
65 998
65 1125
65 1156
65 2420
65 3330
65 4259
65 4296
65 4626
65 4838
66 500
66 628
66 838
66 1090
66 1289
66 1338
66 1947
66 2109
66 3368
66 4137
66 4556
67 302
67 763
67 973
67 1942
67 2374
67 2489
67 2845
67 3089
67 3439
67 4323
67 4736
68 1651
68 2126
68 2626
68 2720
68 3024
68 3271
68 4208
68 4460
68 4679
68 4955
69 435
69 719
69 960
69 2204
69 2310
69 3544
70 384
70 504
70 2634
70 3969
70 4630
71 999
71 2243
71 3900
71 4115
72 366
72 477
72 1106
72 1297
72 4786
73 1576
73 1973
73 2644
74 140
74 2153
74 2651
74 3377
74 3569
75 380
75 1014
75 1088
75 1345
75 2787
75 3115
75 3149
75 4047
76 291
76 1930
76 2841
76 3544
76 3607
77 1935
77 3317
77 4118
77 4876
78 386
78 1326
78 3614
78 4460
79 602
79 910
79 957
79 3214
79 4785
80 944
80 1243
80 1455
80 1720
80 2560
80 3390
80 3735
80 4110
81 1535
81 1937
81 2421
81 4572
82 704
82 1161
82 1203
82 1386
82 1903
82 2434
82 4258
82 4559
82 4609
83 598
83 1061
83 1216
83 1778
83 2661
83 2876
83 3291
83 3987
83 4833
84 1193
84 2425
84 2738
84 2972
84 3472
84 3760
84 4380
84 4524
85 275
85 496
85 1243
85 2507
86 99
86 673
86 2182
86 3420
86 3532
86 4344
86 4356
87 1755
87 2226
87 2616
87 3133
87 3559
87 4968
88 121
88 1708
88 2399
88 2577
88 2598
88 2888
88 3310
88 3630
89 1880
89 2443
89 2655
89 3658
89 4122
90 233
90 1768
90 2421
90 4323
91 629
91 794
91 3321
91 3897
92 605
92 1362
92 1562
92 3460
92 4508
92 4973
93 1307
93 4557
93 4965
94 2322
94 4865
95 1055
95 1341
95 1342
95 1428
95 1437
95 1643
95 2116
95 3258
95 3479
95 4619
96 227
96 490
96 1492
96 2809
96 3859
96 4655
97 1393
97 1619
97 2105
97 2691
97 2828
97 3851
97 4816
98 2117
98 3204
98 4315
98 4508
98 4869
99 418
99 1080
99 1846
99 1913
99 2631
99 3459
100 177
100 341
100 1348
100 2461
100 3343
101 2296
101 2744
101 4548
101 4959
102 506
102 1219
102 1730
102 2324
102 2843
102 3069
102 3626
102 4090
103 852
103 2094
103 3758
103 4457
103 4682
104 1225
104 2287
104 3804
104 3897
104 4160
104 4704
105 1597
105 1975
105 3009
105 3563
106 1581
106 1987
106 2308
106 2717
106 3658
106 4448
107 1352
107 1480
107 1863
107 2504
107 2577
107 3594
107 3767
107 3934
107 4828
108 1714
108 2121
108 2863
108 3225
108 3313
108 3359
108 3889
109 716
109 3327
109 3429
109 3578
109 4084
110 2698
110 3009
110 3744
110 3828
110 3938
110 4015
110 4510
111 1439
111 2041
111 2045
111 2541
111 2607
111 2626
111 2765
112 1146
112 1535
112 1642
112 2155
112 2865
112 4848
113 508
113 780
113 1217
113 1317
113 1992
113 3710
113 4588
114 224
114 919
114 1155
114 1407
114 4744
115 1120
115 1266
115 2198
115 2230
115 2298
115 2734
115 3294
115 3297
116 1517
116 2958
117 1506
117 2740
117 4749
118 184
118 244
118 338
118 2587
118 2711
118 3024
118 3160
118 4771
119 963
119 1699
119 1986
119 2321
119 2551
119 4410
119 4796
120 764
120 1830
120 1897
120 2473
120 2554
120 3228
120 4268
120 4365
120 4467
121 351
121 2147
121 2452
121 4773
122 861
122 1110
122 1768
122 2080
122 3464
122 4400
123 314
123 1173
123 4287
123 4306
124 435
124 2131
124 2307
124 3220
124 3430
124 3887
125 277
125 926
125 2051
125 2246
125 2878
125 2897
125 3451
126 136
126 486
126 1431
126 1594
126 1919
126 2766
127 1189
127 2830
127 3304
127 3932
128 287
128 726
128 1097
128 4110
128 4648
129 1826
129 2153
129 2305
129 3225
129 3284
129 3853
130 256
130 2762
130 3526
130 3932
131 1929
131 2128
131 2574
131 2615
131 2933
131 3131
131 3296
131 3376
131 4718
132 3227
132 3426
132 4118
132 4206
132 4723
132 4981
133 249
133 261
133 783
133 926
133 1188
133 3759
134 1287
134 1597
134 1939
134 2149
134 2544
134 4478
135 610
135 924
135 1325
135 1583
135 2686
135 3670
136 304
136 365
136 797
136 968
136 1280
136 1289
136 2511
136 4896
137 1377
137 1972
137 2232
137 2430
138 418
138 1394
138 2711
138 3132
138 3720
138 4726
138 4805
139 206
139 1086
139 1732
139 2432
139 2760
139 3103
139 3181
139 4433
140 733
140 1982
140 3914
141 174
141 790
141 1317
141 1502
141 3259
141 3321
141 3810
142 923
142 924
142 1877
142 2456
142 2929
142 4900
143 341
143 377
143 1069
143 2146
143 2450
143 2925
143 2946
143 3313
143 3575
144 1323
144 2192
144 4833
145 555
145 584
145 858
145 3013
145 4046
145 4146
146 2043
146 2072
146 2889
146 2980
147 1197
147 2179
147 2629
147 2829
147 3881
147 4439
147 4514
148 190
148 244
148 1244
148 2688
148 3167
148 4547
148 4793
149 200
149 744
149 1195
149 1240
149 1511
149 1533
149 1991
149 3315
150 2082
150 2417
150 2702
150 3686
150 4115
150 4498
151 420
151 845
151 1349
151 2956
151 3549
151 4642
152 451
152 1035
152 1061
152 1708
152 1768
152 2031
152 3446
152 3775
153 685
153 1018
153 2491
153 3464
153 4474
154 1356
154 3604
154 4389
155 4255
155 4437
156 2555
156 3091
156 3594
157 423
157 1034
157 1616
157 3040
157 3116
157 3396
157 3504
157 3612
157 3947
157 4427
158 1979
158 2441
158 2477
158 2734
158 3005
158 3964
158 4255
158 4452
158 4512
158 4630
159 213
159 840
159 1361
159 1923
159 2324
159 3022
159 4760
160 1213
160 1667
160 1843
160 2690
160 3143
160 3398
160 4252
161 506
161 1394
161 2511
161 2701
161 2704
161 4706
162 658
162 1809
162 2579
162 2678
163 400
163 424
163 939
163 2661
163 3005
163 3542
163 3766
164 869
164 901
164 986
164 1858
164 3968
164 4001
164 4084
164 4498
165 782
165 826
165 1621
165 3614
165 3980
165 4703
165 4715
166 1940
166 1956
166 3745
166 4456
167 891
167 3412
167 3472
167 3516
167 3668
167 4029
167 4592
168 1931
168 2500
168 2645
168 2885
168 4074
169 516
169 985
169 989
169 2272
169 2501
169 2517
169 3812
170 326
170 1236
170 1567
170 1825
170 3831
171 595
171 1726
171 1786
171 3520
171 4036
172 1120
172 2347
172 4214
173 328
173 2956
173 4264
173 4684
174 544
174 1167
174 1231
174 4242
174 4335
174 4587
174 4918
175 1617
175 1753
176 1089
176 2161
176 2440
176 3727
176 3911
177 448
177 1522
177 3293
177 4856
178 351
178 528
178 2679
178 2841
179 1352
179 1835
179 2321
179 3138
179 3778
179 4001
180 425
180 3656
180 4385
180 4924
181 381
181 1471
181 1540
181 1914
181 2048
181 4190
182 1155
182 1641
182 2226
182 4079
182 4555
183 451
183 2174
183 2426
183 2820
183 2982
183 3477
183 4266
183 4687
184 2164
184 2536
184 3972
184 4781
185 1347
185 2262
185 2515
185 3003
185 3474
185 4611
185 4727
186 402
186 960
186 1174
186 3154
186 3544
186 3935
187 1850
187 4819
188 876
188 1563
188 2824
188 4147
188 4873
189 1793
189 2009
189 2723
189 2904
189 3768
189 4175
190 311
190 1406
190 2158
190 2680
190 4695
191 647
191 2928
191 4209
192 836
192 2238
192 3115
192 4096
192 4895
192 4975
193 1563
193 3009
193 3069
193 4169
193 4723
194 215
194 319
194 533
194 2029
195 414
195 572
195 2840
195 3317
195 3894
195 4663
196 313
196 1748
196 2639
196 2791
196 3771
196 3800
196 3974
196 4891
197 1546
197 2915
197 2944
197 3330
197 3733
197 4579
197 4701
197 4708
197 4779
198 1845
198 2226
198 2730
198 4085
199 396
199 609
199 2668
199 3173
199 3441
199 3897
200 520
200 835
200 1657
200 2524
200 3574
200 4854
201 243
201 1291
201 1650
201 3615
201 4051
202 1389
202 1816
202 2257
202 3692
202 4801
203 550
203 1016
203 2412
203 3352
203 3972
203 4202
203 4712
204 1242
204 2696
204 2998
204 3543
204 3575
205 2049
205 2688
205 3968
205 4602
206 979
206 1573
206 1704
206 2262
206 4740
207 886
207 1473
207 2280
207 4983
208 854
208 1439
208 1619
208 2207
208 3503
208 3555
209 1747
209 3727
209 3862
209 4073
209 4551
209 4729
210 1745
210 2241
210 4484
211 1388
211 4024
211 4225
211 4355
212 1976
212 2275
212 2338
212 2569
212 2617
212 2720
212 3607
212 4213
212 4305
212 4370
212 4930
212 4965
213 327
213 372
213 896
213 2342
213 2471
213 3178
213 4109
213 4155
213 4160
214 738
214 2315
215 631
215 1879
215 2386
215 2805
215 3679
215 3713
215 3736
215 3948
215 4582
216 1652
216 1684
216 2550
216 2839
216 3931
216 4435
217 481
217 787
217 1284
217 1548
217 3665
217 3674
217 4220
217 4403
217 4702
218 996
218 2521
218 3410
218 3637
218 4508
219 1017
219 1146
219 1442
219 1649
219 1702
219 2854
219 3789
220 1114
220 1967
220 3601
220 4685
221 1669
221 1959
221 1976
221 2468
221 2576
221 2776
221 2825
221 3549
222 1514
222 2394
222 2656
222 2800
222 2987
222 3093
222 4193
222 4266
222 4268
222 4428
222 4951
223 1270
223 1947
223 3569
223 3948
223 4154
224 832
224 1058
224 1293
224 1768
225 1254
225 1338
225 1776
225 1809
225 1810
225 1931
225 2193
225 2487
225 4200
226 312
226 4026
226 4481
227 1207
227 1243
227 1812
227 2070
227 3550
227 4444
228 343
228 1054
228 1412
228 2233
228 2953
228 4279
228 4731
229 293
229 831
229 1615
229 1684
229 2747
229 4221
229 4228
229 4984
230 477
230 600
230 1394
230 4167
230 4276
230 4776
231 875
231 2923
231 3360
231 3362
231 4170
231 4624
232 278
232 838
232 1272
232 4015
232 4409
233 1244
233 1334
233 1675
233 2432
233 3695
234 1449
234 2004
234 3362
234 4494
234 4916
235 2349
235 3267
235 3969
235 4674
235 4827
235 4874
236 663
236 854
236 1473
236 2104
237 309
237 1174
237 2331
237 3249
237 3621
237 4336
238 423
238 726
238 2046
238 2130
238 2915
238 3881
239 1176
239 1412
239 1814
239 2465
240 339
240 1804
240 2433
240 3105
241 1647
241 3670
241 4715
242 2549
242 4054
242 4519
242 4606
243 337
243 1626
243 1864
243 2510
243 3954
243 4325
243 4948
244 618
244 1205
244 2271
244 2689
244 3404
244 4037
244 4130
245 312
245 1132
245 1976
245 2823
245 3151
246 702
246 989
246 1501
246 2517
246 2523
246 2619
246 2785
246 2800
247 420
247 1260
247 3451
248 513
248 1763
248 2211
249 1568
250 1339
250 1598
250 1720
250 2444
250 2730
250 2855
250 3339
250 3551
250 3868
251 2642
251 2681
251 2819
251 3264
251 3909
251 3917
251 4623
251 4996
252 738
252 895
252 1331
252 2356
252 3519
252 4135
253 714
253 794
253 2826
253 2952
253 3636
253 4139
254 1207
254 2246
254 2325
254 2367
255 401
255 501
255 555
255 1276
255 2389
255 3291
255 4063
256 756
256 760
256 3892
257 673
257 2564
257 2993
257 3676
258 1255
258 2168
258 2482
258 2920
258 3224
258 3821
259 1252
259 1469
259 3020
259 3121
259 3299
259 4801
260 1101
260 2664
260 3857
260 4022
261 1497
261 2692
261 3805
261 3923
261 4278
261 4611
261 4758
262 1000
262 1255
262 2553
262 2717
262 3492
262 3790
262 4065
262 4497
262 4640
263 1575
263 2494
263 4501
263 4538
264 1140
264 1276
264 2878
264 4015
264 4696
265 925
265 2147
265 3669
265 3714
265 4233
265 4758
266 812
266 1657
266 2464
266 2870
266 2931
266 3162
266 3856
266 4325
267 300
267 799
267 2868
267 4098
267 4733
268 964
268 1426
268 2297
268 3641
268 3811
268 4677
268 4762
268 4890
269 1864
269 1964
269 2275
269 2869
269 4364
269 4768
270 281
270 1818
270 2481
270 3035
270 3095
270 3811
270 4265
270 4550
270 4710
271 765
271 1946
271 2395
272 585
272 1113
272 2221
272 3124
272 3869
272 4185
272 4751
273 1384
273 2478
273 2509
273 2576
273 3142
273 3684
273 4434
274 1619
274 1704
274 2000
274 2623
274 2759
274 4228
274 4493
274 4848
275 289
275 3136
275 3409
275 3694
275 4009
275 4268
276 386
276 873
276 1421
276 1428
276 1841
276 3811
276 3823
276 3933
276 4087
276 4523
277 795
277 863
277 1484
277 1752
277 2221
277 2358
277 4361
278 1877
278 2158
278 4613
278 4893
279 1288
279 1808
279 2330
279 2688
279 3489
280 316
280 1291
280 2770
280 2835
280 4079
281 481
281 694
281 848
281 1399
281 2115
281 2125
281 2210
281 2967
282 817
282 4116
282 4749
282 4879
283 1154
283 1244
283 2231
283 3251
283 3652
283 3917
284 2035
284 2281
284 2282
284 2632
284 2730
284 2880
284 3224
284 3903
284 4158
284 4634
285 403
285 855
285 2548
285 3319
285 3386
286 547
286 609
286 826
286 1873
286 2050
286 2747
286 4235
287 538
287 1009
287 1185
287 1978
287 2107
287 2558
287 2695
287 2745
287 2755
287 2809
287 4842
288 4425
288 4530
288 4817
289 2247
289 2616
289 3677
289 3769
289 4566
289 4571
289 4992
290 312
290 428
290 673
290 882
290 1001
290 2177
290 4472
290 4537
290 4893
291 1928
291 2045
291 2819
291 4418
292 594
292 1450
292 2166
292 2416
292 2744
293 966
293 1027
293 1726
293 2936
293 4794
293 4887
294 669
294 1574
294 2383
294 3401
295 2099
295 2100
295 4757
296 378
296 896
296 1584
296 2197
296 2786
296 3438
296 4402
296 4471
297 382
297 1498
297 1539
297 1636
297 1852
297 3389
297 3815
297 4318
298 539
298 979
298 2443
298 3533
298 4453
299 1619
299 2713
299 4365
299 4453
299 4745
300 1013
300 1517
300 2344
300 2743
300 3507
300 3529
300 3696
300 4209
300 4529
301 704
301 2222
301 2513
301 3774
301 3810
301 4073
301 4098
302 566
302 759
302 1065
302 3433
302 3725
302 4188
303 527
303 1614
303 1869
303 2214
303 3164
304 604
304 848
304 1306
304 3190
304 3935
304 4410
305 531
305 559
305 997
305 1189
305 2990
306 693
306 962
306 2737
306 2793
306 3721
306 4539
306 4582
307 1053
307 2119
307 2449
307 3255
307 3565
307 3598
307 4523
307 4633
308 1974
308 2079
308 3275
308 4426
308 4767
309 338
309 357
309 881
309 1268
309 2105
309 3321
309 3848
310 501
310 927
310 1420
310 2326
310 2629
310 3665
310 3879
310 4419
311 696
311 1309
311 2484
311 2633
311 2862
311 4275
312 1531
312 2085
312 3539
312 4055
312 4195
312 4605
312 4760
312 4830
313 1608
313 1936
313 2081
313 2961
313 4304
314 1560
314 1617
314 1679
314 1800
314 2404
314 4726
315 534
315 4119
316 540
316 697
316 1295
316 1622
316 2059
316 3252
317 442
317 1414
317 2585
317 3746
317 4007
317 4151
317 4223
318 715
318 952
318 2724
318 3125
319 519
319 1551
319 2090
320 1209
320 1676
320 2935
320 2960
320 3560
320 4328
320 4708
321 778
321 1927
321 2513
321 2721
321 2942
321 3077
321 3540
321 4304
322 1097
322 2277
322 4343
322 4981
323 489
323 608
323 1454
323 1540
323 1796
323 2258
323 2743
323 3627
323 3951
323 4737
324 884
324 2842
324 3813
324 4112
324 4989
325 1263
325 1444
325 2650
326 400
326 438
326 830
326 857
326 1568
326 2875
326 2965
326 4542
326 4892
327 547
327 2469
327 2986
327 3220
327 3819
328 1169
328 4330
329 1301
329 1458
329 2045
329 2522
329 2932
329 4033
330 4163
330 4330
330 4437
330 4796
330 4876
331 840
331 921
331 2375
331 3361
331 3968
331 4237
331 4460
332 381
332 593
332 1004
332 1445
332 1480
332 4501
332 4786
333 890
333 959
333 1761
333 2763
333 4330
334 1700
334 2139
334 2484
334 2932
334 3967
334 3992
334 4051
334 4265
335 885
335 1163
335 1536
335 1631
335 1805
335 2203
335 3093
335 3478
336 2090
336 3381
336 3517
336 3831
336 3869
337 2209
337 2623
337 3398
338 3903
339 391
339 928
339 1312
339 2673
339 2723
339 3910
339 4161
339 4173
339 4292
340 1316
340 1721
340 2641
340 2708
340 3167
340 4730
341 1928
341 4146
341 4664
342 981
342 997
342 1447
342 1912
342 2689
342 4007
342 4888
343 1899
343 2009
343 2138
343 3151
343 4603
344 905
344 1426
344 1683
344 2400
344 3623
344 3714
344 4138
344 4825
345 1564
345 2203
345 2894
345 3249
345 3468
346 1392
346 1672
346 1863
346 3685
346 4273
347 1259
347 2490
347 2969
347 3395
347 3490
347 4668
348 2705
348 3419
348 3453
348 3664
348 4353
348 4551
349 2637
349 2776
349 3499
349 4025
349 4172
349 4454
350 1677
350 1784
350 1934
350 2036
350 2360
350 3388
350 3426
351 2661
352 1110
352 1687
352 1773
352 2137
352 4565
353 823
353 959
353 1942
353 2000
353 2731
353 2869
353 3127
353 4845
354 751
354 783
354 930
354 1235
354 2804
354 3363
354 3619
354 4599
354 4674
354 4885
355 1120
355 2541
355 4030
356 541
356 884
356 999
356 1205
356 2335
356 2524
356 3004
356 3958
357 2190
357 2657
357 2811
357 2955
357 3285
357 3474
357 3480
357 4434
357 4727
358 895
358 1338
358 1462
358 1984
358 2410
358 2892
358 2919
359 1361
359 1531
359 1632
359 2621
359 4513
360 596
360 733
360 768
360 808
360 1530
360 3706
361 1600
361 2524
361 4252
361 4651
362 903
362 1207
362 1232
362 1492
362 2402
362 4508
362 4614
363 411
363 2006
363 2134
363 3334
363 3493
363 3795
363 3911
363 3973
364 549
364 707
364 2414
364 3935
364 4987
365 681
365 1162
365 3148
365 3532
366 467
366 554
366 1363
366 1758
366 2830
367 1423
367 2324
367 2653
367 3040
367 3774
368 845
368 1206
368 2484
368 3459
368 3896
368 4065
368 4558
369 834
369 1001
369 1985
369 2678
369 2881
369 3960
369 4372
369 4653
370 507
370 658
370 1298
370 1947
370 3757
370 4118
371 1170
371 2650
371 2717
371 2917
371 3743
371 4233
372 3392
372 3502
372 4992
373 1048
373 2174
373 2465
373 2473
373 3328
373 3852
374 950
374 2529
374 3776
374 4001
374 4043
374 4693
374 4988
375 805
375 1543
375 2048
375 3437
376 467
376 473
376 798
376 1718
376 2979
376 3781
376 3981
376 4375
377 424
377 669
377 2075
377 4123
377 4635
378 1028
378 1128
378 1575
378 2231
378 2331
378 3573
378 4079
378 4697
378 4778
379 909
379 1326
379 1803
379 2122
379 2236
379 2503
379 3747
379 3949
380 2117
380 4390
380 4883
381 1723
381 1971
381 2308
381 2487
381 3461
381 4160
382 796
382 2751
382 2829
382 3596
382 3837
382 3940
383 1560
383 2011
383 2141
383 2384
383 2448
383 2530
383 4446
383 4538
384 563
384 1472
385 1072
385 1534
385 2810
385 3703
385 3822
385 4091
385 4272
386 2496
386 4144
386 4464
386 4742
387 649
387 2383
387 2915
387 3313
387 3855
388 1599
388 1734
388 4732
389 2189
389 3045
389 3256
389 4139
390 859
390 958
390 1443
390 1550
390 1562
390 3253
390 4079
391 584
391 1431
391 1570
391 2367
391 3303
391 3556
391 4869
392 413
392 1505
392 3183
393 627
393 1002
393 1013
393 2946
394 1363
394 2387
394 3347
394 4452
394 4608
394 4697
395 991
395 1644
395 1876
396 1926
396 2016
396 2101
396 3208
396 3562
396 4041
396 4823
397 585
397 1687
397 1782
397 2144
397 2521
397 2864
397 3019
397 4021
398 974
398 1630
398 1785
398 4193
398 4369
398 4543
399 1390
399 3498
399 3782
399 4207
399 4709
400 524
400 1820
400 3877
401 861
401 942
401 965
401 1887
401 2469
401 2839
401 3379
401 4387
402 1723
402 2439
402 2814
402 3222
402 3372
402 3432
402 4224
403 518
403 562
403 1836
403 2071
403 4490
404 1696
404 2803
404 3096
405 984
405 2127
405 2216
405 2448
405 2495
405 3047
405 3978
406 946
406 1423
406 2800
406 3074
407 2458
407 2515
407 3078
407 3277
407 3519
407 3565
407 4203
407 4274
408 1237
408 1681
408 2388
408 2921
408 3644
409 651
409 1892
409 2658
409 3077
409 3233
409 3282
410 2833
410 3595
411 510
411 1095
411 1651
411 2027
411 3121
411 3855
412 831
412 1580
412 1625
412 2223
412 2731
412 4292
412 4320
412 4874
413 2775
413 3008
413 3508
413 4089
414 448
414 2039
415 547
415 684
415 1039
415 1168
415 1311
415 1440
415 1469
415 2936
415 3316
416 984
416 2985
416 3312
417 2032
417 2323
417 2994
418 1512
418 2365
418 2681
418 2801
418 2825
418 3362
418 3473
418 4179
418 4260
418 4286
419 851
419 1736
419 3588
419 4269
420 615
420 881
420 1142
420 2451
420 3556
420 3624
420 4512
420 4936
421 508
421 969
421 1608
421 2661
421 3007
421 3408
421 4544
421 4832
422 1628
422 2800
422 3185
422 4703
422 4863
423 892
423 1727
423 3128
423 4194
423 4424
424 958
424 1899
424 4652
424 4856
424 4910
425 2043
425 2121
425 2338
425 2498
425 4671
426 1476
426 1635
426 2442
427 1770
427 2272
427 2415
427 2693
427 2770
427 3383
427 4745
428 609
428 1225
428 2960
428 3572
428 3990
428 4422
428 4664
428 4852
429 899
429 1871
429 2132
429 2233
429 3306
429 3324
429 4273
429 4450
429 4709
430 533
430 1183
430 1705
430 3225
430 3634
430 4408
430 4790
431 1425
431 1685
431 1948
432 1301
432 3175
432 4096
432 4254
432 4630
433 504
433 3276
433 3451
433 4036
433 4268
433 4559
433 4990
434 1659
434 1704
434 2252
434 2300
434 3280
435 1045
435 1294
435 2393
435 2548
435 3447
436 975
436 1046
436 1081
436 2365
436 3044
437 1190
437 3004
437 3013
437 4857
437 4979
438 1500
438 2122
438 2178
438 3042
438 3189
438 3251
438 3782
438 3810
438 4729
439 508
439 1649
439 1731
439 1927
439 2887
439 4100
439 4206
440 3254
440 4220
440 4415
440 4529
440 4793
441 1282
441 1761
441 3282
441 3746
442 932
442 1411
442 1437
442 1799
442 3864
442 4246
442 4894
443 521
443 992
443 1027
443 1661
443 2387
444 924
444 1573
444 1662
444 1780
444 2478
444 3548
444 4571
445 554
445 2718
445 4985
446 788
446 993
446 1062
446 3638
446 4554
447 610
447 983
447 1713
447 2715
447 3723
447 3804
447 3948
448 1593
448 2216
448 2783
448 4845
448 4945
449 1604
449 2913
449 3417
449 3551
450 488
450 880
450 1463
450 1995
450 2071
450 4251
450 4464
451 1228
451 1447
451 1541
451 1686
451 4242
451 4663
452 2230
452 2414
452 3315
452 3588
452 4020
453 944
453 1783
453 2769
453 2906
453 3986
454 853
454 862
454 1979
454 2123
455 2008
455 2449
455 3341
455 3501
455 3908
455 3980
456 2810
456 3486
456 4241
457 1006
457 4301
457 4351
457 4547
458 1273
458 2193
458 2555
458 3197
458 3963
459 1242
459 2247
459 3009
459 3156
459 3243
459 4825
459 4919
460 654
460 2247
460 3639
460 4360
461 2670
461 3743
461 4681
462 1333
462 1799
462 4943
463 2112
463 2392
463 3709
463 4427
464 641
464 1252
464 2851
465 1343
465 1607
465 2220
465 3102
465 3579
465 4069
466 2653
466 3888
466 4217
466 4808
467 1029
467 1434
467 1533
467 2063
467 3033
467 3444
467 3662
467 4215
467 4802
468 548
468 1230
468 2067
468 2398
468 3147
468 4096
468 4965
469 1336
469 1901
469 2450
469 3639
469 4111
470 1173
470 1658
470 2347
470 2502
471 2008
471 2244
471 2880
471 4267
472 731
472 1106
472 1491
472 1494
472 1777
472 2081
472 2113
472 2303
472 2922
472 3259
472 3973
473 493
473 754
473 2300
473 3192
473 4344
473 4421
474 1384
474 1561
474 2164
474 2834
474 3414
474 4046
475 1803
475 2154
475 3621
476 976
476 1919
476 3114
476 3532
477 1188
477 3299
477 3893
478 1557
478 2097
478 2963
478 3856
478 3955
478 4310
478 4501
479 1682
479 1957
479 2386
479 2703
479 3323
479 3335
479 3482
480 1024
480 1595
480 1768
480 1963
480 4280
480 4886
480 4928
481 1157
481 2646
481 3067
481 3086
481 3305
481 4151
481 4665
482 627
482 900
482 2109
482 2805
482 3456
482 3542
483 2037
483 2084
483 2986
483 3170
483 4661
483 4699
484 715
484 827
484 2148
484 2601
484 3648
484 3885
485 1937
485 2108
485 3324
485 3377
485 3705
486 1451
486 2095
486 3540
486 3561
486 3858
487 1542
487 2121
487 2786
487 3066
488 699
488 1602
488 2160
488 3418
488 3576
488 3670
489 784
489 1708
489 4107
490 2498
490 3356
490 3554
491 550
491 694
491 896
491 1327
491 1406
491 1836
491 2289
492 1065
492 2763
492 4397
492 4656
493 1171
493 1236
493 1478
493 2611
493 4846
494 2587
494 2987
494 3491
494 3774
494 4872
495 2827
495 2935
495 4736
495 4852
496 1675
496 2350
496 2489
496 2678
496 3095
497 808
497 1626
497 2810
497 3320
497 4131
497 4593
497 4747
498 3624
498 4027
498 4864
499 525
499 1929
499 2167
499 2243
499 3101
499 4176
499 4503
500 1015
500 1672
500 3255
500 3598
500 4207
500 4377
500 4648
501 856
501 2197
501 2302
502 518
502 647
502 3436
503 1135
503 1198
503 2955
503 4305
504 563
504 1264
504 1694
504 1750
504 2306
504 2414
504 2696
505 939
505 2077
505 2989
505 4231
505 4883
506 1330
506 2064
506 2732
506 2971
506 3080
506 3962
507 693
507 1055
507 1217
507 1276
507 1637
507 2583
507 3035
507 4745
508 980
508 1130
508 3518
508 3756
508 4011
508 4465
509 674
509 1373
509 1897
509 1898
509 3110
509 3471
509 3727
509 3773
510 605
510 1013
510 2170
510 2849
511 2216
511 2478
512 855
512 1149
512 1315
512 3524
512 3549
512 4179
512 4615
513 1664
513 1902
513 2902
513 2934
513 3864
514 793
514 795
514 2876
514 4027
514 4694
515 682
515 830
515 1634
515 1952
515 2701
515 3339
515 4253
516 751
516 1610
516 1805
516 2061
516 3207
516 3620
516 3827
516 4508
517 1368
517 2432
517 2856
518 2875
519 827
519 939
519 2776
519 3259
519 4677
520 990
520 1719
520 3534
520 3759
520 4153
521 1950
521 2467
521 2731
521 3586
521 4290
521 4913
522 2546
522 3011
522 4496
522 4555
522 4646
522 4701
523 617
523 967
523 3044
523 4397
523 4695
524 951
524 1261
524 1501
524 1568
524 2040
524 4282
524 4646
525 834
525 1491
525 2074
525 3593
525 3841
526 1629
526 3042
526 4680
527 842
527 1246
527 1726
527 1838
527 2128
527 2787
527 3914
527 4732
528 3040
528 3873
528 4262
528 4847
529 2887
529 3345
529 4991
530 669
530 874
530 1190
530 4424
531 1874
531 2806
532 1456
532 2906
532 4459
532 4635
533 2005
533 3703
533 3796
533 3836
534 913
534 976
534 1348
534 3283
534 3891
535 1295
535 1461
535 1729
535 1903
535 2586
535 4629
536 949
536 1313
536 2427
536 3099
536 3325
537 836
537 1188
537 2449
538 708
538 1318
538 1816
538 2335
539 1412
539 2274
540 1322
540 4332
541 2177
541 2837
541 3060
541 3579
541 4014
541 4139
541 4775
542 1212
542 2095
542 2252
542 2785
542 3249
542 4653
542 4751
543 1239
543 2749
543 2984
543 3315
543 3520
543 3705
543 3753
543 3832
543 4337
543 4839
544 1586
544 2498
544 2846
544 3526
544 3543
544 4698
544 4790
545 567
545 2603
545 3276
545 3656
545 4855
546 2565
546 3568
546 4945
547 1268
547 1358
547 4533
548 3008
548 3823
548 4230
548 4778
549 890
549 1477
549 1698
549 2675
549 4991
550 1602
550 1644
550 1666
550 1943
550 2428
550 4903
550 4943
551 3309
551 4720
551 4828
551 4867
552 568
552 972
552 1223
552 1380
552 4787
553 1720
553 4051
553 4068
553 4438
553 4480
554 830
554 1872
554 2451
554 2705
554 3515
554 3724
554 4894
555 834
555 2559
555 2564
555 3298
555 3493
556 598
556 703
556 911
556 1428
556 2164
556 3034
556 3622
556 3762
556 3853
556 4227
557 633
557 1415
557 1538
557 1577
557 1968
557 2133
557 2631
557 3374
557 3612
557 3619
558 794
558 1333
558 1588
558 2253
558 3635
558 3977
558 4283
559 1365
559 1678
559 2550
559 2842
560 689
560 3427
560 3455
560 4184
560 4359
561 1016
561 1959
561 2199
561 2458
561 4351
561 4975
562 3842
562 3922
562 4916
563 1330
563 1388
563 1545
563 2188
563 2864
563 4077
563 4638
564 3108
564 3479
564 3575
564 3585
564 3952
565 1772
565 1991
565 2565
565 3415
565 3437
565 3513
566 589
566 591
566 1681
566 3483
566 3797
567 1419
567 2198
567 3344
567 3664
568 829
568 976
568 2763
568 2784
568 3120
568 3517
568 3590
568 4382
569 706
569 1155
569 1613
569 1936
569 3022
569 3072
569 3112
569 3861
570 2375
570 2396
570 2680
570 3524
570 3902
570 4361
570 4986
571 646
571 1431
571 2531
571 2557
571 2998
571 3450
571 4256
572 662
572 3814
572 4035
573 3269
573 3921
574 3342
574 4053
574 4255
574 4816
575 709
575 828
575 831
575 1680
575 2029
575 2486
575 2609
575 2764
575 4043
575 4239
575 4377
576 635
576 1787
576 2011
576 2796
576 3286
577 913
577 3310
577 3816
577 4443
578 1294
578 1390
578 2978
578 4355
578 4912
579 1998
579 2015
579 3450
579 4088
579 4743
580 2571
580 2773
580 4317
580 4526
580 4674
581 853
581 2725
581 4612
582 809
582 1042
582 2044
582 2997
582 3380
582 4153
582 4790
582 4928
583 2151
583 2182
583 4062
583 4095
583 4358
584 2210
584 2309
584 2728
584 3634
584 4245
584 4769
585 631
585 645
585 3634
585 4982
586 753
586 773
586 1106
586 2555
586 3553
587 666
587 1973
587 2813
587 3368
587 4622
588 784
588 2043
588 2290
588 2783
588 2950
588 3351
588 4106
588 4888
589 2369
589 2801
589 3020
589 3782
590 967
590 1571
590 4167
590 4829
591 2131
591 3691
591 4352
592 606
592 1186
592 1446
592 2250
592 4247
593 594
593 1281
593 2303
593 3654
593 4102
594 938
594 2590
594 2879
594 4013
595 1963
595 2526
595 2629
595 2638
595 3519
595 3761
595 4648
596 1814
596 3851
596 4019
596 4335
596 4487
596 4956
597 2579
597 2791
597 2806
597 4537
598 2244
598 2769
598 3428
598 4340
598 4681
599 1489
599 2155
599 3510
599 4345
600 982
600 2641
600 3681
600 4157
600 4304
601 1417
601 2452
601 3981
601 4232
601 4831
602 2058
602 2567
602 2852
603 1445
603 1548
603 1889
603 1916
603 1977
603 2990
603 4894
604 1078
604 1279
604 2224
604 2280
604 2736
605 1765
605 2041
605 2844
605 2874
605 3321
605 3706
605 4124
605 4997
606 1930
606 2980
606 3384
606 4343
607 867
607 1513
607 1600
608 1749
608 2654
608 3512
608 3863
608 4280
609 1235
609 1957
609 3417
610 1221
610 1424
610 3178
610 3268
611 744
611 1178
611 1273
611 1589
611 1672
611 1910
611 3570
611 4703
611 4739
611 4820
612 1047
612 2307
613 2385
613 3105
613 3321
613 3468
613 3489
613 4449
613 4744
614 1168
614 1427
614 2772
614 3740
614 3769
615 2005
615 2238
615 2376
615 3452
616 1918
616 1941
616 3497
616 4385
617 710
617 880
617 1366
617 2962
617 4084
617 4373
617 4564
617 4721
618 1042
618 4510
619 802
619 829
619 1094
619 1291
619 1395
619 1526
619 1593
619 1601
619 3338
619 3475
619 4204
619 4743
620 1609
620 2229
620 2739
621 1446
621 3421
621 4776
621 4789
621 4847
622 762
622 1926
622 3813
622 3999
622 4548
623 1837
623 2208
623 3559
623 3991
624 1730
624 2343
624 2574
624 3065
624 4038
625 793
625 1111
625 1217
625 1280
625 3157
625 3735
625 4098
626 3763
626 3767
626 4198
626 4639
626 4990
627 641
627 693
627 2170
628 667
628 2439
628 3690
628 4176
628 4326
629 962
629 1909
629 3222
629 3444
630 807
630 1809
630 3213
631 905
631 1971
631 2028
631 2111
631 2335
631 2509
631 2858
631 3033
632 971
632 1231
632 1322
632 4649
632 4936
633 935
633 1562
633 1714
633 2071
633 3319
634 998
634 1043
634 2069
634 2324
634 2969
634 4455
634 4475
635 1161
635 1441
635 1818
635 3177
635 4331
635 4410
636 1890
636 2522
636 2535
636 2723
636 3173
636 3539
637 1757
637 1803
637 4308
637 4706
637 4947
638 793
638 890
638 2031
638 3909
638 4030
638 4333
638 4568
639 1528
639 1822
639 2467
639 2783
639 4183
639 4409
640 1119
640 2212
640 3191
641 3644
641 4839
642 1561
642 2276
642 3155
642 3611
642 3728
642 3827
643 1860
643 3871
644 748
644 1182
644 1292
644 1330
644 2765
644 3243
644 3311
644 3955
644 4194
645 923
645 1751
645 2005
645 2869
645 3291
645 3329
645 4446
646 854
646 879
646 960
646 1660
646 1843
646 2463
646 3464
647 2471
647 2516
647 2936
647 3009
647 4327
647 4624
647 4749
648 1080
648 1107
648 2780
648 4628
649 3179
649 4207
649 4533
650 1418
650 1421
650 1446
650 1587
650 3804
650 4345
651 1144
651 3097
651 3169
652 2033
652 2579
652 3629
652 3955
653 1363
653 1662
653 2540
653 3062
653 4015
653 4386
654 1658
654 2676
654 3554
654 4279
654 4701
655 2301
655 2722
655 3060
656 787
656 1020
656 2559
656 4467
656 4927
657 1366
657 1450
657 4215
657 4788
658 675
658 992
658 3213
658 3369
658 4534
658 4968
659 2459
659 3545
659 4763
659 4902
660 855
660 1181
660 1813
660 2011
660 2340
660 3379
660 3581
660 3675
660 4027
660 4537
660 4567
661 1069
661 1298
661 2076
661 2232
661 4082
662 1337
662 1477
662 1551
662 2719
662 4221
663 2104
663 2394
663 3732
663 4037
663 4224
663 4769
664 1182
664 2533
664 2589
664 3972
664 4064
664 4655
665 797
665 1652
665 1814
665 1835
665 2369
665 2526
665 3142
665 3458
665 3630
666 1100
666 2186
666 4257
666 4322
666 4465
666 4467
666 4614
667 2970
667 3563
667 3602
668 844
668 1019
668 1391
668 2288
668 2761
668 2980
668 3988
668 4884
669 1512
669 2153
669 3585
669 4414
669 4998
670 857
670 1071
670 1301
670 1401
670 1961
670 2283
670 3071
671 2213
671 2683
671 2704
671 3338
672 1243
672 4596
672 4783
672 4853
673 910
673 1261
673 1908
673 2428
673 3096
674 1447
674 2998
674 4337
674 4897
675 1041
675 1401
675 3519
675 3681
675 3812
675 4730
676 2345
676 2403
676 3405
676 4802
677 988
677 1837
677 2322
677 2430
677 3558
677 3886
677 4418
677 4880
678 1009
678 1312
678 1318
678 1585
678 4797
679 927
679 3056
679 3747
680 2281
680 2625
680 2863
680 3263
680 3772
681 899
681 1160
681 2174
681 2270
681 2275
681 2653
681 3762
681 4222
681 4749
682 1051
682 1072
682 1858
682 2707
682 2914
682 3330
682 3537
682 4933
683 1020
683 1036
683 1468
683 2303
683 4650
684 980
684 1078
684 1338
684 1538
684 3011
684 3470
685 920
685 2695
685 3052
685 4079
686 1767
686 3020
686 3440
686 4567
686 4735
687 1756
687 2381
687 4067
687 4463
688 863
688 2188
688 2890
688 3788
688 4251
688 4915
689 2301
689 2781
689 3646
689 4408
689 4867
690 955
690 1149
690 2784
690 3007
690 3124
690 3305
690 3539
690 4172
690 4874
690 4937
691 1006
691 1576
691 3437
691 3755
691 4301
692 716
692 752
692 4710
693 1078
693 1635
693 2167
693 2521
693 2583
693 2914
694 1231
694 1557
694 1706
694 3591
695 2782
695 2951
695 3070
695 4702
696 819
696 3724
696 4409
697 1370
697 1595
697 3431
697 3458
697 4680
698 740
698 759
698 2724
698 3509
698 3730
699 1265
699 1681
699 2474
699 2602
699 3098
699 3592
699 4657
699 4923
700 2963
700 3220
700 3445
700 3745
700 3751
700 4299
701 1504
701 1520
701 2055
701 2217
701 3965
702 1099
702 2857
702 2953
702 3558
703 755
703 1114
703 2856
703 3257
703 4535
703 4830
703 4867
704 1490
704 1621
704 2588
704 2680
704 4336
705 2536
705 3178
705 3953
705 4501
706 2278
706 2419
706 3580
706 4659
707 2330
707 3654
707 3747
708 1175
708 1831
708 2980
708 3975
708 4668
708 4992
709 723
709 2645
709 3921
709 4435
709 4904
710 893
710 1400
710 1627
710 2684
711 1416
711 3631
712 1413
712 1862
712 1882
712 1942
712 2883
712 3569
712 4006
713 829
713 1269
713 1450
713 1581
713 3530
713 3750
713 4172
714 2242
714 2295
714 4361
714 4993
715 2264
716 943
716 1187
716 2821
716 3772
716 4333
717 1134
717 3826
717 3919
717 4448
718 2305
718 2354
718 3831
718 4761
719 3169
719 3178
720 724
720 1115
720 1365
720 1451
720 3430
720 3526
720 4199
720 4752
720 4772
721 1232
721 1445
721 2302
721 2551
722 1426
722 1433
722 2445
722 3627
722 4720
723 1239
723 2268
723 2553
723 2642
723 2838
723 3121
723 4423
723 4617
724 2228
724 2560
724 2701
724 2828
724 3469
725 2636
725 3661
725 4265
726 829
726 1030
726 3200
727 1343
727 2165
727 4158
728 1625
728 2894
728 3017
728 4583
729 1419
729 3297
729 3750
730 901
730 1793
730 2182
730 2233
730 2770
730 2778
730 4252
731 2856
731 3264
731 3515
731 3669
731 3829
731 4982
732 2331
732 2656
732 2699
732 3725
732 4765
733 838
733 2083
733 3114
733 3152
733 4513
734 885
734 1101
734 1176
734 4103
734 4124
734 4964
735 753
735 2182
735 3310
735 3366
735 3854
735 4455
736 2892
736 3291
736 3427
737 1474
737 1610
737 3766
737 4176
738 844
738 1065
738 4751
739 1051
739 1237
739 2968
739 3603
739 4037
740 1352
740 2190
740 2626
740 3377
741 752
741 884
741 1371
741 1607
741 1920
741 3197
741 3209
741 4743
741 4808
742 1465
742 3476
742 3687
742 4298
742 4342
742 4533
742 4833
743 1010
743 1818
743 2974
743 3523
743 3854
743 4870
743 4881
744 2349
744 2837
744 3525
744 4030
744 4284
745 961
745 2615
745 4049
745 4589
745 4845
746 1433
746 2748
746 3491
746 3515
746 3733
747 1184
747 1697
747 2847
748 1993
748 4939
749 1419
749 2012
749 2951
749 4674
750 1326
750 1801
750 2528
750 3165
751 2250
751 3860
751 4031
751 4260
751 4801
752 2133
752 3193
752 4288
752 4324
753 766
754 1138
754 1251
754 1257
754 1660
754 1742
754 1938
754 4438
754 4626
754 4841
755 4087
755 4926
756 981
756 1911
756 2313
756 3600
756 4774
757 812
757 1494
757 1800
757 3306
758 1407
758 1722
758 2571
758 2634
758 4047
759 2200
759 3153
759 3235
759 3419
759 4633
760 2411
760 2761
760 3015
760 3588
760 4171
760 4271
761 1271
761 2043
761 4948
762 1120
762 1251
762 1460
762 2302
762 2735
762 2880
762 3090
762 4022
762 4175
762 4528
763 1642
763 3851
764 1388
764 2052
764 3361
764 4507
765 2317
765 3581
765 3831
765 4588
766 1850
766 1909
766 2882
766 2975
766 3947
766 4256
766 4451
767 2018
767 2431
767 2469
767 2647
767 3683
767 4438
767 4899
768 1187
768 1258
768 1352
768 3971
768 4149
768 4618
768 4960
769 1273
769 1668
769 2591
769 4087
770 1955
770 3250
770 3663
770 3734
770 4779
770 4945
771 1340
771 1443
771 1508
771 1545
771 2845
771 3804
771 4430
772 3004
772 3034
772 3817
772 4149
772 4253
773 1225
773 1603
773 1928
773 3217
774 941
774 1154
774 1591
774 1655
774 1673
774 2120
774 3206
774 4303
774 4918
775 1534
775 3508
775 3541
775 3611
775 3712
775 3885
775 4817
775 4977
776 1499
776 1913
776 2936
776 3062
776 3417
776 3708
777 1173
777 1758
777 2095
777 2245
777 2984
777 3637
778 1112
778 1715
778 2327
778 4347
778 4372
779 2549
779 3275
779 3902
779 4770
780 1587
780 1655
780 1804
780 2126
780 3202
780 4310
781 1948
781 2764
781 3754
782 2029
782 2067
782 3824
782 4181
782 4979
783 1212
783 1260
783 2491
783 2857
783 3059
783 3088
783 3110
784 3542
784 4205
784 4279
785 1114
785 1760
785 1817
785 2427
785 2700
785 3369
785 3528
785 3624
785 4155
785 4518
786 1069
786 1095
786 1751
786 2294
786 3491
786 3525
786 4003
786 4702
786 4965
787 999
787 1439
787 1685
787 1932
787 4881
788 2189
788 2693
788 2817
789 4390
789 4578
790 2541
790 2768
791 1113
791 2035
791 3397
791 3627
791 3825
791 4839
792 1852
792 2133
792 2876
792 3767
792 4440
792 4539
792 4948
793 969
793 1466
793 2484
793 2821
793 3668
793 4269
794 2789
794 3629
794 3682
795 1156
795 1844
795 3539
795 4864
795 4962
796 1482
796 1803
796 2295
796 2885
796 3274
796 3912
796 4635
796 4743
797 1400
797 1808
797 2542
797 4465
798 1836
798 2456
799 1257
799 1480
799 1538
799 3076
799 3835
799 4873
800 1085
800 1516
800 2664
800 3234
800 3509
800 4420
801 1060
801 1741
801 4206
802 1423
802 1737
802 2868
802 3857
802 4177
803 870
803 900
803 1829
803 2443
803 3015
803 3381
804 1383
804 2311
804 2434
804 2650
804 2904
804 3626
805 1074
805 1922
805 2024
805 3159
805 3935
805 4047
806 1305
806 2561
806 2924
806 2988
807 1088
807 1517
807 2243
807 3676
807 4378
808 2949
808 3389
808 4103
809 1050
809 1292
809 1547
809 1999
809 2045
809 3468
810 1042
810 1915
810 2518
810 2734
810 3674
811 1197
811 1226
811 1963
811 3561
811 3581
812 905
812 1521
812 1928
812 2054
812 4037
813 955
813 1266
813 2454
813 3564
813 3813
813 3900
813 4128
814 1176
814 2623
814 2975
814 4237
815 1927
815 4047
815 4486
816 2925
816 3144
816 4019
816 4654
816 4794
817 1646
817 1686
817 2447
817 2720
817 3304
817 4286
818 864
818 1021
818 3531
818 3651
818 3741
818 4133
818 4508
819 1988
819 2758
819 4288
819 4763
820 1219
820 2242
821 3036
821 3361
821 3555
821 3939
821 4039
821 4890
822 1354
822 2079
822 2970
822 4426
823 1476
823 1951
823 2721
824 1671
824 1765
824 3472
825 3039
825 4123
825 4287
825 4666
826 1152
826 2038
826 2213
826 2912
826 4965
826 4993
827 976
827 2173
827 2658
827 3030
827 3767
827 3860
827 4676
827 4708
827 4754
827 4834
828 1540
828 2042
828 3238
829 1109
829 3631
829 4163
830 3438
830 4147
830 4879
831 1906
831 2062
831 2523
831 2795
831 2954
831 4426
832 1554
832 2091
832 4293
832 4548
832 4653
833 1129
833 1230
833 1421
833 2366
833 3385
833 3941
833 4944
834 1049
834 1329
834 1913
834 2564
834 4320
835 1121
835 1802
835 4129
835 4490
835 4642
835 4782
836 1089
836 2138
836 2946
836 4751
837 1213
837 3848
837 4885
838 1376
838 1873
838 2687
838 2723
838 3085
838 4659
838 4763
838 4919
839 2171
839 3372
839 4069
839 4248
839 4804
840 1088
840 1772
840 2691
840 3015
840 3674
840 4818
841 1335
841 1554
841 1930
841 2143
841 2543
841 2748
841 4022
842 986
842 989
842 2014
842 2107
842 2932
842 3288
842 3479
842 4190
843 1201
843 2138
843 2520
843 3814
844 1465
844 3323
844 3454
844 4065
844 4179
845 3536
845 3838
845 4141
846 1241
846 1730
846 2370
846 3153
846 4912
847 1886
847 2809
847 4631
848 4486
848 4561
849 2418
849 2627
849 3346
849 3483
849 4860
850 1966
850 2458
850 4366
850 4874
851 4402
851 4768
852 2448
852 2742
852 2832
852 3613
852 4458
853 1074
853 1445
853 3187
853 3965
853 4059
853 4826
854 1539
854 1910
854 2708
854 3347
854 3413
855 1290
855 2029
855 2637
855 3038
855 3162
855 3753
855 4469
855 4592
856 1350
856 3041
856 3127
856 4261
857 968
857 1438
857 4627
857 4670
857 4676
858 2293
858 2768
858 3101
858 3999
858 4924
859 1358
859 2658
859 2673
859 3949
859 4732
860 1215
860 2036
860 2693
860 2883
861 1287
861 1316
861 1496
862 1496
862 1693
862 2636
862 4241
863 1554
863 1608
863 1877
863 2234
863 3102
863 4796
864 939
864 1088
864 1623
864 2535
864 4662
865 1126
865 2045
865 2124
865 2974
865 3546
865 4389
865 4495
865 4562
865 4723
866 2691
866 3198
866 3538
866 3575
866 3845
867 1716
867 2331
867 4371
867 4581
868 1664
868 2184
868 3383
868 4228
868 4953
869 1118
869 1459
869 1903
869 2458
869 2907
869 3179
870 1241
870 2244
870 3821
871 1226
871 3795
871 4963
872 1081
872 1404
872 3040
872 3496
872 4288
872 4683
873 876
873 1103
873 1243
873 2892
873 3117
873 3302
873 3876
874 1062
874 3510
875 3490
875 4405
875 4931
875 4939
876 3712
876 4042
877 2090
877 2667
877 3970
877 4715
877 4801
878 2073
878 2358
878 2858
878 3090
878 3613
878 4170
878 4694
879 1498
879 2669
879 3711
879 4062
879 4196
880 894
880 1667
880 1989
880 2767
880 2896
880 3291
881 3918
881 4197
881 4728
881 4775
882 888
882 1664
882 2415
882 4621
882 4945
883 4005
883 4487
884 898
884 2105
884 3313
884 3990
884 4102
885 4864
885 4881
885 4946
886 1219
886 1768
886 2106
886 4730
887 1204
887 1292
887 1404
887 1598
887 1703
887 2136
887 2185
887 3493
887 4833
887 4888
888 1465
888 1577
888 1829
888 2404
888 2835
888 3148
888 4501
889 1974
889 3599
889 4684
889 4711
890 1346
890 3570
890 3603
890 3767
891 1557
891 2024
891 2068
891 2423
891 2863
891 3882
891 4025
892 964
892 2427
892 3736
892 4289
892 4739
893 1686
893 3933
893 4211
893 4302
893 4457
894 942
894 1281
894 1624
894 1642
894 1706
894 3071
894 3766
895 1335
895 2241
895 4085
896 1245
896 1489
896 3682
896 4330
896 4552
896 4818
897 1249
897 1450
897 3198
897 3797
897 3875
898 928
898 982
898 1950
898 2008
898 2031
898 4091
898 4313
899 1725
899 2331
899 2396
899 2763
899 3135
899 3587
899 4046
899 4999
900 2390
901 1130
901 1547
901 2307
901 4321
901 4345
901 4667
901 4882
902 2203
902 2634
902 3511
902 3571
902 4258
902 4653
903 2111
903 2978
903 3077
903 3578
903 3889
904 1590
904 2926
904 3218
904 4743
905 1807
905 1848
905 3372
905 4052
905 4518
906 1133
906 1200
906 1427
906 1854
907 2146
907 2811
907 3393
907 4318
907 4554
908 3027
908 3403
908 3613
908 4630
908 4887
909 983
909 1905
909 3402
909 3467
909 3861
909 4188
909 4390
909 4619
910 1977
910 3615
910 3676
911 2613
911 2767
911 2898
911 3382
911 4563
912 2185
912 2471
912 2529
912 3257
912 4531
912 4673
913 1159
913 1707
913 2053
913 2893
913 2932
914 1601
914 2030
914 2254
914 3839
914 4697
915 1969
915 2052
915 2272
915 2378
915 3135
916 928
916 994
916 3220
916 4455
917 1040
917 1636
917 3201
917 4719
917 4722
918 1983
918 3893
918 3942
918 4326
919 1397
919 2394
919 3633
919 4037
919 4693
919 4696
919 4975
920 1778
920 1950
920 2490
920 2757
920 2928
920 3438
920 3990
920 4821
921 1528
921 1702
921 2358
921 2761
921 2861
921 4190
921 4202
922 1686
922 1731
922 2253
922 2414
922 2777
922 3810
922 4039
922 4075
923 1451
923 2043
923 4355
923 4607
923 4799
924 1721
924 1968
924 2233
924 2908
924 4018
925 947
925 1103
925 2323
925 2757
925 3238
925 3491
925 4185
925 4368
925 4500
925 4545
925 4574
926 1096
926 2618
926 3493
926 4208
927 3107
928 1004
928 1539
928 1604
928 1733
928 3167
928 3627
928 4495
929 1025
929 1264
929 1322
929 2135
929 2189
929 4802
930 1359
930 1685
930 2296
930 3646
930 3908
930 3937
930 4207
930 4605
930 4895
931 1703
931 1869
931 2411
931 3950
931 4152
931 4470
932 1135
932 1139
932 2169
932 2366
932 3405
932 3857
932 3872
932 4234
932 4466
933 1073
933 2348
933 2989
934 1100
934 2928
934 3993
934 4541
935 2494
935 2707
935 3245
935 4765
936 1723
936 1780
936 3899
936 3954
936 4829
937 1548
937 2831
937 3546
937 4244
937 4254
937 4500
938 1263
938 1797
938 2142
938 4105
938 4997
939 1481
939 3126
939 3420
939 4497
939 4533
940 1167
940 3534
940 4058
940 4609
941 1398
941 1804
941 2417
941 2717
941 3018
941 3482
941 4248
942 1473
942 1744
942 1959
942 3440
942 3835
942 4609
943 948
943 3195
943 3644
943 3747
943 4336
943 4704
944 1436
944 1496
944 3087
945 1099
945 2718
945 2762
945 3081
945 4028
945 4344
946 1955
946 2111
946 2127
946 2462
946 3505
946 4309
947 968
947 3116
947 3630
947 4621
948 2080
948 2505
948 2900
948 3796
948 4633
948 4825
949 2104
949 2204
949 4951
950 1674
950 1690
951 1190
951 1386
951 1445
951 1859
951 2215
951 3283
951 3516
951 3924
952 1438
952 3130
953 2393
953 3144
953 4609
954 1147
954 2019
954 2102
954 2125
954 4547
955 1826
955 3122
955 3132
955 3172
955 3672
955 4763
956 2086
956 2162
956 3603
956 4795
957 1859
957 3176
957 3286
958 1928
958 2407
958 3688
959 1056
959 1853
959 2590
960 1536
960 1681
960 2997
960 3820
960 4271
961 1334
961 1772
961 2164
961 2385
961 3399
962 1475
962 1803
962 1933
962 3391
962 3695
962 3922
962 4818
963 1674
963 1777
963 2892
963 3043
964 1867
964 3466
965 1228
965 2537
965 2805
965 3274
965 3315
965 4454
966 1401
966 1746
966 3248
966 3936
966 4385
967 1626
967 2819
967 2939
967 3134
968 2623
968 2864
968 3382
968 3755
968 3979
968 4132
969 1493
969 1593
969 1824
969 1916
969 4181
969 4755
970 1440
970 3089
970 4418
971 1178
971 2382
971 2676
971 3404
971 4047
972 1890
972 4233
972 4291
972 4661
972 4750
972 4954
973 1079
973 1804
973 1845
973 3614
973 3856
973 3930
973 4870
974 1097
974 2960
974 2968
974 3674
974 4404
974 4744
974 4757
975 1713
975 2029
975 2188
975 4245
975 4317
976 996
976 4449
976 4833
977 1126
977 1607
977 2442
977 4584
977 4692
978 3288
978 4706
978 4806
979 1071
979 2012
980 2714
980 2778
980 2989
980 3755
981 1311
981 2352
981 3766
982 1789
982 2074
982 3217
982 4520
983 1086
983 2033
983 2044
983 2309
983 2602
983 3239
983 4519
984 1894
984 3103
984 3718
984 4584
985 1133
985 1749
985 1985
985 4392
986 1924
986 3335
986 3636
986 3637
986 4017
987 1297
987 2166
987 2350
987 2653
987 3210
987 4038
987 4911
988 4123
988 4402
989 1788
989 1815
989 1969
989 3881
989 4467
989 4773
990 1428
990 2653
990 3126
990 3803
990 4735
991 1563
991 2636
991 3209
991 3635
991 4171
991 4233
992 2838
992 3164
992 4024
993 1022
993 1342
993 2015
993 2136
993 2519
993 3000
993 3187
993 3467
993 4064
993 4839
994 1245
994 2823
994 2918
994 3330
994 3460
994 3692
995 2496
995 3294
995 3550
995 4589
996 1415
996 1931
996 2701
996 2839
996 4118
996 4391
997 1380
997 2590
997 2868
998 2204
998 3650
998 4440
998 4444
999 2381
999 3367
999 3386
999 4555
999 4790
1000 1419
1000 2850
1000 3242
1000 4568
1001 1905
1001 2785
1001 3400
1001 3784
1001 3883
1001 4551
1002 1914
1002 2319
1002 2660
1002 3328
1003 1209
1003 1374
1003 1800
1003 2508
1003 4138
1004 1343
1004 2836
1004 3883
1004 4564
1004 4924
1005 1569
1005 2372
1005 2682
1005 2804
1005 3349
1005 3642
1005 4259
1006 2658
1006 4788
1006 4862
1007 1983
1007 2580
1007 2979
1008 1906
1008 2109
1008 2328
1008 2883
1008 3486
1008 3518
1008 4144
1009 2552
1009 2925
1009 3559
1010 1655
1010 2078
1010 2683
1010 4341
1011 2087
1011 2870
1011 2925
1011 2929
1011 3833
1011 4020
1011 4232
1011 4733
1012 1766
1012 2090
1012 2771
1013 1974
1013 2737
1013 4031
1013 4708
1013 4788
1013 4941
1014 1314
1014 1550
1014 1896
1014 4599
1015 1182
1015 1711
1015 3256
1016 1874
1017 2501
1017 4222
1018 1267
1018 1504
1018 1522
1018 1894
1018 2770
1018 3808
1018 4276
1019 2356
1019 2605
1019 3154
1019 3870
1019 4243
1019 4854
1020 1518
1020 3227
1021 1324
1021 3001
1021 3751
1021 3954
1022 1139
1022 1160
1022 1846
1022 3381
1022 4376
1023 3048
1023 3071
1023 4686
1024 1395
1024 1765
1024 3002
1024 3491
1024 4745
1025 1409
1025 1669
1025 2165
1025 3243
1025 3445
1025 4917
1026 1605
1026 2943
1026 3309
1026 4213
1026 4293
1027 2686
1027 3629
1027 3734
1028 1349
1028 1586
1028 2043
1028 2444
1028 2965
1028 4618
1029 1827
1029 2115
1029 2774
1029 2918
1029 4196
1030 1063
1030 1140
1030 1638
1030 1696
1030 2085
1030 2944
1030 2960
1030 4050
1031 2017
1031 2848
1031 3009
1031 3286
1032 1487
1032 2509
1032 3892
1032 4092
1032 4587
1033 1763
1033 2831
1033 2933
1033 4000
1033 4272
1034 1190
1034 1225
1034 2916
1034 3040
1034 3375
1034 4721
1034 4892
1035 1271
1035 2622
1035 2860
1035 3151
1035 3224
1035 3841
1036 2067
1036 3090
1037 1151
1037 1609
1037 3300
1037 3646
1038 1210
1038 3160
1038 3869
1038 4819
1039 1839
1039 1893
1039 2930
1039 3373
1039 3626
1039 4153
1039 4913
1040 1506
1040 3513
1040 3877
1040 4010
1040 4106
1040 4250
1041 1584
1041 2677
1041 3349
1041 4749
1042 2146
1042 3215
1042 4521
1043 2209
1043 2301
1043 2318
1043 4188
1043 4445
1044 2122
1044 2255
1044 2338
1044 2390
1044 2632
1044 3504
1045 1374
1045 2795
1045 3956
1045 4269
1046 4166
1046 4295
1047 3252
1047 4649
1047 4907
1048 1070
1048 1375
1048 1885
1048 4276
1049 1182
1049 1494
1049 2999
1049 3760
1049 3844
1049 3998
1049 4501
1050 1791
1050 2054
1050 2235
1050 2782
1050 4152
1050 4718
1051 1131
1051 1542
1051 4401
1051 4488
1052 3185
1052 3319
1052 3340
1052 3883
1052 4255
1052 4541
1053 2260
1053 2584
1053 3365
1053 3616
1053 4369
1053 4923
1054 1863
1055 1211
1055 1290
1055 1741
1055 3513
1055 4040
1056 1525
1056 2362
1056 3756
1057 2467
1057 3198
1057 4093
1057 4954
1057 4959
1058 2784
1058 4166
1058 4459
1059 1730
1059 3489
1059 3954
1059 4070
1059 4571
1060 2554
1060 3143
1060 3271
1060 3406
1060 3956
1061 3051
1061 4463
1061 4719
1062 1391
1062 1425
1062 2153
1062 2731
1062 2890
1062 3984
1062 4322
1062 4330
1062 4908
1063 3023
1063 3558
1063 4188
1063 4549
1063 4695
1064 1579
1064 2230
1064 2312
1064 2815
1064 4010
1064 4033
1065 1589
1065 2774
1065 3209
1065 3244
1065 4172
1065 4459
1066 1331
1066 1578
1066 2392
1066 3740
1066 4609
1067 1240
1067 1788
1067 2672
1067 2929
1067 3013
1067 3405
1067 3597
1067 3617
1067 4331
1067 4393
1067 4672
1068 1949
1068 2610
1068 2680
1068 4963
1068 4969
1069 3089
1069 3475
1069 4055
1070 1629
1070 2261
1070 4257
1070 4696
1070 4796
1071 1571
1071 2708
1071 3274
1071 3364
1071 4263
1072 2285
1072 3266
1072 3289
1072 4586
1073 2385
1073 3002
1073 4344
1074 1591
1074 1630
1074 1640
1074 1737
1074 1960
1074 4398
1074 4538
1074 4896
1075 1176
1075 1690
1075 2509
1075 2998
1075 3053
1075 3831
1075 4382
1075 4661
1076 3054
1076 3410
1076 3419
1076 3733
1076 4640
1077 2156
1077 2986
1077 3725
1077 4788
1077 4832
1078 2454
1078 3383
1078 3479
1078 3719
1078 3970
1078 4587
1078 4909
1079 1776
1079 2215
1079 2383
1079 3043
1079 3178
1079 3255
1079 3885
1080 1331
1080 1396
1080 2488
1081 3208
1081 3399
1081 4084
1082 1640
1082 1750
1082 1971
1082 2010
1082 3455
1082 4241
1082 4280
1083 1233
1083 1523
1083 2295
1083 2399
1083 2507
1083 2812
1084 1652
1084 2681
1084 2783
1084 3227
1084 4071
1084 4917
1085 1397
1085 2834
1085 3411
1085 4470
1086 1665
1086 2566
1086 3459
1086 3499
1086 4255
1086 4399
1086 4813
1087 1732
1087 1955
1087 2800
1087 3285
1087 3880
1088 2213
1088 3359
1088 4245
1088 4406
1088 4724
1088 4946
1089 1528
1089 2822
1089 3069
1089 3877
1090 1107
1090 1163
1090 1527
1090 3073
1090 3552
1090 3724
1090 4373
1090 4380
1091 1483
1091 1771
1091 3121
1091 4297
1091 4923
1092 3233
1092 3533
1092 3559
1092 4238
1093 1550
1093 1635
1093 2776
1093 3355
1093 4601
1094 1105
1094 2300
1094 3625
1094 3831
1094 3832
1094 4300
1095 2566
1095 2781
1095 2985
1095 3688
1096 3780
1096 4298
1096 4961
1097 1965
1097 2147
1097 3283
1097 4551
1097 4810
1097 4841
1098 2424
1098 2591
1098 2960
1098 4146
1098 4815
1099 2375
1099 2965
1099 4851
1100 3044
1100 3480
1101 1211
1101 2221
1101 2944
1101 3417
1102 2379
1102 3022
1102 3270
1103 1313
1103 2956
1103 3425
1104 1881
1104 1956
1104 2044
1104 2353
1104 3777
1104 3977
1104 4021
1105 1336
1105 1493
1105 2973
1105 3558
1105 4010
1105 4697
1106 1282
1106 2180
1106 3094
1106 3183
1106 3322
1106 3724
1106 3766
1106 4219
1106 4557
1107 1667
1107 2335
1107 2633
1107 4428
1108 1304
1108 1594
1108 2617
1108 3187
1108 3901
1109 1859
1109 2413
1109 2426
1109 4474
1110 1441
1110 2279
1110 2694
1110 2728
1110 3127
1110 4382
1110 4535
1110 4573
1110 4875
1111 2204
1111 2854
1111 3453
1111 3750
1111 3879
1111 4212
1111 4228
1111 4309
1111 4869
1112 1360
1112 1733
1112 4081
1112 4295
1113 2093
1113 2943
1113 3193
1113 3806
1113 4104
1114 1355
1114 1495
1115 1277
1115 1561
1115 1792
1115 2022
1115 2110
1115 3402
1115 4547
1116 1443
1116 2757
1116 3763
1116 4114
1117 1754
1117 2471
1117 3591
1117 4229
1117 4588
1118 1794
1118 2546
1118 2621
1118 3517
1118 3912
1118 4383
1118 4458
1119 3435
1119 4613
1121 2585
1121 4324
1121 4521
1121 4645
1122 1407
1122 2223
1122 2927
1122 3229
1122 3546
1122 4438
1122 4752
1123 2139
1123 2236
1123 2617
1123 2936
1123 3708
1123 4371
1124 1262
1124 2815
1124 2921
1124 4170
1125 1287
1125 2480
1125 3058
1125 3103
1125 4487
1125 4866
1126 3781
1126 4506
1127 3037
1127 4572
1127 4624
1128 2285
1128 2418
1128 4542
1128 4545
1128 4610
1129 1751
1129 2371
1129 2733
1130 1991
1130 2403
1130 2632
1130 2705
1130 3125
1130 3491
1130 4323
1131 1886
1131 2463
1131 3539
1131 3809
1131 4628
1132 1718
1132 2442
1132 2783
1132 3657
1132 4531
1133 2925
1133 4055
1134 1300
1134 2518
1134 2636
1134 3893
1135 1183
1135 1267
1135 1723
1135 3164
1135 3248
1135 3386
1135 3758
1136 1431
1136 1491
1136 2368
1136 2562
1136 2784
1136 3450
1136 4417
1136 4663
1137 1558
1137 2608
1137 2981
1138 2455
1138 3080
1138 3749
1138 4055
1138 4657
1138 4991
1139 1192
1139 3655
1140 3946
1140 4991
1141 1358
1141 1539
1141 2040
1141 2619
1141 2976
1141 2986
1142 1517
1142 1803
1142 2427
1142 2662
1142 2680
1142 3346
1143 1880
1143 2030
1143 3554
1143 4999
1144 2477
1144 2595
1144 3170
1144 3469
1144 4731
1144 4976
1145 1583
1145 2178
1145 2251
1145 2441
1145 3103
1145 3222
1145 4282
1146 1310
1146 3433
1146 3682
1146 3965
1147 1334
1147 2174
1147 2802
1147 3502
1148 1721
1148 2233
1148 3128
1148 3671
1149 1298
1149 3652
1149 4864
1150 1662
1150 3598
1150 3688
1150 4268
1150 4358
1150 4475
1151 1250
1151 1739
1151 2062
1151 3500
1151 3956
1152 2197
1152 3583
1152 4872
1153 1569
1153 3222
1154 1996
1154 2990
1154 4216
1155 3898
1155 4106
1155 4641
1156 2841
1156 3051
1156 3414
1156 3697
1156 3826
1156 4219
1156 4658
1157 1860
1157 3740
1158 1966
1158 3129
1158 3916
1158 4136
1158 4987
1159 1420
1159 3144
1159 4070
1159 4359
1160 2302
1160 2442
1160 2769
1160 2907
1161 1584
1161 1848
1161 4390
1161 4783
1162 1738
1162 2662
1162 2870
1162 3008
1162 4200
1163 1769
1163 2741
1163 4121
1164 2656
1164 2674
1164 2967
1164 4144
1165 1663
1165 1810
1165 2081
1165 2160
1165 3505
1166 2626
1166 2673
1166 3243
1166 3584
1167 1760
1167 1876
1168 1514
1168 2481
1168 2619
1168 2938
1168 3046
1168 4659
1169 1228
1169 2485
1169 3186
1169 3778
1170 1641
1170 3422
1170 3501
1170 4412
1171 2060
1171 2568
1171 3441
1172 1379
1172 1725
1172 1992
1172 2512
1172 4405
1172 4585
1173 1719
1173 1793
1173 2357
1173 2566
1173 3407
1173 3415
1173 3981
1173 4380
1173 4644
1174 2061
1174 3202
1174 3569
1174 3886
1174 3958
1174 4332
1175 1873
1175 2985
1175 3544
1175 4279
1175 4792
1176 1286
1176 1432
1176 1842
1176 1914
1176 3378
1177 1193
1177 2003
1177 2531
1177 3454
1178 2676
1178 2953
1179 2455
1179 2785
1179 3119
1179 3904
1179 4448
1180 1389
1180 2924
1181 1549
1181 2125
1181 2726
1181 2791
1181 2989
1181 3888
1181 4075
1182 2184
1182 2942
1182 4371
1183 2446
1183 3213
1183 3544
1183 4138
1184 2934
1184 3436
1184 3473
1184 4070
1185 2465
1185 2992
1185 3622
1185 4096
1185 4132
1185 4713
1186 1984
1186 3219
1186 3343
1187 1657
1187 3996
1187 4557
1187 4639
1188 1981
1188 2971
1188 3387
1188 3574
1189 1201
1189 1405
1189 2823
1189 2990
1189 3860
1189 3912
1189 4044
1189 4856
1189 4901
1190 1193
1190 1263
1190 2055
1190 2700
1190 2912
1190 4699
1191 3911
1191 4024
1191 4198
1191 4464
1192 2286
1192 3650
1192 4733
1193 1848
1193 1887
1193 2275
1193 2485
1193 3217
1193 3342
1193 3552
1194 1474
1194 2167
1194 3267
1194 3471
1194 4079
1195 2044
1195 2403
1195 3750
1195 3776
1195 4133
1196 2819
1196 3731
1196 3757
1196 4012
1196 4030
1196 4961
1197 1263
1197 2719
1197 3206
1197 3563
1197 3855
1197 4319
1198 1438
1198 1991
1198 3392
1199 2499
1199 3110
1199 3709
1200 1442
1200 2485
1200 3700
1201 1724
1201 2034
1201 2779
1201 2848
1201 3423
1201 4276
1202 1409
1202 2964
1202 4424
1203 2237
1203 3836
1204 3263
1204 3561
1204 4571
1204 4592
1204 4732
1204 4923
1205 2602
1205 2941
1205 3565
1205 4914
1206 1368
1206 1417
1206 1779
1206 2159
1206 2402
1206 2567
1206 4148
1206 4671
1207 1629
1207 1670
1207 3803
1207 3831
1207 3933
1208 3253
1208 3857
1208 4526
1209 2362
1209 3061
1209 3137
1209 3822
1209 4301
1209 4949
1210 3586
1210 3621
1210 4206
1211 1815
1211 3855
1211 4167
1211 4943
1212 1888
1212 2181
1212 2656
1212 3056
1212 4304
1212 4464
1213 1701
1213 2792
1213 2900
1213 3195
1213 4270
1214 1498
1214 2444
1214 2628
1214 3472
1214 3813
1214 4149
1215 1319
1215 2213
1215 3795
1215 3941
1215 4558
1216 2155
1216 4338
1216 4502
1217 2600
1217 3179
1218 1461
1218 4078
1218 4507
1219 1492
1219 1841
1219 2333
1219 2746
1219 2957
1219 3820
1219 4890
1220 1815
1220 2518
1220 3174
1220 3688
1220 4278
1220 4516
1221 2276
1221 2945
1221 3775
1221 4428
1221 4795
1222 2443
1222 2448
1222 2871
1222 3626
1223 2659
1223 2721
1223 3311
1224 1347
1224 2453
1224 3091
1224 4849
1225 1680
1225 2128
1225 2369
1225 3407
1225 3639
1225 4504
1226 3400
1226 3599
1227 1744
1227 2363
1227 4010
1227 4118
1227 4154
1228 1887
1228 3063
1228 4716
1229 1530
1229 4043
1229 4207
1229 4319
1229 4706
1230 3142
1230 3152
1230 3322
1230 3587
1230 4532
1231 3422
1231 3586
1231 3684
1231 3742
1231 4148
1232 1480
1232 1490
1232 4310
1233 1588
1233 1936
1233 2037
1233 2268
1233 2520
1233 4078
1234 1544
1234 2751
1234 4379
1234 4497
1234 4837
1235 1549
1235 4516
1237 1554
1237 1864
1237 2574
1237 2783
1237 3216
1237 3885
1238 2336
1238 4019
1238 4205
1238 4334
1238 4737
1239 2758
1239 2837
1239 3521
1239 4424
1240 1576
1240 1898
1240 1945
1240 3063
1240 3082
1240 3461
1241 4377
1241 4677
1241 4778
1242 1342
1242 2895
1242 3327
1242 4566
1243 1443
1243 2954
1243 3014
1243 4072
1244 1398
1244 3861
1244 4798
1245 2176
1245 3023
1245 3297
1245 4894
1246 1733
1246 2571
1246 2672
1246 2884
1246 4917
1247 1466
1247 1734
1247 3122
1247 3914
1247 3937
1247 4300
1247 4678
1248 1561
1248 1850
1248 2400
1248 3221
1248 3555
1248 3565
1248 3867
1248 3966
1248 4641
1249 1290
1249 1674
1249 1723
1249 1862
1249 2493
1249 2498
1250 1339
1250 3579
1250 3711
1250 4002
1250 4191
1251 1359
1251 2496
1251 3553
1251 3784
1251 3827
1251 4570
1251 4702
1252 1409
1252 4088
1252 4549
1253 2143
1253 2630
1253 4692
1254 1442
1254 1550
1254 3162
1254 3301
1255 2639
1255 3778
1255 4727
1255 4808
1255 4925
1256 1333
1256 3050
1256 3565
1256 4181
1256 4539
1257 1514
1257 3992
1258 1750
1258 3551
1258 3989
1258 4591
1258 4651
1258 4789
1259 1697
1259 2434
1259 3328
1259 3969
1259 4494
1259 4800
1259 4859
1259 4867
1260 2464
1261 1407
1261 1651
1261 2972
1261 3773
1261 4521
1262 1944
1262 2083
1262 4197
1262 4712
1263 2259
1263 2678
1263 3808
1263 4560
1264 1788
1264 1905
1264 1934
1265 2168
1265 2763
1265 3178
1265 3208
1265 3748
1265 4704
1266 3160
1266 3319
1266 4094
1266 4637
1266 4784
1266 4996
1267 1870
1267 3298
1267 3409
1267 3961
1267 4250
1267 4684
1268 2371
1268 2545
1269 1468
1269 1990
1269 2752
1269 3727
1269 4140
1270 1509
1270 1538
1270 2083
1270 2965
1270 3998
1271 1659
1271 2991
1271 3316
1271 3711
1271 4082
1272 2012
1272 2764
1272 3973
1272 4493
1273 3084
1273 4239
1274 1429
1274 1886
1274 3535
1274 3677
1274 3746
1275 1733
1275 1793
1275 2458
1275 3055
1275 3853
1275 4351
1275 4368
1275 4579
1276 2555
1276 2985
1276 3308
1276 3376
1276 4904
1277 3200
1277 3819
1277 4615
1278 1842
1278 4525
1279 1983
1279 2538
1279 2979
1279 3313
1280 2892
1280 3811
1281 1437
1281 3120
1281 3381
1282 2897
1282 4643
1283 1306
1283 2164
1283 2191
1283 4757
1284 1634
1284 2571
1284 4244
1285 1541
1285 2273
1285 2998
1285 3536
1285 4049
1285 4401
1286 1765
1286 2377
1286 2612
1286 3584
1286 3720
1287 1830
1287 4310
1288 1356
1288 1712
1288 2265
1288 3776
1289 1379
1289 2902
1289 3968
1289 4774
1290 3271
1290 4592
1291 2822
1291 3085
1292 1781
1292 2059
1292 4750
1293 2273
1293 3588
1294 1347
1294 3148
1294 3301
1294 4521
1294 4536
1294 4871
1295 1439
1295 4542
1295 4770
1296 2450
1296 3818
1296 4701
1297 3731
1297 3771
1297 3877
1297 4332
1297 4549
1298 3414
1298 3698
1298 4485
1299 2021
1299 2238
1299 2537
1299 3039
1299 3683
1300 1547
1300 3298
1300 3698
1300 3823
1300 4700
1301 1547
1301 2983
1301 3909
1301 4582
1302 2141
1302 2701
1302 3031
1302 3997
1302 4366
1302 4425
1302 4697
1303 2092
1303 2479
1303 2508
1303 2924
1303 4235
1304 1659
1304 2370
1304 2495
1304 2780
1304 3145
1304 4219
1304 4418
1305 1358
1305 1646
1305 3215
1305 3557
1305 3738
1306 1696
1306 2827
1307 1826
1307 1938
1307 1990
1307 3229
1307 3814
1307 4000
1308 1618
1308 2220
1308 2906
1308 3231
1308 3240
1308 3773
1308 4396
1308 4685
1309 1417
1309 2792
1309 3718
1309 4884
1310 3265
1310 3401
1310 4603
1310 4745
1310 4990
1311 1380
1311 1524
1311 1844
1311 2666
1311 3180
1311 3816
1311 4188
1312 1427
1312 1488
1312 1719
1312 1749
1312 3054
1312 3453
1312 3890
1313 2484
1313 2562
1313 2685
1313 3976
1313 4472
1313 4811
1314 1546
1314 2933
1315 1854
1315 2743
1315 2934
1315 2941
1315 3171
1315 4137
1315 4262
1316 1873
1316 2182
1316 2794
1317 3047
1317 4756
1318 2097
1318 4933
1319 1482
1319 4908
1320 1534
1320 1603
1320 1795
1320 2226
1320 2410
1320 2535
1320 3589
1320 3623
1321 1363
1321 1869
1321 3309
1321 4691
1322 3424
1322 3714
1322 4594
1323 2595
1323 3452
1323 4132
1323 4828
1324 1327
1324 2245
1324 2872
1324 3638
1324 4840
1325 2710
1325 3327
1325 3390
1326 2922
1326 3143
1326 3784
1327 1915
1327 3132
1327 3497
1327 4394
1328 3153
1328 4242
1329 3595
1329 4337
1329 4709
1330 3726
1330 3769
1331 2789
1331 3680
1332 1585
1332 1745
1332 2734
1332 4662
1333 2659
1333 4940
1334 1452
1334 2690
1334 4290
1334 4997
1335 2368
1335 3441
1335 3773
1336 1375
1336 1631
1336 4850
1337 1543
1337 2053
1337 2759
1337 2768
1337 3093
1337 3747
1337 4300
1337 4489
1338 2098
1338 3505
1338 4619
1339 1622
1339 1759
1339 2706
1340 2587
1340 2866
1340 3907
1341 2104
1341 2458
1341 4076
1341 4724
1342 1851
1342 2051
1342 2476
1342 2497
1342 3260
1342 4990
1343 1410
1343 2440
1343 2875
1343 3478
1343 3696
1343 4196
1343 4567
1344 2758
1344 3354
1345 2835
1346 1414
1346 1514
1346 2743
1346 2937
1346 3301
1347 1851
1347 2596
1347 4883
1348 1453
1348 2052
1348 3086
1349 1616
1349 2191
1349 2577
1349 3904
1349 3940
1349 4142
1349 4467
1349 4953
1350 2613
1350 2854
1350 3057
1350 3873
1351 1857
1351 3111
1351 3716
1351 4771
1353 3375
1353 3862
1354 2858
1354 3279
1354 4900
1355 2273
1355 2671
1355 4388
1355 4683
1356 2321
1356 3817
1357 1557
1357 1767
1357 2343
1357 2522
1357 2835
1357 3765
1357 3896
1358 2180
1358 2826
1358 2955
1358 3318
1358 3560
1358 3631
1358 3750
1359 1673
1359 4849
1360 3701
1360 4922
1361 1794
1361 3612
1361 3628
1361 3771
1361 4006
1362 2433
1362 2694
1362 4988
1363 2446
1363 2950
1363 4137
1363 4160
1363 4190
1364 1709
1364 2390
1364 3583
1364 4475
1365 2619
1365 4477
1365 4928
1366 2298
1366 2470
1366 2650
1367 1841
1367 1858
1367 2308
1367 2640
1367 3155
1367 4648
1368 1732
1368 2163
1368 3146
1368 4439
1368 4544
1369 3198
1369 3446
1369 3554
1369 3981
1369 4405
1370 1722
1370 1944
1370 2526
1370 3004
1370 3189
1370 3337
1370 3652
1370 4131
1370 4607
1371 1388
1371 4589
1371 4764
1372 1549
1372 3860
1373 1566
1373 1578
1373 2139
1373 2262
1373 2632
1373 3597
1373 4292
1374 1532
1374 1823
1374 3856
1375 2180
1375 3645
1375 4884
1376 2074
1376 4649
1377 1862
1377 2012
1378 1638
1378 1971
1378 2116
1378 3239
1379 1620
1379 1631
1379 2331
1379 3550
1379 4607
1380 2381
1380 4454
1381 2659
1381 2713
1381 2950
1381 3305
1381 3454
1382 2278
1382 2821
1382 3557
1382 3755
1382 4942
1383 1442
1383 3114
1383 3596
1383 3809
1383 3957
1384 1410
1384 1732
1384 2099
1384 2571
1384 2803
1384 4092
1385 2183
1385 2844
1385 3994
1386 3354
1386 3874
1386 3935
1386 4485
1386 4568
1386 4875
1387 1422
1387 2141
1387 2411
1387 4226
1387 4334
1387 4371
1387 4453
1388 1748
1388 1913
1388 2218
1388 3742
1388 4220
1388 4268
1389 1929
1389 4179
1389 4559
1389 4645
1390 4914
1391 3714
1391 4366
1391 4846
1392 3220
1392 3419
1392 3844
1393 2563
1393 3683
1393 4624
1394 1840
1394 4810
1395 2074
1395 4612
1396 2375
1396 3187
1396 4182
1396 4194
1397 2893
1397 2970
1398 4025
1398 4555
1399 1872
1399 2066
1399 2352
1400 3666
1400 4196
1400 4851
1401 2858
1401 3182
1401 3428
1401 3480
1401 3544
1401 4786
1401 4837
1402 1861
1402 1929
1402 2845
1402 3444
1403 1926
1403 2769
1403 3288
1403 3860
1403 4309
1404 1863
1404 2604
1404 3179
1404 3883
1404 4333
1405 1521
1405 1767
1405 1787
1405 2596
1405 4065
1405 4488
1406 3083
1406 3416
1406 3636
1406 4660
1407 1739
1407 3021
1407 4628
1407 4689
1408 3193
1408 3599
1408 4125
1408 4284
1409 2605
1409 4922
1410 1805
1410 3449
1410 3717
1411 1536
1411 2118
1411 2530
1411 4716
1411 4783
1411 4848
1411 4967
1412 3049
1412 4593
1413 3216
1413 3770
1413 4099
1413 4405
1414 2767
1414 3129
1414 3459
1414 4619
1414 4987
1415 2172
1415 3793
1415 4515
1415 4642
1415 4719
1415 4796
1416 2281
1416 3385
1416 3465
1417 2099
1417 2197
1417 2225
1417 4601
1417 4918
1418 1580
1418 2068
1418 2530
1418 2541
1418 3873
1418 4523
1419 1932
1419 2185
1419 3333
1419 3506
1419 4164
1420 1736
1420 1790
1420 1935
1420 3202
1421 1628
1421 1897
1421 2621
1421 2647
1421 2868
1421 3073
1421 3826
1421 4603
1422 1594
1422 2552
1422 2685
1422 3711
1423 1520
1423 3249
1423 3534
1423 3970
1423 4531
1424 2374
1424 2550
1424 3184
1425 2161
1426 1566
1426 1817
1426 2269
1427 2288
1427 3589
1427 4974
1428 2318
1428 2670
1428 3143
1428 4577
1428 4661
1429 1632
1429 1766
1429 2687
1429 3342
1429 4318
1429 4801
1430 1620
1430 1653
1430 3050
1430 4177
1430 4546
1431 2205
1431 3183
1431 3664
1431 4199
1431 4312
1431 4635
1431 4950
1432 2355
1432 4176
1432 4314
1432 4824
1433 2952
1433 3125
1433 3509
1434 3521
1434 3669
1434 4701
1435 3039
1435 4432
1436 2651
1437 2173
1438 2671
1439 1815
1439 3042
1440 4455
1441 1695
1441 3366
1441 3819
1441 4428
1442 1500
1442 1542
1442 2386
1442 3878
1442 4744
1443 2636
1443 3366
1443 3424
1443 3979
1444 1759
1444 1762
1444 2531
1444 3512
1444 4198
1444 4393
1445 1595
1445 1693
1445 1936
1445 2387
1445 2441
1445 2824
1446 1935
1446 3936
1446 3964
1446 4070
1446 4397
1446 4416
1446 4518
1446 4741
1447 2413
1447 2642
1447 4148
1447 4328
1448 2015
1448 2609
1448 3172
1448 3866
1449 1773
1449 2123
1449 2382
1449 2755
1449 3137
1449 4262
1449 4776
1450 2117
1450 2998
1450 3585
1451 1984
1451 2937
1451 3096
1451 3637
1451 4203
1452 2279
1452 3022
1452 3588
1452 4929
1453 2884
1453 4238
1453 4399
1453 4700
1454 1943
1454 2193
1454 2380
1454 3187
1454 3537
1454 4097
1454 4236
1455 2074
1455 2236
1455 3543
1455 3811
1455 4175
1455 4437
1455 4987
1456 1551
1456 2388
1456 2668
1456 3505
1456 3805
1457 1868
1457 2345
1457 3684
1457 3749
1457 4049
1457 4074
1457 4095
1458 1828
1458 3085
1458 3573
1459 3927
1459 3986
1459 4859
1460 2009
1460 2507
1460 2729
1460 3622
1461 2417
1461 2662
1461 2924
1461 3518
1461 4313
1461 4430
1461 4444
1461 4974
1462 4615
1463 2408
1463 2430
1463 2783
1463 4088
1463 4155
1463 4791
1464 3682
1464 4559
1464 4906
1465 3152
1465 4709
1466 2183
1466 2971
1467 2262
1467 2344
1467 2415
1467 2936
1467 3933
1467 4265
1468 4227
1468 4475
1469 1537
1469 1561
1469 2346
1469 2903
1469 3169
1470 1511
1470 1911
1470 1997
1470 2058
1470 2804
1470 3305
1470 3355
1471 1662
1471 2408
1471 4192
1472 1926
1472 2015
1472 3773
1473 3577
1473 4909
1473 4954
1474 2521
1474 3416
1474 3498
1474 4483
1475 1614
1475 1849
1475 2486
1475 3832
1475 3907
1475 4668
1476 1576
1476 1778
1476 1869
1476 2230
1476 3758
1477 1825
1477 4953
1478 1815
1478 2106
1478 3282
1478 3470
1478 3864
1479 2759
1479 4252
1479 4811
1480 1800
1480 2206
1480 2559
1480 4419
1480 4988
1481 1564
1481 1848
1481 1957
1481 2837
1481 2871
1481 3421
1481 3527
1481 4497
1481 4534
1482 1702
1482 1880
1482 2084
1482 2123
1482 4078
1482 4401
1482 4548
1483 2143
1483 2998
1483 3494
1484 1501
1484 3132
1484 3585
1484 4504
1485 2787
1485 3397
1485 4653
1486 2157
1486 2224
1486 2913
1486 2956
1486 3508
1486 3663
1486 4932
1487 1579
1487 2673
1487 4362
1488 2351
1488 3052
1488 4451
1488 4823
1489 1675
1489 2359
1489 2698
1489 4339
1490 2410
1490 2736
1490 3334
1490 4178
1491 2073
1491 2654
1491 2745
1492 3808
1492 4182
1493 1575
1493 2134
1493 3505
1493 3741
1493 4212
1493 4431
1494 3929
1494 4202
1494 4368
1495 2477
1495 3529
1495 4024
1495 4365
1495 4383
1496 2722
1496 2740
1496 4508
1497 1998
1497 2040
1497 3149
1497 4608
1497 4779
1498 2194
1498 2798
1498 3193
1498 3552
1498 4228
1498 4519
1498 4696
1499 1999
1499 3249
1499 3280
1499 3468
1499 3753
1499 4316
1500 2286
1500 3785
1500 4495
1500 4505
1500 4924
1501 3535
1502 2176
1502 2509
1502 2618
1502 4252
1503 1792
1503 2415
1503 4120
1503 4669
1504 4027
1504 4234
1505 1892
1505 2167
1505 3268
1505 3959
1505 4649
1505 4967
1506 1577
1506 2160
1506 3509
1506 3862
1507 3745
1507 4532
1508 1826
1508 2476
1508 4005
1508 4764
1509 2852
1509 3461
1509 3608
1509 4660
1510 1981
1510 2039
1510 2115
1510 2501
1510 2522
1510 2717
1510 3364
1510 3988
1510 4373
1510 4502
1511 1778
1511 2378
1511 3439
1511 3732
1512 2648
1512 2719
1512 2939
1512 3276
1513 1945
1513 2890
1513 3691
1514 1681
1514 1709
1514 1902
1514 2846
1514 3287
1514 3846
1515 1849
1515 2700
1515 3207
1516 2814
1516 3614
1516 3784
1517 2354
1517 2504
1517 4602
1517 4982
1518 2426
1518 2884
1518 3510
1518 3721
1518 3858
1518 4918
1519 1929
1519 2987
1519 3162
1520 1783
1521 1718
1521 2291
1521 2567
1521 4669
1522 2330
1522 4547
1523 1693
1523 2576
1523 3988
1524 2079
1524 3024
1524 3812
1524 4130
1525 1598
1525 1703
1525 3766
1525 3979
1525 4635
1525 4718
1526 1643
1526 3073
1526 4822
1527 2632
1527 3947
1527 4254
1528 2965
1529 2705
1529 3642
1529 3939
1529 3997
1529 4651
1530 1873
1530 3427
1530 3481
1530 3799
1530 4144
1531 1707
1531 3886
1531 4438
1531 4745
1532 1831
1532 2641
1532 3275
1533 2326
1533 3315
1533 4226
1533 4340
1533 4482
1533 4579
1534 2387
1534 2809
1534 2890
1534 3659
1534 4827
1535 2064
1535 2491
1535 3606
1535 3730
1535 4406
1536 1600
1536 1699
1536 2659
1536 3541
1537 2042
1537 2084
1537 2205
1537 2225
1537 2365
1537 3855
1537 4052
1537 4639
1538 1559
1538 2466
1539 2069
1539 3099
1539 3919
1539 4268
1540 2365
1540 4677
1541 3201
1541 4347
1542 2400
1542 2766
1542 3949
1543 1650
1543 3350
1543 3633
1543 3668
1544 1563
1544 1974
1544 2005
1544 3006
1545 1929
1545 2422
1545 2441
1545 2714
1545 4141
1546 1923
1546 2676
1546 3546
1546 3809
1546 3870
1547 1606
1547 2368
1547 2858
1547 2950
1547 3775
1547 4403
1547 4901
1548 1894
1548 2482
1548 2562
1548 3459
1548 3771
1548 4297
1549 2115
1549 4258
1549 4289
1549 4902
1550 1616
1550 2148
1550 2221
1550 4957
1551 1920
1551 3662
1551 3932
1552 1806
1552 2217
1552 2612
1552 3069
1552 3536
1553 1794
1553 2529
1553 2665
1553 3708
1554 1813
1554 1835
1554 3688
1554 3700
1554 3831
1554 4306
1554 4861
1555 1805
1555 1888
1555 2023
1555 2144
1555 4126
1556 2308
1556 2718
1556 3338
1556 3627
1557 1828
1558 2845
1558 3929
1559 1787
1559 2534
1559 3085
1559 3139
1559 4021
1559 4167
1559 4327
1560 2534
1560 4014
1560 4391
1560 4763
1561 2239
1561 2308
1561 2527
1561 4413
1561 4856
1562 2073
1562 2960
1562 4278
1562 4596
1563 3132
1563 4193
1564 3048
1564 3965
1564 4067
1565 2941
1565 2997
1565 4049
1565 4731
1566 3736
1566 4614
1567 1994
1567 3335
1567 4294
1567 4594
1568 1770
1568 2225
1568 3594
1568 4153
1568 4286
1568 4462
1569 2046
1569 2710
1569 3430
1569 4286
1570 1733
1570 2222
1570 3043
1570 3581
1571 1606
1571 2118
1571 3777
1571 3834
1572 2110
1572 3898
1572 4553
1572 4751
1573 1651
1573 1700
1573 3462
1573 4282
1573 4423
1573 4531
1573 4844
1574 1998
1574 2000
1574 2403
1574 2408
1574 4548
1574 4918
1575 2021
1575 2834
1575 3322
1575 4101
1576 3073
1577 2105
1577 2798
1577 2837
1577 3049
1577 4050
1578 2452
1578 3156
1578 3826
1578 4552
1579 2003
1579 2578
1579 4875
1580 1856
1580 2680
1580 2828
1580 3227
1581 1730
1581 1847
1581 4799
1582 1741
1582 2053
1582 2825
1582 4235
1582 4298
1583 1619
1583 1926
1583 2400
1583 3937
1583 4083
1583 4224
1583 4329
1584 1780
1584 2152
1584 2266
1585 1943
1585 2552
1585 2781
1585 3613
1585 3705
1586 1676
1586 3219
1586 3671
1586 4035
1586 4347
1587 2610
1587 3392
1587 3638
1588 3199
1588 3721
1588 4403
1588 4424
1588 4854
1589 2391
1589 2778
1589 3761
1590 4303
1590 4464
1591 1757
1591 2030
1591 2293
1591 3146
1591 3262
1591 4167
1592 1596
1592 2012
1592 2957
1592 3861
1592 3932
1592 4401
1593 1702
1593 1989
1593 2379
1593 4517
1594 2567
1594 2649
1594 2955
1595 1694
1595 2206
1595 2616
1595 3596
1595 4786
1595 4835
1595 4848
1596 2149
1596 2387
1596 2942
1597 2057
1597 2325
1597 3215
1597 3444
1597 3875
1597 4185
1598 2049
1598 2274
1598 2675
1598 3063
1598 3853
1598 4907
1599 1904
1599 2642
1600 2997
1601 2438
1601 2686
1601 3059
1601 3186
1601 3409
1601 3964
1602 1856
1602 2134
1602 2351
1602 3548
1602 4740
1603 1825
1603 2359
1603 3088
1603 3210
1603 4263
1603 4482
1604 2088
1604 2753
1604 3510
1604 3715
1605 1650
1605 3862
1605 4588
1605 4768
1606 2485
1606 3385
1606 3425
1606 4925
1606 4978
1607 2176
1607 2984
1607 4356
1608 2118
1608 2368
1608 3982
1609 2286
1609 2779
1609 2837
1610 2444
1610 3021
1610 4494
1611 2097
1611 4066
1611 4638
1611 4770
1612 2501
1612 2545
1612 2697
1612 3821
1612 4124
1612 4474
1612 4529
1613 1808
1613 2529
1613 2698
1613 2709
1613 3618
1613 4335
1614 2007
1614 2297
1614 2733
1614 3385
1615 4035
1615 4303
1616 2741
1616 3851
1616 4257
1616 4336
1616 4353
1616 4910
1617 2619
1617 3990
1617 4175
1617 4946
1618 2817
1618 3332
1619 2007
1619 3211
1619 4469
1620 2871
1620 4722
1621 2198
1621 3304
1621 3649
1621 3895
1621 4586
1621 4679
1622 1813
1622 1825
1622 2034
1622 3340
1622 3355
1622 3395
1622 3510
1622 4719
1622 4994
1623 2308
1623 3022
1623 3151
1623 3641
1623 4065
1623 4123
1624 2087
1624 2438
1624 3008
1624 3029
1624 3258
1624 3322
1625 2233
1625 3342
1625 3774
1625 4893
1626 2226
1626 2797
1626 2914
1626 3454
1626 3806
1626 4224
1626 4336
1626 4782
1626 4986
1627 1918
1627 2148
1627 3987
1627 4111
1627 4288
1627 4496
1628 2571
1628 2672
1628 3344
1628 3509
1629 2113
1629 3648
1629 4503
1630 2606
1630 3837
1630 3871
1630 4100
1630 4395
1630 4638
1631 3069
1631 3278
1631 3643
1632 1700
1632 1928
1632 1994
1632 2130
1632 2669
1632 3942
1632 4815
1633 1705
1633 2364
1633 4246
1633 4780
1634 1807
1634 3411
1634 4144
1634 4692
1635 1960
1635 3447
1636 1876
1636 3267
1636 3365
1636 4746
1637 1914
1637 3141
1637 4807
1638 3902
1638 4692
1639 2503
1639 2803
1639 3407
1639 3935
1639 4155
1640 2118
1640 3083
1640 4292
1642 2970
1642 3073
1642 3535
1642 3768
1642 4422
1642 4968
1643 2789
1643 3324
1643 3481
1643 3872
1644 2248
1644 2538
1644 2582
1645 1940
1645 3406
1645 3866
1645 3881
1645 4414
1645 4506
1646 1820
1646 2955
1646 3089
1647 1751
1647 2951
1647 4051
1647 4387
1648 1653
1648 2353
1648 3156
1648 4178
1649 3115
1649 3792
1649 4016
1649 4434
1650 3266
1650 3888
1650 4416
1651 1716
1651 3846
1651 3929
1651 4077
1652 1686
1652 1762
1652 1812
1652 2235
1652 2297
1652 3033
1652 3086
1652 3565
1652 3777
1652 3994
1653 3370
1653 3421
1653 4709
1654 1664
1654 3843
1654 3961
1655 2799
1655 3820
1655 4092
1655 4335
1656 2125
1656 2717
1656 4067
1656 4916
1656 4975
1656 4989
1657 1955
1657 2708
1657 3336
1657 3478
1658 1781
1658 2065
1658 2082
1658 2140
1658 3557
1658 4868
1659 2084
1659 2527
1659 2564
1659 2767
1659 3616
1659 4250
1659 4441
1659 4675
1660 1863
1660 3437
1660 3804
1660 4754
1660 4993
1661 1879
1661 2298
1661 3227
1661 3697
1661 4603
1662 4314
1663 1686
1663 2175
1663 4089
1663 4169
1663 4614
1663 4691
1664 3437
1665 1815
1665 1824
1665 2204
1665 2300
1665 3264
1666 2103
1666 3122
1666 4416
1666 4495
1666 4504
1667 3140
1667 4695
1668 1856
1668 3034
1668 4120
1669 2250
1669 3098
1669 4483
1670 1881
1670 1936
1670 2713
1670 4099
1670 4646
1670 4904
1671 3216
1671 3956
1671 4004
1671 4299
1671 4437
1671 4587
1672 2334
1672 2341
1672 2584
1673 2318
1674 2959
1674 3152
1674 3357
1674 3541
1674 4021
1674 4885
1675 2015
1675 2052
1675 2236
1676 3010
1676 3397
1676 4313
1676 4517
1677 1892
1677 2037
1677 3446
1677 4299
1678 2581
1678 2904
1678 3909
1678 4407
1679 2217
1679 2667
1679 3662
1680 3113
1680 4536
1681 2053
1681 3845
1681 3850
1682 1950
1682 2250
1682 2749
1682 3752
1683 2460
1683 2517
1683 4275
1683 4585
1684 2272
1684 2641
1684 4098
1684 4425
1685 3269
1686 2642
1686 3107
1686 3176
1687 1781
1687 2038
1687 3940
1687 4057
1688 2021
1688 2041
1688 2566
1688 3493
1688 4823
1689 1997
1689 2191
1689 3245
1689 4003
1689 4215
1689 4513
1690 2628
1690 2991
1691 1833
1691 2292
1691 3495
1691 3642
1692 2737
1692 3129
1692 4315
1693 2578
1693 3074
1693 3625
1693 3951
1694 1712
1694 2083
1694 4642
1695 2552
1695 3565
1695 4712
1697 1928
1697 1953
1697 3283
1698 1795
1698 1970
1698 2846
1698 3117
1698 4368
1699 2567
1699 2610
1700 1910
1700 2057
1700 3065
1700 3496
1700 3764
1701 1970
1701 2966
1701 3337
1701 3645
1701 3669
1701 4384
1702 3349
1702 3933
1703 1935
1703 2116
1703 3755
1703 4974
1704 1727
1704 2689
1704 4060
1704 4282
1705 2838
1705 3316
1705 4566
1705 4643
1706 2088
1706 3068
1706 3414
1706 4045
1706 4332
1707 2758
1707 2839
1707 4363
1707 4552
1708 1914
1708 3504
1708 4563
1708 4818
1709 1978
1709 2865
1709 4156
1709 4420
1710 3161
1710 3254
1710 3929
1711 1853
1711 1967
1711 2224
1711 4111
1711 4787
1712 2659
1712 4041
1712 4207
1713 2338
1713 2435
1713 2789
1713 3078
1714 1728
1714 1812
1714 1944
1714 3344
1714 3754
1714 3798
1714 4967
1715 3296
1716 2104
1716 3226
1716 3780
1716 4160
1717 1818
1717 2319
1717 3756
1717 4813
1717 4895
1718 2262
1718 2293
1718 4152
1718 4441
1719 2171
1719 3474
1719 4594
1720 2853
1720 3439
1720 3652
1721 2200
1721 2224
1721 3026
1721 3687
1721 4360
1721 4775
1721 4963
1721 4971
1722 2106
1722 3173
1722 3871
1723 1752
1723 2121
1723 2169
1723 3550
1724 2139
1724 2510
1724 2565
1724 2739
1724 2863
1724 4062
1724 4543
1724 4853
1725 1807
1725 3231
1725 4251
1725 4953
1726 2639
1726 3140
1726 3693
1726 4623
1726 4801
1727 1829
1727 3654
1727 4989
1728 2488
1728 4205
1728 4772
1729 2365
1729 3448
1729 4065
1730 2115
1730 3121
1731 1761
1731 1920
1731 2473
1731 2802
1731 4351
1732 3551
1732 3715
1732 4479
1733 2888
1733 3798
1733 3942
1734 2154
1734 2893
1734 4490
1734 4807
1735 2332
1735 3892
1735 3901
1735 4309
1735 4580
1736 1855
1736 1944
1736 2106
1736 2385
1736 3420
1736 3897
1736 4875
1737 4098
1738 3967
1738 4508
1739 3289
1739 3524
1739 4133
1739 4157
1740 3171
1740 4421
1741 2703
1742 2970
1742 3581
1742 3791
1742 4113
1743 2009
1743 2044
1743 2151
1743 2736
1743 2788
1743 2869
1743 3518
1744 2104
1744 3543
1744 3800
1745 4131
1745 4359
1745 4977
1746 2885
1746 3119
1746 3935
1746 4569
1746 4673
1747 4061
1748 3109
1748 3780
1748 4986
1748 4992
1749 4841
1750 2662
1750 3462
1750 4867
1751 2013
1751 2103
1751 2880
1751 4501
1751 4617
1752 2811
1752 4572
1752 4576
1752 4703
1753 1959
1753 3025
1753 3621
1753 3679
1753 3968
1753 4683
1754 2093
1754 2522
1754 2704
1754 4736
1755 2747
1755 2936
1755 3122
1756 3150
1756 3975
1756 4453
1757 1805
1757 4764
1758 2856
1758 3036
1758 3911
1759 2403
1759 3877
1760 2397
1760 4538
1760 4836
1761 2448
1761 3891
1761 3899
1761 4267
1762 1822
1762 2949
1762 3420
1762 3528
1762 3833
1762 4724
1763 2584
1763 2914
1764 2503
1764 2633
1764 2660
1764 2825
1764 3939
1764 4515
1765 1978
1765 2114
1765 2663
1765 3446
1765 3723
1765 4799
1766 2249
1766 2717
1767 2796
1767 2971
1767 4214
1767 4223
1767 4977
1768 2123
1768 3712
1768 3833
1768 4499
1768 4545
1769 2105
1769 2107
1769 2984
1769 3992
1769 4212
1769 4835
1770 2209
1770 2276
1770 3650
1770 4635
1770 4703
1771 1972
1771 2194
1771 2447
1771 2997
1771 3037
1771 3556
1771 4660
1772 1861
1772 2082
1772 4295
1773 4745
1774 2413
1774 2587
1774 4389
1774 4773
1775 3494
1775 3579
1775 4027
1775 4127
1776 2529
1776 2850
1776 2948
1776 3368
1776 3800
1777 1841
1777 1893
1777 3017
1777 3911
1777 4717
1777 4756
1778 3105
1779 1987
1779 2179
1779 2195
1779 2614
1779 2993
1779 3519
1780 2063
1780 2460
1780 3512
1780 3875
1780 4248
1781 1805
1781 2468
1781 3549
1782 2250
1782 3870
1783 2308
1783 2360
1783 2828
1783 3230
1783 3818
1783 4009
1783 4201
1783 4333
1783 4431
1784 1943
1784 3482
1784 4119
1785 2544
1785 2760
1785 4008
1785 4915
1786 2664
1786 3548
1786 4443
1786 4803
1787 1885
1787 2156
1787 3478
1787 4016
1787 4765
1788 2278
1788 2537
1789 2544
1789 3461
1789 3858
1789 4170
1790 2121
1790 2411
1790 2463
1790 4891
1791 2733
1791 3363
1791 3755
1791 3936
1791 4479
1791 4904
1792 2459
1792 3316
1792 3754
1792 4858
1792 4956
1793 2326
1793 2916
1793 4058
1793 4137
1793 4380
1793 4703
1794 3629
1794 4487
1794 4780
1794 4804
1795 2157
1795 2891
1795 3029
1795 3954
1795 4644
1795 4846
1796 2939
1796 3060
1796 3465
1796 3649
1796 4523
1797 3262
1797 3840
1797 4427
1797 4530
1797 4935
1797 4950
1798 3066
1798 3586
1799 2698
1801 1920
1801 2569
1801 4005
1801 4411
1801 4811
1801 4902
1802 4153
1802 4632
1803 2919
1803 3225
1804 2566
1804 3153
1804 3207
1804 3888
1805 3181
1805 3207
1805 3497
1805 4602
1806 1959
1806 3177
1806 3367
1806 3817
1806 4250
1806 4271
1806 4985
1807 3318
1807 4856
1808 1977
1808 2170
1808 3162
1808 3980
1809 1973
1809 2431
1809 4575
1809 4860
1810 2465
1810 3313
1810 4343
1811 1893
1811 2701
1811 3212
1812 3267
1812 4458
1813 2492
1813 3170
1813 3441
1814 1859
1814 1982
1814 3268
1814 3626
1815 1854
1815 2500
1815 3252
1815 3707
1816 3371
1816 3429
1816 4887
1817 3141
1817 3784
1817 3865
1817 4044
1817 4919
1818 1863
1818 3404
1818 4597
1819 2276
1819 3493
1819 3772
1819 4830
1820 2614
1820 2920
1820 3230
1821 3090
1821 3575
1822 3345
1822 4548
1822 4740
1823 3384
1823 3550
1823 4570
1824 2473
1824 2905
1824 4252
1825 2527
1825 3085
1826 2044
1826 2631
1826 2689
1826 2792
1826 3566
1826 4555
1827 1879
1827 2516
1827 3429
1827 3996
1827 4711
1828 1840
1828 2377
1828 3165
1828 3260
1829 2145
1829 4512
1830 1932
1830 2401
1831 2349
1831 3527
1831 3980
1831 4072
1832 1903
1832 2228
1832 2546
1833 2655
1833 2998
1833 3353
1833 3391
1833 3517
1833 4013
1833 4605
1834 2364
1834 2399
1834 2453
1834 2979
1834 4048
1834 4344
1835 3076
1835 3277
1835 3594
1835 4499
1835 4865
1836 1884
1836 2071
1836 2342
1836 2453
1836 2570
1836 3701
1836 4043
1836 4754
1836 4794
1837 4573
1838 1933
1838 2113
1838 3258
1838 4344
1838 4956
1839 4634
1839 4931
1840 3118
1840 3169
1840 4044
1841 2080
1841 2999
1842 2709
1842 3162
1842 3662
1842 3706
1842 4491
1843 3998
1843 4706
1844 2393
1844 3621
1844 4779
1845 2479
1845 3255
1846 4209
1847 2808
1847 2900
1847 3431
1847 3522
1847 4939
1848 2082
1848 3062
1848 3867
1849 3565
1850 2834
1850 3620
1850 4198
1850 4511
1851 3147
1851 3266
1851 3567
1851 3571
1851 3638
1851 3851
1851 4042
1851 4109
1851 4157
1851 4662
1852 2407
1852 2589
1852 3520
1852 4012
1852 4613
1852 4880
1853 3890
1853 3915
1853 4455
1853 4882
1854 2428
1854 3787
1854 3997
1854 4707
1855 2886
1855 4006
1855 4697
1855 4767
1856 2093
1856 2725
1856 3744
1856 4105
1857 2211
1857 2543
1857 3685
1858 3350
1858 3652
1859 2762
1859 3983
1860 3500
1860 4291
1860 4500
1861 2076
1861 4407
1861 4477
1861 4942
1862 2491
1862 4560
1863 4403
1863 4449
1864 3088
1864 3767
1864 4090
1865 2651
1865 2823
1865 3091
1865 3125
1865 3380
1865 3489
1865 3828
1866 3092
1866 4153
1867 2025
1867 2409
1867 2766
1867 3103
1867 4379
1868 2068
1868 2344
1868 4620
1869 2301
1869 2701
1869 3321
1869 3493
1869 4769
1870 1907
1870 2669
1870 2801
1870 2873
1870 3213
1870 3386
1870 3757
1871 3036
1871 3512
1871 3709
1871 4944
1872 3112
1873 1889
1873 2073
1873 2299
1873 4723
1875 2560
1875 2710
1875 3155
1875 3445
1875 4171
1876 2082
1876 2254
1876 3291
1877 2255
1877 2506
1877 2781
1877 3617
1877 4396
1878 2006
1878 2354
1879 4543
1879 4886
1880 3547
1880 4088
1881 2586
1881 3393
1881 3498
1881 4701
1882 3546
1882 3851
1882 4523
1882 4978
1883 2514
1883 2568
1883 2966
1883 4076
1883 4306
1883 4360
1883 4894
1884 4292
1884 4636
1885 2597
1885 3051
1885 3153
1885 4998
1886 2388
1886 3864
1886 4233
1887 2006
1887 3431
1887 3970
1887 4755
1888 1901
1888 4421
1889 2998
1889 3692
1889 3752
1889 4132
1889 4607
1890 4483
1890 4880
1891 2623
1891 2824
1891 4354
1891 4805
1892 1972
1892 2872
1892 3553
1892 3925
1892 4238
1893 4317
1894 2108
1895 3164
1895 4563
1895 4913
1896 2523
1896 3858
1897 3007
1897 4255
1897 4388
1897 4687
1897 4947
1898 3368
1898 3557
1898 3699
1899 2624
1899 4867
1900 3983
1900 4349
1901 2445
1901 2804
1901 2844
1901 3863
1901 4053
1901 4634
1902 2733
1902 2980
1902 3712
1903 2912
1903 3367
1903 3438
1903 4097
1903 4832
1904 1963
1904 2406
1904 2703
1904 3651
1904 4375
1905 2297
1905 3617
1906 2784
1906 3849
1907 3736
1907 3892
1907 4215
1908 2094
1908 3306
1908 4729
1909 2147
1909 3037
1909 3782
1910 3106
1910 3629
1910 3914
1910 4517
1911 3611
1911 4528
1911 4728
1911 4818
1912 2227
1912 3808
1913 1952
1913 3097
1914 4828
1915 1934
1915 2587
1915 2946
1916 3722
1916 3822
1916 3836
1916 4550
1917 2478
1917 3193
1917 3647
1917 4830
1918 3443
1918 3942
1918 4724
1919 3166
1919 3264
1919 4063
1919 4148
1919 4531
1920 2063
1920 2962
1921 2268
1921 2541
1921 3175
1921 3834
1922 2643
1922 2768
1922 2775
1922 3122
1922 3989
1922 4093
1922 4208
1923 2539
1923 4129
1924 3924
1924 4919
1925 3375
1925 4825
1925 4893
1926 4615
1926 4696
1927 3479
1927 3683
1927 4911
1928 2700
1928 2759
1928 2983
1928 4065
1929 1952
1929 2229
1929 4388
1930 1952
1930 2423
1930 2578
1930 4179
1931 3181
1931 3793
1931 4481
1931 4700
1932 2130
1932 2309
1932 2847
1932 3774
1932 4466
1932 4695
1932 4907
1933 2787
1933 4265
1933 4454
1933 4937
1934 2275
1934 2746
1934 2778
1934 4177
1934 4762
1935 3416
1935 3928
1936 4273
1936 4796
1936 4933
1937 2228
1937 2327
1937 3346
1937 3681
1938 2325
1938 2511
1938 2623
1938 2646
1938 2656
1938 3028
1938 4502
1939 2109
1939 2382
1939 3087
1939 4029
1939 4733
1940 2671
1940 2812
1940 2835
1940 4645
1941 2818
1941 2925
1941 3745
1942 1995
1942 2592
1942 2961
1942 3115
1942 3787
1942 4728
1943 2347
1943 2605
1943 3316
1943 3658
1943 3668
1943 4664
1944 3805
1944 4006
1944 4449
1945 2224
1945 3226
1945 4011
1945 4630
1946 3068
1946 3206
1947 1971
1947 2179
1948 2336
1948 3305
1949 2559
1949 2964
1949 4320
1949 4379
1950 4923
1951 2190
1951 2261
1951 2347
1951 3617
1952 3230
1952 4320
1952 4962
1953 2294
1953 3159
1953 3399
1953 3470
1953 4202
1954 2243
1954 2899
1954 4554
1954 4738
1955 2707
1955 2853
1955 3577
1955 3618
1956 2016
1956 2178
1956 2338
1956 2580
1956 2763
1956 4375
1956 4775
1957 2506
1957 2534
1957 3409
1957 3410
1957 4643
1958 1984
1958 2120
1958 3774
1958 4383
1959 3729
1960 2339
1960 2728
1960 4332
1960 4472
1961 3242
1961 3526
1962 2635
1962 2883
1962 4132
1963 2420
1963 3448
1963 4751
1964 2163
1964 2226
1964 2306
1964 2828
1964 2969
1964 4205
1964 4409
1964 4420
1965 2430
1965 3282
1965 4136
1965 4865
1966 1978
1966 2849
1966 3265
1966 4242
1966 4393
1966 4735
1967 2352
1967 2738
1967 3367
1967 3500
1967 3944
1967 4112
1968 2626
1968 2659
1968 3350
1968 3953
1969 2170
1969 2718
1969 3236
1969 3331
1969 4994
1971 2451
1972 1996
1972 3763
1973 2842
1973 2994
1973 4444
1973 4926
1974 2464
1975 3378
1975 3470
1975 3536
1976 4137
1976 4604
1977 2401
1977 2956
1977 3733
1978 2984
1978 3209
1979 2875
1979 3619
1980 2043
1980 2455
1980 2532
1980 4426
1981 2476
1981 3788
1981 4341
1981 4632
1982 2005
1982 2593
1982 3576
1982 3844
1982 4015
1982 4826
1982 4877
1983 2277
1983 2891
1983 4381
1984 2017
1984 2528
1984 2700
1984 3117
1984 3521
1984 4534
1985 3032
1985 4122
1986 2375
1986 2929
1986 3209
1986 4292
1986 4861
1987 2226
1987 2705
1987 2927
1987 3693
1987 3969
1987 4601
1987 4773
1988 2446
1988 3630
1988 4064
1988 4107
1989 2950
1989 3645
1990 2329
1990 2489
1990 2790
1990 2887
1990 3443
1990 4388
1991 3196
1991 3311
1991 3755
1992 2073
1992 3640
1992 4151
1992 4500
1993 3004
1993 3696
1993 4315
1993 4583
1994 2695
1994 2823
1994 4572
1994 4995
1995 2769
1995 2967
1995 3336
1995 4292
1995 4655
1996 2426
1996 2857
1996 2959
1996 4935
1997 2899
1997 3918
1998 3194
1998 4266
1998 4551
1999 2317
1999 2438
1999 3426
1999 3484
2000 2864
2000 2898
2000 3193
2000 3608
2000 4083
2001 2586
2001 4238
2001 4792
2002 2263
2002 2644
2002 2760
2002 4200
2002 4641
2002 4750
2002 4858
2003 2143
2003 2193
2003 3284
2003 3774
2004 3566
2004 3607
2005 2316
2005 2606
2006 2041
2006 2434
2006 3291
2007 2918
2007 2997
2007 3081
2007 3851
2008 2236
2008 2308
2008 3870
2009 2493
2009 3453
2009 3799
2009 4257
2010 2192
2010 2310
2010 2525
2010 4302
2011 2419
2011 4031
2012 2647
2012 4106
2012 4138
2013 2521
2013 2613
2013 3209
2013 4182
2014 2187
2014 2861
2014 3512
2014 4050
2015 2877
2016 3099
2016 3474
2016 4291
2016 4756
2017 2572
2017 3459
2017 4054
2017 4857
2018 2590
2018 3533
2018 4236
2018 4575
2019 3859
2019 4513
2020 2193
2020 3258
2020 4496
2020 4994
2021 3356
2021 3723
2022 2548
2022 2894
2022 2926
2022 2969
2022 3140
2022 3994
2023 2396
2023 2974
2023 3483
2023 3777
2024 2105
2024 2201
2024 2613
2024 4770
2024 4940
2024 4977
2025 3227
2025 3289
2025 3679
2025 4555
2026 2071
2026 2282
2026 2338
2026 2916
2026 4230
2027 2335
2027 2505
2028 2314
2028 2865
2028 3359
2028 4141
2028 4408
2028 4430
2028 4810
2028 4933
2029 2084
2029 2181
2029 2637
2029 3016
2029 4988
2030 3140
2030 3211
2030 3978
2031 2126
2031 4039
2031 4176
2031 4725
2032 3110
2032 3563
2033 2128
2033 2333
2033 2515
2033 3598
2033 4581
2033 4660
2033 4875
2034 2047
2034 2767
2034 3085
2034 3604
2034 4050
2035 2431
2035 4553
2035 4674
2035 4824
2036 2797
2036 2996
2036 3028
2036 3686
2036 4646
2037 2114
2037 3584
2037 3595
2038 2955
2038 3271
2039 2577
2039 2973
2039 4007
2040 3400
2040 4372
2041 3743
2041 4293
2041 4634
2042 2269
2042 2645
2042 3770
2042 3910
2043 4491
2044 2570
2044 2770
2044 2923
2045 2169
2045 2219
2045 3185
2045 3799
2045 4072
2045 4389
2046 2850
2046 3714
2046 3860
2046 3884
2046 4154
2046 4195
2046 4374
2047 4223
2047 4874
2048 2504
2048 2859
2049 3349
2049 3390
2050 3479
2050 4630
2051 2467
2051 3672
2051 4224
2051 4877
2051 4957
2052 3036
2052 3509
2053 2207
2053 2583
2053 2727
2053 3458
2053 4119
2053 4212
2053 4289
2053 4465
2053 4637
2054 2473
2054 2584
2054 2820
2054 2997
2054 4562
2055 2417
2055 3632
2055 3855
2055 4320
2055 4447
2055 4556
2056 2337
2056 2358
2056 2733
2056 2811
2056 3501
2056 4022
2057 2230
2057 2984
2057 3104
2057 4318
2057 4498
2058 2072
2058 2577
2058 4439
2058 4647
2059 2969
2059 3587
2059 4302
2060 2606
2060 3225
2060 3715
2061 3172
2062 2091
2062 2590
2062 2601
2062 3111
2062 3608
2062 4195
2062 4358
2062 4915
2063 3233
2063 3693
2063 3927
2063 4345
2063 4580
2063 4760
2063 4934
2064 3722
2064 4724
2064 4877
2065 2492
2065 4372
2066 2985
2066 4834
2067 2095
2067 2322
2067 2378
2067 3249
2067 3388
2067 4027
2068 4609
2069 2921
2069 3941
2069 4586
2069 4880
2070 2981
2070 3588
2070 4592
2070 4693
2071 2606
2071 3542
2072 2098
2072 2332
2072 2529
2072 2984
2072 3958
2072 4222
2072 4454
2073 3413
2073 3657
2074 3686
2074 4476
2075 2531
2075 3919
2075 4733
2076 4029
2076 4947
2077 2826
2077 2874
2077 3145
2077 4492
2078 3268
2078 3400
2078 3510
2078 4886
2079 2702
2079 3338
2079 4118
2080 4091
2080 4530
2080 4874
2080 4978
2081 2402
2081 2901
2081 3741
2081 4465
2081 4944
2082 2147
2082 4615
2083 2347
2083 2643
2083 3666
2084 2316
2084 2390
2084 3147
2084 3600
2085 2736
2085 2965
2085 4790
2086 2146
2086 2456
2086 3947
2086 4055
2086 4613
2086 4667
2087 2666
2087 3460
2087 4688
2088 2748
2088 2837
2088 3083
2088 3286
2089 2898
2089 3424
2089 3480
2089 3614
2090 2374
2090 3026
2090 3780
2090 4185
2091 3764
2091 3913
2092 2912
2092 3379
2092 3792
2092 4640
2092 4979
2093 3362
2093 3455
2093 3459
2093 3831
2093 4253
2093 4780
2094 2703
2094 3903
2094 4742
2095 2280
2095 2571
2095 2816
2095 4488
2095 4877
2096 2715
2096 3229
2096 3393
2096 4179
2096 4275
2096 4552
2097 2497
2097 3692
2097 3718
2097 4336
2097 4932
2098 2231
2098 2351
2098 2401
2098 4335
2098 4497
2098 4958
2099 2366
2099 2376
2100 2388
2100 3045
2100 3362
2100 3818
2100 4284
2100 4616
2101 2534
2101 2818
2101 3130
2101 3287
2101 4560
2101 4968
2102 2377
2102 3412
2103 2370
2103 2663
2103 4145
2104 3160
2104 4433
2105 3946
2105 4693
2106 2145
2106 2981
2106 3372
2107 3212
2107 3500
2108 3605
2108 4164
2109 2902
2109 3905
2109 3912
2109 4846
2110 4718
2111 4401
2112 2574
2112 4306
2112 4602
2113 2363
2113 4991
2114 3446
2114 3583
2115 3041
2115 3503
2115 3856
2115 4314
2116 3083
2116 4469
2117 2948
2117 4297
2118 2513
2118 4598
2118 4826
2119 2290
2119 2731
2119 3487
2120 3271
2120 3482
2120 3979
2120 4460
2121 2513
2121 3538
2122 2189
2122 3075
2122 3492
2122 4133
2122 4911
2123 2536
2123 2609
2123 2769
2123 3446
2124 2851
2124 3563
2124 3791
2124 4308
2124 4516
2125 2913
2125 4199
2125 4911
2126 2697
2126 3696
2126 4568
2127 2169
2127 2294
2127 2601
2127 2694
2127 4489
2128 3261
2128 4388
2128 4895
2129 2241
2129 2689
2129 3482
2129 3759
2129 3875
2129 4350
2130 2444
2130 2537
2131 2269
2131 2712
2131 3130
2131 4063
2132 2966
2132 4512
2132 4821
2133 3079
2133 4716
2134 2777
2134 3268
2134 4284
2134 4408
2134 4412
2134 4684
2135 2558
2135 3432
2135 4734
2135 4930
2136 2176
2136 3057
2136 3179
2136 3518
2136 4999
2137 2942
2137 3564
2137 4134
2138 3709
2138 3757
2139 3842
2139 3980
2139 4146
2139 4689
2140 3670
2140 4375
2140 4778
2140 4896
2140 4932
2141 3431
2141 3935
2141 4225
2142 2676
2142 2997
2142 3302
2142 4734
2143 4100
2143 4737
2143 4923
2144 2171
2144 3194
2144 3558
2145 2733
2145 2925
2145 4832
2145 4871
2146 2385
2146 4021
2146 4415
2147 2289
2147 2468
2147 4514
2147 4772
2148 2311
2149 2625
2149 2681
2149 3111
2149 3683
2149 4345
2149 4862
2150 2220
2150 2636
2150 3123
2150 4262
2151 2219
2151 2972
2151 3056
2151 3348
2151 3950
2151 4883
2152 2531
2152 4214
2153 2421
2153 3192
2153 4783
2154 2190
2154 3494
2155 3055
2155 4863
2156 2699
2156 3089
2156 3925
2156 4779
2156 4843
2157 3590
2157 4249
2157 4814
2157 4833
2158 4134
2158 4976
2159 2334
2159 2386
2159 2533
2159 3621
2159 4859
2160 4651
2161 2313
2162 2674
2162 2943
2162 2946
2162 3620
2162 3903
2162 4362
2162 4370
2163 2790
2163 3774
2163 3865
2163 3876
2163 4689
2164 4273
2165 2548
2165 2586
2165 3595
2165 4203
2165 4447
2166 2931
2166 4064
2166 4132
2166 4590
2166 4802
2166 4958
2167 2215
2167 4960
2168 3240
2168 3681
2168 4000
2168 4774
2169 3522
2169 4723
2169 4872
2170 2301
2170 3231
2170 3651
2170 3962
2170 4501
2171 2344
2171 4341
2172 3240
2173 3189
2174 2625
2175 2216
2175 2685
2175 4440
2175 4490
2175 4752
2176 3898
2177 2578
2177 3620
2177 3718
2177 4159
2178 2269
2178 3514
2178 3545
2178 4238
2179 2197
2179 2217
2179 4223
2179 4753
2180 3259
2180 3361
2180 4603
2181 2870
2181 3027
2181 4960
2183 2263
2183 4457
2184 3319
2184 3509
2184 4342
2185 2590
2185 3765
2186 4083
2186 4448
2186 4863
2187 4468
2187 4651
2188 3371
2188 4435
2188 4786
2188 4985
2189 2272
2190 3749
2190 4573
2190 4921
2191 3094
2191 4096
2191 4490
2191 4602
2191 4906
2192 2911
2192 3723
2193 2925
2193 3118
2193 3216
2193 3915
2194 2477
2194 4482
2194 4643
2194 4761
2195 2863
2195 3366
2195 3516
2195 4115
2195 4628
2195 4829
2195 4844
2196 2514
2196 2657
2196 2725
2196 3102
2196 3493
2196 4808
2197 2496
2197 4288
2197 4710
2197 4942
2198 3477
2198 4851
2199 3051
2199 4273
2199 4620
2200 2596
2200 3862
2200 4188
2200 4383
2201 2852
2201 2889
2201 3122
2201 3747
2201 4206
2201 4277
2202 2260
2202 2517
2202 3792
2202 3815
2202 3918
2203 3119
2203 3428
2203 3491
2204 2419
2204 2878
2204 4461
2204 4856
2205 2439
2205 3683
2206 2250
2206 2340
2206 2394
2206 3445
2206 4029
2207 2388
2207 2992
2207 3815
2208 2728
2208 3598
2208 4289
2208 4717
2209 2345
2209 2771
2209 2872
2209 3489
2209 3529
2209 4295
2209 4809
2210 2552
2210 2848
2210 3742
2210 3833
2210 4653
2211 2542
2211 3733
2212 2695
2212 2757
2212 3731
2212 4999
2213 2618
2213 2964
2213 3127
2214 2613
2214 2696
2214 2992
2215 3006
2215 3052
2215 3692
2215 4366
2216 2318
2216 2759
2216 4337
2216 4373
2217 2436
2217 3473
2217 3917
2217 4061
2218 2419
2218 2468
2218 3056
2218 3127
2218 3314
2218 3549
2218 3988
2218 4127
2221 2482
2221 2572
2221 2605
2221 3452
2221 4342
2221 4493
2222 3481
2222 3534
2222 3776
2222 3904
2222 4143
2222 4710
2222 4727
2223 2277
2223 3701
2224 3158
2224 4071
2224 4216
2225 2929
2226 2698
2226 3105
2227 2559
2227 3371
2228 2816
2228 3700
2229 2433
2229 4487
2230 2738
2230 3891
2230 4451
2230 4684
2230 4780
2230 4879
2231 3926
2231 4438
2231 4451
2231 4896
2232 2981
2232 3570
2232 4701
2233 2715
2233 3466
2233 4247
2233 4332
2233 4669
2234 2270
2234 2603
2234 3912
2234 4070
2234 4598
2235 2435
2235 2787
2235 3175
2235 3778
2236 3514
2236 4477
2237 2331
2237 2570
2237 2953
2237 3502
2237 4904
2237 4929
2238 3950
2238 4301
2238 4920
2239 2997
2239 3557
2239 4454
2239 4837
2240 2346
2240 2423
2240 2721
2240 3537
2240 4271
2240 4816
2241 3849
2241 3863
2241 4086
2241 4810
2242 3787
2242 4228
2242 4871
2243 3243
2243 3566
2243 3937
2243 4149
2243 4994
2244 2939
2244 4387
2244 4694
2245 4249
2245 4321
2245 4522
2246 4874
2247 4539
2248 3769
2248 4778
2249 3090
2249 3801
2250 2380
2250 2820
2250 3656
2251 2397
2251 2444
2251 2832
2251 4266
2251 4713
2251 4865
2252 2286
2252 3116
2252 3688
2252 4041
2252 4614
2253 2278
2253 2384
2253 2989
2253 3076
2253 3431
2253 3444
2253 4490
2254 2648
2254 3007
2254 3420
2254 3708
2254 3878
2254 4917
2256 2347
2256 3353
2256 4625
2257 2761
2257 3321
2257 3744
2257 4142
2258 2508
2258 2641
2258 3510
2258 3570
2258 4473
2258 4595
2259 2572
2259 2813
2259 3129
2259 3226
2259 3790
2259 3914
2260 2307
2260 2499
2260 4755
2261 2547
2261 2550
2261 3545
2261 4348
2261 4561
2262 3284
2262 4460
2263 2932
2263 3768
2263 3770
2264 4380
2265 2426
2265 3374
2265 4447
2266 4015
2266 4092
2266 4602
2267 2297
2267 3523
2267 3896
2267 4741
2267 4932
2268 2894
2268 2986
2268 3738
2269 3738
2269 4275
2269 4654
2270 2299
2270 2316
2270 4374
2271 3812
2271 3930
2271 4006
2271 4213
2272 3278
2272 4025
2272 4206
2273 2922
2274 2451
2274 2923
2275 2715
2275 3464
2275 3511
2275 3779
2276 4534
2276 4691
2276 4877
2277 3078
2277 3285
2277 3465
2277 3628
2278 4248
2279 3330
2279 3695
2279 4748
2280 4340
2280 4654
2281 2361
2281 2825
2281 3114
2281 3908
2282 2428
2282 3569
2282 3959
2283 2564
2283 3254
2283 3742
2284 2454
2284 3741
2284 3847
2284 4142
2285 3097
2285 4231
2286 3085
2286 3568
2286 3795
2287 3748
2287 4125
2288 2427
2288 3451
2288 4677
2288 4946
2289 4103
2290 2677
2290 3869
2290 4475
2291 2410
2291 4625
2291 4827
2292 3154
2292 3342
2292 3758
2292 3761
2292 4104
2292 4254
2292 4402
2293 3425
2293 4688
2294 2372
2294 3005
2294 3142
2294 3948
2294 4786
2295 3185
2295 3633
2295 4794
2295 4881
2296 2942
2296 3054
2296 3337
2296 3545
2296 4545
2297 3450
2298 2719
2298 2822
2298 3443
2299 2983
2299 4697
2300 2389
2300 3756
2300 4194
2301 2480
2301 2676
2301 4497
2302 2605
2302 2890
2302 4630
2303 4312
2303 4484
2303 4994
2304 2309
2304 2528
2304 4360
2304 4378
2304 4774
2304 4908
2305 2912
2305 3669
2305 4872
2306 2591
2306 2628
2306 3714
2306 4454
2306 4590
2307 2988
2307 3764
2307 4271
2308 3476
2308 4466
2308 4912
2309 3904
2310 3358
2310 4018
2310 4662
2311 3370
2311 3982
2311 4718
2311 4801
2312 3167
2312 3169
2312 3534
2312 3776
2312 3978
2313 2885
2313 3076
2313 4274
2314 4108
2314 4300
2314 4949
2315 3011
2315 4423
2316 2418
2316 2672
2316 2762
2316 4197
2316 4275
2316 4512
2316 4550
2317 4379
2318 2520
2318 3212
2319 3125
2319 3573
2319 4721
2319 4944
2320 3335
2320 3822
2320 4294
2320 4780
2320 4809
2322 2650
2322 4136
2323 2646
2323 4410
2324 3309
2324 3326
2324 3342
2324 3751
2324 4057
2324 4678
2325 2665
2325 3276
2325 3394
2325 4209
2326 3408
2327 2652
2327 2901
2327 3410
2327 4917
2328 3223
2328 4646
2328 4657
2328 4935
2329 3113
2329 4247
2329 4631
2330 2746
2330 4331
2330 4694
2331 3268
2331 4097
2332 2512
2332 4068
2333 3257
2333 4118
2333 4317
2333 4927
2334 2394
2334 3005
2334 3527
2335 3020
2335 4192
2335 4238
2336 2810
2336 3220
2336 3272
2336 4088
2337 3446
2337 4922
2338 4643
2339 2471
2339 2906
2339 3048
2339 3501
2339 4325
2339 4705
2340 2439
2340 2694
2340 2861
2340 3791
2340 4925
2340 4997
2341 2809
2341 3093
2341 3192
2341 3746
2341 4883
2342 4244
2342 4297
2343 2928
2343 3101
2343 3580
2343 4180
2343 4702
2344 3205
2344 3888
2344 4053
2344 4594
2344 4696
2344 4845
2345 2855
2345 4995
2346 3749
2347 4937
2348 2967
2348 4820
2349 3107
2349 3137
2349 4053
2350 2732
2350 2968
2350 3698
2351 2470
2351 2732
2351 3064
2352 2353
2352 2486
2352 3485
2352 4456
2352 4622
2352 4729
2353 2381
2353 2521
2353 2552
2353 2771
2353 3107
2353 3736
2353 3890
2353 4573
2353 4836
2354 2370
2354 2414
2354 2969
2354 4540
2355 3058
2355 3290
2356 4195
2356 4870
2357 3197
2357 3616
2357 4607
2358 3020
2358 3176
2358 3231
2358 3427
2358 4160
2358 4418
2359 2563
2359 3116
2359 3276
2359 3595
2360 2446
2360 4296
2361 2727
2361 3037
2361 3415
2361 3684
2361 4674
2362 3680
2362 3739
2362 4071
2362 4691
2362 4780
2363 3629
2363 4297
2365 2485
2365 2655
2365 3116
2365 3714
2366 2466
2366 2882
2366 3066
2366 3550
2366 4711
2367 2688
2368 2941
2368 3834
2368 4014
2368 4383
2369 2784
2369 3685
2369 4040
2370 2540
2370 2597
2370 3934
2370 4650
2371 3005
2371 3779
2371 4778
2372 2795
2372 3451
2372 3587
2372 3695
2373 3212
2373 3227
2373 3773
2373 4603
2373 4853
2374 3784
2374 4029
2374 4175
2374 4493
2374 4888
2375 2684
2375 3416
2376 3101
2376 3894
2376 4612
2377 3484
2377 4281
2377 4304
2377 4385
2377 4431
2378 2410
2378 2959
2378 4711
2379 4183
2379 4506
2379 4578
2380 3021
2380 3688
2381 2937
2381 3464
2381 3948
2381 4321
2382 2995
2382 3510
2382 3753
2383 2463
2383 2533
2384 2746
2384 2779
2384 2872
2384 4458
2385 3605
2385 3961
2385 4459
2385 4802
2385 4804
2386 2844
2386 3840
2386 4828
2387 3059
2387 4400
2387 4654
2388 2538
2388 2980
2388 3339
2388 3653
2388 4262
2388 4327
2388 4997
2389 3059
2389 4193
2390 2769
2391 2752
2391 3250
2391 3799
2392 2482
2392 2954
2392 3441
2392 3926
2393 3028
2393 4560
2393 4898
2394 3757
2394 3968
2395 2631
2395 3878
2395 3991
2395 4558
2396 4573
2396 4685
2397 3876
2397 4580
2398 3307
2398 4394
2398 4480
2399 2774
2400 2548
2400 2759
2400 3343
2400 3789
2400 4147
2400 4265
2400 4557
2401 2941
2401 3624
2401 4479
2402 2552
2402 2593
2402 2602
2402 3066
2402 3588
2403 4285
2404 4830
2405 3417
2405 3566
2405 3852
2405 4441
2405 4812
2406 2854
2406 3411
2407 2716
2407 3470
2407 3853
2407 4908
2408 2685
2408 3183
2408 4235
2408 4548
2408 4721
2408 4907
2409 2621
2409 4918
2409 4922
2410 3557
2410 4169
2410 4326
2411 2683
2411 4240
2411 4484
2411 4964
2412 2648
2412 3931
2412 4479
2412 4905
2413 4161
2413 4833
2414 2745
2414 3213
2414 3807
2414 4918
2415 3267
2415 3516
2415 4352
2416 3458
2417 2829
2417 3020
2417 3067
2417 3098
2417 4223
2417 4888
2417 4934
2418 3158
2418 3855
2418 4360
2419 3898
2420 2943
2420 3072
2420 3513
2420 4386
2421 2976
2421 3157
2421 4131
2421 4149
2421 4244
2421 4634
2421 4935
2422 2475
2422 3254
2422 3738
2422 4560
2423 2474
2423 2693
2423 2915
2423 4082
2423 4606
2423 4810
2424 2712
2424 2772
2424 3321
2425 3432
2425 4376
2425 4568
2426 2497
2426 2625
2426 2810
2426 2970
2426 3270
2426 3410
2426 3525
2426 3630
2426 4117
2427 3033
2427 4382
2428 2627
2428 3536
2428 3604
2428 3767
2429 2803
2429 3103
2429 3106
2429 3300
2429 3483
2429 4438
2429 4445
2430 2995
2430 4475
2431 3307
2431 4171
2431 4442
2431 4610
2431 4684
2431 4780
2432 3728
2432 4056
2433 3279
2433 3466
2433 3905
2434 2972
2434 4511
2434 4970
2435 2895
2435 3730
2436 3875
2436 3880
2436 4054
2436 4072
2437 2910
2437 3224
2437 3232
2438 4363
2438 4767
2439 2614
2440 2964
2440 4802
2441 2483
2441 3224
2441 3765
2441 4184
2441 4460
2441 4529
2441 4611
2442 2777
2442 3215
2442 3464
2443 4210
2443 4260
2443 4734
2444 4929
2444 4945
2445 3792
2446 2612
2446 3018
2446 4066
2446 4869
2447 3133
2448 2687
2448 2779
2448 3040
2448 3562
2448 4484
2449 2559
2449 4156
2449 4509
2450 2647
2450 3716
2450 4549
2450 4561
2450 4824
2451 3871
2451 4285
2451 4807
2452 3519
2452 3550
2452 3814
2452 4016
2452 4211
2452 4298
2452 4827
2453 2588
2453 3030
2453 4220
2453 4629
2453 4870
2454 3377
2454 3679
2454 4009
2454 4887
2455 4422
2455 4811
2455 4849
2456 4012
2456 4245
2456 4642
2457 2958
2457 4076
2457 4117
2457 4968
2457 4972
2458 2667
2458 3595
2458 3773
2458 4339
2459 4608
2459 4667
2459 4690
2460 4181
2461 3818
2461 4596
2462 3130
2462 4227
2462 4336
2463 2468
2463 2752
2464 2480
2464 3605
2465 2541
2465 4389
2466 3968
2467 2626
2467 3653
2468 2942
2469 2979
2469 3050
2469 4329
2469 4433
2470 2609
2470 2934
2470 3536
2470 4182
2471 2877
2471 4422
2472 3802
2472 4649
2473 2487
2473 4455
2474 2617
2474 3763
2474 3943
2474 4847
2474 4982
2475 3034
2475 3916
2475 4354
2476 2584
2476 3581
2477 3143
2477 3423
2477 3449
2478 4118
2478 4198
2478 4289
2479 3612
2479 4701
2480 2589
2480 2694
2480 3248
2480 4489
2480 4522
2481 2619
2481 4726
2482 3822
2483 2521
2483 3832
2484 2892
2484 3295
2484 3455
2484 3707
2484 4888
2485 2696
2485 3297
2485 3900
2485 4863
2486 2524
2486 4635
2487 2945
2487 3450
2487 4078
2488 2759
2488 3567
2488 3646
2489 3020
2489 3526
2489 3546
2489 3981
2489 4591
2489 4611
2490 3168
2490 3821
2490 4268
2490 4708
2490 4989
2491 3069
2491 3627
2491 3821
2491 3938
2492 3374
2492 3770
2492 3995
2493 2638
2493 2724
2494 2956
2494 3429
2494 3850
2494 4788
2494 4936
2495 2677
2495 2706
2495 3186
2495 3577
2497 2704
2497 4289
2497 4358
2497 4459
2498 2753
2498 2829
2498 4236
2499 4647
2499 4786
2499 4889
2500 3382
2500 4158
2501 3051
2502 3241
2502 3389
2502 3542
2502 4271
2502 4770
2503 3947
2503 4631
2503 4877
2504 3547
2504 4347
2504 4631
2505 2645
2505 2853
2505 3631
2505 3888
2505 4075
2505 4184
2505 4792
2506 3247
2506 4503
2507 3911
2507 4554
2507 4578
2509 2978
2509 3119
2509 4311
2509 4766
2510 4562
2511 3824
2511 4253
2512 3391
2512 4919
2513 2637
2513 3811
2513 3898
2514 2582
2514 2690
2514 2781
2514 4232
2514 4738
2514 4958
2515 3038
2515 3732
2515 4201
2516 2585
2516 2845
2516 3039
2516 3359
2517 3149
2517 3610
2517 3778
2517 4454
2518 4419
2519 3602
2519 3681
2520 2818
2520 4200
2520 4725
2520 4839
2521 4270
2521 4286
2522 2660
2522 2782
2522 3493
2523 3348
2523 4019
2524 2823
2525 2770
2525 4210
2526 4463
2527 3412
2527 4351
2527 4462
2528 3909
2528 4405
2528 4807
2529 2531
2529 3856
2529 3972
2529 4364
2529 4907
2529 4960
2530 3075
2530 3274
2530 3414
2530 4067
2530 4099
2532 2607
2532 3242
2532 3368
2532 3924
2532 4725
2533 4347
2534 2701
2534 3742
2535 2546
2535 3026
2535 4261
2536 3040
2536 3748
2537 3405
2537 3562
2537 4957
2538 2548
2538 2680
2538 2809
2538 3782
2538 4463
2539 2584
2539 3768
2539 4750
2540 2992
2540 3627
2540 4688
2540 4925
2541 2594
2541 3574
2541 4229
2541 4504
2542 2556
2542 3301
2543 3742
2543 3955
2543 4731
2544 3952
2544 4269
2544 4348
2544 4631
2545 2804
2545 2859
2545 4819
2546 2834
2546 2851
2546 4235
2547 2570
2547 2591
2547 2990
2547 4014
2547 4815
2548 2759
2549 3713
2550 3883
2550 4447
2551 2908
2551 3406
2551 4353
2552 2884
2553 2724
2553 3114
2553 3159
2553 3489
2553 4353
2554 2909
2554 3106
2554 3794
2554 4785
2555 3174
2555 3684
2555 4555
2556 4316
2556 4754
2557 2570
2557 4411
2558 4496
2559 3146
2559 4626
2559 4699
2560 2791
2561 3450
2561 3894
2561 4226
2561 4423
2562 4594
2562 4943
2563 2986
2563 4806
2564 3689
2564 4928
2565 3868
2566 3079
2566 4880
2567 2630
2567 4781
2568 2939
2568 3114
2568 3385
2568 4589
2569 2942
2569 3127
2569 3248
2569 3580
2569 3756
2570 3214
2570 3956
2570 4195
2570 4848
2571 2756
2571 3645
2571 4263
2571 4306
2572 3351
2572 3800
2572 4139
2573 2756
2573 3590
2573 4743
2574 3273
2574 3966
2574 4828
2574 4937
2575 3301
2575 3356
2575 3468
2575 4203
2575 4367
2576 3069
2576 3512
2576 3943
2576 4352
2576 4545
2577 2996
2577 3003
2577 4473
2578 3118
2578 4410
2578 4440
2579 4343
2580 2870
2581 2844
2581 2866
2581 3980
2582 3372
2582 3838
2582 3927
2582 3970
2582 3979
2582 4037
2582 4142
2583 3554
2583 4505
2584 2825
2584 3016
2585 3263
2585 4053
2586 3273
2586 3337
2586 3338
2586 3600
2586 3767
2587 3510
2588 3859
2588 3983
2589 3151
2589 3183
2589 3201
2589 3663
2589 3729
2589 3982
2590 4436
2591 2610
2591 4238
2591 4647
2591 4736
2592 3203
2592 3886
2592 4338
2593 4214
2593 4984
2594 2778
2594 4394
2594 4896
2595 2684
2595 2985
2595 4318
2596 3757
2596 4690
2596 4715
2597 3074
2597 3241
2597 3597
2597 4444
2598 3490
2598 3788
2598 3917
2598 3943
2598 4673
2598 4797
2599 3050
2599 3084
2599 3899
2599 4115
2599 4169
2599 4234
2600 3584
2600 4395
2600 4403
2601 3004
2601 4157
2602 2862
2602 2965
2602 4164
2603 3293
2603 4476
2603 4530
2604 3443
2604 3514
2604 3790
2606 3146
2607 2619
2607 3137
2607 3734
2608 2672
2608 3983
2608 4446
2608 4561
2608 4790
2609 4786
2610 4688
2611 2744
2611 4018
2612 2703
2612 3064
2612 4699
2613 2813
2613 2948
2613 4717
2613 4810
2614 4176
2614 4330
2614 4910
2615 3936
2615 4516
2615 4927
2616 3300
2617 2832
2617 3439
2618 3114
2618 3169
2618 3307
2618 4436
2619 4972
2620 3131
2620 3320
2620 3381
2620 3818
2620 4352
2621 4069
2621 4544
2621 4783
2622 2919
2622 3337
2622 4552
2623 4351
2624 2890
2624 3308
2625 3228
2625 3407
2625 4171
2626 4002
2626 4079
2626 4523
2627 3129
2627 3314
2627 3470
2627 3930
2627 4182
2628 2876
2628 3529
2628 4183
2629 2912
2630 3813
2630 4458
2631 2850
2631 3947
2631 3952
2631 4681
2632 2761
2632 3053
2632 4331
2632 4689
2632 4865
2633 2851
2633 3398
2633 4537
2634 4192
2635 3308
2635 4210
2635 4304
2636 3412
2636 3458
2637 2945
2637 3410
2637 4745
2638 3668
2638 4227
2639 2961
2639 4569
2640 3941
2640 4074
2640 4454
2640 4824
2641 2762
2641 2922
2641 3237
2641 3267
2641 3820
2642 3547
2642 3858
2643 2723
2643 2967
2643 4205
2643 4246
2644 3057
2644 3214
2644 3384
2644 4311
2645 3774
2645 3919
2645 4579
2647 3100
2647 4550
2648 3324
2648 4702
2649 2682
2649 2897
2649 3160
2649 3425
2649 4119
2649 4143
2649 4848
2650 3073
2650 4721
2651 3511
2652 2810
2652 3379
2652 3911
2652 4842
2652 4994
2653 3170
2653 3320
2654 2985
2656 2931
2656 3451
2656 3662
2657 2872
2657 3044
2657 4128
2658 3501
2658 3930
2658 4034
2658 4390
2658 4414
2659 3575
2659 4184
2660 3028
2660 3402
2660 3580
2661 2892
2661 4335
2662 3102
2662 3941
2663 4324
2663 4560
2663 4978
2664 3601
2664 4315
2664 4698
2665 3336
2666 3027
2666 3441
2666 4158
2667 3096
2667 4807
2667 4823
2668 2754
2668 4562
2669 3650
2669 4170
2670 2884
2670 3553
2670 3753
2670 3917
2670 3954
2670 4369
2670 4552
2671 2876
2671 2925
2671 2983
2671 3380
2671 3860
2671 4134
2672 2930
2672 3362
2672 4208
2672 4646
2672 4849
2673 3216
2673 3897
2673 4037
2674 3987
2674 4281
2674 4448
2674 4624
2675 3094
2675 3095
2676 2931
2676 3722
2676 4497
2676 4739
2677 3829
2677 4075
2677 4485
2677 4524
2678 4245
2678 4787
2679 4272
2679 4409
2679 4517
2680 2941
2680 4151
2680 4595
2682 3132
2682 3229
2682 3878
2682 4587
2683 4357
2684 2876
2684 3213
2684 3472
2684 3563
2684 4391
2684 4548
2684 4669
2684 4811
2685 3341
2685 3845
2685 4400
2686 4356
2687 4124
2687 4625
2688 4132
2688 4966
2689 4023
2689 4236
2689 4762
2690 4759
2691 3591
2692 3049
2692 3490
2692 4245
2692 4441
2693 3890
2693 3893
2693 4633
2694 2855
2694 3475
2695 4219
2695 4398
2695 4586
2695 4921
2696 3094
2696 3520
2696 4228
2697 3545
2697 4368
2697 4797
2699 4244
2699 4353
2699 4541
2699 4662
2700 2848
2701 4733
2701 4791
2701 4873
2702 3076
2702 3471
2702 4030
2703 3429
2703 3447
2703 3764
2703 4244
2704 4090
2704 4830
2705 4619
2706 3314
2706 3725
2706 4531
2706 4762
2707 2999
2707 3165
2707 3392
2708 2823
2708 3253
2708 3620
2708 4822
2709 3248
2709 3539
2709 4003
2710 4373
2710 4745
2710 4914
2711 4705
2712 2879
2712 2998
2712 4408
2712 4509
2713 4978
2714 3362
2714 3800
2714 4225
2715 2728
2715 2774
2715 3953
2716 3134
2716 4466
2716 4598
2716 4607
2717 3549
2717 4204
2717 4637
2718 2775
2718 3282
2718 3606
2719 3766
2720 2838
2720 4055
2720 4445
2721 3045
2721 3210
2721 3569
2721 3897
2721 4750
2721 4763
2722 3403
2722 3534
2722 4823
2723 3024
2724 2749
2724 3352
2725 2800
2725 3784
2725 4187
2725 4882
2726 3067
2726 3919
2726 4565
2727 2970
2727 3694
2727 4704
2727 4777
2728 2804
2728 4104
2728 4932
2729 3240
2729 3685
2730 3975
2731 4597
2731 4778
2732 3388
2732 3829
2732 3866
2732 4543
2732 4698
2733 2882
2733 2926
2733 3045
2733 3535
2733 4514
2734 3428
2734 3678
2734 4233
2734 4699
2734 4814
2735 2772
2735 4358
2735 4824
2736 2798
2736 4072
2737 4319
2738 2800
2739 3198
2739 3864
2739 4834
2740 3484
2740 3707
2741 4023
2741 4103
2741 4918
2742 4307
2742 4427
2743 3013
2743 3286
2743 4017
2743 4185
2743 4229
2743 4642
2744 3215
2744 3408
2744 3640
2744 4461
2745 3190
2745 3515
2746 4091
2746 4631
2746 4930
2747 2851
2747 2860
2747 3322
2747 3898
2747 3958
2748 4193
2748 4241
2749 3142
2749 3705
2750 3491
2750 3942
2750 4111
2751 3567
2751 3732
2751 4030
2751 4610
2752 3108
2753 2842
2753 3295
2753 4533
2753 4559
2754 4974
2755 3626
2755 4271
2755 4858
2756 3460
2756 4428
2757 4406
2759 3219
2759 3353
2760 3097
2760 3345
2760 4229
2760 4389
2761 3641
2761 4551
2761 4836
2762 3611
2763 3435
2763 4989
2764 2821
2764 4483
2765 3139
2765 4099
2766 2876
2766 3704
2766 3816
2766 3985
2766 4407
2767 3901
2767 4233
2767 4503
2768 3325
2768 3946
2768 4020
2770 4396
2770 4988
2771 3213
2771 4217
2772 3374
2772 3921
2772 4903
2772 4970
2773 3131
2773 3545
2773 4157
2773 4725
2773 4994
2774 3986
2775 2889
2775 3564
2775 3737
2775 3765
2775 4088
2775 4393
2776 3373
2776 3410
2776 4065
2776 4648
2777 4775
2778 3556
2778 4573
2779 3345
2779 4134
2780 3894
2780 4416
2781 3751
2781 4517
2782 3891
2783 2794
2784 4809
2785 4325
2786 3601
2786 3915
2786 3958
2786 4588
2787 2801
2787 2947
2787 4577
2787 4870
2788 2992
2788 3139
2788 3313
2788 3422
2788 4664
2789 3110
2789 3814
2789 4089
2790 3504
2790 4899
2791 3217
2792 2840
2792 4396
2792 4937
2793 2924
2793 3176
2793 4401
2794 3123
2794 3326
2794 3393
2794 4058
2794 4676
2794 4981
2795 3042
2795 3225
2795 3914
2795 4419
2795 4692
2796 3443
2796 4366
2796 4393
2796 4478
2796 4794
2797 4263
2797 4305
2797 4479
2798 3369
2798 3407
2798 3677
2799 3132
2799 3163
2799 3500
2799 4336
2800 4303
2801 3008
2801 3211
2801 3493
2801 3570
2801 3946
2802 3557
2802 3648
2802 3891
2802 4800
2803 2922
2804 3592
2804 4306
2804 4769
2805 4358
2805 4548
2806 3404
2806 4899
2807 3168
2807 3205
2807 4832
2807 4977
2808 2823
2808 3632
2808 4446
2808 4731
2808 4887
2809 2931
2810 4325
2811 3945
2812 3137
2812 3756
2812 4020
2813 2896
2813 4089
2813 4216
2813 4471
2814 3363
2814 3856
2814 3900
2814 4265
2814 4981
2815 3973
2815 4435
2815 4570
2815 4580
2815 4648
2816 4199
2816 4589
2816 4729
2816 4928
2817 3308
2817 3364
2818 2958
2818 4186
2818 4776
2819 3465
2819 3950
2819 4424
2820 4064
2820 4268
2821 3555
2822 2986
2822 3757
2822 4681
2823 2984
2823 3586
2824 4317
2825 4226
2826 3571
2826 4510
2827 3259
2827 4394
2827 4678
2828 2858
2828 3917
2828 4875
2829 3502
2829 4690
2830 3807
2830 3857
2832 3186
2833 2848
2833 3793
2834 3548
2834 3615
2834 4835
2836 3463
2836 3886
2836 3933
2837 2876
2837 3437
2837 3664
2838 3368
2838 3500
2838 3706
2839 3278
2839 3783
2839 4968
2840 3016
2840 3271
2840 3736
2841 3721
2841 3831
2841 4326
2842 2861
2843 3049
2843 3356
2843 4060
2843 4101
2843 4792
2845 4362
2845 4599
2846 4132
2847 3154
2847 4332
2847 4862
2849 3686
2849 4093
2849 4951
2850 3781
2850 4273
2850 4693
2851 4606
2851 4728
2852 4722
2854 3017
2854 4553
2854 4585
2855 4543
2855 4832
2855 4942
2855 4959
2856 2957
2856 2959
2857 4845
2857 4925
2858 3404
2858 4810
2860 3539
2860 4016
2860 4130
2861 3523
2861 3569
2862 4019
2863 4854
2864 4894
2865 4749
2866 3576
2866 4978
2867 3157
2867 3270
2867 3910
2867 3990
2867 4180
2867 4357
2868 3908
2868 4262
2868 4446
2869 2888
2869 3537
2869 4426
2870 3232
2870 3902
2870 4665
2871 3031
2871 3238
2871 3295
2871 3616
2872 3222
2872 3683
2872 3808
2872 3863
2872 3889
2872 4926
2873 4213
2873 4868
2874 3163
2874 4766
2875 3185
2875 3249
2875 3289
2875 4240
2875 4580
2877 3858
2877 3919
2877 4954
2878 4031
2878 4145
2878 4275
2878 4761
2879 4128
2879 4491
2879 4667
2879 4963
2880 2895
2880 3199
2880 3259
2880 3458
2880 4076
2880 4335
2881 2913
2881 3719
2882 4100
2882 4412
2883 3094
2883 3607
2883 4204
2883 4303
2883 4476
2883 4877
2884 3681
2884 4113
2884 4672
2885 4037
2885 4807
2885 4908
2886 2963
2886 4773
2887 3138
2887 3880
2888 3976
2889 4437
2889 4497
2890 3456
2890 3674
2891 3958
2892 4690
2893 3092
2893 3834
2893 3848
2893 4650
2893 4951
2895 4956
2896 3762
2896 4775
2898 3053
2898 3481
2898 4015
2898 4416
2899 3065
2899 4061
2899 4088
2900 3043
2901 3294
2901 3817
2901 4153
2901 4332
2902 3755
2902 4031
2902 4166
2902 4776
2903 3072
2903 4137
2903 4293
2904 4407
2904 4807
2904 4984
2905 3630
2906 2918
2906 3813
2906 4127
2907 3009
2907 3168
2907 4007
2907 4984
2908 3365
2908 4034
2908 4971
2909 3159
2909 3894
2909 4493
2910 3393
2910 4122
2910 4375
2910 4807
2911 4308
2912 3671
2912 4319
2912 4320
2912 4384
2913 4560
2914 4840
2915 2925
2915 2967
2915 3800
2915 4101
2915 4291
2916 3014
2916 3269
2916 3459
2917 3195
2917 3951
2917 4331
2917 4415
2917 4701
2917 4711
2918 3159
2918 4463
2918 4555
2918 4681
2919 2944
2920 3525
2920 4487
2920 4946
2921 3655
2921 3799
2921 4474
2922 4756
2923 3187
2923 4644
2923 4657
2923 4714
2923 4942
2924 3124
2926 4238
2926 4419
2927 3216
2927 3233
2927 4419
2927 4435
2928 3091
2928 3301
2928 4204
2929 3135
2930 3165
2930 3731
2930 4471
2931 4115
2931 4248
2931 4343
2932 3609
2933 4237
2933 4654
2933 4726
2934 3522
2934 4150
2934 4247
2936 3653
2937 3567
2937 3606
2937 4531
2938 3045
2938 3348
2939 4375
2940 3221
2940 3389
2940 4488
2940 4800
2941 4456
2942 3234
2942 3383
2942 3441
2942 3677
2944 3262
2945 3131
2945 3625
2946 3828
2947 3122
2947 4531
2947 4728
2948 3675
2948 4665
2948 4932
2949 3507
2949 4373
2949 4380
2950 3257
2950 4633
2950 4769
2951 3246
2951 3651
2951 3823
2951 3858
2952 4291
2952 4593
2952 4836
2952 4895
2953 3593
2954 4649
2954 4742
2955 3199
2955 4166
2956 4476
2957 4906
2958 3760
2959 3105
2959 4121
2959 4166
2960 3350
2960 3991
2961 3133
2961 3327
2961 3667
2961 4605
2962 4677
2962 4837
2964 4026
2964 4583
2964 4701
2964 4860
2965 4002
2965 4811
2965 4948
2966 4249
2968 3631
2969 3022
2969 3471
2969 4327
2970 3833
2970 3841
2970 3984
2970 4520
2972 3012
2972 4674
2973 4695
2973 4911
2974 4672
2974 4820
2975 3384
2975 4235
2975 4586
2976 3843
2977 3056
2977 4382
2977 4430
2977 4810
2977 4852
2977 4969
2978 3086
2978 3319
2978 3753
2978 4059
2978 4380
2978 4985
2979 3706
2979 4398
2980 4400
2981 3263
2981 4233
2981 4618
2982 3857
2982 4971
2983 3097
2983 3100
2983 3585
2983 4126
2983 4877
2984 4535
2985 3712
2985 4589
2986 3255
2986 4366
2986 4450
2986 4641
2987 4476
2988 3186
2988 4017
2988 4045
2988 4651
2989 3148
2989 4874
2990 4486
2990 4509
2991 3370
2991 3773
2991 4113
2992 3888
2994 3805
2994 4493
2995 3090
2995 4087
2996 3278
2996 3870
2996 4846
2997 4074
2997 4332
2998 3366
2998 4499
2999 3259
3000 3669
3000 4270
3000 4449
3001 3173
3001 3680
3001 4933
3002 3141
3002 3749
3002 4122
3002 4993
3003 3399
3003 4837
3004 3271
3004 3572
3004 3737
3004 4832
3005 3934
3006 3731
3006 4618
3007 3026
3007 3375
3007 3659
3007 4722
3008 3183
3008 4497
3009 3375
3009 4596
3009 4825
3010 3881
3010 4584
3011 3312
3011 3489
3012 3950
3012 4919
3013 3239
3013 3331
3013 3988
3013 4800
3013 4900
3014 3196
3014 3419
3014 4720
3014 4865
3015 3337
3015 4582
3015 4701
3016 3260
3016 3472
3016 4152
3016 4321
3018 3136
3018 3562
3018 3827
3018 3846
3018 4914
3019 3880
3019 3890
3020 4585
3021 3786
3021 4828
3022 3288
3022 4116
3022 4416
3023 3168
3024 4551
3024 4753
3024 4890
3025 3557
3025 4782
3026 3169
3026 3460
3027 3055
3027 3452
3027 4591
3027 4595
3028 3247
3028 4546
3029 3469
3029 3682
3029 4471
3029 4881
3030 4120
3030 4230
3030 4502
3030 4558
3030 4679
3031 3778
3031 4802
3031 4808
3031 4877
3031 4896
3032 3246
3033 3644
3033 4121
3033 4772
3034 3160
3034 4150
3034 4996
3035 3816
3035 4814
3036 4088
3036 4134
3037 3061
3037 3611
3038 3973
3038 4658
3040 3075
3040 4795
3041 3707
3041 4517
3042 3285
3043 3461
3043 3657
3043 4123
3043 4376
3043 4972
3046 3448
3046 4221
3046 4630
3047 4853
3048 3538
3048 3775
3048 3823
3048 3973
3048 4271
3048 4747
3049 3389
3049 4330
3050 3250
3050 3625
3051 3391
3052 4256
3052 4413
3052 4496
3053 3076
3053 3342
3053 3388
3053 4930
3054 3359
3054 3400
3054 3455
3054 3764
3054 3897
3055 3859
3055 3896
3055 3941
3055 4615
3056 3801
3058 4108
3058 4699
3058 4903
3059 4219
3059 4557
3060 4191
3060 4823
3061 3627
3061 4688
3062 3674
3062 3766
3062 3932
3062 4655
3062 4695
3063 3710
3063 3806
3063 4666
3064 3648
3064 4796
3065 4916
3067 3496
3068 3175
3068 3247
3068 4629
3068 4838
3069 4330
3070 3534
3070 4170
3070 4188
3070 4539
3071 3207
3071 3248
3072 4372
3072 4489
3072 4503
3072 4914
3073 3688
3074 3768
3074 4670
3075 4339
3076 4300
3077 3560
3077 4065
3077 4490
3078 3703
3078 4122
3079 3827
3079 4291
3080 3134
3080 4038
3081 3304
3081 3379
3082 3284
3082 4492
3083 3527
3083 3977
3084 4836
3084 4932
3085 3347
3085 3378
3086 3195
3087 3567
3087 4488
3087 4639
3088 3344
3088 3570
3088 4165
3089 4045
3089 4168
3089 4173
3089 4904
3090 4221
3091 3535
3091 4332
3092 3147
3092 4534
3093 3760
3094 4489
3095 3141
3095 3788
3095 4403
3096 4002
3097 3149
3097 3449
3097 3816
3097 4902
3098 3329
3098 4272
3098 4491
3099 3269
3100 3131
3100 3491
3100 3971
3100 4345
3101 4480
3102 3878
3102 4901
3103 4185
3103 4948
3104 3162
3104 3417
3104 4795
3105 3318
3106 3312
3106 4381
3106 4689
3107 3628
3107 3932
3107 4228
3108 3384
3108 3407
3109 3517
3109 3911
3109 4551
3109 4976
3111 3559
3111 3974
3112 3203
3112 3294
3112 4511
3112 4881
3112 4982
3113 3521
3114 4617
3115 3212
3115 4820
3116 4077
3117 4009
3117 4064
3117 4916
3118 3766
3118 4043
3118 4219
3118 4455
3121 4792
3121 4880
3122 3627
3123 3608
3123 3983
3123 4045
3124 3158
3124 3488
3124 4200
3124 4398
3124 4982
3125 3883
3125 4584
3126 4202
3127 3849
3127 4041
3127 4113
3127 4652
3128 3135
3129 4926
3130 3343
3131 3941
3131 4519
3133 3340
3133 3592
3133 4012
3134 3304
3134 4998
3136 3212
3136 4146
3136 4149
3137 4915
3138 3317
3138 3650
3138 3910
3138 4395
3138 4439
3138 4817
3139 4056
3139 4745
3139 4961
3140 4147
3140 4918
3141 4566
3142 3244
3142 4833
3144 3299
3145 3703
3145 3939
3146 4054
3146 4642
3147 4559
3147 4733
3148 3533
3148 4454
3148 4913
3149 4482
3150 3993
3150 4970
3151 4995
3152 3640
3152 4659
3153 4440
3153 4489
3154 3557
3155 3168
3155 4105
3155 4496
3157 3170
3157 3533
3157 4067
3157 4151
3157 4527
3158 4766
3159 3581
3159 4272
3159 4362
3160 4376
3161 4230
3161 4414
3161 4433
3162 4131
3162 4658
3163 3352
3163 3457
3163 3673
3163 4102
3163 4222
3163 4298
3164 3548
3164 4665
3165 4506
3165 4725
3166 3182
3168 3196
3168 3980
3169 4359
3169 4847
3170 3172
3170 3673
3170 4348
3171 3275
3171 4865
3173 4285
3174 3274
3174 3495
3175 4016
3175 4295
3176 3621
3177 4514
3177 4655
3177 4680
3178 3629
3178 4509
3179 3868
3179 4017
3179 4194
3179 4847
3180 3287
3180 4951
3181 3302
3181 3361
3181 4365
3181 4524
3181 4534
3181 4618
3182 3435
3182 4079
3182 4645
3183 4288
3184 3556
3184 3648
3184 3801
3185 4181
3185 4450
3186 4130
3186 4992
3187 3812
3188 3237
3188 4541
3188 4718
3189 3500
3189 4239
3189 4952
3190 3264
3191 3352
3191 4260
3191 4980
3192 3867
3192 3982
3193 3713
3193 3841
3194 3987
3194 4024
3195 3722
3195 4459
3196 3834
3196 3946
3197 3281
3197 3552
3198 3277
3198 3668
3198 3930
3199 4411
3200 3611
3201 4282
3202 3793
3202 4480
3203 3343
3203 4214
3204 3393
3204 3433
3204 4045
3205 3540
3205 3729
3205 3935
3205 4917
3207 3814
3207 4879
3208 4106
3210 4055
3210 4059
3210 4120
3211 3833
3211 4862
3212 3606
3212 4932
3213 4132
3214 4404
3214 4542
3214 4632
3215 4221
3216 3385
3216 3960
3216 4944
3217 3546
3217 4455
3218 3338
3218 3969
3218 4694
3220 3851
3221 3333
3221 3779
3221 4996
3222 3719
3222 4496
3223 3867
3223 4785
3224 3992
3225 4208
3226 3755
3226 4681
3226 4754
3226 4805
3227 4003
3227 4371
3227 4478
3228 3323
3228 3678
3228 4804
3229 3461
3230 4247
3231 4420
3232 4028
3232 4049
3234 3765
3234 4193
3234 4956
3235 4280
3235 4349
3235 4582
3235 4763
3236 3255
3236 3442
3236 4317
3236 4716
3236 4877
3237 3737
3237 4716
3238 3906
3238 3939
3238 4088
3239 3606
3239 4968
3240 4222
3241 4908
3242 3576
3242 3843
3243 3440
3244 3252
3244 3300
3244 3664
3244 4724
3245 4128
3245 4282
3245 4387
3245 4436
3246 3531
3247 4583
3248 3404
3248 4836
3249 3713
3249 4559
3250 3761
3251 3885
3251 4244
3252 4086
3252 4904
3253 4245
3254 3718
3254 3925
3254 4836
3255 3484
3256 3663
3256 3798
3256 4118
3256 4199
3256 4807
3256 4963
3257 3521
3257 3687
3257 3721
3257 4588
3258 3597
3258 4878
3260 4172
3261 3308
3261 3653
3261 4450
3262 3419
3262 3528
3262 3987
3263 3960
3264 4224
3265 3277
3265 3847
3265 4354
3266 4492
3267 3927
3269 4178
3269 4287
3270 3948
3270 4505
3271 4598
3272 4264
3272 4283
3272 4802
3273 3542
3273 4481
3274 4643
3274 4872
3275 3769
3275 4081
3277 3488
3278 4538
3279 3398
3279 3704
3279 4189
3280 4285
3281 4832
3282 4582
3283 3423
3283 3532
3283 3996
3284 3504
3284 4131
3284 4166
3284 4191
3285 4846
3286 3717
3286 4033
3286 4105
3287 3452
3289 3702
3290 3797
3290 4236
3290 4755
3291 3309
3291 4333
3291 4887
3292 3818
3292 4340
3292 4842
3293 3790
3293 4318
3294 4162
3294 4749
3295 4473
3295 4600
3296 4154
3296 4402
3296 4797
3297 3517
3297 3867
3297 3900
3297 4021
3297 4622
3297 4831
3299 4201
3299 4381
3300 3828
3302 3591
3302 3897
3302 4327
3302 4389
3303 4371
3303 4870
3303 4895
3304 4662
3305 3372
3305 4403
3306 3721
3306 4420
3306 4515
3307 3552
3307 3941
3307 3955
3307 4887
3308 3839
3308 4159
3309 3459
3309 3819
3309 4988
3310 4015
3310 4279
3310 4953
3311 3570
3311 3857
3312 4041
3312 4609
3314 3897
3314 4068
3314 4589
3315 4330
3316 3686
3316 4140
3316 4799
3317 3558
3317 3678
3318 4275
3319 3881
3319 4556
3319 4629
3321 4718
3321 4814
3322 3640
3323 3614
3323 3895
3324 3367
3324 4268
3324 4980
3325 4368
3325 4685
3326 3730
3328 3416
3328 3522
3329 3572
3330 4567
3330 4933
3331 3360
3331 4275
3332 4026
3332 4218
3332 4740
3333 3808
3334 4128
3335 4399
3335 4433
3335 4670
3336 4342
3336 4558
3336 4662
3336 4998
3337 3393
3337 3917
3337 3959
3337 4100
3337 4343
3337 4348
3338 3816
3338 4005
3338 4315
3339 3584
3340 3463
3340 3942
3340 4184
3340 4745
3341 4761
3341 4978
3342 4837
3343 3533
3343 3788
3344 3664
3344 3966
3344 4393
3345 4922
3346 3961
3346 4530
3348 3582
3348 4359
3349 3392
3349 4800
3350 3491
3350 3507
3350 3643
3351 3408
3351 4490
3351 4687
3352 4126
3352 4359
3352 4546
3353 3370
3353 3580
3353 3816
3353 4243
3354 3513
3354 3568
3354 4117
3354 4727
3355 3409
3355 4225
3356 3512
3356 4784
3357 3996
3357 4173
3358 3554
3358 4224
3359 4312
3360 4089
3360 4896
3360 4993
3361 3400
3361 3619
3361 4261
3362 3436
3362 4133
3362 4275
3363 3416
3363 4348
3363 4483
3364 3543
3364 3821
3364 4186
3365 4512
3367 4916
3369 3396
3369 4434
3370 3548
3371 3989
3371 4606
3371 4955
3372 3824
3372 3961
3372 4240
3373 3699
3373 4848
3374 3476
3374 3526
3374 3886
3375 4192
3376 3582
3376 3856
3376 4984
3377 4292
3377 4689
3377 4791
3378 4654
3379 3794
3379 4918
3380 4411
3381 4199
3381 4702
3382 3486
3382 3755
3382 4122
3382 4976
3383 3770
3385 4739
3387 3488
3387 3608
3387 3886
3387 3940
3388 4104
3388 4758
3389 4529
3389 4776
3390 3542
3391 4037
3392 3517
3393 4031
3393 4755
3394 3472
3394 3660
3394 4055
3394 4472
3394 4584
3394 4858
3395 3727
3395 4158
3395 4364
3397 3772
3400 3506
3401 3527
3401 3728
3401 3916
3401 4202
3402 3466
3402 3492
3402 4910
3403 3805
3403 4372
3404 4031
3405 4997
3406 3773
3407 3507
3407 4013
3408 3707
3408 4121
3409 3656
3409 4085
3409 4248
3410 4097
3410 4893
3411 3789
3411 4282
3412 3798
3412 4875
3413 4092
3413 4199
3415 4015
3415 4114
3415 4181
3416 3566
3416 4157
3417 4275
3417 4530
3417 4946
3418 3944
3418 4890
3419 4845
3419 4861
3420 4477
3420 4932
3421 3656
3421 4057
3421 4643
3422 3684
3422 4483
3423 3725
3424 3441
3424 4144
3425 4229
3425 4810
3426 3854
3426 3975
3426 4765
3426 4833
3427 3625
3427 3710
3428 4117
3429 4282
3429 4468
3430 4572
3431 3665
3431 4740
3432 3596
3432 4092
3433 3484
3434 3596
3434 3804
3435 4814
3439 3611
3439 3877
3440 4002
3442 3758
3442 3991
3442 4061
3442 4177
3443 3720
3443 4510
3443 4921
3445 3633
3445 4543
3446 3514
3447 4556
3447 4996
3448 3489
3448 3609
3448 3988
3449 3827
3451 3573
3452 3532
3452 3876
3452 4208
3453 3491
3454 4179
3456 3953
3457 3899
3457 4307
3458 3588
3458 4345
3458 4442
3459 4002
3459 4153
3460 3498
3460 4638
3461 3607
3462 3503
3462 3511
3463 3781
3463 3810
3463 4770
3464 3830
3465 4156
3465 4675
3467 4150
3467 4618
3468 3922
3469 3537
3469 3773
3469 4258
3470 3957
3470 4878
3470 4939
3471 3907
3472 3811
3472 4549
3472 4671
3473 4174
3475 4259
3476 4618
3477 3721
3477 3763
3478 3558
3478 3794
3478 3943
3478 4129
3478 4411
3478 4491
3479 4798
3480 4994
3481 3797
3483 3577
3483 3928
3484 4381
3484 4648
3485 3967
3485 3998
3485 3999
3485 4157
3485 4444
3486 3695
3486 3884
3486 4951
3487 4902
3487 4989
3488 3810
3488 4522
3488 4867
3489 3525
3489 3961
3489 4818
3490 3561
3490 4815
3491 4482
3491 4618
3492 3716
3492 4931
3494 4194
3494 4612
3495 3907
3495 4782
3495 4948
3497 3761
3497 4710
3497 4768
3498 3578
3498 4746
3499 3938
3499 4714
3499 4988
3500 4002
3501 4264
3502 4700
3502 4970
3505 4016
3505 4548
3506 3883
3506 4444
3506 4747
3507 4458
3508 3855
3508 4310
3509 3637
3509 3662
3509 3722
3509 4541
3511 4389
3512 4831
3514 4575
3514 4648
3514 4700
3515 3686
3516 4026
3516 4183
3517 4023
3520 4312
3520 4519
3521 3948
3521 4228
3521 4987
3522 4299
3522 4331
3523 4748
3523 4918
3525 4218
3526 3654
3528 4001
3529 4696
3530 4017
3530 4586
3532 3777
3533 3634
3533 3650
3534 3965
3534 4767
3535 3715
3535 4792
3537 4012
3537 4284
3537 4427
3538 3854
3538 3901
3538 3926
3538 4329
3538 4822
3539 3927
3539 4472
3539 4803
3541 3771
3541 3883
3542 4000
3543 3606
3543 4751
3543 4844
3543 4860
3544 3601
3544 4309
3544 4542
3545 4141
3545 4641
3546 4129
3546 4317
3546 4862
3547 4286
3547 4767
3547 4930
3548 3591
3548 3826
3548 4649
3549 4130
3550 3897
3550 4136
3550 4371
3551 3861
3551 4590
3551 4826
3551 4905
3552 3948
3553 4345
3554 3709
3555 4452
3556 3693
3557 4595
3558 3607
3558 4316
3559 3901
3560 3893
3560 3934
3560 4695
3561 3955
3561 4320
3561 4532
3563 4805
3564 4255
3565 4139
3565 4492
3566 3795
3566 4384
3566 4494
3568 4370
3568 4374
3568 4889
3569 4425
3571 3698
3571 3851
3572 3679
3572 4136
3574 4072
3574 4176
3576 3723
3576 4863
3578 3751
3578 4178
3579 4013
3580 4080
3581 4369
3581 4479
3582 3921
3582 4126
3582 4925
3583 4773
3584 3704
3584 3905
3584 4252
3585 4933
3586 3892
3587 3965
3587 4422
3587 4814
3587 4879
3588 4805
3589 3590
3589 3890
3589 4455
3589 4907
3590 3950
3591 3604
3591 3818
3591 3885
3592 4289
3592 4413
3592 4477
3592 4901
3593 4456
3593 4767
3594 4684
3595 4088
3596 3735
3596 4799
3597 3907
3597 4790
3598 4060
3598 4659
3600 4477
3600 4696
3601 4051
3601 4219
3602 3695
3603 4547
3604 4409
3604 4860
3606 4644
3607 4217
3608 4176
3608 4262
3609 4537
3610 3702
3610 4062
3610 4112
3610 4352
3610 4822
3610 4980
3611 3676
3611 3995
3611 4792
3612 3812
3613 3632
3613 4000
3613 4911
3614 4488
3614 4563
3615 3721
3615 3748
3615 4171
3615 4364
3616 3931
3617 4184
3618 3820
3618 4215
3618 4693
3618 4699
3619 4469
3619 4576
3620 4149
3621 4333
3622 4346
3622 4898
3623 4637
3624 4348
3624 4785
3625 3718
3625 4164
3625 4808
3627 3872
3627 3932
3627 3939
3627 4280
3628 4829
3629 4323
3629 4473
3630 4450
3630 4606
3633 3952
3633 4041
3633 4252
3634 4280
3634 4757
3635 3675
3637 3796
3638 4256
3638 4609
3639 4032
3639 4045
3640 3892
3641 3677
3641 4151
3641 4392
3642 4544
3642 4549
3643 4140
3644 4337
3644 4646
3645 4151
3646 3684
3646 3848
3646 4491
3646 4496
3647 4629
3647 4843
3648 4677
3649 4319
3650 4403
3650 4713
3651 3945
3651 4960
3652 4357
3652 4626
3654 4295
3654 4320
3655 3947
3655 4335
3656 4249
3657 3728
3657 3783
3657 4699
3658 4078
3658 4675
3659 3733
3659 3978
3659 3982
3659 4101
3659 4632
3659 4860
3660 3937
3660 4122
3661 3751
3662 4505
3663 4115
3663 4648
3665 3896
3666 4682
3667 4302
3668 4080
3668 4473
3668 4967
3670 4257
3671 4046
3671 4196
3671 4237
3671 4343
3671 4359
3671 4413
3671 4445
3672 4088
3672 4201
3672 4511
3672 4759
3672 4835
3672 4919
3677 4759
3677 4832
3678 3845
3678 4150
3678 4666
3679 4453
3679 4793
3680 4328
3680 4752
3681 4803
3681 4810
3682 4088
3688 3795
3688 4332
3688 4388
3689 3695
3689 4346
3689 4897
3690 4726
3690 4837
3691 4892
3694 3751
3694 4878
3695 4353
3697 4601
3699 3927
3699 4086
3699 4247
3700 3925
3700 4186
3700 4733
3700 4780
3701 3949
3702 3886
3704 3933
3704 4754
3705 4493
3706 3960
3706 4996
3707 3896
3708 4247
3708 4948
3709 4426
3710 3729
3710 4773
3711 4281
3711 4539
3712 4048
3713 3762
3714 3940
3714 4322
3715 4572
3716 4031
3716 4751
3716 4817
3717 4219
3719 3993
3719 4853
3719 4937
3720 4683
3720 4701
3721 4828
3722 4712
3723 4935
3724 4930
3725 4002
3726 3806
3726 3990
3726 4515
3726 4793
3728 4365
3729 4101
3730 3966
3731 3908
3731 4871
3733 4344
3734 3971
3734 4751
3735 4605
3735 4777
3736 4111
3739 3868
3739 4924
3740 4882
3741 4359
3741 4953
3743 3880
3743 4888
3744 4250
3744 4614
3744 4627
3745 4827
3747 3944
3747 4036
3751 4154
3751 4188
3752 3878
3752 4109
3754 4204
3754 4319
3754 4659
3755 3923
3756 4613
3756 4707
3757 3802
3757 4644
3759 4791
3759 4841
3760 4002
3761 3819
3762 4065
3762 4238
3764 4506
3764 4905
3765 4546
3766 4107
3766 4370
3766 4790
3767 4010
3769 3844
3769 4018
3769 4048
3770 4621
3771 3884
3772 4263
3773 3993
3773 4062
3774 4267
3775 4060
3775 4885
3777 3842
3777 4285
3777 4367
3778 3997
3778 4645
3780 4141
3782 3941
3782 4343
3782 4888
3783 4753
3784 4329
3784 4350
3785 4476
3786 3884
3786 4787
3787 4622
3788 4308
3788 4414
3788 4424
3789 4139
3791 4115
3791 4201
3791 4952
3792 4842
3793 4743
3793 4885
3795 4088
3795 4603
3795 4840
3796 4160
3797 3954
3799 4803
3802 4653
3803 4046
3803 4552
3803 4907
3805 4238
3809 4288
3809 4458
3811 4722
3812 4438
3812 4508
3812 4651
3814 4235
3814 4956
3815 4095
3815 4207
3816 4224
3817 4089
3819 3987
3819 4149
3819 4173
3820 4386
3821 4008
3821 4969
3822 3965
3824 4429
3825 4213
3826 4459
3826 4741
3827 4824
3828 4490
3828 4960
3829 4211
3829 4732
3829 4966
3830 4062
3830 4769
3830 4813
3830 4926
3831 4996
3832 4888
3833 4510
3833 4537
3834 4040
3835 4926
3836 4143
3837 3947
3837 4082
3837 4279
3837 4334
3838 4682
3839 3972
3839 4181
3839 4302
3839 4948
3840 4203
3840 4600
3840 4803
3840 4916
3841 4748
3842 4552
3842 4879
3843 4940
3844 4056
3844 4814
3845 4147
3845 4323
3845 4508
3846 4038
3846 4283
3848 4774
3849 4669
3850 4441
3850 4817
3851 4358
3852 4232
3852 4354
3852 4470
3853 4086
3854 4076
3854 4923
3854 4990
3855 4686
3859 4508
3860 3865
3860 4175
3860 4253
3860 4261
3863 4274
3864 4084
3864 4452
3864 4976
3865 4429
3865 4638
3866 4561
3866 4980
3867 4960
3868 4677
3868 4815
3869 4087
3870 4379
3870 4531
3870 4916
3871 4369
3872 4112
3872 4128
3872 4659
3874 4218
3875 4279
3875 4437
3876 4109
3876 4221
3878 4593
3879 4206
3879 4890
3880 4777
3882 3943
3882 3989
3882 4951
3883 4226
3883 4528
3883 4655
3886 4345
3886 4764
3887 4370
3888 4140
3888 4921
3890 4680
3891 4422
3893 4097
3893 4538
3894 3951
3895 4237
3896 4376
3897 3918
3898 4070
3899 4601
3899 4880
3899 4997
3900 4239
3900 4386
3901 3914
3902 4219
3903 4855
3904 4333
3905 3962
3906 4004
3907 3946
3907 3977
3907 4910
3908 3987
3908 4297
3909 4004
3909 4798
3910 4222
3910 4560
3913 4562
3913 4647
3915 4061
3915 4939
3916 4369
3916 4393
3916 4581
3916 4920
3917 4161
3917 4761
3917 4822
3920 4062
3920 4589
3920 4822
3921 4519
3922 4011
3922 4190
3922 4312
3922 4586
3922 4691
3923 4027
3923 4332
3923 4367
3925 4004
3925 4041
3925 4071
3925 4907
3926 4240
3927 4678
3928 4048
3928 4105
3928 4505
3928 4609
3929 4700
3930 4414
3930 4704
3932 3969
3932 3981
3932 4490
3932 4533
3932 4806
3933 4720
3935 4533
3936 4032
3936 4259
3937 4150
3938 4937
3939 4550
3939 4580
3940 4592
3941 4040
3941 4530
3941 4714
3941 4937
3942 3967
3943 4392
3943 4955
3944 3986
3944 4394
3945 4045
3945 4691
3947 4000
3947 4085
3947 4651
3948 4420
3948 4572
3948 4964
3949 4032
3949 4040
3949 4368
3949 4404
3950 4427
3951 4893
3951 4950
3952 4452
3954 4599
3956 4773
3957 4286
3957 4510
3957 4599
3957 4741
3957 4967
3959 4709
3960 4502
3960 4698
3961 4419
3961 4513
3961 4745
3962 4071
3963 4387
3963 4599
3963 4657
3965 4251
3966 4807
3967 4007
3968 4335
3968 4430
3968 4614
3970 4069
3970 4404
3970 4690
3970 4877
3971 4066
3971 4585
3972 4966
3975 4086
3975 4654
3976 4052
3976 4250
3976 4603
3977 4411
3978 4770
3978 4921
3981 4704
3983 4287
3983 4640
3984 4085
3985 4898
3987 4970
3990 4169
3990 4288
3991 4427
3993 4253
3994 4008
3996 4285
3997 4235
3998 4229
3998 4346
4003 4049
4003 4447
4004 4582
4005 4815
4008 4483
4010 4118
4011 4512
4011 4795
4012 4549
4013 4031
4013 4923
4014 4269
4014 4364
4014 4834
4016 4311
4019 4791
4021 4715
4022 4641
4022 4814
4023 4508
4025 4065
4025 4521
4025 4610
4027 4740
4028 4453
4029 4139
4029 4204
4030 4650
4033 4941
4034 4048
4034 4050
4035 4395
4036 4100
4036 4940
4038 4435
4039 4817
4040 4347
4041 4949
4042 4433
4042 4958
4043 4518
4044 4692
4049 4111
4049 4601
4052 4839
4053 4313
4053 4587
4054 4080
4056 4442
4058 4970
4059 4210
4059 4947
4060 4772
4061 4341
4061 4441
4062 4744
4063 4105
4063 4735
4064 4767
4065 4110
4065 4201
4066 4918
4067 4931
4068 4515
4070 4304
4070 4375
4070 4659
4070 4860
4071 4595
4072 4288
4072 4342
4073 4938
4074 4158
4074 4386
4074 4905
4075 4139
4075 4152
4075 4698
4076 4686
4078 4493
4078 4620
4078 4679
4079 4458
4079 4767
4080 4116
4080 4457
4081 4300
4081 4356
4081 4783
4082 4463
4084 4190
4084 4338
4084 4400
4085 4782
4086 4200
4086 4826
4087 4177
4087 4198
4087 4550
4088 4885
4090 4433
4090 4648
4091 4654
4092 4238
4092 4598
4094 4337
4094 4640
4095 4225
4095 4280
4096 4796
4097 4329
4097 4437
4097 4608
4101 4154
4102 4658
4104 4564
4104 4763
4104 4775
4105 4757
4105 4964
4106 4563
4107 4692
4107 4760
4108 4492
4110 4593
4111 4668
4111 4936
4114 4587
4114 4763
4114 4852
4116 4578
4117 4286
4117 4399
4119 4216
4120 4186
4120 4251
4120 4762
4121 4735
4123 4748
4123 4854
4124 4304
4124 4719
4125 4416
4128 4543
4128 4568
4129 4189
4130 4594
4131 4483
4133 4265
4135 4167
4135 4471
4138 4598
4141 4205
4141 4280
4143 4875
4144 4625
4146 4567
4147 4771
4149 4365
4154 4442
4154 4803
4156 4262
4156 4819
4158 4159
4159 4166
4159 4577
4161 4715
4161 4816
4162 4764
4162 4946
4163 4631
4163 4838
4165 4713
4165 4839
4165 4843
4166 4580
4168 4831
4168 4945
4171 4263
4171 4812
4172 4467
4172 4597
4174 4201
4175 4395
4177 4603
4177 4903
4180 4665
4180 4681
4181 4797
4182 4637
4184 4912
4185 4216
4185 4973
4186 4786
4187 4349
4189 4784
4191 4695
4191 4714
4191 4926
4193 4244
4193 4681
4194 4576
4194 4886
4195 4878
4196 4417
4196 4517
4197 4419
4197 4539
4197 4580
4197 4908
4199 4678
4200 4385
4202 4818
4203 4715
4207 4731
4208 4480
4208 4649
4209 4645
4209 4826
4210 4276
4210 4654
4211 4333
4211 4555
4211 4755
4212 4231
4212 4246
4217 4963
4219 4676
4220 4485
4221 4325
4221 4343
4222 4947
4222 4999
4223 4290
4226 4669
4226 4881
4228 4794
4229 4609
4229 4701
4230 4284
4230 4312
4231 4883
4233 4811
4234 4820
4234 4877
4238 4265
4241 4724
4242 4301
4242 4488
4243 4460
4243 4577
4243 4757
4245 4847
4248 4263
4249 4334
4251 4343
4252 4457
4253 4276
4256 4320
4256 4531
4259 4301
4259 4408
4260 4412
4260 4499
4262 4403
4263 4287
4263 4880
4264 4530
4266 4283
4266 4361
4266 4553
4267 4487
4270 4809
4271 4807
4272 4904
4272 4961
4276 4714
4276 4938
4277 4533
4277 4843
4279 4404
4279 4849
4279 4874
4280 4285
4283 4733
4291 4739
4293 4375
4293 4891
4294 4526
4295 4611
4296 4399
4296 4596
4296 4813
4298 4619
4300 4762
4301 4402
4304 4573
4305 4404
4307 4461
4307 4564
4309 4934
4310 4342
4310 4736
4312 4337
4312 4375
4312 4638
4312 4734
4313 4414
4314 4505
4315 4811
4317 4410
4319 4894
4319 4977
4321 4325
4322 4445
4326 4560
4328 4537
4329 4691
4330 4404
4330 4974
4331 4703
4331 4813
4332 4617
4332 4811
4333 4967
4334 4967
4335 4423
4335 4426
4336 4341
4336 4389
4336 4589
4336 4706
4336 4980
4339 4537
4340 4643
4341 4439
4342 4478
4342 4756
4343 4603
4343 4783
4348 4956
4350 4527
4352 4793
4352 4972
4356 4607
4356 4769
4357 4478
4361 4364
4361 4825
4362 4534
4363 4975
4370 4934
4375 4434
4375 4462
4378 4943
4381 4635
4388 4566
4394 4859
4396 4769
4396 4979
4397 4574
4398 4980
4401 4468
4401 4693
4401 4717
4407 4564
4408 4875
4411 4685
4412 4501
4414 4701
4417 4873
4420 4438
4420 4648
4420 4752
4421 4952
4425 4472
4425 4894
4427 4489
4430 4900
4430 4973
4431 4828
4432 4620
4433 4444
4436 4502
4436 4744
4437 4648
4438 4451
4439 4844
4440 4932
4441 4496
4442 4834
4442 4840
4443 4909
4444 4650
4445 4610
4446 4793
4447 4528
4447 4612
4449 4993
4450 4713
4452 4993
4458 4498
4458 4697
4461 4518
4462 4611
4463 4678
4463 4775
4464 4557
4465 4800
4465 4982
4467 4583
4469 4759
4470 4907
4472 4789
4474 4798
4475 4901
4478 4813
4480 4937
4481 4529
4481 4738
4491 4960
4493 4935
4494 4869
4498 4599
4499 4518
4499 4708
4502 4684
4503 4624
4503 4938
4508 4959
4509 4532
4509 4633
4509 4681
4511 4931
4512 4781
4514 4527
4516 4823
4516 4990
4518 4844
4519 4576
4519 4949
4520 4623
4520 4647
4523 4834
4524 4838
4525 4539
4527 4667
4527 4842
4529 4809
4535 4595
4538 4867
4539 4559
4540 4607
4540 4698
4542 4651
4543 4851
4543 4961
4545 4605
4545 4855
4547 4826
4548 4758
4551 4552
4551 4989
4552 4844
4555 4590
4555 4596
4559 4676
4559 4854
4563 4941
4564 4581
4564 4592
4565 4686
4565 4937
4567 4632
4570 4678
4571 4695
4574 4889
4586 4806
4588 4699
4592 4661
4592 4882
4594 4828
4595 4664
4595 4733
4596 4892
4599 4780
4599 4874
4600 4910
4601 4869
4601 4998
4602 4752
4604 4840
4605 4691
4605 4706
4606 4705
4607 4716
4608 4929
4610 4888
4611 4684
4611 4826
4613 4824
4614 4780
4614 4827
4616 4674
4617 4819
4619 4937
4627 4829
4627 4876
4629 4726
4630 4846
4634 4664
4636 4776
4636 4782
4637 4963
4639 4913
4643 4862
4644 4874
4657 4798
4657 4856
4663 4676
4666 4897
4668 4836
4669 4762
4670 4878
4671 4696
4676 4743
4687 4889
4691 4811
4692 4846
4698 4829
4712 4790
4714 4824
4716 4720
4716 4832
4719 4877
4721 4774
4721 4809
4723 4973
4729 4923
4730 4957
4732 4992
4737 4953
4738 4866
4746 4755
4753 4759
4754 4861
4757 4905
4759 4917
4762 4952
4792 4802
4794 4966
4798 4924
4803 4989
4805 4923
4807 4998
4811 4961
4812 4873
4814 4904
4814 4948
4818 4997
4821 4915
4822 4991
4823 4916
4830 4834
4831 4897
4834 4911
4849 4872
4850 4943
4882 4894
4882 4966
4884 4949
4888 4905
4897 4931
4928 4945
4950 4980
4953 4986
