2000 24018
0 33
0 183
0 228
0 291
0 301
0 327
0 362
0 452
0 574
0 709
0 743
0 773
0 792
0 884
0 965
0 1083
0 1114
0 1123
0 1126
0 1204
0 1282
0 1395
0 1421
0 1479
0 1534
0 1660
0 1672
0 1916
1 282
1 410
1 509
1 771
1 918
1 932
1 952
1 988
1 1059
1 1187
1 1278
1 1333
1 1365
1 1412
1 1431
1 1446
1 1672
1 1714
1 1731
1 1772
2 108
2 120
2 153
2 252
2 483
2 498
2 554
2 594
2 599
2 706
2 826
2 1165
2 1204
2 1396
2 1436
2 1548
2 1563
2 1768
2 1781
2 1830
2 1873
2 1928
2 1995
3 21
3 68
3 241
3 249
3 315
3 341
3 503
3 904
3 1163
3 1229
3 1248
3 1287
3 1288
3 1339
3 1355
3 1423
3 1487
3 1742
3 1892
3 1922
3 1942
3 1963
4 136
4 180
4 369
4 413
4 578
4 587
4 588
4 594
4 663
4 695
4 875
4 1011
4 1186
4 1252
4 1344
4 1351
4 1472
4 1543
4 1734
4 1806
4 1829
4 1859
4 1884
4 1923
4 1937
5 138
5 152
5 166
5 329
5 412
5 496
5 518
5 541
5 559
5 626
5 645
5 764
5 799
5 809
5 1057
5 1059
5 1070
5 1129
5 1327
5 1528
5 1826
5 1831
5 1892
5 1943
5 1956
5 1995
6 13
6 33
6 75
6 77
6 78
6 83
6 271
6 283
6 416
6 721
6 736
6 829
6 853
6 952
6 1015
6 1227
6 1402
6 1452
6 1707
6 1796
6 1797
6 1811
7 156
7 158
7 181
7 441
7 656
7 738
7 800
7 886
7 1177
7 1266
7 1371
7 1616
7 1663
7 1699
7 1753
7 1772
7 1879
7 1897
8 13
8 29
8 48
8 108
8 301
8 392
8 506
8 592
8 728
8 773
8 816
8 1107
8 1218
8 1224
8 1373
8 1382
8 1562
8 1662
8 1781
9 149
9 159
9 302
9 362
9 437
9 452
9 541
9 640
9 752
9 753
9 806
9 862
9 863
9 1142
9 1181
9 1226
9 1245
9 1310
9 1324
9 1369
9 1383
9 1402
9 1981
10 43
10 67
10 110
10 133
10 210
10 225
10 284
10 323
10 339
10 594
10 596
10 601
10 676
10 750
10 787
10 880
10 960
10 966
10 982
10 1105
10 1147
10 1211
10 1246
10 1294
10 1325
10 1348
10 1451
10 1462
10 1518
10 1668
10 1706
10 1807
11 45
11 130
11 211
11 382
11 780
11 782
11 908
11 983
11 1274
11 1340
11 1519
11 1628
11 1698
11 1730
11 1758
11 1878
11 1955
12 15
12 21
12 92
12 198
12 243
12 518
12 587
12 657
12 701
12 748
12 753
12 798
12 970
12 985
12 1199
12 1307
12 1558
12 1596
12 1636
12 1718
12 1729
12 1794
12 1906
13 140
13 164
13 236
13 304
13 504
13 590
13 593
13 598
13 757
13 837
13 894
13 923
13 944
13 961
13 967
13 979
13 1058
13 1099
13 1146
13 1320
13 1396
13 1420
13 1444
13 1819
13 1906
13 1942
13 1975
13 1978
14 72
14 94
14 128
14 153
14 251
14 257
14 354
14 386
14 622
14 784
14 863
14 917
14 920
14 950
14 1082
14 1173
14 1398
14 1436
14 1473
14 1521
14 1664
14 1701
14 1747
14 1770
14 1881
14 1937
15 112
15 160
15 254
15 370
15 656
15 658
15 669
15 967
15 998
15 1193
15 1281
15 1300
15 1329
15 1366
15 1386
15 1757
15 1846
15 1945
16 35
16 132
16 195
16 229
16 304
16 723
16 728
16 787
16 900
16 1038
16 1056
16 1120
16 1123
16 1175
16 1294
16 1349
16 1377
16 1384
16 1494
16 1515
16 1518
16 1531
16 1536
16 1638
16 1812
16 1891
17 207
17 213
17 230
17 320
17 447
17 513
17 526
17 547
17 928
17 992
17 998
17 1141
17 1144
17 1178
17 1219
17 1265
17 1374
17 1456
17 1495
17 1530
17 1726
17 1733
17 1947
17 1996
18 32
18 142
18 228
18 455
18 520
18 600
18 624
18 654
18 825
18 860
18 898
18 904
18 923
18 1133
18 1138
18 1218
18 1358
18 1369
18 1380
18 1410
18 1552
18 1607
18 1652
18 1656
18 1880
19 38
19 104
19 141
19 170
19 232
19 279
19 287
19 300
19 369
19 436
19 609
19 803
19 849
19 958
19 1006
19 1018
19 1078
19 1339
19 1350
19 1467
19 1480
19 1623
19 1650
19 1706
19 1722
19 1748
19 1805
19 1814
19 1857
19 1900
20 43
20 102
20 188
20 230
20 231
20 505
20 654
20 712
20 802
20 862
20 935
20 1010
20 1015
20 1102
20 1109
20 1157
20 1166
20 1367
20 1523
20 1587
20 1705
20 1711
20 1812
20 1864
20 1965
21 393
21 429
21 479
21 508
21 517
21 522
21 546
21 818
21 1285
21 1286
21 1342
21 1363
21 1380
21 1435
21 1475
21 1684
21 1860
21 1876
21 1971
21 1978
22 63
22 67
22 90
22 131
22 176
22 294
22 540
22 612
22 916
22 1005
22 1012
22 1019
22 1076
22 1098
22 1262
22 1399
22 1408
22 1446
22 1456
22 1533
22 1574
22 1645
22 1690
22 1854
22 1882
22 1990
23 60
23 119
23 226
23 293
23 544
23 626
23 627
23 650
23 710
23 830
23 854
23 884
23 975
23 1066
23 1239
23 1268
23 1351
23 1369
23 1388
23 1594
23 1599
23 1610
23 1772
23 1800
23 1854
24 33
24 80
24 143
24 196
24 240
24 387
24 420
24 422
24 451
24 464
24 521
24 588
24 733
24 812
24 1008
24 1085
24 1119
24 1173
24 1330
24 1336
24 1371
24 1416
24 1438
24 1583
24 1656
24 1682
24 1712
25 39
25 102
25 112
25 164
25 346
25 373
25 387
25 470
25 480
25 576
25 725
25 929
25 1048
25 1215
25 1346
25 1435
25 1465
25 1649
25 1869
25 1922
26 98
26 151
26 160
26 349
26 653
26 657
26 797
26 812
26 817
26 847
26 907
26 928
26 929
26 961
26 1140
26 1249
26 1278
26 1284
26 1312
26 1366
26 1674
26 1843
26 1937
27 100
27 119
27 212
27 234
27 278
27 489
27 505
27 597
27 633
27 638
27 769
27 841
27 1014
27 1276
27 1367
27 1466
27 1528
27 1582
27 1833
27 1952
28 45
28 160
28 198
28 251
28 258
28 267
28 271
28 322
28 605
28 623
28 634
28 695
28 762
28 796
28 873
28 929
28 1220
28 1236
28 1332
28 1375
28 1421
28 1604
28 1614
28 1683
28 1691
28 1696
28 1703
28 1764
28 1781
28 1786
28 1832
28 1877
28 1890
28 1899
28 1952
28 1966
28 1968
29 40
29 87
29 100
29 118
29 189
29 238
29 259
29 299
29 385
29 423
29 425
29 490
29 491
29 606
29 722
29 727
29 730
29 900
29 901
29 932
29 962
29 1053
29 1076
29 1210
29 1224
29 1278
29 1339
29 1384
29 1424
29 1441
29 1467
29 1531
29 1630
29 1700
29 1732
29 1779
29 1780
29 1824
29 1938
30 104
30 217
30 308
30 318
30 422
30 468
30 542
30 546
30 564
30 700
30 818
30 832
30 860
30 1052
30 1062
30 1128
30 1260
30 1336
30 1518
30 1607
30 1641
30 1838
30 1921
30 1935
30 1981
31 154
31 428
31 447
31 590
31 716
31 726
31 857
31 930
31 985
31 1118
31 1133
31 1159
31 1171
31 1286
31 1535
31 1675
31 1712
31 1819
31 1899
31 1927
32 75
32 79
32 93
32 174
32 181
32 250
32 262
32 297
32 302
32 456
32 747
32 809
32 881
32 1030
32 1072
32 1110
32 1376
32 1448
32 1575
32 1606
32 1670
32 1717
32 1801
32 1845
32 1916
33 131
33 242
33 265
33 449
33 513
33 522
33 555
33 659
33 708
33 741
33 812
33 952
33 1053
33 1106
33 1131
33 1154
33 1168
33 1175
33 1201
33 1251
33 1333
33 1457
33 1508
33 1689
33 1727
33 1756
33 1889
33 1931
34 111
34 202
34 481
34 490
34 558
34 656
34 719
34 790
34 898
34 947
34 1054
34 1104
34 1151
34 1288
34 1393
34 1414
34 1521
34 1550
34 1930
34 1978
35 63
35 68
35 129
35 221
35 314
35 507
35 512
35 616
35 863
35 866
35 1055
35 1178
35 1191
35 1226
35 1513
35 1531
35 1535
35 1627
35 1674
35 1735
35 1864
35 1944
35 1961
36 96
36 123
36 304
36 396
36 488
36 702
36 780
36 847
36 903
36 1062
36 1180
36 1292
36 1444
36 1458
36 1501
36 1734
36 1785
36 1905
36 1964
37 188
37 417
37 420
37 614
37 764
37 778
37 809
37 878
37 901
37 922
37 936
37 1138
37 1231
37 1271
37 1285
37 1346
37 1360
37 1377
37 1413
37 1611
37 1705
37 1714
37 1775
37 1834
37 1981
38 47
38 143
38 150
38 154
38 200
38 227
38 320
38 343
38 439
38 463
38 500
38 598
38 770
38 774
38 889
38 904
38 921
38 938
38 957
38 964
38 966
38 1082
38 1246
38 1253
38 1556
38 1610
38 1838
39 111
39 266
39 269
39 294
39 383
39 431
39 467
39 512
39 563
39 641
39 674
39 788
39 1120
39 1214
39 1248
39 1341
39 1353
39 1380
39 1612
39 1624
39 1830
39 1920
40 112
40 190
40 239
40 301
40 427
40 564
40 589
40 596
40 776
40 797
40 808
40 850
40 875
40 895
40 1112
40 1121
40 1302
40 1410
40 1544
40 1728
40 1805
40 1823
40 1884
40 1996
41 42
41 151
41 161
41 211
41 369
41 471
41 504
41 580
41 625
41 791
41 970
41 992
41 1105
41 1128
41 1156
41 1222
41 1228
41 1253
41 1379
41 1441
41 1644
41 1918
41 1994
41 1996
42 415
42 532
42 536
42 845
42 874
42 989
42 1044
42 1135
42 1140
42 1146
42 1277
42 1304
42 1352
42 1413
42 1460
42 1508
42 1628
42 1637
42 1683
42 1690
42 1747
42 1800
42 1838
42 1946
43 272
43 335
43 347
43 466
43 527
43 578
43 614
43 692
43 765
43 999
43 1198
43 1204
43 1205
43 1279
43 1340
43 1419
43 1439
43 1735
43 1751
43 1815
43 1863
43 1896
43 1927
43 1975
44 204
44 343
44 378
44 412
44 509
44 521
44 528
44 592
44 616
44 623
44 716
44 773
44 780
44 1056
44 1097
44 1210
44 1239
44 1315
44 1337
44 1380
44 1382
44 1675
45 68
45 116
45 146
45 418
45 503
45 537
45 556
45 767
45 804
45 871
45 998
45 1001
45 1135
45 1155
45 1226
45 1366
45 1468
45 1522
45 1576
45 1638
45 1712
45 1795
45 1921
45 1927
46 156
46 278
46 538
46 601
46 606
46 738
46 751
46 910
46 948
46 993
46 1021
46 1058
46 1060
46 1156
46 1184
46 1439
46 1488
46 1520
46 1720
46 1759
46 1797
47 143
47 321
47 357
47 398
47 426
47 436
47 551
47 678
47 689
47 702
47 888
47 897
47 921
47 1125
47 1165
47 1243
47 1290
47 1330
47 1478
47 1480
47 1487
47 1500
47 1621
47 1672
47 1675
47 1756
47 1948
48 163
48 340
48 412
48 503
48 545
48 617
48 650
48 787
48 818
48 936
48 979
48 1100
48 1140
48 1156
48 1282
48 1327
48 1354
48 1364
48 1400
48 1446
48 1484
48 1515
48 1690
48 1706
48 1724
48 1735
48 1762
48 1892
49 140
49 168
49 198
49 304
49 365
49 440
49 453
49 505
49 518
49 648
49 650
49 683
49 711
49 724
49 1107
49 1163
49 1281
49 1486
49 1492
49 1585
49 1664
49 1712
49 1722
49 1789
49 1877
49 1894
49 1933
50 83
50 102
50 152
50 244
50 321
50 379
50 451
50 546
50 585
50 593
50 708
50 977
50 1118
50 1462
50 1525
50 1534
50 1675
50 1828
50 1834
50 1849
50 1891
50 1897
50 1930
50 1954
51 77
51 201
51 252
51 288
51 302
51 467
51 579
51 704
51 887
51 1153
51 1196
51 1203
51 1220
51 1305
51 1447
51 1517
51 1543
51 1654
51 1663
51 1703
51 1838
51 1872
51 1873
52 54
52 171
52 238
52 239
52 488
52 951
52 979
52 1008
52 1046
52 1056
52 1095
52 1122
52 1135
52 1483
52 1524
52 1530
52 1559
52 1566
52 1599
52 1803
52 1852
52 1954
52 1958
53 111
53 134
53 236
53 441
53 503
53 557
53 745
53 811
53 854
53 881
53 903
53 913
53 1139
53 1141
53 1171
53 1282
53 1368
53 1369
53 1470
53 1496
53 1595
53 1622
53 1660
53 1667
53 1689
53 1784
53 1873
54 324
54 447
54 473
54 550
54 598
54 612
54 673
54 718
54 828
54 874
54 924
54 961
54 978
54 1041
54 1101
54 1295
54 1355
54 1431
54 1451
54 1554
54 1556
54 1641
54 1738
54 1878
54 1885
54 1961
54 1977
55 143
55 349
55 355
55 457
55 599
55 724
55 745
55 806
55 889
55 1050
55 1131
55 1154
55 1201
55 1249
55 1257
55 1305
55 1367
55 1417
55 1471
55 1624
55 1683
55 1728
55 1735
55 1820
55 1943
56 205
56 226
56 259
56 495
56 571
56 604
56 749
56 788
56 805
56 869
56 1509
56 1586
56 1599
56 1648
56 1869
57 159
57 189
57 217
57 290
57 456
57 628
57 701
57 792
57 853
57 957
57 1087
57 1171
57 1252
57 1288
57 1374
57 1469
57 1476
57 1625
57 1666
57 1690
57 1796
58 154
58 178
58 293
58 357
58 484
58 562
58 641
58 844
58 935
58 983
58 1041
58 1191
58 1240
58 1387
58 1392
58 1526
58 1716
58 1761
58 1854
58 1934
58 1966
59 66
59 208
59 248
59 273
59 335
59 410
59 537
59 599
59 730
59 734
59 822
59 1046
59 1345
59 1374
59 1455
59 1665
59 1691
59 1712
59 1713
59 1726
59 1738
59 1850
59 1889
59 1893
59 1986
60 246
60 348
60 376
60 381
60 493
60 525
60 989
60 1240
60 1292
60 1401
60 1425
60 1483
60 1497
60 1504
60 1508
60 1515
60 1678
60 1694
60 1696
60 1787
60 1835
60 1877
61 156
61 288
61 321
61 432
61 544
61 545
61 577
61 799
61 814
61 826
61 859
61 1007
61 1127
61 1275
61 1291
61 1304
61 1344
61 1439
61 1510
61 1528
61 1633
61 1679
61 1691
61 1842
61 1893
62 173
62 443
62 472
62 544
62 564
62 649
62 659
62 1012
62 1035
62 1041
62 1098
62 1148
62 1153
62 1185
62 1206
62 1220
62 1271
62 1346
62 1518
62 1542
62 1664
62 1677
62 1748
62 1829
62 1913
62 1927
62 1942
62 1962
63 155
63 400
63 467
63 614
63 791
63 796
63 945
63 970
63 1055
63 1142
63 1169
63 1207
63 1613
63 1666
63 1895
63 1899
63 1906
63 1932
64 118
64 131
64 134
64 136
64 202
64 386
64 395
64 846
64 850
64 957
64 984
64 988
64 991
64 1033
64 1081
64 1145
64 1170
64 1251
64 1289
64 1330
64 1371
64 1373
64 1444
64 1499
64 1558
64 1832
64 1961
65 130
65 246
65 430
65 442
65 598
65 611
65 673
65 683
65 785
65 858
65 1041
65 1069
65 1081
65 1082
65 1153
65 1250
65 1251
65 1256
65 1405
65 1473
65 1539
65 1693
65 1830
65 1877
65 1893
66 347
66 422
66 429
66 535
66 592
66 750
66 822
66 872
66 918
66 983
66 1245
66 1300
66 1318
66 1363
66 1375
66 1454
66 1462
66 1528
66 1706
66 1707
66 1723
66 1738
66 1755
66 1800
66 1804
66 1903
67 110
67 202
67 317
67 598
67 599
67 745
67 788
67 809
67 851
67 855
67 987
67 1022
67 1028
67 1135
67 1309
67 1327
67 1411
67 1445
67 1645
67 1772
67 1909
68 168
68 212
68 306
68 389
68 519
68 551
68 653
68 750
68 789
68 798
68 938
68 969
68 1027
68 1117
68 1170
68 1212
68 1215
68 1370
68 1506
68 1609
68 1646
68 1648
68 1765
68 1783
69 77
69 83
69 133
69 186
69 265
69 762
69 769
69 855
69 856
69 1019
69 1099
69 1115
69 1265
69 1334
69 1532
69 1635
69 1659
69 1667
69 1680
69 1715
69 1779
69 1812
69 1849
69 1931
70 184
70 195
70 299
70 424
70 702
70 789
70 876
70 1291
70 1330
70 1345
70 1376
70 1414
70 1433
70 1557
70 1644
70 1664
70 1822
70 1868
70 1960
70 1962
71 95
71 115
71 185
71 222
71 271
71 467
71 517
71 577
71 618
71 628
71 654
71 697
71 808
71 891
71 932
71 970
71 995
71 1051
71 1116
71 1142
71 1143
71 1156
71 1286
71 1359
71 1425
71 1440
71 1550
71 1704
71 1791
71 1806
71 1889
71 1994
72 75
72 79
72 99
72 182
72 317
72 371
72 405
72 466
72 499
72 611
72 688
72 800
72 823
72 857
72 940
72 977
72 1232
72 1285
72 1593
72 1607
72 1792
72 1798
72 1828
72 1902
73 186
73 192
73 229
73 256
73 385
73 743
73 917
73 972
73 1058
73 1179
73 1243
73 1255
73 1352
73 1512
73 1529
73 1536
73 1590
73 1657
73 1675
73 1937
73 1992
74 116
74 176
74 219
74 572
74 605
74 626
74 664
74 708
74 731
74 748
74 787
74 798
74 821
74 850
74 1012
74 1116
74 1222
74 1392
74 1442
74 1469
74 1714
74 1715
74 1797
75 101
75 116
75 256
75 361
75 418
75 442
75 474
75 593
75 650
75 892
75 895
75 960
75 1031
75 1121
75 1186
75 1322
75 1326
75 1358
75 1521
75 1626
75 1791
75 1865
75 1878
76 177
76 216
76 396
76 472
76 564
76 621
76 632
76 636
76 707
76 880
76 1023
76 1093
76 1213
76 1462
76 1494
76 1583
76 1649
76 1653
76 1670
76 1681
76 1690
76 1876
76 1916
77 259
77 294
77 379
77 444
77 473
77 546
77 773
77 980
77 1068
77 1260
77 1265
77 1279
77 1402
77 1596
77 1609
77 1613
77 1672
77 1926
78 100
78 160
78 356
78 384
78 463
78 547
78 605
78 664
78 734
78 746
78 806
78 808
78 949
78 1077
78 1145
78 1174
78 1319
78 1354
78 1365
78 1471
78 1508
78 1620
78 1677
78 1724
78 1781
78 1801
78 1807
78 1843
78 1844
78 1974
79 222
79 234
79 242
79 296
79 622
79 793
79 1022
79 1037
79 1194
79 1269
79 1288
79 1409
79 1431
79 1475
79 1740
79 1798
79 1938
80 122
80 149
80 288
80 482
80 743
80 776
80 805
80 861
80 915
80 928
80 1068
80 1082
80 1096
80 1151
80 1160
80 1256
80 1291
80 1359
80 1382
80 1523
80 1542
80 1564
80 1625
80 1686
80 1719
80 1831
80 1935
81 103
81 228
81 292
81 359
81 444
81 537
81 617
81 770
81 943
81 986
81 1132
81 1192
81 1304
81 1469
81 1566
81 1578
81 1582
81 1607
81 1633
81 1668
81 1917
82 233
82 234
82 372
82 399
82 485
82 500
82 507
82 547
82 667
82 767
82 768
82 787
82 1190
82 1426
82 1441
82 1479
82 1483
82 1514
82 1663
82 1734
82 1811
82 1848
82 1934
82 1989
83 96
83 111
83 341
83 344
83 420
83 532
83 550
83 674
83 914
83 1175
83 1455
83 1700
83 1705
83 1723
83 1764
83 1780
83 1956
83 1971
84 118
84 168
84 183
84 220
84 271
84 326
84 706
84 776
84 793
84 846
84 985
84 1101
84 1111
84 1128
84 1297
84 1368
84 1389
84 1392
84 1461
84 1513
84 1566
84 1583
84 1666
84 1692
84 1763
84 1828
84 1906
85 155
85 162
85 201
85 203
85 412
85 512
85 542
85 666
85 926
85 932
85 1023
85 1101
85 1246
85 1403
85 1404
85 1557
85 1575
85 1747
85 1763
85 1809
85 1818
85 1831
85 1957
86 191
86 238
86 265
86 384
86 629
86 679
86 1113
86 1161
86 1165
86 1198
86 1270
86 1524
86 1626
86 1690
86 1824
86 1935
86 1938
86 1947
86 1983
87 102
87 115
87 238
87 247
87 354
87 406
87 451
87 487
87 504
87 574
87 647
87 754
87 902
87 1040
87 1165
87 1219
87 1220
87 1510
87 1608
87 1672
87 1997
88 292
88 341
88 453
88 461
88 484
88 552
88 555
88 574
88 601
88 672
88 812
88 818
88 1071
88 1191
88 1193
88 1341
88 1356
88 1358
88 1390
88 1425
88 1441
88 1474
88 1564
88 1568
89 153
89 173
89 215
89 240
89 339
89 368
89 375
89 437
89 519
89 639
89 682
89 700
89 808
89 902
89 929
89 953
89 997
89 1191
89 1216
89 1241
89 1693
89 1726
89 1832
89 1875
90 124
90 132
90 296
90 443
90 454
90 457
90 522
90 523
90 525
90 637
90 665
90 765
90 857
90 907
90 1026
90 1097
90 1151
90 1201
90 1313
90 1374
90 1432
90 1452
90 1496
90 1687
90 1834
90 1963
91 232
91 259
91 277
91 553
91 572
91 610
91 683
91 701
91 834
91 869
91 974
91 1033
91 1137
91 1192
91 1208
91 1216
91 1231
91 1344
91 1576
91 1713
91 1745
91 1857
91 1913
91 1927
91 1953
91 1980
92 114
92 302
92 337
92 340
92 382
92 465
92 487
92 545
92 612
92 771
92 1013
92 1079
92 1127
92 1244
92 1422
92 1444
92 1485
92 1488
92 1588
92 1700
92 1704
92 1744
92 1791
92 1853
92 1861
92 1883
92 1892
92 1922
92 1933
93 122
93 273
93 461
93 595
93 631
93 830
93 948
93 951
93 1080
93 1161
93 1264
93 1390
93 1595
93 1629
93 1655
93 1771
93 1775
93 1814
93 1858
93 1879
93 1885
94 290
94 321
94 367
94 513
94 647
94 710
94 812
94 827
94 843
94 983
94 1071
94 1175
94 1227
94 1286
94 1608
94 1648
94 1777
94 1799
94 1975
95 258
95 272
95 471
95 493
95 511
95 611
95 753
95 832
95 963
95 989
95 1139
95 1215
95 1225
95 1228
95 1322
95 1355
95 1371
95 1494
95 1594
95 1802
95 1871
96 144
96 226
96 286
96 412
96 637
96 693
96 856
96 1086
96 1293
96 1301
96 1306
96 1340
96 1555
96 1583
96 1826
96 1829
96 1843
96 1859
96 1923
96 1995
96 1996
97 118
97 146
97 148
97 149
97 168
97 246
97 247
97 350
97 402
97 541
97 577
97 657
97 744
97 776
97 879
97 977
97 992
97 1159
97 1433
97 1456
97 1620
97 1623
97 1664
97 1690
97 1778
98 230
98 243
98 317
98 352
98 674
98 700
98 776
98 924
98 952
98 962
98 1077
98 1145
98 1183
98 1310
98 1360
98 1470
98 1507
98 1527
98 1560
98 1569
98 1642
98 1646
98 1703
98 1715
98 1866
98 1933
99 157
99 184
99 342
99 345
99 377
99 420
99 478
99 484
99 758
99 761
99 876
99 891
99 1022
99 1218
99 1619
99 1631
99 1727
99 1828
99 1834
99 1897
100 203
100 215
100 248
100 332
100 347
100 354
100 378
100 462
100 497
100 556
100 842
100 1154
100 1287
100 1458
100 1496
100 1526
100 1631
100 1712
100 1822
100 1868
101 133
101 173
101 279
101 452
101 553
101 653
101 672
101 736
101 776
101 862
101 915
101 955
101 1033
101 1074
101 1091
101 1092
101 1155
101 1378
101 1393
101 1399
101 1593
101 1855
101 1864
101 1899
102 105
102 135
102 613
102 672
102 782
102 819
102 882
102 935
102 1145
102 1235
102 1500
102 1520
102 1787
102 1820
102 1964
102 1979
103 118
103 186
103 235
103 301
103 600
103 612
103 699
103 702
103 704
103 845
103 860
103 891
103 909
103 1064
103 1154
103 1163
103 1169
103 1239
103 1410
103 1470
103 1589
103 1634
103 1918
103 1947
104 128
104 137
104 179
104 229
104 431
104 475
104 514
104 603
104 641
104 1023
104 1100
104 1131
104 1177
104 1270
104 1340
104 1451
104 1496
104 1536
104 1608
104 1630
104 1750
104 1786
104 1976
105 156
105 168
105 314
105 366
105 639
105 704
105 847
105 885
105 1058
105 1241
105 1262
105 1367
105 1391
105 1400
105 1445
105 1462
105 1476
105 1525
105 1709
105 1806
105 1807
105 1953
105 1989
106 125
106 138
106 167
106 216
106 287
106 348
106 354
106 357
106 404
106 706
106 793
106 820
106 882
106 916
106 950
106 973
106 1065
106 1126
106 1132
106 1141
106 1226
106 1312
106 1396
106 1404
106 1500
106 1727
106 1828
106 1843
106 1892
107 134
107 438
107 451
107 496
107 498
107 538
107 591
107 694
107 798
107 880
107 933
107 973
107 981
107 1001
107 1332
107 1362
107 1524
107 1740
107 1956
108 204
108 240
108 278
108 353
108 418
108 473
108 477
108 533
108 549
108 858
108 1087
108 1109
108 1126
108 1224
108 1294
108 1313
108 1397
108 1572
108 1729
108 1966
108 1989
109 128
109 274
109 344
109 382
109 620
109 874
109 911
109 945
109 1271
109 1344
109 1439
109 1567
109 1632
109 1711
109 1762
109 1781
109 1831
109 1836
110 184
110 260
110 281
110 306
110 358
110 425
110 489
110 510
110 565
110 580
110 652
110 668
110 748
110 802
110 840
110 862
110 1111
110 1164
110 1247
110 1359
110 1501
110 1782
110 1864
111 170
111 207
111 251
111 312
111 422
111 523
111 551
111 935
111 1172
111 1260
111 1406
111 1423
111 1766
111 1810
111 1855
111 1880
111 1947
112 141
112 173
112 399
112 476
112 627
112 708
112 757
112 902
112 945
112 957
112 1030
112 1197
112 1239
112 1385
112 1425
112 1426
112 1477
112 1534
112 1561
112 1775
112 1806
112 1822
112 1852
112 1957
113 164
113 191
113 421
113 490
113 580
113 620
113 803
113 804
113 837
113 891
113 932
113 1205
113 1211
113 1250
113 1255
113 1323
113 1473
113 1589
113 1682
113 1724
113 1745
113 1747
113 1794
113 1799
113 1856
113 1917
113 1944
113 1979
114 123
114 153
114 188
114 281
114 428
114 521
114 535
114 615
114 619
114 643
114 827
114 834
114 864
114 881
114 927
114 981
114 1032
114 1035
114 1043
114 1049
114 1201
114 1345
114 1534
114 1822
114 1829
114 1849
115 422
115 447
115 478
115 666
115 767
115 931
115 1074
115 1205
115 1264
115 1575
115 1716
115 1729
115 1746
115 1769
115 1815
115 1840
115 1932
116 237
116 292
116 408
116 882
116 884
116 1047
116 1140
116 1166
116 1213
116 1311
116 1316
116 1592
116 1831
116 1920
116 1957
117 262
117 299
117 413
117 541
117 592
117 597
117 651
117 793
117 794
117 956
117 1046
117 1227
117 1233
117 1235
117 1386
117 1611
117 1794
117 1955
118 136
118 140
118 189
118 392
118 396
118 398
118 452
118 504
118 674
118 824
118 930
118 943
118 1128
118 1164
118 1190
118 1213
118 1462
118 1591
118 1814
118 1852
118 1974
119 230
119 429
119 520
119 540
119 574
119 620
119 745
119 794
119 852
119 887
119 894
119 895
119 1014
119 1242
119 1402
119 1559
119 1592
119 1924
119 1959
119 1984
120 276
120 453
120 506
120 597
120 658
120 708
120 779
120 808
120 879
120 894
120 898
120 905
120 955
120 1108
120 1347
120 1408
120 1533
120 1611
120 1683
120 1737
120 1743
120 1783
120 1884
120 1915
121 173
121 191
121 515
121 527
121 553
121 586
121 655
121 789
121 866
121 907
121 975
121 1030
121 1046
121 1071
121 1328
121 1377
121 1436
121 1631
121 1646
122 184
122 242
122 309
122 484
122 507
122 597
122 641
122 943
122 1028
122 1106
122 1150
122 1175
122 1311
122 1459
122 1540
122 1595
122 1604
122 1625
122 1671
122 1787
122 1892
123 185
123 236
123 471
123 482
123 597
123 628
123 719
123 746
123 793
123 1054
123 1062
123 1068
123 1179
123 1194
123 1505
123 1609
123 1689
123 1704
123 1723
123 1806
123 1860
123 1867
123 1942
124 151
124 384
124 485
124 517
124 560
124 586
124 787
124 795
124 814
124 862
124 1034
124 1144
124 1223
124 1232
124 1332
124 1467
124 1495
124 1566
124 1719
125 182
125 229
125 270
125 312
125 328
125 377
125 379
125 422
125 435
125 482
125 547
125 593
125 705
125 741
125 763
125 838
125 904
125 906
125 947
125 1040
125 1376
125 1404
125 1480
125 1500
125 1537
125 1630
125 1829
125 1833
126 156
126 210
126 225
126 231
126 323
126 333
126 345
126 365
126 954
126 982
126 1024
126 1142
126 1181
126 1306
126 1328
126 1335
126 1467
126 1639
126 1647
126 1747
126 1816
126 1911
126 1969
127 142
127 186
127 603
127 657
127 776
127 910
127 954
127 1067
127 1092
127 1133
127 1308
127 1326
127 1342
127 1347
127 1366
127 1403
127 1450
127 1559
127 1679
127 1686
127 1961
128 361
128 422
128 631
128 682
128 749
128 992
128 1142
128 1160
128 1173
128 1408
128 1446
128 1456
128 1520
128 1558
128 1765
128 1788
128 1805
128 1857
128 1870
128 1910
129 352
129 389
129 435
129 598
129 662
129 738
129 780
129 837
129 887
129 906
129 942
129 1242
129 1308
129 1310
129 1328
129 1425
129 1488
129 1501
129 1502
129 1663
129 1983
130 250
130 301
130 432
130 433
130 639
130 693
130 853
130 945
130 971
130 997
130 1003
130 1022
130 1040
130 1059
130 1184
130 1363
130 1401
130 1472
130 1602
130 1628
130 1753
130 1937
130 1981
130 1998
131 168
131 264
131 467
131 811
131 941
131 990
131 1092
131 1180
131 1197
131 1235
131 1421
131 1422
131 1424
131 1476
131 1532
131 1599
131 1708
131 1777
131 1906
131 1969
132 250
132 324
132 329
132 443
132 622
132 647
132 717
132 812
132 818
132 831
132 842
132 1269
132 1283
132 1326
132 1511
132 1589
132 1723
132 1726
132 1846
132 1884
132 1960
133 219
133 256
133 287
133 502
133 510
133 596
133 660
133 693
133 768
133 780
133 965
133 1063
133 1250
133 1277
133 1541
133 1636
133 1757
133 1943
133 1966
134 138
134 266
134 300
134 427
134 516
134 593
134 688
134 743
134 845
134 866
134 868
134 900
134 946
134 1110
134 1120
134 1297
134 1327
134 1350
134 1352
134 1424
134 1503
134 1857
134 1971
135 147
135 324
135 350
135 508
135 747
135 901
135 945
135 975
135 1084
135 1234
135 1310
135 1328
135 1330
135 1450
135 1562
135 1659
135 1802
135 1850
135 1896
135 1911
136 175
136 323
136 405
136 442
136 655
136 837
136 883
136 891
136 968
136 1008
136 1024
136 1025
136 1056
136 1120
136 1180
136 1372
136 1378
136 1436
136 1569
136 1583
136 1934
137 156
137 165
137 169
137 241
137 251
137 308
137 520
137 605
137 627
137 647
137 823
137 834
137 899
137 943
137 1492
137 1496
137 1620
137 1693
137 1730
137 1831
137 1996
138 219
138 276
138 379
138 502
138 889
138 901
138 1108
138 1122
138 1185
138 1224
138 1300
138 1320
138 1399
138 1545
138 1568
138 1655
138 1718
138 1919
138 1945
138 1955
139 206
139 486
139 580
139 833
139 889
139 930
139 959
139 1014
139 1278
139 1397
139 1445
139 1570
139 1605
139 1615
139 1663
139 1819
139 1823
139 1876
140 171
140 205
140 363
140 383
140 541
140 715
140 722
140 760
140 885
140 898
140 936
140 1031
140 1037
140 1111
140 1117
140 1159
140 1277
140 1286
140 1429
140 1467
140 1548
140 1612
140 1701
140 1710
140 1779
140 1786
140 1832
140 1872
140 1890
140 1943
141 356
141 405
141 569
141 679
141 711
141 779
141 818
141 823
141 930
141 988
141 1048
141 1176
141 1197
141 1257
141 1386
141 1515
141 1518
141 1552
141 1625
141 1688
141 1860
141 1863
141 1892
141 1942
141 1949
142 194
142 224
142 292
142 306
142 581
142 643
142 792
142 858
142 884
142 934
142 988
142 989
142 1267
142 1350
142 1367
142 1388
142 1571
142 1725
142 1745
142 1873
143 168
143 176
143 177
143 213
143 222
143 247
143 299
143 307
143 433
143 492
143 526
143 542
143 563
143 609
143 628
143 634
143 733
143 816
143 907
143 1218
143 1228
143 1305
143 1416
143 1429
143 1455
143 1542
143 1600
143 1636
143 1687
143 1879
144 283
144 328
144 528
144 592
144 676
144 680
144 715
144 727
144 835
144 959
144 963
144 1001
144 1032
144 1042
144 1150
144 1154
144 1182
144 1278
144 1537
144 1553
144 1568
144 1997
145 286
145 504
145 564
145 613
145 637
145 707
145 708
145 735
145 905
145 932
145 935
145 1000
145 1024
145 1160
145 1166
145 1208
145 1313
145 1492
145 1502
145 1546
145 1552
145 1664
145 1724
145 1742
145 1868
145 1959
146 175
146 244
146 250
146 300
146 334
146 359
146 364
146 554
146 575
146 769
146 856
146 919
146 1006
146 1029
146 1130
146 1172
146 1182
146 1245
146 1381
146 1484
146 1489
146 1738
146 1848
146 1898
146 1953
146 1959
147 224
147 277
147 334
147 485
147 489
147 499
147 739
147 764
147 773
147 904
147 933
147 1035
147 1183
147 1212
147 1332
147 1381
147 1397
147 1474
147 1535
147 1688
147 1761
147 1771
147 1853
148 189
148 221
148 253
148 336
148 381
148 419
148 508
148 529
148 535
148 674
148 738
148 1058
148 1101
148 1195
148 1198
148 1260
148 1286
148 1298
148 1313
148 1360
148 1415
148 1662
148 1692
148 1731
148 1753
148 1829
148 1937
149 167
149 299
149 387
149 471
149 553
149 685
149 711
149 870
149 873
149 1132
149 1318
149 1357
149 1475
149 1741
149 1912
149 1954
150 193
150 369
150 391
150 437
150 545
150 622
150 627
150 638
150 644
150 735
150 783
150 1070
150 1221
150 1250
150 1285
150 1381
150 1437
150 1646
150 1809
150 1816
151 166
151 266
151 360
151 386
151 409
151 485
151 539
151 661
151 699
151 801
151 802
151 971
151 997
151 1101
151 1126
151 1174
151 1292
151 1408
151 1471
151 1556
151 1568
151 1629
151 1670
151 1782
151 1880
151 1927
151 1970
152 295
152 390
152 397
152 434
152 469
152 474
152 482
152 490
152 568
152 631
152 642
152 709
152 850
152 1099
152 1204
152 1284
152 1366
152 1459
152 1511
153 292
153 315
153 505
153 665
153 859
153 887
153 905
153 911
153 936
153 1156
153 1221
153 1242
153 1367
153 1472
153 1711
153 1785
154 173
154 206
154 255
154 345
154 358
154 395
154 413
154 554
154 605
154 819
154 895
154 1011
154 1034
154 1052
154 1069
154 1200
154 1504
154 1663
154 1664
154 1888
154 1971
155 267
155 407
155 493
155 687
155 808
155 827
155 904
155 965
155 966
155 984
155 985
155 1069
155 1342
155 1378
155 1457
155 1800
155 1833
155 1841
155 1852
155 1876
155 1964
156 177
156 180
156 323
156 331
156 334
156 414
156 471
156 524
156 579
156 597
156 624
156 809
156 991
156 1070
156 1277
156 1307
156 1322
156 1477
156 1515
156 1632
156 1664
156 1724
156 1769
157 265
157 539
157 572
157 607
157 628
157 663
157 761
157 834
157 915
157 1046
157 1069
157 1178
157 1193
157 1310
157 1341
157 1437
157 1451
157 1494
157 1596
157 1822
157 1836
158 357
158 455
158 467
158 496
158 567
158 671
158 791
158 805
158 871
158 996
158 1176
158 1179
158 1183
158 1310
158 1362
158 1435
158 1539
158 1648
158 1680
158 1869
159 309
159 563
159 567
159 762
159 1160
159 1165
159 1272
159 1343
159 1406
159 1465
159 1467
159 1516
159 1568
159 1621
159 1641
159 1781
159 1951
160 192
160 258
160 269
160 275
160 319
160 343
160 353
160 399
160 559
160 634
160 733
160 762
160 796
160 879
160 928
160 929
160 1130
160 1175
160 1236
160 1310
160 1391
160 1409
160 1520
160 1614
160 1696
160 1703
160 1832
160 1877
160 1899
160 1966
160 1989
161 320
161 476
161 631
161 749
161 810
161 841
161 903
161 1310
161 1391
161 1397
161 1406
161 1411
161 1437
161 1512
161 1530
161 1655
161 1758
161 1825
161 1868
161 1982
162 241
162 280
162 344
162 456
162 657
162 690
162 876
162 909
162 911
162 1392
162 1490
162 1608
162 1612
162 1678
162 1683
162 1734
162 1766
162 1772
162 1799
162 1847
162 1913
162 1936
162 1947
163 187
163 217
163 228
163 230
163 234
163 334
163 349
163 370
163 418
163 568
163 592
163 608
163 630
163 798
163 1001
163 1288
163 1401
163 1425
163 1609
163 1640
163 1655
163 1765
163 1805
163 1818
164 337
164 388
164 492
164 562
164 565
164 714
164 923
164 956
164 1006
164 1058
164 1072
164 1262
164 1264
164 1386
164 1607
164 1677
164 1799
165 273
165 617
165 693
165 760
165 939
165 941
165 984
165 1135
165 1290
165 1306
165 1340
165 1599
165 1633
165 1636
165 1684
165 1699
165 1704
165 1751
165 1760
165 1765
165 1782
165 1798
165 1848
165 1932
165 1987
166 229
166 450
166 506
166 576
166 614
166 629
166 666
166 688
166 807
166 901
166 1044
166 1061
166 1223
166 1270
166 1335
166 1377
166 1503
166 1570
166 1573
166 1903
166 1944
166 1957
167 217
167 264
167 700
167 798
167 951
167 1096
167 1335
167 1513
167 1581
167 1604
167 1627
167 1655
167 1669
167 1712
167 1835
167 1898
167 1940
167 1979
168 190
168 388
168 445
168 567
168 636
168 674
168 685
168 766
168 807
168 920
168 943
168 994
168 1004
168 1024
168 1172
168 1192
168 1514
168 1646
168 1714
168 1774
168 1875
168 1934
169 285
169 298
169 310
169 369
169 476
169 525
169 841
169 843
169 955
169 987
169 1004
169 1144
169 1154
169 1162
169 1237
169 1355
169 1446
169 1507
169 1590
169 1820
169 1822
169 1917
169 1957
170 338
170 496
170 559
170 766
170 877
170 1083
170 1116
170 1123
170 1179
170 1184
170 1247
170 1267
170 1356
170 1376
170 1502
170 1533
170 1607
170 1610
170 1779
171 329
171 444
171 458
171 501
171 532
171 534
171 552
171 1034
171 1162
171 1173
171 1194
171 1224
171 1316
171 1439
171 1559
171 1689
171 1812
171 1829
171 1963
171 1991
172 308
172 324
172 373
172 423
172 620
172 632
172 716
172 736
172 751
172 868
172 1030
172 1077
172 1089
172 1104
172 1147
172 1236
172 1237
172 1283
172 1305
172 1316
172 1585
172 1649
172 1755
172 1861
172 1867
172 1928
173 195
173 427
173 497
173 523
173 666
173 683
173 684
173 754
173 894
173 968
173 1017
173 1179
173 1236
173 1338
173 1613
173 1751
173 1760
173 1795
173 1862
173 1894
173 1984
174 477
174 478
174 498
174 601
174 661
174 682
174 788
174 865
174 922
174 989
174 1009
174 1197
174 1378
174 1398
174 1459
174 1582
174 1614
174 1698
174 1761
174 1941
174 1976
175 225
175 263
175 382
175 682
175 725
175 1001
175 1031
175 1135
175 1483
175 1484
175 1599
175 1603
175 1680
175 1728
175 1747
175 1780
175 1797
175 1808
175 1840
175 1861
176 310
176 341
176 344
176 457
176 483
176 784
176 1304
176 1313
176 1429
176 1514
176 1579
176 1692
176 1731
176 1819
176 1892
177 238
177 356
177 545
177 608
177 653
177 751
177 775
177 786
177 842
177 951
177 978
177 1105
177 1137
177 1203
177 1408
177 1705
177 1775
177 1781
177 1830
177 1849
177 1875
177 1882
177 1900
178 186
178 210
178 254
178 306
178 571
178 603
178 625
178 665
178 677
178 694
178 701
178 753
178 764
178 875
178 891
178 1072
178 1089
178 1235
178 1302
178 1324
178 1330
178 1331
178 1340
178 1364
178 1390
178 1485
178 1850
178 1974
179 230
179 337
179 399
179 442
179 488
179 565
179 659
179 852
179 854
179 1039
179 1164
179 1273
179 1302
179 1437
179 1468
180 222
180 255
180 281
180 590
180 630
180 645
180 666
180 671
180 717
180 719
180 733
180 904
180 1064
180 1579
180 1609
180 1625
180 1655
180 1668
180 1782
180 1793
180 1872
181 222
181 383
181 387
181 457
181 491
181 589
181 615
181 698
181 805
181 925
181 995
181 1157
181 1169
181 1192
181 1214
181 1291
181 1322
181 1391
181 1482
181 1503
181 1702
181 1885
181 1890
181 1939
181 1965
182 398
182 593
182 668
182 719
182 745
182 772
182 814
182 973
182 1081
182 1244
182 1323
182 1510
182 1625
182 1709
182 1743
182 1791
182 1799
183 332
183 343
183 421
183 484
183 493
183 495
183 594
183 810
183 993
183 1075
183 1289
183 1291
183 1373
183 1503
183 1564
183 1567
183 1582
183 1586
183 1599
183 1765
184 216
184 488
184 506
184 625
184 790
184 904
184 1413
184 1485
184 1518
184 1571
184 1597
184 1644
184 1691
184 1790
184 1861
184 1955
185 344
185 414
185 463
185 640
185 847
185 881
185 930
185 964
185 1059
185 1118
185 1375
185 1608
185 1658
185 1750
185 1798
185 1842
185 1948
186 203
186 371
186 381
186 768
186 791
186 855
186 1038
186 1186
186 1232
186 1257
186 1268
186 1463
186 1884
186 1908
187 244
187 313
187 325
187 353
187 583
187 589
187 801
187 829
187 865
187 895
187 1072
187 1203
187 1420
187 1475
187 1636
187 1733
187 1735
187 1846
187 1873
187 1896
188 242
188 385
188 408
188 504
188 668
188 682
188 703
188 746
188 766
188 842
188 1016
188 1154
188 1600
188 1604
188 1661
188 1663
188 1667
188 1731
188 1867
188 1912
188 1966
189 208
189 283
189 406
189 602
189 646
189 795
189 872
189 886
189 890
189 1114
189 1185
189 1465
189 1482
189 1507
189 1610
189 1710
189 1747
189 1836
189 1852
189 1881
189 1998
190 476
190 479
190 570
190 576
190 633
190 651
190 767
190 774
190 911
190 939
190 985
190 1068
190 1386
190 1396
190 1503
190 1577
190 1665
190 1839
190 1871
190 1902
191 259
191 497
191 532
191 566
191 652
191 693
191 748
191 790
191 818
191 849
191 859
191 1024
191 1085
191 1125
191 1216
191 1288
191 1475
191 1621
191 1721
191 1884
191 1913
192 369
192 408
192 464
192 512
192 621
192 651
192 671
192 690
192 813
192 914
192 924
192 972
192 1027
192 1080
192 1206
192 1264
192 1272
192 1322
192 1440
192 1608
192 1653
192 1658
192 1699
192 1740
192 1750
192 1997
193 504
193 636
193 655
193 657
193 748
193 778
193 782
193 817
193 868
193 951
193 974
193 1044
193 1115
193 1187
193 1216
193 1478
193 1602
193 1688
193 1695
193 1704
193 1870
193 1911
194 308
194 402
194 430
194 452
194 460
194 475
194 520
194 535
194 579
194 612
194 813
194 1012
194 1038
194 1057
194 1372
194 1380
194 1438
194 1454
194 1464
194 1592
194 1662
194 1995
195 248
195 284
195 381
195 474
195 487
195 598
195 717
195 791
195 850
195 950
195 977
195 1033
195 1131
195 1286
195 1384
195 1418
195 1517
195 1652
195 1748
195 1848
195 1885
195 1917
196 344
196 363
196 398
196 461
196 512
196 561
196 618
196 651
196 668
196 781
196 825
196 1020
196 1134
196 1435
196 1467
196 1546
196 1575
196 1619
196 1749
196 1796
197 362
197 365
197 605
197 700
197 873
197 892
197 957
197 1004
197 1169
197 1219
197 1233
197 1281
197 1300
197 1432
197 1538
197 1621
197 1705
197 1740
197 1862
197 1917
197 1979
197 1988
198 221
198 272
198 619
198 667
198 780
198 811
198 856
198 857
198 864
198 917
198 969
198 1009
198 1066
198 1080
198 1187
198 1204
198 1334
198 1435
198 1564
198 1591
198 1625
198 1676
198 1796
198 1920
198 1994
199 205
199 229
199 246
199 266
199 321
199 483
199 584
199 634
199 743
199 797
199 847
199 894
199 1069
199 1086
199 1251
199 1268
199 1321
199 1346
199 1391
199 1448
199 1552
199 1657
199 1800
199 1829
200 211
200 254
200 450
200 492
200 657
200 805
200 980
200 1071
200 1177
200 1211
200 1276
200 1426
200 1498
200 1593
200 1617
200 1656
200 1742
200 1755
200 1772
200 1879
200 1883
201 444
201 450
201 719
201 764
201 780
201 792
201 949
201 1079
201 1128
201 1157
201 1194
201 1275
201 1284
201 1318
201 1431
201 1440
201 1469
201 1612
201 1770
201 1789
201 1973
202 274
202 310
202 391
202 429
202 486
202 509
202 516
202 519
202 535
202 566
202 708
202 862
202 873
202 918
202 930
202 961
202 1016
202 1046
202 1073
202 1184
202 1389
202 1390
202 1403
202 1417
202 1672
202 1690
202 1763
202 1765
202 1805
202 1840
203 236
203 352
203 456
203 494
203 513
203 581
203 639
203 673
203 947
203 1075
203 1117
203 1123
203 1221
203 1239
203 1249
203 1277
203 1296
203 1368
203 1430
203 1434
203 1599
203 1644
203 1818
203 1864
204 221
204 263
204 343
204 351
204 405
204 435
204 483
204 502
204 503
204 506
204 645
204 776
204 866
204 902
204 1001
204 1033
204 1093
204 1249
204 1308
204 1332
204 1355
204 1402
204 1680
204 1703
204 1807
204 1898
204 1937
205 213
205 427
205 518
205 611
205 677
205 804
205 810
205 826
205 835
205 918
205 952
205 968
205 1115
205 1411
205 1469
205 1563
205 1623
205 1765
205 1767
205 1807
205 1840
205 1869
205 1964
206 229
206 276
206 420
206 505
206 550
206 731
206 1142
206 1157
206 1236
206 1359
206 1425
206 1500
206 1562
206 1587
206 1600
206 1641
206 1696
206 1698
206 1760
206 1897
206 1906
207 227
207 313
207 369
207 442
207 550
207 625
207 632
207 671
207 683
207 749
207 817
207 939
207 947
207 1103
207 1236
207 1257
207 1555
207 1623
207 1688
207 1722
207 1772
208 264
208 310
208 386
208 402
208 821
208 1019
208 1103
208 1197
208 1293
208 1307
208 1332
208 1356
208 1470
208 1670
208 1758
208 1813
208 1855
209 212
209 358
209 467
209 539
209 597
209 663
209 686
209 731
209 777
209 809
209 969
209 1046
209 1118
209 1143
209 1201
209 1218
209 1221
209 1412
209 1428
209 1503
209 1537
209 1538
209 1926
210 260
210 290
210 437
210 438
210 479
210 525
210 924
210 950
210 1054
210 1190
210 1236
210 1246
210 1282
210 1617
210 1730
210 1943
211 452
211 518
211 566
211 726
211 755
211 831
211 865
211 883
211 1018
211 1094
211 1185
211 1224
211 1236
211 1331
211 1398
211 1489
211 1555
211 1617
211 1692
211 1736
211 1753
211 1980
212 242
212 418
212 493
212 648
212 689
212 741
212 811
212 836
212 1129
212 1132
212 1353
212 1481
212 1492
212 1548
212 1590
212 1830
212 1862
212 1995
213 415
213 421
213 736
213 966
213 1057
213 1114
213 1241
213 1300
213 1310
213 1736
213 1835
213 1900
213 1919
213 1944
213 1964
214 249
214 269
214 311
214 571
214 575
214 851
214 874
214 891
214 955
214 1042
214 1052
214 1103
214 1155
214 1165
214 1265
214 1311
214 1661
214 1828
214 1869
214 1977
215 254
215 257
215 360
215 470
215 495
215 531
215 578
215 742
215 833
215 845
215 1060
215 1126
215 1166
215 1175
215 1296
215 1456
215 1465
215 1649
215 1687
215 1718
215 1741
215 1847
215 1878
215 1901
216 448
216 476
216 488
216 687
216 759
216 760
216 809
216 883
216 978
216 994
216 1158
216 1196
216 1275
216 1501
216 1542
216 1557
216 1558
216 1732
216 1839
216 1863
216 1910
216 1939
216 1955
217 291
217 344
217 410
217 447
217 472
217 517
217 593
217 598
217 648
217 856
217 923
217 1020
217 1037
217 1232
217 1434
217 1534
217 1616
217 1757
217 1907
218 261
218 306
218 322
218 505
218 548
218 624
218 780
218 862
218 879
218 893
218 897
218 1311
218 1424
218 1679
218 1742
218 1755
218 1835
218 1870
219 231
219 552
219 634
219 668
219 717
219 731
219 822
219 864
219 1024
219 1152
219 1176
219 1203
219 1481
219 1482
219 1495
219 1590
219 1601
219 1878
219 1951
219 1956
220 293
220 535
220 568
220 675
220 920
220 1015
220 1130
220 1242
220 1329
220 1335
220 1497
220 1533
220 1542
220 1562
220 1596
220 1659
220 1662
220 1888
220 1941
221 429
221 451
221 494
221 567
221 654
221 691
221 768
221 954
221 1087
221 1479
221 1639
221 1675
221 1685
221 1733
221 1930
221 1993
222 226
222 365
222 370
222 513
222 892
222 971
222 1054
222 1259
222 1421
222 1502
222 1579
222 1693
222 1698
222 1983
223 386
223 531
223 604
223 692
223 717
223 798
223 880
223 999
223 1170
223 1280
223 1362
223 1375
223 1446
223 1549
223 1583
223 1656
223 1721
223 1778
223 1784
223 1789
223 1834
223 1866
224 607
224 705
224 708
224 746
224 887
224 903
224 967
224 1086
224 1129
224 1193
224 1270
224 1305
224 1312
224 1356
224 1420
224 1459
224 1476
224 1538
224 1663
224 1669
224 1740
224 1785
224 1824
224 1875
224 1880
224 1992
225 273
225 301
225 549
225 666
225 698
225 832
225 839
225 944
225 1002
225 1031
225 1210
225 1278
225 1372
225 1542
225 1721
225 1802
225 1829
226 309
226 332
226 510
226 516
226 547
226 559
226 785
226 865
226 901
226 1036
226 1221
226 1306
226 1399
226 1637
226 1662
226 1756
226 1779
226 1941
226 1998
227 318
227 430
227 437
227 472
227 737
227 833
227 834
227 1008
227 1025
227 1237
227 1261
227 1447
227 1479
227 1508
227 1550
227 1592
227 1677
227 1709
227 1864
227 1934
228 367
228 651
228 751
228 759
228 947
228 949
228 957
228 1078
228 1096
228 1205
228 1235
228 1241
228 1386
228 1532
228 1586
228 1596
228 1622
228 1759
228 1795
228 1872
228 1889
229 256
229 257
229 332
229 673
229 701
229 735
229 753
229 757
229 835
229 864
229 914
229 1053
229 1124
229 1138
229 1168
229 1240
229 1509
229 1577
229 1578
229 1852
229 1876
230 269
230 316
230 409
230 479
230 526
230 536
230 721
230 876
230 882
230 910
230 930
230 981
230 1204
230 1232
230 1292
230 1426
230 1480
230 1650
230 1664
230 1719
230 1762
231 322
231 443
231 603
231 1056
231 1084
231 1181
231 1236
231 1300
231 1415
231 1467
231 1580
231 1666
231 1721
231 1768
231 1772
231 1859
231 1919
232 267
232 276
232 438
232 521
232 570
232 664
232 723
232 777
232 915
232 1352
232 1369
232 1375
232 1391
232 1435
232 1509
232 1518
232 1559
232 1634
232 1786
232 1921
233 397
233 465
233 597
233 628
233 702
233 719
233 753
233 983
233 1015
233 1113
233 1136
233 1296
233 1456
233 1537
233 1598
233 1935
233 1990
234 262
234 290
234 303
234 509
234 534
234 570
234 599
234 644
234 1139
234 1374
234 1501
234 1506
234 1512
234 1668
234 1755
234 1767
234 1883
234 1956
235 240
235 253
235 256
235 337
235 398
235 495
235 561
235 588
235 698
235 700
235 794
235 828
235 994
235 1014
235 1021
235 1131
235 1354
235 1670
235 1675
235 1838
235 1888
235 1923
235 1930
235 1944
236 284
236 386
236 483
236 499
236 537
236 792
236 831
236 897
236 965
236 1410
236 1517
236 1598
236 1611
236 1629
236 1679
236 1815
236 1944
237 284
237 486
237 693
237 698
237 770
237 797
237 858
237 1061
237 1135
237 1300
237 1377
237 1400
237 1592
237 1595
237 1604
237 1699
237 1807
237 1835
237 1864
237 1872
237 1950
237 1960
237 1987
237 1997
238 242
238 250
238 367
238 371
238 427
238 463
238 528
238 652
238 691
238 726
238 835
238 847
238 907
238 1025
238 1054
238 1081
238 1140
238 1141
238 1258
238 1356
238 1387
238 1482
238 1624
238 1719
238 1746
238 1801
239 265
239 464
239 501
239 644
239 663
239 722
239 802
239 849
239 852
239 955
239 999
239 1160
239 1180
239 1272
239 1351
239 1521
239 1590
239 1600
239 1711
239 1757
239 1810
239 1827
239 1887
239 1995
240 268
240 332
240 345
240 387
240 418
240 484
240 540
240 649
240 1067
240 1084
240 1122
240 1347
240 1374
240 1387
240 1393
240 1486
240 1709
240 1789
240 1801
240 1841
240 1992
241 265
241 278
241 315
241 425
241 522
241 712
241 835
241 951
241 964
241 1172
241 1232
241 1244
241 1266
241 1321
241 1413
241 1461
241 1491
241 1539
241 1552
241 1787
241 1901
242 584
242 672
242 724
242 776
242 798
242 877
242 1072
242 1076
242 1129
242 1254
242 1268
242 1294
242 1318
242 1403
242 1452
242 1507
242 1525
242 1567
242 1619
242 1734
242 1814
242 1910
243 505
243 537
243 545
243 563
243 575
243 714
243 743
243 950
243 998
243 1024
243 1053
243 1193
243 1303
243 1518
243 1564
243 1624
243 1701
243 1727
243 1741
243 1915
243 1926
244 298
244 375
244 418
244 504
244 772
244 816
244 848
244 868
244 983
244 991
244 1016
244 1059
244 1185
244 1192
244 1238
244 1568
244 1695
244 1904
244 1962
245 522
245 567
245 592
245 702
245 847
245 880
245 1140
245 1182
245 1194
245 1279
245 1325
245 1397
245 1466
245 1516
245 1549
245 1586
245 1709
245 1760
245 1813
245 1891
245 1896
246 472
246 577
246 602
246 697
246 816
246 992
246 1067
246 1170
246 1266
246 1416
246 1419
246 1605
246 1706
246 1752
246 1845
246 1872
246 1926
247 440
247 456
247 532
247 603
247 644
247 714
247 785
247 790
247 1116
247 1205
247 1438
247 1470
247 1536
247 1703
247 1761
247 1783
247 1821
247 1839
247 1874
247 1930
247 1948
248 285
248 326
248 374
248 416
248 425
248 530
248 539
248 715
248 910
248 1020
248 1284
248 1322
248 1345
248 1389
248 1419
248 1442
248 1481
248 1500
248 1708
248 1752
249 391
249 518
249 628
249 898
249 1044
249 1262
249 1284
249 1313
249 1369
249 1384
249 1399
249 1410
249 1411
249 1584
249 1942
250 367
250 543
250 640
250 684
250 787
250 863
250 1020
250 1173
250 1185
250 1288
250 1552
250 1560
250 1601
250 1631
250 1870
250 1881
250 1954
251 259
251 590
251 611
251 639
251 642
251 663
251 861
251 871
251 883
251 893
251 978
251 981
251 987
251 1091
251 1292
251 1296
251 1301
251 1419
251 1481
251 1701
251 1922
252 346
252 358
252 399
252 506
252 527
252 768
252 877
252 995
252 1047
252 1140
252 1402
252 1531
252 1541
252 1575
252 1592
252 1605
252 1627
252 1645
252 1882
252 1923
253 319
253 372
253 456
253 463
253 714
253 766
253 770
253 792
253 799
253 885
253 1018
253 1036
253 1094
253 1106
253 1265
253 1406
253 1484
253 1797
253 1903
253 1935
254 350
254 399
254 592
254 661
254 708
254 840
254 847
254 917
254 1037
254 1417
254 1435
254 1649
254 1738
254 1752
254 1802
254 1903
254 1931
255 288
255 362
255 539
255 554
255 604
255 646
255 790
255 868
255 943
255 1021
255 1182
255 1222
255 1327
255 1336
255 1340
255 1668
255 1737
255 1738
255 1796
255 1869
255 1990
256 305
256 345
256 453
256 696
256 698
256 746
256 876
256 885
256 900
256 932
256 959
256 1166
256 1167
256 1230
256 1322
256 1595
256 1669
256 1675
256 1773
257 335
257 361
257 389
257 506
257 585
257 629
257 673
257 755
257 808
257 893
257 982
257 1080
257 1128
257 1206
257 1248
257 1413
257 1547
257 1594
257 1617
257 1636
257 1643
257 1723
257 1778
257 1783
257 1826
257 1895
257 1906
257 1919
258 353
258 367
258 393
258 461
258 539
258 634
258 717
258 742
258 762
258 796
258 929
258 1040
258 1204
258 1236
258 1251
258 1277
258 1343
258 1443
258 1609
258 1614
258 1667
258 1696
258 1703
258 1742
258 1778
258 1832
258 1877
258 1899
258 1945
258 1966
259 342
259 444
259 460
259 485
259 500
259 510
259 605
259 835
259 873
259 1258
259 1417
259 1434
259 1449
259 1557
259 1576
259 1581
259 1599
259 1719
259 1753
260 307
260 467
260 574
260 593
260 906
260 1009
260 1027
260 1054
260 1251
260 1296
260 1309
260 1344
260 1383
260 1431
260 1632
260 1636
260 1688
260 1754
260 1823
260 1900
260 1936
261 315
261 342
261 454
261 635
261 700
261 782
261 800
261 825
261 919
261 1317
261 1421
261 1428
261 1458
261 1476
261 1514
261 1534
261 1819
261 1849
262 434
262 492
262 555
262 709
262 765
262 915
262 1055
262 1067
262 1089
262 1227
262 1297
262 1320
262 1472
262 1503
262 1551
262 1798
262 1824
263 304
263 396
263 496
263 575
263 852
263 884
263 1051
263 1088
263 1131
263 1155
263 1188
263 1307
263 1374
263 1386
263 1474
263 1497
263 1715
263 1726
263 1784
263 1870
263 1988
263 1999
264 298
264 445
264 525
264 574
264 618
264 630
264 744
264 761
264 813
264 965
264 1029
264 1398
264 1546
264 1560
264 1710
264 1852
265 511
265 582
265 776
265 839
265 1127
265 1157
265 1206
265 1276
265 1318
265 1530
265 1531
265 1575
265 1625
265 1716
265 1742
265 1757
265 1851
265 1866
266 402
266 507
266 597
266 699
266 784
266 829
266 894
266 979
266 1059
266 1192
266 1258
266 1502
266 1569
266 1708
266 1741
266 1760
267 359
267 451
267 529
267 592
267 740
267 976
267 1534
267 1547
267 1654
267 1687
267 1903
267 1924
267 1952
267 1973
267 1978
268 332
268 343
268 362
268 502
268 559
268 570
268 603
268 759
268 827
268 1054
268 1063
268 1083
268 1099
268 1225
268 1230
268 1274
268 1319
268 1655
268 1660
268 1726
268 1878
268 1900
268 1966
268 1986
268 1995
269 354
269 570
269 731
269 817
269 921
269 1024
269 1380
269 1448
269 1466
269 1660
269 1686
269 1897
269 1911
269 1927
269 1951
270 431
270 436
270 454
270 518
270 528
270 546
270 722
270 723
270 766
270 894
270 994
270 1150
270 1267
270 1308
270 1346
270 1412
270 1735
270 1736
270 1880
270 1964
270 1988
271 348
271 422
271 527
271 622
271 664
271 830
271 1053
271 1062
271 1188
271 1270
271 1378
271 1508
271 1704
271 1711
271 1817
271 1847
271 1890
271 1973
272 314
272 347
272 520
272 608
272 634
272 700
272 704
272 780
272 799
272 862
272 886
272 894
272 941
272 1182
272 1521
272 1524
272 1566
272 1653
272 1718
272 1817
272 1910
272 1946
272 1949
272 1992
273 356
273 458
273 532
273 571
273 620
273 781
273 839
273 894
273 1067
273 1147
273 1157
273 1259
273 1450
273 1501
273 1594
273 1632
273 1675
273 1721
273 1731
273 1851
273 1883
274 352
274 389
274 499
274 681
274 743
274 764
274 814
274 861
274 870
274 890
274 954
274 957
274 962
274 970
274 1035
274 1040
274 1153
274 1240
274 1299
274 1379
274 1537
274 1549
274 1561
274 1593
274 1822
274 1940
275 363
275 373
275 410
275 472
275 528
275 549
275 597
275 637
275 711
275 932
275 1051
275 1138
275 1305
275 1330
275 1467
275 1478
275 1483
275 1564
275 1647
275 1662
275 1792
275 1796
275 1819
275 1941
276 411
276 487
276 682
276 738
276 740
276 853
276 893
276 926
276 943
276 1011
276 1019
276 1093
276 1177
276 1179
276 1196
276 1240
276 1245
276 1392
276 1909
276 1931
276 1970
277 343
277 421
277 491
277 510
277 540
277 574
277 613
277 626
277 740
277 992
277 1310
277 1364
277 1370
277 1397
277 1450
277 1490
277 1507
277 1529
277 1693
277 1830
277 1869
277 1914
277 1997
278 331
278 351
278 375
278 502
278 514
278 568
278 579
278 610
278 618
278 674
278 934
278 974
278 977
278 1037
278 1114
278 1156
278 1345
278 1453
278 1701
278 1906
278 1914
279 400
279 586
279 614
279 632
279 669
279 682
279 701
279 795
279 917
279 973
279 1057
279 1114
279 1509
279 1525
279 1546
279 1633
279 1668
279 1702
279 1726
279 1760
279 1993
280 369
280 458
280 518
280 523
280 546
280 558
280 675
280 718
280 728
280 793
280 798
280 977
280 978
280 1062
280 1163
280 1229
280 1480
280 1492
280 1527
280 1613
280 1880
280 1901
280 1957
281 330
281 549
281 590
281 648
281 660
281 740
281 807
281 925
281 952
281 977
281 1053
281 1094
281 1111
281 1131
281 1414
281 1421
281 1516
281 1565
281 1741
281 1858
281 1866
281 1909
281 1961
281 1994
282 285
282 326
282 390
282 453
282 488
282 533
282 625
282 757
282 777
282 1033
282 1058
282 1081
282 1176
282 1181
282 1253
282 1328
282 1358
282 1587
282 1643
282 1645
282 1669
282 1678
282 1923
282 1963
283 415
283 476
283 534
283 564
283 565
283 759
283 795
283 1086
283 1102
283 1103
283 1287
283 1404
283 1823
283 1872
283 1874
284 297
284 593
284 651
284 694
284 853
284 902
284 1050
284 1170
284 1254
284 1396
284 1400
284 1473
284 1532
284 1589
284 1621
284 1666
284 1677
284 1779
284 1812
284 1907
285 316
285 539
285 733
285 788
285 793
285 918
285 948
285 1047
285 1054
285 1144
285 1173
285 1208
285 1344
285 1390
285 1412
285 1480
285 1620
285 1739
285 1745
285 1818
285 1851
285 1935
285 1952
285 1986
286 309
286 313
286 403
286 456
286 505
286 559
286 590
286 702
286 869
286 906
286 984
286 1063
286 1088
286 1332
286 1469
286 1610
286 1663
286 1698
286 1772
286 1953
287 430
287 521
287 533
287 550
287 571
287 640
287 731
287 807
287 858
287 890
287 1028
287 1066
287 1161
287 1195
287 1336
287 1516
287 1650
287 1667
287 1671
287 1725
287 1830
287 1867
287 1905
287 1967
288 360
288 446
288 496
288 544
288 689
288 1010
288 1047
288 1197
288 1233
288 1648
288 1824
288 1924
288 1950
288 1951
289 357
289 413
289 422
289 433
289 477
289 491
289 538
289 571
289 603
289 679
289 745
289 830
289 881
289 904
289 934
289 1074
289 1251
289 1304
289 1359
289 1481
289 1543
289 1635
289 1896
289 1912
290 403
290 830
290 841
290 863
290 930
290 966
290 970
290 1042
290 1147
290 1148
290 1203
290 1329
290 1441
290 1583
290 1652
290 1703
290 1733
290 1882
290 1982
291 323
291 345
291 347
291 445
291 468
291 496
291 538
291 566
291 620
291 688
291 916
291 972
291 978
291 1047
291 1129
291 1166
291 1272
291 1299
291 1354
291 1429
291 1780
292 426
292 618
292 682
292 840
292 926
292 1043
292 1072
292 1102
292 1237
292 1294
292 1413
292 1417
292 1456
292 1561
292 1604
292 1812
292 1817
292 1873
292 1935
293 526
293 538
293 604
293 746
293 873
293 946
293 1076
293 1118
293 1143
293 1421
293 1616
293 1632
293 1745
293 1847
293 1878
293 1915
294 584
294 690
294 743
294 750
294 894
294 917
294 974
294 1074
294 1132
294 1195
294 1203
294 1263
294 1337
294 1406
294 1552
294 1579
294 1623
294 1643
294 1783
294 1796
294 1893
294 1911
294 1963
294 1973
295 355
295 445
295 496
295 507
295 612
295 679
295 831
295 853
295 915
295 1199
295 1342
295 1371
295 1587
295 1657
295 1777
296 301
296 311
296 391
296 544
296 592
296 827
296 946
296 1007
296 1018
296 1077
296 1089
296 1130
296 1160
296 1188
296 1216
296 1305
296 1578
296 1647
296 1715
296 1737
296 1757
296 1773
296 1873
296 1900
296 1963
297 320
297 327
297 383
297 392
297 405
297 530
297 554
297 559
297 740
297 1033
297 1262
297 1422
297 1484
297 1501
297 1736
297 1753
297 1771
297 1799
297 1865
297 1932
297 1972
298 340
298 542
298 741
298 762
298 819
298 829
298 830
298 899
298 969
298 970
298 1049
298 1119
298 1140
298 1159
298 1170
298 1230
298 1253
298 1351
298 1478
298 1531
298 1576
298 1626
298 1742
298 1750
298 1883
298 1886
299 420
299 445
299 576
299 593
299 615
299 619
299 809
299 1011
299 1069
299 1102
299 1204
299 1379
299 1404
299 1484
299 1598
299 1942
299 1976
299 1997
300 353
300 448
300 454
300 748
300 802
300 807
300 873
300 1143
300 1394
300 1432
300 1610
300 1624
300 1649
300 1668
300 1675
300 1761
300 1785
300 1786
300 1805
300 1891
300 1913
300 1924
300 1965
301 509
301 871
301 1190
301 1208
301 1308
301 1351
301 1468
301 1523
301 1541
301 1638
301 1677
301 1702
301 1758
301 1860
301 1887
301 1929
302 378
302 399
302 502
302 580
302 708
302 756
302 863
302 1017
302 1103
302 1115
302 1253
302 1428
302 1504
302 1663
302 1692
302 1719
302 1732
302 1750
302 1785
302 1843
303 310
303 483
303 511
303 531
303 624
303 646
303 751
303 758
303 766
303 819
303 876
303 981
303 1096
303 1110
303 1177
303 1193
303 1204
303 1364
303 1486
303 1589
303 1718
303 1772
303 1858
304 341
304 351
304 453
304 598
304 783
304 836
304 889
304 912
304 942
304 1021
304 1078
304 1105
304 1249
304 1566
304 1721
304 1732
304 1753
304 1879
304 1889
304 1991
305 413
305 493
305 543
305 604
305 626
305 657
305 688
305 699
305 706
305 780
305 791
305 1231
305 1289
305 1470
305 1487
305 1564
305 1580
305 1607
305 1612
305 1621
305 1830
306 360
306 457
306 573
306 737
306 803
306 849
306 970
306 999
306 1053
306 1123
306 1199
306 1202
306 1255
306 1260
306 1300
306 1646
306 1750
306 1797
306 1812
306 1885
306 1927
307 431
307 455
307 464
307 655
307 928
307 950
307 1002
307 1055
307 1241
307 1255
307 1369
307 1530
307 1648
307 1704
307 1757
307 1800
307 1961
308 381
308 412
308 549
308 595
308 607
308 671
308 723
308 823
308 872
308 962
308 977
308 1012
308 1319
308 1446
308 1588
308 1714
308 1781
308 1797
308 1949
308 1983
309 369
309 425
309 434
309 531
309 547
309 586
309 835
309 863
309 1044
309 1079
309 1175
309 1274
309 1309
309 1465
309 1610
309 1830
310 452
310 697
310 933
310 1020
310 1028
310 1102
310 1116
310 1261
310 1516
310 1596
310 1604
310 1692
310 1697
310 1802
310 1813
310 1864
310 1942
310 1969
311 361
311 398
311 440
311 474
311 627
311 731
311 758
311 879
311 892
311 893
311 937
311 1063
311 1133
311 1259
311 1268
311 1305
311 1375
311 1435
311 1454
311 1484
311 1628
311 1689
312 497
312 568
312 731
312 793
312 810
312 999
312 1136
312 1237
312 1332
312 1395
312 1402
312 1425
312 1433
312 1495
312 1569
312 1571
312 1749
312 1805
312 1826
312 1982
313 362
313 462
313 487
313 614
313 683
313 831
313 979
313 1104
313 1251
313 1343
313 1373
313 1576
313 1635
313 1754
313 1784
313 1869
313 1887
314 385
314 580
314 593
314 785
314 961
314 1005
314 1019
314 1023
314 1135
314 1234
314 1289
314 1358
314 1399
314 1417
314 1687
314 1909
314 1916
314 1936
315 354
315 391
315 610
315 771
315 814
315 952
315 1051
315 1065
315 1102
315 1185
315 1220
315 1284
315 1348
315 1539
315 1586
315 1686
316 320
316 483
316 497
316 749
316 775
316 793
316 861
316 887
316 963
316 994
316 999
316 1153
316 1333
316 1364
316 1497
316 1531
316 1569
316 1855
316 1939
316 1955
317 444
317 455
317 484
317 501
317 635
317 642
317 684
317 712
317 790
317 803
317 988
317 1063
317 1085
317 1379
317 1523
317 1553
317 1597
317 1653
317 1719
317 1788
317 1966
317 1976
318 382
318 528
318 605
318 704
318 729
318 738
318 768
318 906
318 925
318 943
318 1181
318 1333
318 1534
318 1539
318 1543
318 1566
318 1610
318 1824
318 1861
318 1951
318 1978
319 326
319 617
319 665
319 668
319 701
319 714
319 882
319 908
319 964
319 987
319 1091
319 1093
319 1156
319 1239
319 1273
319 1291
319 1293
319 1326
319 1531
319 1662
319 1665
319 1805
319 1818
319 1895
319 1919
319 1947
319 1952
319 1967
320 380
320 428
320 479
320 507
320 543
320 709
320 864
320 865
320 1001
320 1026
320 1052
320 1185
320 1353
320 1613
320 1765
320 1782
320 1807
320 1842
320 1927
320 1950
320 1996
321 378
321 442
321 509
321 516
321 579
321 613
321 622
321 1001
321 1047
321 1109
321 1205
321 1244
321 1411
321 1570
321 1582
321 1758
321 1823
321 1885
321 1967
322 421
322 697
322 758
322 795
322 825
322 1105
322 1162
322 1239
322 1427
322 1515
322 1533
322 1560
322 1578
322 1684
322 1752
322 1787
322 1872
322 1965
322 1987
323 525
323 579
323 664
323 832
323 1013
323 1021
323 1042
323 1099
323 1272
323 1345
323 1394
323 1395
323 1412
323 1502
323 1518
323 1670
323 1835
323 1983
324 541
324 614
324 622
324 661
324 776
324 796
324 798
324 853
324 923
324 931
324 1079
324 1088
324 1186
324 1237
324 1245
324 1331
324 1402
324 1460
324 1522
324 1524
324 1710
325 336
325 433
325 603
325 657
325 658
325 714
325 927
325 1061
325 1100
325 1254
325 1319
325 1321
325 1419
325 1443
325 1606
325 1763
325 1839
325 1840
325 1899
325 1976
326 343
326 374
326 600
326 690
326 822
326 1084
326 1234
326 1240
326 1287
326 1394
326 1421
326 1425
326 1458
326 1495
326 1666
326 1686
326 1702
326 1924
326 1950
327 355
327 402
327 583
327 626
327 649
327 801
327 838
327 907
327 1138
327 1223
327 1249
327 1277
327 1377
327 1384
327 1472
327 1475
327 1481
327 1492
327 1820
328 333
328 357
328 447
328 511
328 562
328 699
328 758
328 850
328 976
328 1083
328 1266
328 1279
328 1303
328 1451
328 1918
329 333
329 338
329 379
329 396
329 662
329 893
329 1003
329 1035
329 1186
329 1213
329 1263
329 1430
329 1462
329 1494
329 1692
329 1711
329 1856
329 1877
330 392
330 454
330 462
330 477
330 715
330 800
330 1048
330 1049
330 1247
330 1289
330 1308
330 1377
330 1401
330 1412
330 1473
330 1478
330 1548
330 1564
330 1659
330 1696
330 1712
330 1777
330 1788
330 1988
330 1996
331 375
331 424
331 475
331 559
331 693
331 816
331 913
331 1075
331 1218
331 1371
331 1383
331 1384
331 1411
331 1511
331 1516
331 1637
331 1735
331 1983
331 1985
332 350
332 358
332 403
332 498
332 522
332 546
332 688
332 723
332 818
332 1034
332 1045
332 1159
332 1375
332 1390
332 1506
332 1612
332 1756
332 1900
332 1921
332 1925
332 1946
333 346
333 396
333 464
333 512
333 533
333 581
333 707
333 710
333 773
333 935
333 1025
333 1085
333 1092
333 1159
333 1184
333 1358
333 1373
333 1436
333 1439
333 1610
333 1696
333 1778
333 1836
333 1895
333 1951
334 465
334 711
334 801
334 959
334 1383
334 1389
334 1455
334 1476
334 1615
334 1670
334 1673
334 1695
334 1718
334 1762
334 1812
334 1885
334 1900
335 370
335 473
335 665
335 696
335 711
335 746
335 826
335 878
335 915
335 957
335 994
335 1286
335 1466
335 1582
335 1638
335 1690
335 1780
335 1958
336 383
336 406
336 456
336 462
336 471
336 543
336 602
336 710
336 758
336 770
336 773
336 825
336 865
336 1001
336 1288
336 1509
336 1513
336 1709
336 1772
336 1850
336 1904
337 472
337 524
337 663
337 849
337 864
337 963
337 1100
337 1320
337 1351
337 1373
337 1401
337 1467
337 1547
337 1599
337 1603
337 1728
337 1823
337 1860
337 1902
337 1933
337 1965
338 352
338 388
338 514
338 516
338 621
338 628
338 688
338 892
338 916
338 997
338 1048
338 1089
338 1245
338 1431
338 1659
338 1749
338 1761
338 1884
339 459
339 528
339 714
339 793
339 847
339 967
339 1142
339 1184
339 1243
339 1264
339 1338
339 1388
339 1619
339 1774
339 1806
339 1875
339 1915
340 529
340 542
340 550
340 571
340 628
340 679
340 867
340 995
340 1013
340 1069
340 1071
340 1133
340 1154
340 1215
340 1321
340 1360
340 1452
340 1722
340 1830
340 1869
340 1877
340 1930
340 1981
341 451
341 453
341 492
341 508
341 554
341 669
341 876
341 893
341 920
341 921
341 975
341 1067
341 1113
341 1151
341 1212
341 1283
341 1398
341 1432
341 1819
341 1858
341 1971
342 464
342 537
342 707
342 773
342 819
342 884
342 914
342 929
342 966
342 974
342 1105
342 1211
342 1373
342 1400
342 1526
342 1535
342 1661
342 1863
342 1890
342 1919
342 1935
343 504
343 532
343 549
343 614
343 624
343 693
343 698
343 713
343 758
343 864
343 976
343 999
343 1036
343 1287
343 1329
343 1361
343 1394
343 1643
343 1733
343 1796
343 1981
344 351
344 413
344 579
344 901
344 970
344 1189
344 1352
344 1453
344 1571
344 1609
344 1637
344 1740
344 1773
344 1792
344 1794
344 1798
344 1804
344 1874
345 354
345 416
345 422
345 550
345 680
345 729
345 748
345 834
345 871
345 950
345 954
345 1064
345 1126
345 1185
345 1244
345 1308
345 1312
345 1335
345 1348
345 1433
345 1475
345 1476
345 1588
345 1717
345 1911
345 1934
346 383
346 427
346 442
346 496
346 637
346 705
346 716
346 718
346 904
346 960
346 987
346 1388
346 1408
346 1515
346 1575
346 1586
346 1639
346 1669
346 1684
346 1700
346 1739
346 1806
346 1922
347 390
347 436
347 882
347 883
347 894
347 964
347 979
347 1092
347 1152
347 1156
347 1206
347 1247
347 1354
347 1430
347 1442
347 1443
347 1500
347 1522
347 1617
347 1619
347 1782
347 1813
348 432
348 572
348 626
348 692
348 708
348 778
348 826
348 989
348 1059
348 1066
348 1074
348 1177
348 1219
348 1304
348 1497
348 1545
348 1676
348 1855
348 1857
348 1889
348 1903
348 1926
348 1953
349 351
349 448
349 631
349 682
349 1019
349 1225
349 1267
349 1276
349 1332
349 1399
349 1418
349 1563
349 1621
349 1692
349 1800
349 1946
349 1976
350 370
350 406
350 424
350 612
350 622
350 641
350 716
350 750
350 894
350 980
350 1062
350 1125
350 1179
350 1250
350 1446
350 1510
350 1643
350 1677
350 1781
350 1971
351 363
351 445
351 490
351 551
351 610
351 665
351 822
351 1038
351 1204
351 1208
351 1226
351 1242
351 1260
351 1373
351 1417
351 1477
351 1591
351 1712
351 1721
351 1741
351 1742
351 1950
352 402
352 416
352 655
352 721
352 730
352 919
352 938
352 1214
352 1264
352 1276
352 1297
352 1327
352 1455
352 1492
352 1617
352 1678
352 1692
352 1751
352 1785
352 1835
352 1908
353 636
353 746
353 861
353 906
353 1035
353 1044
353 1058
353 1084
353 1178
353 1302
353 1343
353 1419
353 1451
353 1465
353 1495
353 1529
353 1577
353 1848
353 1878
353 1917
353 1957
353 1999
354 576
354 775
354 856
354 866
354 891
354 925
354 1079
354 1108
354 1194
354 1233
354 1298
354 1314
354 1315
354 1408
354 1494
354 1623
354 1665
354 1728
354 1779
354 1852
354 1962
355 368
355 456
355 495
355 708
355 803
355 933
355 942
355 1271
355 1313
355 1324
355 1399
355 1468
355 1533
355 1628
355 1764
355 1880
355 1926
355 1944
355 1975
356 483
356 713
356 765
356 998
356 1116
356 1221
356 1273
356 1537
356 1552
356 1677
356 1705
356 1781
356 1855
356 1882
356 1931
356 1994
357 363
357 382
357 495
357 716
357 754
357 759
357 898
357 1054
357 1247
357 1328
357 1411
357 1413
357 1445
357 1545
357 1825
358 405
358 451
358 459
358 483
358 484
358 545
358 722
358 1149
358 1221
358 1250
358 1262
358 1406
358 1619
358 1826
358 1998
359 543
359 852
359 867
359 870
359 1003
359 1009
359 1059
359 1164
359 1180
359 1299
359 1335
359 1645
359 1677
359 1797
359 1835
359 1838
359 1846
359 1909
359 1986
360 439
360 475
360 554
360 606
360 660
360 869
360 996
360 1216
360 1373
360 1399
360 1427
360 1540
360 1714
360 1729
360 1825
360 1899
360 1967
361 400
361 407
361 409
361 454
361 655
361 661
361 676
361 785
361 792
361 830
361 832
361 865
361 890
361 897
361 1029
361 1074
361 1133
361 1221
361 1348
361 1385
361 1478
361 1482
361 1596
361 1678
361 1760
361 1878
362 517
362 570
362 577
362 660
362 790
362 821
362 930
362 1058
362 1121
362 1459
362 1555
362 1670
362 1794
362 1879
362 1986
362 1987
363 378
363 545
363 556
363 588
363 661
363 722
363 796
363 826
363 850
363 853
363 933
363 1031
363 1061
363 1325
363 1409
363 1464
363 1504
363 1609
363 1626
363 1791
363 1971
364 408
364 447
364 658
364 819
364 845
364 878
364 904
364 919
364 926
364 993
364 1022
364 1167
364 1241
364 1250
364 1458
364 1618
364 1642
364 1705
364 1762
364 1792
364 1834
364 1909
365 405
365 409
365 587
365 722
365 808
365 835
365 1090
365 1478
365 1508
365 1589
365 1643
365 1903
365 1941
365 1998
366 397
366 405
366 406
366 427
366 455
366 513
366 755
366 761
366 827
366 875
366 997
366 1078
366 1194
366 1459
366 1633
366 1686
366 1711
366 1787
366 1884
366 1885
366 1909
367 574
367 861
367 951
367 1026
367 1041
367 1069
367 1162
367 1222
367 1275
367 1491
367 1508
367 1610
367 1617
367 1645
367 1782
368 501
368 518
368 573
368 604
368 608
368 620
368 655
368 683
368 701
368 769
368 1021
368 1080
368 1110
368 1148
368 1214
368 1235
368 1323
368 1660
368 1668
368 1812
368 1983
369 416
369 424
369 844
369 885
369 1019
369 1190
369 1310
369 1354
369 1477
369 1517
369 1604
369 1773
369 1853
370 428
370 433
370 510
370 562
370 630
370 798
370 810
370 850
370 937
370 941
370 963
370 979
370 1055
370 1082
370 1090
370 1257
370 1393
370 1508
370 1736
370 1964
370 1983
371 389
371 394
371 415
371 665
371 739
371 772
371 859
371 879
371 903
371 1126
371 1355
371 1356
371 1409
371 1418
371 1583
371 1660
371 1689
371 1710
371 1816
371 1979
372 376
372 404
372 447
372 564
372 768
372 918
372 968
372 1007
372 1052
372 1056
372 1193
372 1434
372 1491
372 1585
372 1595
372 1728
372 1953
372 1996
373 505
373 517
373 524
373 536
373 544
373 832
373 858
373 1072
373 1126
373 1276
373 1284
373 1318
373 1329
373 1403
373 1434
373 1626
373 1658
373 1741
373 1762
373 1764
373 1766
373 1869
373 1915
373 1979
374 393
374 397
374 426
374 533
374 566
374 651
374 657
374 674
374 717
374 899
374 956
374 992
374 1092
374 1296
374 1371
374 1546
374 1591
374 1640
374 1650
374 1839
375 388
375 478
375 507
375 570
375 1057
375 1129
375 1184
375 1191
375 1319
375 1335
375 1612
375 1675
375 1824
375 1884
375 1888
375 1945
375 1956
376 397
376 508
376 588
376 673
376 692
376 711
376 732
376 842
376 929
376 944
376 1002
376 1283
376 1331
376 1452
376 1537
376 1554
376 1578
376 1603
376 1632
376 1697
376 1710
376 1882
376 1930
377 395
377 415
377 489
377 565
377 743
377 802
377 1095
377 1172
377 1180
377 1182
377 1214
377 1216
377 1336
377 1365
377 1371
377 1487
377 1536
377 1815
377 1845
377 1919
378 552
378 746
378 1108
378 1175
378 1188
378 1449
378 1550
378 1578
378 1628
378 1676
378 1708
378 1726
378 1775
378 1787
378 1809
378 1848
378 1942
378 1944
379 428
379 494
379 530
379 557
379 689
379 712
379 903
379 1088
379 1162
379 1274
379 1411
379 1443
379 1544
379 1610
379 1622
379 1652
379 1697
379 1731
379 1803
379 1898
379 1957
380 408
380 499
380 604
380 659
380 931
380 1110
380 1121
380 1185
380 1279
380 1304
380 1402
380 1460
380 1606
380 1729
380 1808
380 1886
380 1905
380 1965
381 515
381 816
381 933
381 980
381 1037
381 1134
381 1237
381 1240
381 1376
381 1446
381 1529
381 1731
381 1819
381 1930
381 1972
382 390
382 469
382 533
382 813
382 1022
382 1063
382 1167
382 1294
382 1306
382 1317
382 1396
382 1455
382 1513
382 1544
382 1677
382 1808
382 1864
382 1912
382 1921
383 398
383 437
383 530
383 550
383 836
383 847
383 902
383 905
383 959
383 983
383 1007
383 1278
383 1421
383 1447
383 1455
383 1457
383 1544
383 1698
383 1818
384 521
384 593
384 623
384 635
384 701
384 737
384 885
384 1028
384 1029
384 1167
384 1212
384 1397
384 1418
384 1460
384 1511
384 1590
384 1664
385 492
385 590
385 664
385 693
385 694
385 718
385 749
385 927
385 985
385 1236
385 1249
385 1274
385 1330
385 1461
385 1468
385 1514
385 1614
385 1880
385 1917
385 1995
385 1997
386 406
386 442
386 562
386 624
386 742
386 774
386 815
386 827
386 963
386 975
386 1039
386 1147
386 1395
386 1527
386 1780
386 1816
386 1954
387 470
387 492
387 524
387 612
387 647
387 786
387 809
387 961
387 1028
387 1103
387 1177
387 1285
387 1493
387 1532
387 1679
387 1704
387 1767
387 1890
387 1972
388 458
388 606
388 639
388 696
388 714
388 774
388 966
388 1013
388 1021
388 1164
388 1220
388 1221
388 1240
388 1245
388 1368
388 1643
388 1647
388 1740
388 1780
388 1851
388 1918
389 410
389 645
389 651
389 708
389 779
389 794
389 932
389 1158
389 1174
389 1256
389 1321
389 1465
389 1659
389 1747
389 1856
389 1919
390 507
390 576
390 692
390 854
390 855
390 971
390 1046
390 1089
390 1176
390 1229
390 1253
390 1591
390 1659
390 1691
390 1762
390 1836
390 1849
390 1871
390 1952
391 464
391 527
391 539
391 723
391 770
391 790
391 808
391 1006
391 1062
391 1090
391 1149
391 1193
391 1196
391 1285
391 1339
391 1539
391 1558
391 1834
391 1879
391 1901
391 1947
392 410
392 477
392 518
392 526
392 558
392 571
392 597
392 743
392 836
392 971
392 1061
392 1183
392 1275
392 1354
392 1404
392 1480
392 1503
392 1613
392 1638
392 1715
392 1716
392 1759
392 1792
392 1925
392 1966
393 518
393 598
393 666
393 753
393 796
393 838
393 873
393 1063
393 1111
393 1173
393 1402
393 1434
393 1441
393 1470
393 1499
393 1503
393 1546
393 1561
393 1590
393 1693
393 1739
393 1756
393 1977
394 396
394 438
394 443
394 446
394 737
394 781
394 796
394 816
394 824
394 825
394 829
394 885
394 904
394 921
394 1023
394 1108
394 1226
394 1362
394 1600
394 1641
394 1662
394 1705
394 1713
394 1808
394 1882
394 1985
395 430
395 445
395 595
395 751
395 853
395 920
395 987
395 1026
395 1091
395 1095
395 1120
395 1193
395 1217
395 1261
395 1285
395 1545
395 1569
395 1716
395 1838
395 1926
396 398
396 405
396 410
396 432
396 679
396 759
396 773
396 779
396 790
396 819
396 902
396 940
396 1145
396 1172
396 1230
396 1328
396 1421
396 1422
396 1489
396 1851
396 1901
396 1965
397 400
397 416
397 463
397 597
397 676
397 689
397 762
397 789
397 882
397 1073
397 1113
397 1173
397 1392
397 1469
397 1489
397 1586
397 1630
397 1672
397 1686
397 1714
397 1719
398 496
398 736
398 1012
398 1151
398 1276
398 1280
398 1303
398 1386
398 1411
398 1550
398 1620
398 1810
399 584
399 700
399 730
399 776
399 836
399 947
399 958
399 964
399 1018
399 1063
399 1083
399 1109
399 1117
399 1205
399 1286
399 1327
399 1363
399 1454
399 1465
399 1575
399 1635
399 1843
400 473
400 693
400 973
400 986
400 1018
400 1032
400 1249
400 1286
400 1310
400 1384
400 1478
400 1524
400 1619
400 1637
400 1692
400 1697
400 1699
400 1720
400 1862
400 1913
400 1930
400 1961
401 456
401 479
401 487
401 765
401 827
401 948
401 955
401 1089
401 1302
401 1405
401 1453
401 1469
401 1480
401 1497
401 1532
401 1630
401 1666
401 1741
401 1843
402 443
402 474
402 765
402 803
402 864
402 876
402 924
402 1005
402 1026
402 1179
402 1199
402 1206
402 1260
402 1416
402 1427
402 1441
402 1707
402 1722
402 1831
403 447
403 544
403 558
403 588
403 658
403 669
403 869
403 961
403 979
403 1021
403 1034
403 1214
403 1393
403 1464
403 1468
403 1481
403 1803
403 1829
403 1904
404 405
404 562
404 629
404 656
404 866
404 931
404 1165
404 1227
404 1345
404 1406
404 1437
404 1520
404 1533
404 1573
404 1630
404 1679
404 1685
404 1690
404 1862
405 437
405 467
405 489
405 556
405 638
405 864
405 940
405 1439
405 1557
405 1602
405 1655
405 1678
405 1732
406 431
406 519
406 579
406 657
406 690
406 713
406 756
406 797
406 805
406 827
406 833
406 858
406 938
406 1006
406 1026
406 1126
406 1166
406 1239
406 1390
406 1521
406 1816
406 1842
407 584
407 627
407 727
407 741
407 878
407 1010
407 1248
407 1362
407 1507
407 1570
407 1594
407 1613
407 1774
407 1813
407 1864
407 1866
407 1898
407 1899
408 501
408 521
408 535
408 539
408 631
408 784
408 810
408 845
408 883
408 1016
408 1032
408 1082
408 1161
408 1330
408 1582
408 1638
409 496
409 501
409 524
409 683
409 910
409 966
409 999
409 1051
409 1068
409 1080
409 1147
409 1383
409 1428
409 1469
409 1508
409 1517
409 1555
409 1687
409 1768
409 1904
409 1952
409 1978
410 604
410 716
410 727
410 793
410 877
410 893
410 921
410 970
410 995
410 1101
410 1262
410 1278
410 1315
410 1443
410 1528
410 1609
410 1614
410 1724
410 1994
411 421
411 468
411 552
411 612
411 643
411 692
411 780
411 891
411 945
411 1000
411 1033
411 1086
411 1089
411 1247
411 1284
411 1352
411 1395
411 1436
411 1479
411 1514
411 1654
411 1788
411 1824
411 1856
412 432
412 446
412 451
412 472
412 580
412 959
412 1128
412 1182
412 1210
412 1323
412 1370
412 1542
412 1641
412 1696
412 1748
412 1967
413 598
413 601
413 631
413 640
413 877
413 886
413 1036
413 1089
413 1214
413 1274
413 1614
413 1698
413 1704
413 1718
413 1753
413 1798
413 1843
413 1989
414 435
414 459
414 465
414 477
414 708
414 1029
414 1106
414 1197
414 1321
414 1334
414 1345
414 1519
414 1520
414 1551
414 1601
414 1607
414 1610
414 1648
414 1676
414 1743
414 1769
414 1800
414 1958
415 463
415 470
415 636
415 719
415 764
415 789
415 859
415 897
415 1047
415 1174
415 1264
415 1288
415 1336
415 1365
415 1547
415 1590
415 1806
415 1885
415 1898
415 1935
415 1936
416 547
416 593
416 623
416 691
416 707
416 946
416 1100
416 1192
416 1201
416 1204
416 1231
416 1294
416 1303
416 1518
416 1591
416 1770
416 1809
416 1852
416 1871
417 499
417 528
417 571
417 795
417 846
417 874
417 889
417 925
417 1035
417 1085
417 1158
417 1387
417 1394
417 1429
417 1460
417 1470
417 1488
417 1546
417 1593
417 1727
417 1728
417 1774
417 1805
417 1968
418 470
418 567
418 782
418 795
418 874
418 933
418 966
418 1131
418 1274
418 1308
418 1366
418 1464
418 1760
418 1810
418 1887
419 483
419 582
419 759
419 761
419 771
419 774
419 898
419 911
419 949
419 1050
419 1230
419 1306
419 1431
419 1488
419 1588
419 1590
419 1601
419 1715
419 1869
419 1877
419 1882
419 1888
419 1977
420 432
420 517
420 534
420 637
420 663
420 703
420 794
420 918
420 1032
420 1173
420 1177
420 1289
420 1346
420 1379
420 1467
420 1543
420 1560
420 1679
420 1746
420 1789
420 1885
420 1892
420 1997
421 501
421 678
421 706
421 752
421 827
421 946
421 974
421 993
421 1026
421 1142
421 1243
421 1350
421 1445
421 1598
421 1919
421 1943
422 434
422 508
422 568
422 1031
422 1222
422 1312
422 1347
422 1375
422 1376
422 1448
422 1450
422 1472
422 1532
422 1560
422 1577
422 1706
422 1878
422 1905
422 1957
422 1961
423 443
423 502
423 600
423 612
423 626
423 671
423 698
423 789
423 851
423 1092
423 1312
423 1367
423 1388
423 1514
423 1541
423 1543
423 1545
423 1548
423 1659
423 1701
423 1778
423 1796
423 1968
424 440
424 498
424 557
424 558
424 592
424 792
424 906
424 925
424 971
424 982
424 995
424 1019
424 1061
424 1066
424 1156
424 1158
424 1448
424 1789
424 1909
425 446
425 492
425 596
425 597
425 701
425 834
425 928
425 945
425 1014
425 1133
425 1340
425 1381
425 1431
425 1432
425 1593
425 1777
425 1809
425 1853
425 1942
425 1982
426 573
426 770
426 1011
426 1015
426 1046
426 1096
426 1156
426 1227
426 1317
426 1332
426 1419
426 1580
426 1615
426 1823
426 1852
427 432
427 529
427 576
427 629
427 702
427 781
427 812
427 813
427 844
427 929
427 953
427 982
427 1201
427 1378
427 1679
427 1747
427 1795
427 1920
428 801
428 846
428 967
428 1160
428 1208
428 1231
428 1256
428 1274
428 1545
428 1593
428 1607
428 1876
428 1969
429 438
429 466
429 474
429 606
429 779
429 795
429 852
429 880
429 888
429 1108
429 1166
429 1186
429 1289
429 1369
429 1389
429 1394
429 1432
429 1529
429 1576
429 1615
429 1629
429 1836
429 1930
429 1932
430 464
430 558
430 581
430 601
430 752
430 813
430 829
430 905
430 1133
430 1202
430 1301
430 1350
430 1405
430 1476
430 1566
430 1605
430 1814
430 1902
430 1968
430 1998
431 521
431 597
431 627
431 640
431 719
431 774
431 1043
431 1075
431 1415
431 1452
431 1498
431 1565
431 1618
431 1804
431 1812
431 1828
431 1833
431 1835
431 1914
431 1950
432 449
432 638
432 650
432 658
432 670
432 908
432 1026
432 1209
432 1229
432 1325
432 1427
432 1551
432 1612
432 1862
433 522
433 601
433 660
433 731
433 838
433 883
433 927
433 1085
433 1094
433 1112
433 1115
433 1266
433 1300
433 1408
433 1537
433 1541
433 1657
433 1713
433 1738
433 1857
434 492
434 585
434 616
434 639
434 685
434 933
434 997
434 1029
434 1192
434 1220
434 1301
434 1327
434 1418
434 1500
434 1550
434 1580
434 1654
434 1663
434 1698
434 1832
434 1888
434 1952
435 443
435 505
435 533
435 647
435 680
435 709
435 734
435 747
435 796
435 811
435 862
435 1090
435 1195
435 1241
435 1350
435 1385
435 1393
435 1571
435 1599
435 1695
435 1702
435 1769
435 1919
436 603
436 675
436 743
436 805
436 882
436 931
436 979
436 983
436 1095
436 1250
436 1340
436 1358
436 1372
436 1454
436 1496
436 1567
436 1622
436 1785
436 1819
436 1832
436 1847
436 1883
437 536
437 599
437 846
437 850
437 880
437 916
437 958
437 976
437 985
437 1018
437 1427
437 1437
437 1690
437 1727
437 1818
437 1834
437 1849
437 1881
437 1917
438 895
438 988
438 1000
438 1012
438 1074
438 1142
438 1417
438 1536
438 1657
438 1670
438 1681
438 1685
438 1740
439 597
439 599
439 656
439 660
439 722
439 780
439 812
439 914
439 1072
439 1146
439 1320
439 1410
439 1484
439 1511
439 1520
439 1688
440 529
440 640
440 667
440 736
440 821
440 1003
440 1068
440 1141
440 1175
440 1488
440 1520
440 1521
440 1615
440 1624
440 1652
440 1699
440 1865
441 528
441 621
441 873
441 1233
441 1244
441 1290
441 1461
441 1517
441 1617
441 1676
441 1683
441 1808
441 1840
441 1854
441 1955
441 1977
442 504
442 747
442 769
442 784
442 806
442 810
442 872
442 1019
442 1177
442 1267
442 1297
442 1523
442 1593
442 1685
442 1719
442 1894
443 553
443 579
443 604
443 741
443 803
443 831
443 1031
443 1146
443 1174
443 1295
443 1300
443 1354
443 1364
443 1396
443 1591
443 1626
443 1803
443 1850
444 480
444 538
444 552
444 842
444 862
444 914
444 1018
444 1165
444 1181
444 1301
444 1366
444 1375
444 1385
444 1506
444 1583
444 1627
444 1651
444 1767
444 1876
444 1887
444 1898
444 1998
445 491
445 540
445 797
445 798
445 1169
445 1196
445 1233
445 1351
445 1358
445 1536
445 1560
445 1655
445 1662
445 1671
445 1777
445 1820
445 1974
446 468
446 586
446 665
446 685
446 745
446 802
446 1001
446 1092
446 1098
446 1106
446 1219
446 1237
446 1248
446 1258
446 1337
446 1400
446 1523
446 1542
446 1595
446 1625
446 1630
446 1788
446 1825
446 1903
447 604
447 779
447 812
447 813
447 831
447 891
447 924
447 932
447 1028
447 1032
447 1054
447 1225
447 1281
447 1295
447 1323
447 1457
447 1500
447 1717
447 1839
447 1845
447 1869
448 449
448 663
448 713
448 718
448 1027
448 1039
448 1053
448 1105
448 1141
448 1229
448 1315
448 1379
448 1447
448 1448
448 1471
448 1530
448 1579
448 1627
448 1657
448 1858
448 1859
449 460
449 607
449 836
449 851
449 1064
449 1069
449 1130
449 1159
449 1202
449 1218
449 1286
449 1358
449 1562
449 1686
449 1836
449 1883
449 1980
450 589
450 654
450 754
450 806
450 832
450 1028
450 1139
450 1297
450 1386
450 1395
450 1444
450 1449
450 1472
450 1479
450 1489
450 1546
450 1576
450 1725
450 1750
450 1809
450 1857
450 1872
450 1969
451 477
451 491
451 582
451 615
451 648
451 695
451 700
451 762
451 782
451 1076
451 1085
451 1132
451 1238
451 1690
451 1827
451 1855
451 1978
452 569
452 694
452 716
452 1044
452 1085
452 1127
452 1176
452 1207
452 1260
452 1506
452 1514
452 1521
453 473
453 813
453 1072
453 1096
453 1180
453 1222
453 1352
453 1486
453 1596
453 1613
453 1754
453 1788
453 1815
453 1898
454 633
454 784
454 803
454 1045
454 1060
454 1101
454 1254
454 1312
454 1333
454 1334
454 1457
454 1468
454 1701
454 1752
454 1855
454 1909
455 662
455 673
455 720
455 864
455 871
455 874
455 1101
455 1112
455 1124
455 1156
455 1255
455 1394
455 1447
455 1667
455 1673
455 1708
455 1789
455 1984
456 505
456 828
456 949
456 1019
456 1092
456 1155
456 1441
456 1494
456 1522
456 1523
456 1568
456 1622
456 1638
456 1639
456 1758
457 607
457 622
457 643
457 838
457 883
457 954
457 1017
457 1146
457 1223
457 1254
457 1497
457 1800
457 1860
457 1884
457 1970
458 472
458 496
458 679
458 691
458 792
458 802
458 853
458 889
458 1000
458 1047
458 1080
458 1403
458 1447
458 1486
458 1683
458 1745
458 1786
458 1830
458 1833
458 1974
458 1995
459 478
459 541
459 560
459 737
459 749
459 858
459 930
459 1003
459 1113
459 1124
459 1194
459 1214
459 1290
459 1388
459 1476
459 1516
459 1598
459 1649
459 1670
459 1767
459 1902
459 1923
459 1926
459 1990
460 474
460 490
460 505
460 514
460 526
460 615
460 646
460 866
460 878
460 899
460 927
460 958
460 1003
460 1179
460 1471
460 1527
460 1534
460 1559
460 1658
460 1854
460 1972
461 480
461 570
461 689
461 788
461 1010
461 1039
461 1061
461 1147
461 1345
461 1367
461 1387
461 1391
461 1446
461 1500
461 1531
461 1729
461 1775
461 1791
461 1825
461 1913
461 1936
461 1944
461 1965
462 510
462 536
462 591
462 729
462 750
462 755
462 801
462 823
462 838
462 843
462 861
462 866
462 924
462 1018
462 1344
462 1514
462 1537
462 1564
462 1565
462 1635
462 1637
462 1650
462 1719
462 1722
462 1941
463 480
463 499
463 509
463 550
463 716
463 891
463 929
463 1127
463 1249
463 1254
463 1292
463 1350
463 1353
463 1370
463 1383
463 1396
463 1401
463 1485
463 1577
463 1602
463 1610
463 1641
463 1661
463 1728
463 1738
463 1836
464 538
464 674
464 731
464 1159
464 1348
464 1423
464 1490
464 1671
464 1803
464 1871
464 1892
465 467
465 562
465 639
465 743
465 828
465 913
465 979
465 1001
465 1003
465 1238
465 1254
465 1310
465 1364
465 1589
465 1638
465 1653
465 1668
465 1715
465 1750
465 1891
465 1940
466 543
466 624
466 666
466 781
466 926
466 985
466 1066
466 1129
466 1184
466 1297
466 1328
466 1331
466 1345
466 1400
466 1408
466 1421
466 1587
466 1608
466 1770
466 1801
466 1845
466 1980
467 536
467 729
467 796
467 877
467 996
467 1013
467 1066
467 1067
467 1136
467 1198
467 1207
467 1227
467 1455
467 1708
467 1869
467 1887
467 1909
467 1932
468 631
468 910
468 1001
468 1006
468 1063
468 1090
468 1120
468 1269
468 1293
468 1351
468 1377
468 1435
468 1469
468 1646
468 1753
468 1859
468 1895
468 1906
468 1936
469 544
469 563
469 691
469 877
469 914
469 1203
469 1262
469 1326
469 1330
469 1653
469 1694
469 1722
469 1782
469 1818
469 1859
469 1921
469 1939
470 500
470 547
470 556
470 616
470 695
470 697
470 723
470 912
470 917
470 1055
470 1085
470 1109
470 1203
470 1206
470 1270
470 1553
470 1628
470 1660
470 1848
471 561
471 569
471 1150
471 1200
471 1211
471 1367
471 1382
471 1466
471 1471
471 1602
471 1635
471 1655
471 1769
472 591
472 695
472 721
472 779
472 920
472 949
472 1341
472 1382
472 1581
472 1615
472 1680
472 1749
472 1758
472 1769
472 1787
472 1789
472 1846
472 1876
473 523
473 533
473 569
473 644
473 651
473 720
473 806
473 816
473 952
473 998
473 1056
473 1526
473 1572
473 1617
473 1705
473 1748
473 1790
473 1876
473 1882
474 489
474 559
474 711
474 1143
474 1155
474 1157
474 1169
474 1288
474 1337
474 1374
474 1605
474 1631
474 1654
474 1785
474 1888
474 1902
474 1918
475 514
475 543
475 582
475 600
475 898
475 1171
475 1216
475 1449
475 1531
475 1568
475 1578
475 1604
475 1855
475 1899
475 1906
475 1930
476 477
476 492
476 778
476 965
476 1065
476 1087
476 1110
476 1202
476 1248
476 1619
476 1678
476 1770
476 1777
477 732
477 887
477 952
477 1013
477 1018
477 1062
477 1083
477 1132
477 1183
477 1246
477 1287
477 1343
477 1350
477 1368
477 1576
477 1657
477 1738
477 1826
477 1836
478 493
478 525
478 708
478 800
478 982
478 1045
478 1055
478 1056
478 1137
478 1198
478 1214
478 1339
478 1400
478 1521
478 1658
478 1665
478 1673
478 1836
478 1867
478 1895
478 1937
479 489
479 497
479 557
479 619
479 649
479 653
479 884
479 959
479 967
479 1030
479 1110
479 1155
479 1201
479 1382
479 1463
479 1525
479 1582
479 1685
479 1718
479 1887
479 1953
480 627
480 666
480 678
480 846
480 849
480 931
480 994
480 1103
480 1387
480 1439
480 1551
480 1590
480 1641
480 1675
480 1752
480 1771
480 1795
480 1821
480 1926
480 1982
481 504
481 549
481 615
481 642
481 969
481 1028
481 1050
481 1139
481 1202
481 1280
481 1427
481 1495
481 1661
481 1681
481 1693
481 1697
481 1818
481 1861
481 1870
482 486
482 635
482 735
482 736
482 784
482 803
482 938
482 1020
482 1058
482 1063
482 1216
482 1282
482 1368
482 1461
482 1616
482 1628
482 1684
482 1762
482 1781
482 1799
482 1907
482 1933
483 649
483 723
483 766
483 922
483 926
483 934
483 1011
483 1106
483 1138
483 1170
483 1327
483 1369
483 1404
483 1441
483 1505
483 1591
483 1748
483 1809
483 1857
483 1933
483 1947
483 1978
484 488
484 542
484 597
484 619
484 679
484 964
484 973
484 1087
484 1097
484 1109
484 1321
484 1441
484 1481
484 1505
484 1528
484 1610
484 1688
484 1767
485 531
485 549
485 576
485 602
485 634
485 825
485 832
485 956
485 1012
485 1013
485 1136
485 1206
485 1264
485 1404
485 1479
485 1507
485 1659
485 1663
485 1718
485 1754
485 1773
485 1854
485 1870
485 1892
486 625
486 793
486 903
486 904
486 992
486 1017
486 1084
486 1322
486 1337
486 1340
486 1346
486 1359
486 1479
486 1677
486 1696
486 1737
486 1854
486 1871
487 848
487 896
487 905
487 963
487 1022
487 1047
487 1057
487 1102
487 1154
487 1321
487 1464
487 1663
487 1754
487 1978
487 1980
488 623
488 638
488 782
488 909
488 912
488 1234
488 1392
488 1411
488 1474
488 1518
488 1565
488 1821
488 1845
488 1858
488 1909
488 1925
489 513
489 710
489 801
489 818
489 931
489 996
489 1187
489 1299
489 1305
489 1447
489 1625
489 1628
489 1635
489 1662
489 1710
489 1870
489 1914
490 559
490 685
490 707
490 799
490 859
490 880
490 1004
490 1112
490 1198
490 1203
490 1273
490 1445
490 1704
490 1841
490 1944
491 598
491 603
491 631
491 736
491 778
491 788
491 876
491 1036
491 1108
491 1385
491 1418
491 1499
491 1677
491 1686
491 1812
491 1813
491 1814
491 1842
491 1969
492 514
492 601
492 622
492 725
492 878
492 982
492 1035
492 1156
492 1277
492 1404
492 1436
492 1505
492 1660
492 1663
492 1784
493 520
493 558
493 601
493 830
493 925
493 1105
493 1166
493 1193
493 1257
493 1292
493 1369
493 1430
493 1547
493 1789
493 1817
493 1958
494 498
494 533
494 584
494 621
494 715
494 756
494 918
494 968
494 1048
494 1061
494 1103
494 1151
494 1159
494 1246
494 1459
494 1588
494 1606
494 1675
494 1726
494 1817
494 1823
494 1842
494 1937
495 646
495 663
495 692
495 745
495 824
495 839
495 850
495 859
495 909
495 910
495 928
495 1064
495 1101
495 1378
495 1490
495 1538
495 1759
495 1786
495 1957
496 547
496 556
496 694
496 763
496 921
496 924
496 936
496 1329
496 1364
496 1491
496 1519
496 1569
496 1615
496 1929
496 1974
497 506
497 607
497 747
497 828
497 917
497 1037
497 1041
497 1135
497 1210
497 1217
497 1280
497 1357
497 1370
497 1508
497 1517
497 1741
497 1780
497 1782
497 1844
497 1984
498 777
498 804
498 828
498 975
498 1040
498 1074
498 1091
498 1138
498 1238
498 1400
498 1423
498 1458
498 1494
498 1559
498 1653
498 1742
498 1985
499 541
499 650
499 823
499 1006
499 1074
499 1151
499 1175
499 1182
499 1310
499 1351
499 1386
499 1421
499 1422
499 1711
499 1736
500 505
500 564
500 695
500 780
500 1057
500 1079
500 1203
500 1369
500 1612
500 1616
500 1760
500 1778
500 1887
500 1943
501 639
501 692
501 813
501 878
501 914
501 1033
501 1044
501 1117
501 1149
501 1154
501 1188
501 1301
501 1303
501 1344
501 1409
501 1462
501 1594
501 1599
501 1616
501 1642
501 1746
501 1815
501 1820
502 761
502 818
502 831
502 832
502 943
502 1271
502 1294
502 1389
502 1393
502 1533
502 1621
502 1686
502 1761
502 1859
502 1885
503 631
503 753
503 829
503 844
503 898
503 908
503 940
503 1044
503 1114
503 1122
503 1259
503 1357
503 1382
503 1408
503 1477
503 1505
503 1540
503 1688
503 1699
503 1709
503 1939
504 551
504 581
504 989
504 1064
504 1082
504 1190
504 1308
504 1309
504 1325
504 1353
504 1370
504 1427
504 1502
504 1629
504 1671
504 1675
504 1677
504 1755
504 1793
504 1889
505 589
505 747
505 791
505 950
505 1000
505 1229
505 1251
505 1453
505 1599
505 1694
505 1753
505 1757
505 1787
505 1861
505 1882
505 1936
505 1956
506 520
506 779
506 805
506 952
506 993
506 1056
506 1166
506 1255
506 1348
506 1383
506 1421
506 1437
506 1648
506 1848
506 1866
506 1888
506 1929
507 565
507 607
507 759
507 762
507 852
507 855
507 865
507 923
507 935
507 1159
507 1275
507 1432
507 1495
507 1511
507 1550
507 1705
507 1710
507 1788
507 1802
507 1855
508 647
508 839
508 974
508 996
508 1029
508 1057
508 1071
508 1112
508 1218
508 1284
508 1320
508 1352
508 1366
508 1462
508 1551
508 1609
508 1677
508 1822
508 1846
509 598
509 612
509 708
509 811
509 966
509 980
509 1046
509 1111
509 1251
509 1421
509 1470
509 1482
509 1560
509 1573
509 1712
509 1821
509 1932
509 1957
509 1976
509 1988
510 513
510 773
510 807
510 928
510 981
510 984
510 1060
510 1219
510 1389
510 1418
510 1477
510 1548
510 1655
510 1662
510 1687
510 1712
510 1811
510 1886
510 1931
511 570
511 609
511 673
511 691
511 725
511 809
511 866
511 946
511 966
511 1137
511 1242
511 1252
511 1352
511 1411
511 1437
511 1515
511 1615
511 1663
511 1739
511 1755
511 1847
511 1907
512 633
512 914
512 933
512 980
512 1032
512 1131
512 1229
512 1371
512 1408
512 1419
512 1517
512 1655
512 1689
512 1811
513 727
513 735
513 756
513 900
513 1138
513 1140
513 1185
513 1208
513 1368
513 1540
513 1560
513 1580
513 1741
513 1796
513 1832
513 1867
513 1909
513 1957
514 638
514 654
514 664
514 799
514 859
514 890
514 952
514 1193
514 1359
514 1669
514 1738
514 1747
514 1757
514 1946
514 1990
515 568
515 691
515 746
515 844
515 857
515 872
515 884
515 953
515 1065
515 1073
515 1129
515 1136
515 1212
515 1239
515 1252
515 1335
515 1368
515 1458
515 1475
515 1506
515 1608
515 1769
515 1901
515 1916
516 601
516 642
516 895
516 918
516 1005
516 1105
516 1111
516 1350
516 1456
516 1480
516 1535
516 1562
516 1632
516 1704
516 1738
516 1741
516 1792
516 1922
516 1978
517 590
517 622
517 624
517 666
517 739
517 755
517 824
517 951
517 1209
517 1382
517 1414
517 1477
517 1486
517 1585
517 1654
517 1805
517 1920
517 1983
518 724
518 756
518 882
518 893
518 973
518 1052
518 1139
518 1202
518 1333
518 1337
518 1352
518 1359
518 1375
518 1520
518 1548
518 1611
518 1729
519 541
519 570
519 617
519 636
519 696
519 783
519 871
519 977
519 1029
519 1069
519 1100
519 1209
519 1284
519 1554
519 1573
519 1629
519 1685
519 1693
519 1703
519 1713
520 644
520 650
520 654
520 1125
520 1187
520 1232
520 1392
520 1534
520 1569
520 1593
520 1596
520 1683
520 1732
520 1751
520 1767
520 1852
520 1922
521 806
521 864
521 889
521 997
521 1035
521 1069
521 1227
521 1285
521 1354
521 1437
521 1472
521 1479
521 1504
521 1563
521 1828
522 587
522 707
522 907
522 947
522 959
522 1014
522 1233
522 1264
522 1309
522 1406
522 1435
522 1455
522 1641
522 1852
523 530
523 616
523 621
523 624
523 710
523 761
523 964
523 967
523 1027
523 1185
523 1186
523 1231
523 1280
523 1565
523 1584
523 1608
523 1634
523 1766
523 1884
523 1961
524 586
524 646
524 674
524 910
524 1076
524 1169
524 1183
524 1305
524 1456
524 1663
524 1674
524 1689
524 1872
524 1994
525 581
525 628
525 766
525 803
525 804
525 863
525 1023
525 1190
525 1647
525 1670
525 1708
525 1750
525 1865
525 1873
525 1960
526 620
526 696
526 697
526 720
526 765
526 799
526 803
526 895
526 1060
526 1258
526 1356
526 1471
526 1493
526 1646
526 1686
526 1688
526 1706
526 1789
526 1806
526 1847
527 578
527 672
527 810
527 814
527 879
527 999
527 1004
527 1037
527 1078
527 1096
527 1098
527 1129
527 1138
527 1148
527 1232
527 1357
527 1525
527 1743
527 1928
527 1940
528 638
528 643
528 659
528 731
528 1014
528 1083
528 1270
528 1328
528 1371
528 1522
528 1598
528 1792
528 1799
528 1815
528 1920
528 1957
528 1999
529 539
529 552
529 787
529 801
529 811
529 1028
529 1057
529 1080
529 1145
529 1153
529 1158
529 1177
529 1200
529 1344
529 1421
529 1533
529 1566
529 1601
529 1654
529 1786
529 1820
529 1857
529 1858
529 1906
529 1963
530 637
530 694
530 716
530 723
530 1286
530 1340
530 1460
530 1569
530 1595
530 1700
530 1739
530 1754
530 1782
530 1882
530 1921
531 553
531 579
531 637
531 768
531 866
531 1051
531 1131
531 1238
531 1257
531 1307
531 1394
531 1432
531 1492
531 1497
531 1570
531 1964
531 1980
532 574
532 634
532 780
532 819
532 870
532 1100
532 1183
532 1234
532 1263
532 1382
532 1515
532 1533
532 1674
532 1692
532 1775
533 665
533 692
533 737
533 871
533 1038
533 1135
533 1228
533 1285
533 1509
533 1605
533 1677
533 1689
533 1836
533 1872
533 1931
534 550
534 845
534 865
534 939
534 989
534 1011
534 1027
534 1105
534 1345
534 1391
534 1468
534 1532
534 1625
534 1823
534 1847
534 1891
534 1943
534 1945
534 1963
535 554
535 607
535 662
535 747
535 777
535 811
535 1099
535 1186
535 1196
535 1523
535 1565
535 1568
535 1725
535 1923
536 625
536 711
536 787
536 869
536 881
536 1137
536 1184
536 1222
536 1262
536 1377
536 1392
536 1425
536 1469
536 1639
536 1701
536 1761
536 1890
536 1918
536 1987
537 610
537 679
537 747
537 795
537 1000
537 1002
537 1157
537 1180
537 1184
537 1283
537 1299
537 1320
537 1349
537 1374
537 1625
537 1726
537 1765
537 1966
538 567
538 700
538 843
538 849
538 1014
538 1130
538 1145
538 1329
538 1347
538 1377
538 1437
538 1510
538 1649
538 1664
538 1691
538 1778
538 1943
538 1978
539 583
539 665
539 754
539 778
539 795
539 809
539 836
539 1002
539 1075
539 1126
539 1309
539 1320
539 1454
539 1562
539 1741
539 1960
540 703
540 715
540 768
540 859
540 896
540 927
540 994
540 1179
540 1471
540 1620
540 1654
540 1656
540 1760
540 1844
540 1935
540 1989
541 548
541 573
541 599
541 858
541 871
541 904
541 1022
541 1030
541 1043
541 1066
541 1166
541 1285
541 1328
541 1451
541 1584
541 1607
541 1652
541 1885
541 1911
542 617
542 621
542 662
542 891
542 1242
542 1346
542 1493
542 1620
542 1721
542 1727
542 1750
542 1770
542 1883
542 1908
542 1964
542 1984
543 554
543 674
543 683
543 697
543 749
543 763
543 771
543 802
543 887
543 927
543 951
543 1038
543 1062
543 1094
543 1476
543 1512
543 1569
543 1877
543 1901
543 1905
543 1940
544 577
544 670
544 675
544 725
544 765
544 776
544 815
544 891
544 952
544 1009
544 1020
544 1056
544 1247
544 1255
544 1260
544 1316
544 1429
544 1446
544 1465
544 1646
544 1750
544 1951
545 561
545 615
545 966
545 1042
545 1066
545 1111
545 1145
545 1197
545 1238
545 1261
545 1307
545 1312
545 1321
545 1329
545 1499
545 1770
545 1781
545 1902
546 566
546 623
546 770
546 845
546 951
546 1085
546 1173
546 1191
546 1328
546 1419
546 1428
546 1477
546 1517
546 1524
546 1569
546 1595
546 1607
546 1778
546 1781
547 719
547 811
547 820
547 841
547 886
547 942
547 1019
547 1074
547 1083
547 1084
547 1227
547 1333
547 1347
547 1454
547 1463
547 1479
547 1643
547 1749
547 1753
547 1896
547 1910
547 1946
547 1984
548 569
548 576
548 715
548 739
548 820
548 858
548 873
548 875
548 961
548 1001
548 1041
548 1129
548 1140
548 1156
548 1179
548 1240
548 1447
548 1573
548 1618
548 1783
548 1835
548 1877
549 630
549 663
549 669
549 706
549 765
549 846
549 1016
549 1438
549 1515
549 1720
549 1779
549 1828
550 609
550 616
550 851
550 852
550 930
550 1010
550 1026
550 1031
550 1147
550 1336
550 1337
550 1389
550 1458
550 1582
550 1764
550 1909
550 1977
551 760
551 946
551 961
551 1109
551 1163
551 1198
551 1222
551 1340
551 1397
551 1418
551 1588
551 1607
551 1696
551 1803
551 1863
551 1876
551 1902
551 1936
552 619
552 680
552 947
552 950
552 1008
552 1099
552 1122
552 1187
552 1258
552 1321
552 1338
552 1350
552 1353
552 1553
552 1573
552 1590
552 1661
552 1709
552 1768
552 1839
552 1900
553 569
553 638
553 671
553 694
553 729
553 866
553 988
553 1177
553 1190
553 1329
553 1384
553 1497
553 1518
553 1603
553 1624
553 1716
553 1723
554 702
554 878
554 967
554 1232
554 1268
554 1381
554 1403
554 1540
554 1559
554 1594
554 1600
554 1608
554 1722
554 1943
555 769
555 913
555 1054
555 1293
555 1402
555 1428
555 1447
555 1606
555 1665
555 1732
555 1743
555 1774
555 1964
556 790
556 896
556 946
556 982
556 1021
556 1064
556 1169
556 1219
556 1315
556 1344
556 1449
556 1512
556 1544
556 1595
556 1596
556 1650
556 1655
556 1661
556 1763
556 1839
557 651
557 663
557 711
557 716
557 731
557 860
557 1055
557 1133
557 1261
557 1393
557 1396
557 1443
557 1556
557 1830
557 1872
557 1947
557 1968
557 1981
558 740
558 812
558 842
558 964
558 1072
558 1217
558 1289
558 1305
558 1324
558 1359
558 1368
558 1386
558 1797
558 1994
559 646
559 656
559 786
559 798
559 922
559 987
559 1280
559 1376
559 1403
559 1494
559 1634
559 1668
559 1742
559 1771
559 1931
559 1932
559 1936
559 1972
560 578
560 745
560 860
560 958
560 982
560 1262
560 1400
560 1591
560 1596
560 1603
560 1694
560 1896
560 1926
560 1936
560 1938
561 606
561 690
561 784
561 797
561 814
561 822
561 826
561 1039
561 1085
561 1176
561 1254
561 1318
561 1549
561 1570
561 1646
561 1725
561 1785
561 1908
561 1989
562 649
562 849
562 979
562 1034
562 1148
562 1156
562 1215
562 1217
562 1227
562 1251
562 1265
562 1346
562 1477
562 1481
562 1717
562 1806
562 1821
562 1951
562 1997
563 586
563 597
563 682
563 780
563 973
563 986
563 1132
563 1164
563 1311
563 1341
563 1453
563 1516
563 1590
564 568
564 596
564 631
564 686
564 714
564 738
564 854
564 888
564 911
564 918
564 1001
564 1002
564 1117
564 1121
564 1178
564 1457
564 1536
564 1750
564 1897
564 1991
565 694
565 696
565 783
565 814
565 820
565 860
565 874
565 1010
565 1102
565 1234
565 1305
565 1345
565 1568
565 1609
565 1783
565 1838
566 665
566 691
566 720
566 738
566 810
566 892
566 1054
566 1208
566 1330
566 1512
566 1546
566 1592
566 1629
566 1651
566 1684
566 1737
566 1742
566 1829
567 592
567 607
567 709
567 912
567 1016
567 1098
567 1195
567 1272
567 1278
567 1343
567 1384
567 1405
567 1465
567 1538
567 1568
567 1659
567 1720
567 1756
567 1999
568 657
568 670
568 703
568 861
568 1204
568 1392
568 1429
568 1701
568 1719
568 1826
568 1845
568 1894
568 1959
569 576
569 657
569 666
569 667
569 680
569 828
569 882
569 1091
569 1299
569 1490
569 1522
569 1536
569 1575
569 1748
569 1758
569 1796
569 1949
570 575
570 644
570 661
570 937
570 1295
570 1297
570 1319
570 1345
570 1474
570 1636
570 1666
570 1790
570 1848
570 1917
570 1930
570 1985
570 1987
571 747
571 879
571 905
571 960
571 1133
571 1349
571 1351
571 1475
571 1657
571 1675
571 1758
571 1936
571 1979
572 581
572 606
572 634
572 652
572 711
572 739
572 765
572 785
572 874
572 895
572 938
572 1050
572 1075
572 1188
572 1275
572 1568
572 1704
572 1781
572 1812
572 1967
573 613
573 654
573 800
573 848
573 863
573 1026
573 1386
573 1522
573 1553
573 1558
573 1569
573 1786
573 1801
573 1951
573 1965
574 720
574 783
574 792
574 1033
574 1103
574 1192
574 1252
574 1401
574 1405
574 1412
574 1550
574 1589
574 1714
574 1736
574 1838
574 1861
574 1957
575 733
575 797
575 910
575 1041
575 1167
575 1241
575 1309
575 1375
575 1502
575 1707
575 1761
575 1812
576 615
576 729
576 795
576 816
576 824
576 849
576 953
576 1066
576 1135
576 1209
576 1372
576 1533
576 1597
576 1629
576 1647
577 655
577 667
577 720
577 821
577 849
577 881
577 964
577 1160
577 1224
577 1226
577 1384
577 1418
577 1679
577 1766
577 1815
577 1851
577 1889
577 1896
577 1940
577 1967
578 611
578 749
578 751
578 752
578 908
578 1020
578 1034
578 1065
578 1277
578 1297
578 1385
578 1391
578 1430
578 1442
578 1569
578 1852
578 1859
579 580
579 681
579 791
579 896
579 1041
579 1125
579 1149
579 1151
579 1273
579 1448
579 1603
579 1631
579 1667
579 1691
579 1807
579 1926
580 752
580 757
580 774
580 784
580 886
580 923
580 937
580 1020
580 1047
580 1107
580 1137
580 1192
580 1362
580 1377
580 1392
580 1434
580 1448
580 1690
580 1737
580 1758
580 1888
580 1903
580 1905
580 1909
580 1945
581 759
581 953
581 1010
581 1030
581 1170
581 1254
581 1257
581 1260
581 1293
581 1353
581 1366
581 1555
581 1641
581 1659
581 1722
581 1724
581 1787
581 1798
581 1826
581 1896
581 1899
581 1948
581 1995
582 600
582 601
582 768
582 789
582 795
582 831
582 981
582 1097
582 1200
582 1243
582 1442
582 1634
582 1695
582 1718
582 1728
582 1757
582 1816
582 1846
583 668
583 789
583 799
583 844
583 847
583 1015
583 1152
583 1166
583 1210
583 1241
583 1692
583 1759
583 1858
583 1868
584 645
584 701
584 797
584 820
584 960
584 1117
584 1144
584 1153
584 1270
584 1299
584 1410
584 1452
584 1462
584 1629
584 1701
585 806
585 814
585 931
585 984
585 1135
585 1182
585 1189
585 1231
585 1285
585 1339
585 1379
585 1444
585 1502
585 1530
585 1671
585 1789
585 1804
586 603
586 648
586 695
586 769
586 987
586 1034
586 1151
586 1199
586 1322
586 1414
586 1478
586 1485
586 1551
586 1652
586 1675
586 1740
586 1987
587 597
587 667
587 697
587 742
587 804
587 867
587 903
587 936
587 1125
587 1225
587 1232
587 1258
587 1273
587 1695
587 1797
587 1860
587 1934
588 751
588 826
588 962
588 1017
588 1027
588 1097
588 1150
588 1237
588 1245
588 1331
588 1507
588 1522
588 1581
588 1583
588 1627
588 1713
588 1760
588 1813
588 1833
588 1955
589 593
589 626
589 759
589 793
589 943
589 1008
589 1038
589 1099
589 1494
589 1503
589 1546
589 1982
589 1996
590 808
590 854
590 1000
590 1310
590 1328
590 1349
590 1487
590 1570
590 1583
590 1722
590 1894
590 1935
591 736
591 811
591 877
591 889
591 920
591 964
591 1062
591 1160
591 1239
591 1386
591 1399
591 1408
591 1466
591 1470
591 1706
591 1713
591 1740
591 1914
591 1928
591 1935
591 1977
592 767
592 791
592 1265
592 1296
592 1340
592 1457
592 1550
592 1587
592 1617
592 1647
592 1832
592 1910
593 620
593 657
593 833
593 874
593 1030
593 1103
593 1117
593 1131
593 1489
593 1516
593 1522
593 1787
593 1830
593 1858
593 1951
593 1963
594 668
594 787
594 830
594 864
594 875
594 970
594 1002
594 1013
594 1052
594 1120
594 1126
594 1151
594 1203
594 1316
594 1397
594 1685
594 1793
594 1826
594 1848
594 1881
595 847
595 963
595 1061
595 1097
595 1281
595 1341
595 1539
595 1557
595 1678
595 1772
595 1922
595 1946
596 911
596 1012
596 1015
596 1108
596 1114
596 1147
596 1230
596 1257
596 1716
596 1788
596 1878
596 1912
596 1914
596 1959
597 641
597 1089
597 1355
597 1372
597 1417
597 1448
597 1520
597 1647
597 1859
597 1947
598 687
598 738
598 910
598 926
598 965
598 1223
598 1420
598 1634
598 1670
598 1683
598 1787
598 1855
598 1886
598 1937
598 1953
599 623
599 794
599 819
599 837
599 919
599 1020
599 1131
599 1157
599 1190
599 1252
599 1298
599 1406
599 1643
599 1687
599 1697
599 1991
600 619
600 811
600 834
600 887
600 939
600 1027
600 1103
600 1227
600 1401
600 1637
600 1708
600 1850
600 1921
601 621
601 637
601 692
601 733
601 739
601 758
601 827
601 1132
601 1192
601 1230
601 1342
601 1429
601 1549
601 1807
601 1881
601 1889
602 717
602 831
602 858
602 861
602 1067
602 1240
602 1267
602 1281
602 1367
602 1581
602 1693
602 1713
602 1810
602 1882
602 1887
602 1913
603 644
603 803
603 932
603 972
603 1007
603 1105
603 1148
603 1255
603 1408
603 1486
603 1522
603 1657
603 1697
603 1958
603 1968
604 797
604 987
604 1288
604 1293
604 1512
604 1626
604 1660
604 1701
604 1823
604 1917
605 952
605 1067
605 1179
605 1188
605 1395
605 1508
605 1533
605 1612
605 1625
605 1738
605 1742
605 1775
605 1834
605 1848
605 1882
605 1971
606 630
606 631
606 638
606 687
606 952
606 1079
606 1250
606 1382
606 1572
606 1574
606 1591
606 1635
606 1946
607 736
607 802
607 851
607 946
607 1090
607 1184
607 1211
607 1227
607 1283
607 1341
607 1399
607 1567
607 1852
607 1881
607 1993
608 655
608 763
608 822
608 845
608 969
608 1029
608 1039
608 1075
608 1169
608 1214
608 1238
608 1276
608 1305
608 1409
608 1452
608 1580
608 1590
608 1642
608 1843
608 1880
608 1974
609 685
609 728
609 790
609 803
609 892
609 1223
609 1230
609 1342
609 1385
609 1404
609 1487
609 1568
609 1824
610 1003
610 1034
610 1090
610 1102
610 1209
610 1295
610 1296
610 1359
610 1377
610 1473
610 1486
610 1558
610 1598
610 1733
610 1764
610 1818
610 1855
610 1863
610 1868
610 1925
611 622
611 651
611 690
611 975
611 1122
611 1146
611 1177
611 1203
611 1472
611 1555
611 1570
611 1641
611 1669
611 1736
611 1738
611 1765
611 1847
611 1995
612 808
612 866
612 886
612 1155
612 1186
612 1215
612 1548
612 1613
612 1904
612 1980
613 646
613 658
613 664
613 883
613 1070
613 1123
613 1182
613 1229
613 1303
613 1372
613 1533
613 1587
613 1741
613 1803
613 1830
613 1873
613 1890
613 1913
614 712
614 726
614 945
614 963
614 1021
614 1031
614 1198
614 1248
614 1354
614 1361
614 1369
614 1373
614 1380
614 1498
614 1543
614 1552
614 1585
614 1614
614 1695
614 1732
615 617
615 757
615 817
615 1009
615 1033
615 1114
615 1208
615 1226
615 1275
615 1276
615 1404
615 1468
615 1659
615 1726
615 1801
615 1850
615 1861
616 624
616 647
616 751
616 802
616 886
616 964
616 967
616 980
616 1007
616 1050
616 1052
616 1060
616 1203
616 1332
616 1334
616 1376
616 1444
616 1477
616 1609
616 1720
616 1728
617 824
617 1085
617 1128
617 1286
617 1353
617 1470
617 1528
617 1611
617 1624
617 1728
617 1784
617 1899
617 1908
617 1925
618 771
618 789
618 808
618 889
618 1019
618 1145
618 1310
618 1317
618 1359
618 1387
618 1450
618 1465
618 1507
618 1623
618 1641
618 1658
618 1815
619 746
619 851
619 890
619 949
619 1042
619 1116
619 1122
619 1285
619 1353
619 1652
619 1712
619 1759
619 1769
619 1954
619 1987
620 812
620 883
620 1259
620 1268
620 1318
620 1473
620 1496
620 1684
620 1707
620 1781
620 1815
620 1915
620 1970
621 718
621 752
621 829
621 989
621 1310
621 1345
621 1367
621 1593
621 1631
621 1654
621 1763
621 1770
621 1852
622 671
622 787
622 804
622 820
622 838
622 1011
622 1043
622 1429
622 1640
622 1653
622 1688
622 1705
622 1752
622 1765
622 1954
622 1963
623 670
623 691
623 789
623 957
623 1065
623 1142
623 1199
623 1215
623 1358
623 1739
623 1832
623 1834
623 1890
623 1914
623 1927
624 757
624 759
624 942
624 1016
624 1450
624 1539
624 1546
624 1631
624 1802
624 1846
624 1875
624 1938
624 1958
624 1973
625 710
625 817
625 874
625 876
625 971
625 1162
625 1215
625 1234
625 1339
625 1366
625 1442
625 1536
625 1612
625 1709
625 1944
626 802
626 876
626 893
626 935
626 997
626 1197
626 1236
626 1827
626 1914
627 796
627 808
627 845
627 855
627 929
627 937
627 1041
627 1101
627 1233
627 1674
627 1700
627 1860
627 1876
627 1883
627 1913
627 1945
627 1961
628 743
628 848
628 913
628 992
628 1046
628 1356
628 1364
628 1492
628 1566
628 1573
628 1588
628 1701
628 1743
628 1820
628 1839
629 702
629 1015
629 1119
629 1166
629 1354
629 1472
629 1503
629 1555
629 1618
629 1633
629 1686
629 1868
629 1986
630 677
630 843
630 857
630 890
630 943
630 970
630 1016
630 1147
630 1181
630 1214
630 1232
630 1395
630 1405
630 1415
630 1440
630 1459
630 1465
630 1548
630 1587
630 1649
630 1780
631 659
631 723
631 919
631 1043
631 1234
631 1265
631 1396
631 1517
631 1693
631 1720
631 1766
631 1777
631 1823
632 680
632 699
632 747
632 860
632 871
632 952
632 1259
632 1268
632 1401
632 1519
632 1558
632 1893
632 1901
632 1956
633 694
633 704
633 884
633 975
633 1082
633 1114
633 1157
633 1165
633 1250
633 1315
633 1402
633 1508
633 1545
633 1640
633 1743
633 1948
634 642
634 703
634 721
634 756
634 762
634 796
634 830
634 857
634 929
634 1060
634 1064
634 1236
634 1369
634 1466
634 1476
634 1490
634 1614
634 1618
634 1632
634 1642
634 1672
634 1696
634 1703
634 1759
634 1832
634 1863
634 1877
634 1899
634 1929
634 1966
635 763
635 819
635 896
635 949
635 1094
635 1114
635 1176
635 1263
635 1321
635 1384
635 1437
635 1478
635 1610
635 1657
635 1691
635 1809
635 1816
635 1857
635 1887
635 1952
636 638
636 650
636 684
636 792
636 893
636 947
636 986
636 1081
636 1083
636 1092
636 1114
636 1196
636 1230
636 1465
636 1559
636 1675
636 1966
637 662
637 751
637 775
637 911
637 941
637 955
637 1026
637 1043
637 1431
637 1463
637 1567
637 1573
637 1587
637 1622
637 1747
637 1917
637 1977
638 710
638 762
638 793
638 919
638 1003
638 1036
638 1037
638 1081
638 1116
638 1256
638 1314
638 1330
638 1411
638 1569
638 1669
638 1878
638 1927
638 1928
638 1965
638 1972
639 746
639 790
639 861
639 907
639 918
639 1182
639 1318
639 1381
639 1502
639 1844
639 1990
640 700
640 820
640 844
640 893
640 908
640 912
640 1030
640 1057
640 1176
640 1181
640 1233
640 1245
640 1279
640 1410
640 1417
640 1654
640 1798
640 1814
640 1917
640 1931
641 738
641 785
641 984
641 997
641 1008
641 1023
641 1039
641 1045
641 1277
641 1290
641 1346
641 1445
641 1480
641 1492
641 1579
641 1605
641 1804
641 1859
641 1936
642 758
642 764
642 916
642 920
642 938
642 1092
642 1103
642 1104
642 1196
642 1232
642 1299
642 1318
642 1398
642 1402
642 1683
642 1742
643 721
643 794
643 937
643 960
643 1005
643 1030
643 1096
643 1133
643 1143
643 1279
643 1400
643 1496
643 1563
643 1583
643 1838
644 790
644 892
644 964
644 1018
644 1070
644 1162
644 1271
644 1342
644 1375
644 1489
644 1559
644 1571
644 1660
644 1696
644 1800
644 1812
644 1918
644 1929
644 1933
645 688
645 721
645 726
645 882
645 986
645 1056
645 1061
645 1062
645 1082
645 1242
645 1246
645 1280
645 1337
645 1353
645 1521
645 1609
645 1632
645 1788
646 827
646 874
646 981
646 1131
646 1231
646 1558
646 1609
646 1638
646 1788
646 1797
646 1878
646 1880
646 1895
647 675
647 720
647 726
647 743
647 1036
647 1039
647 1208
647 1282
647 1407
647 1506
647 1582
647 1599
647 1664
647 1781
647 1860
647 1938
648 699
648 718
648 724
648 794
648 908
648 941
648 1065
648 1121
648 1136
648 1139
648 1150
648 1214
648 1244
648 1342
648 1384
648 1392
648 1582
648 1596
648 1766
648 1893
648 1990
649 658
649 700
649 952
649 1318
649 1362
649 1369
649 1510
649 1634
649 1670
649 1790
649 1811
649 1821
649 1876
649 1901
649 1986
650 768
650 1135
650 1229
650 1286
650 1393
650 1477
650 1601
650 1860
650 1942
650 1998
650 1999
651 656
651 674
651 775
651 783
651 847
651 948
651 957
651 999
651 1127
651 1131
651 1140
651 1141
651 1391
651 1471
651 1501
651 1531
651 1560
651 1604
651 1651
651 1676
651 1871
651 1989
652 706
652 720
652 897
652 907
652 955
652 1028
652 1098
652 1166
652 1274
652 1282
652 1301
652 1579
652 1615
652 1648
652 1787
652 1833
653 660
653 683
653 865
653 983
653 1012
653 1125
653 1142
653 1191
653 1267
653 1437
653 1494
653 1501
653 1589
653 1661
653 1818
653 1853
653 1935
654 680
654 715
654 763
654 996
654 1015
654 1057
654 1112
654 1295
654 1332
654 1469
654 1574
654 1774
654 1875
655 761
655 789
655 887
655 1148
655 1156
655 1306
655 1375
655 1410
655 1423
655 1458
655 1550
655 1601
655 1720
655 1785
655 1871
655 1960
655 1967
656 761
656 815
656 1087
656 1162
656 1249
656 1402
656 1554
656 1729
656 1839
656 1869
657 701
657 807
657 857
657 863
657 885
657 916
657 989
657 1185
657 1227
657 1275
657 1308
657 1387
657 1452
657 1463
657 1499
657 1695
657 1761
657 1839
657 1897
657 1914
657 1950
657 1998
658 765
658 863
658 895
658 941
658 947
658 984
658 1258
658 1331
658 1558
658 1635
658 1680
658 1738
658 1784
658 1966
658 1996
659 723
659 917
659 930
659 940
659 978
659 1013
659 1087
659 1097
659 1135
659 1348
659 1360
659 1403
659 1489
659 1491
659 1780
659 1842
659 1854
659 1867
659 1951
660 671
660 676
660 767
660 810
660 876
660 887
660 954
660 1076
660 1313
660 1335
660 1528
660 1736
660 1843
660 1851
661 729
661 732
661 743
661 746
661 766
661 823
661 825
661 896
661 923
661 934
661 994
661 1068
661 1159
661 1218
661 1265
661 1271
661 1273
661 1309
661 1956
662 672
662 729
662 784
662 826
662 875
662 880
662 972
662 1071
662 1096
662 1105
662 1480
662 1526
662 1527
662 1528
662 1604
662 1671
662 1694
662 1709
662 1765
662 1986
663 848
663 934
663 957
663 990
663 1049
663 1323
663 1337
663 1638
663 1660
663 1946
663 1955
663 1970
664 1016
664 1169
664 1188
664 1255
664 1379
664 1694
664 1708
664 1715
664 1755
664 1888
664 1925
664 1964
665 739
665 793
665 805
665 828
665 1007
665 1087
665 1169
665 1183
665 1242
665 1310
665 1358
665 1377
665 1490
665 1540
665 1673
665 1692
665 1996
666 720
666 744
666 860
666 964
666 1030
666 1050
666 1208
666 1258
666 1261
666 1266
666 1327
666 1629
666 1695
666 1855
667 851
667 906
667 924
667 937
667 1014
667 1034
667 1052
667 1223
667 1412
667 1444
667 1483
667 1606
667 1639
667 1662
667 1708
667 1788
667 1798
667 1899
668 681
668 695
668 721
668 789
668 795
668 886
668 1025
668 1039
668 1126
668 1155
668 1249
668 1252
668 1652
668 1698
668 1753
668 1815
668 1879
668 1887
668 1924
669 799
669 842
669 844
669 997
669 1004
669 1021
669 1225
669 1240
669 1278
669 1534
669 1661
669 1682
669 1688
669 1717
669 1770
669 1809
669 1811
669 1933
670 705
670 757
670 884
670 1048
670 1139
670 1254
670 1271
670 1410
670 1470
670 1490
670 1660
670 1693
670 1717
670 1769
670 1786
670 1869
670 1940
670 1948
671 710
671 794
671 820
671 850
671 1018
671 1124
671 1130
671 1249
671 1362
671 1476
671 1507
671 1543
671 1831
671 1930
672 691
672 763
672 824
672 848
672 937
672 1207
672 1237
672 1243
672 1253
672 1414
672 1464
672 1471
672 1478
672 1537
672 1562
672 1581
672 1599
672 1603
672 1805
672 1863
672 1967
672 1999
673 701
673 723
673 783
673 856
673 924
673 1041
673 1081
673 1115
673 1161
673 1198
673 1238
673 1282
673 1394
673 1410
673 1659
673 1771
673 1828
673 1880
673 1895
673 1912
673 1997
674 742
674 841
674 953
674 1039
674 1183
674 1256
674 1380
674 1519
674 1802
674 1817
674 1827
674 1891
674 1897
674 1970
675 711
675 744
675 896
675 980
675 1062
675 1499
675 1513
675 1593
675 1643
675 1724
675 1959
675 1978
676 687
676 690
676 897
676 916
676 917
676 1164
676 1177
676 1216
676 1285
676 1368
676 1427
676 1618
676 1718
676 1740
676 1929
676 1943
677 790
677 866
677 885
677 962
677 1019
677 1140
677 1161
677 1215
677 1316
677 1339
677 1389
677 1404
677 1515
677 1680
677 1728
677 1842
677 1847
678 851
678 872
678 935
678 979
678 1026
678 1048
678 1192
678 1219
678 1324
678 1385
678 1459
678 1610
678 1642
678 1711
679 851
679 899
679 937
679 1159
679 1334
679 1563
679 1632
679 1639
679 1684
679 1835
679 1929
680 699
680 757
680 806
680 859
680 1081
680 1107
680 1180
680 1318
680 1342
680 1398
680 1511
680 1549
680 1644
680 1646
680 1716
680 1842
681 687
681 754
681 786
681 794
681 809
681 873
681 998
681 1053
681 1086
681 1279
681 1493
681 1559
681 1586
681 1620
681 1713
681 1746
681 1767
681 1803
681 1825
681 1989
682 716
682 737
682 953
682 1023
682 1049
682 1182
682 1291
682 1342
682 1388
682 1428
682 1493
682 1543
682 1557
682 1575
682 1752
682 1934
682 1943
682 1962
683 763
683 962
683 1020
683 1021
683 1079
683 1195
683 1261
683 1276
683 1289
683 1360
683 1467
683 1478
683 1606
683 1632
683 1906
683 1926
683 1971
683 1992
683 1998
684 761
684 872
684 911
684 915
684 980
684 1058
684 1072
684 1223
684 1301
684 1386
684 1473
684 1530
684 1621
684 1634
684 1662
684 1765
684 1794
684 1854
684 1949
685 725
685 807
685 981
685 1009
685 1119
685 1178
685 1258
685 1289
685 1299
685 1383
685 1732
685 1781
685 1924
685 1958
685 1978
685 1991
686 760
686 769
686 919
686 936
686 988
686 1126
686 1158
686 1218
686 1363
686 1364
686 1371
686 1425
686 1639
686 1655
686 1789
686 1931
686 1941
686 1955
687 728
687 771
687 866
687 993
687 1060
687 1107
687 1119
687 1218
687 1235
687 1294
687 1393
687 1581
687 1656
687 1705
687 1903
687 1907
687 1983
688 711
688 740
688 771
688 863
688 871
688 913
688 914
688 924
688 942
688 1097
688 1099
688 1443
688 1498
688 1523
688 1818
688 1971
689 700
689 756
689 920
689 1225
689 1339
689 1370
689 1551
689 1654
689 1730
689 1855
689 1885
689 1895
689 1915
690 803
690 903
690 916
690 919
690 1050
690 1052
690 1258
690 1264
690 1269
690 1347
690 1503
690 1574
690 1615
690 1639
690 1956
690 1980
691 736
691 866
691 928
691 1095
691 1125
691 1189
691 1395
691 1492
691 1597
691 1926
691 1988
692 698
692 834
692 1145
692 1302
692 1336
692 1445
692 1451
692 1528
692 1702
692 1856
692 1949
692 1991
693 716
693 774
693 823
693 947
693 986
693 1316
693 1320
693 1449
693 1515
693 1551
693 1565
693 1668
693 1719
693 1740
693 1841
694 744
694 831
694 898
694 934
694 959
694 1011
694 1082
694 1150
694 1185
694 1273
694 1368
694 1458
694 1490
694 1605
694 1677
694 1767
694 1910
695 765
695 867
695 915
695 931
695 1353
695 1400
695 1526
695 1570
695 1573
695 1587
695 1643
695 1645
695 1714
695 1810
695 1846
695 1904
695 1972
696 705
696 712
696 940
696 1025
696 1112
696 1164
696 1194
696 1245
696 1322
696 1427
696 1468
696 1607
696 1608
696 1778
696 1985
696 1997
697 710
697 732
697 814
697 857
697 1106
697 1141
697 1145
697 1196
697 1625
697 1714
697 1732
697 1825
697 1919
698 727
698 1016
698 1044
698 1186
698 1352
698 1440
698 1545
698 1764
698 1808
698 1899
698 1915
699 736
699 851
699 984
699 994
699 1144
699 1164
699 1269
699 1332
699 1466
699 1495
699 1496
699 1517
699 1836
699 1889
700 756
700 776
700 896
700 1018
700 1048
700 1211
700 1223
700 1491
700 1678
700 1970
701 712
701 736
701 786
701 791
701 876
701 896
701 1001
701 1033
701 1082
701 1101
701 1121
701 1308
701 1385
701 1390
701 1433
701 1494
701 1539
701 1641
701 1673
701 1847
701 1912
701 1983
702 720
702 751
702 940
702 946
702 1005
702 1007
702 1021
702 1033
702 1036
702 1202
702 1279
702 1485
702 1508
702 1524
702 1530
702 1533
702 1674
702 1822
702 1925
702 1947
703 800
703 868
703 948
703 999
703 1045
703 1063
703 1119
703 1174
703 1218
703 1380
703 1433
703 1540
703 1733
703 1770
703 1840
703 1935
703 1958
703 1981
704 801
704 894
704 1048
704 1273
704 1302
704 1347
704 1383
704 1407
704 1510
704 1558
704 1586
704 1653
704 1685
704 1775
704 1874
704 1901
704 1991
705 807
705 854
705 908
705 963
705 985
705 996
705 1234
705 1295
705 1321
705 1350
705 1450
705 1569
705 1578
705 1672
705 1746
705 1790
705 1902
705 1965
705 1967
706 1043
706 1172
706 1177
706 1236
706 1265
706 1386
706 1604
706 1624
706 1659
706 1825
706 1829
706 1889
706 1932
707 719
707 781
707 880
707 1044
707 1277
707 1326
707 1406
707 1467
707 1533
707 1569
707 1687
707 1733
707 1820
707 1900
707 1987
708 804
708 860
708 881
708 1057
708 1273
708 1313
708 1314
708 1362
708 1438
708 1457
708 1642
708 1674
708 1730
708 1794
708 1909
709 712
709 716
709 736
709 746
709 764
709 773
709 800
709 869
709 984
709 1090
709 1170
709 1273
709 1412
709 1414
709 1466
709 1536
709 1704
709 1794
709 1948
709 1996
710 1051
710 1069
710 1105
710 1122
710 1236
710 1272
710 1365
710 1482
710 1520
710 1565
710 1739
710 1831
710 1914
710 1938
711 777
711 801
711 948
711 1028
711 1168
711 1204
711 1254
711 1348
711 1478
711 1574
711 1736
711 1929
712 823
712 877
712 899
712 929
712 1006
712 1027
712 1074
712 1170
712 1304
712 1324
712 1359
712 1385
712 1449
712 1452
712 1549
712 1763
712 1787
712 1812
713 728
713 739
713 751
713 760
713 843
713 845
713 1111
713 1237
713 1242
713 1263
713 1290
713 1295
713 1371
713 1457
713 1497
713 1611
713 1768
713 1962
714 886
714 894
714 935
714 965
714 1055
714 1081
714 1246
714 1375
714 1383
714 1492
714 1511
714 1535
714 1620
714 1666
714 1759
714 1854
714 1953
715 740
715 756
715 866
715 905
715 1115
715 1117
715 1179
715 1312
715 1360
715 1388
715 1459
715 1487
715 1553
715 1651
715 1664
715 1692
715 1850
715 1886
715 1904
716 990
716 992
716 1011
716 1217
716 1267
716 1268
716 1412
716 1469
716 1593
716 1598
716 1666
716 1762
717 739
717 771
717 837
717 854
717 894
717 941
717 1119
717 1202
717 1289
717 1501
717 1561
717 1977
717 1979
718 792
718 805
718 838
718 851
718 860
718 912
718 932
718 993
718 1048
718 1060
718 1472
718 1489
718 1578
718 1611
718 1939
718 1988
719 744
719 836
719 1269
719 1288
719 1333
719 1376
719 1412
719 1658
719 1662
719 1722
719 1723
719 1815
719 1821
720 753
720 764
720 775
720 794
720 1111
720 1201
720 1284
720 1423
720 1433
720 1463
720 1481
720 1596
720 1729
720 1904
720 1983
721 792
721 898
721 978
721 1002
721 1094
721 1099
721 1121
721 1295
721 1372
721 1494
721 1521
721 1566
721 1622
721 1966
722 745
722 788
722 839
722 890
722 1066
722 1097
722 1123
722 1133
722 1137
722 1168
722 1222
722 1427
722 1513
722 1539
722 1631
722 1735
722 1814
722 1817
723 799
723 867
723 868
723 882
723 1010
723 1027
723 1151
723 1202
723 1277
723 1292
723 1331
723 1332
723 1620
723 1638
723 1686
723 1730
723 1779
723 1790
723 1867
723 1879
723 1905
724 814
724 996
724 1114
724 1390
724 1468
724 1617
724 1671
724 1796
724 1891
724 1907
725 728
725 827
725 952
725 977
725 978
725 1011
725 1012
725 1067
725 1172
725 1323
725 1382
725 1431
725 1537
725 1633
725 1702
725 1707
725 1725
725 1731
725 1761
725 1855
725 1883
726 885
726 925
726 974
726 1000
726 1147
726 1398
726 1447
726 1470
726 1536
726 1597
726 1647
726 1667
726 1707
726 1845
726 1858
726 1959
726 1973
726 1991
727 729
727 773
727 858
727 895
727 931
727 948
727 1112
727 1190
727 1257
727 1357
727 1395
727 1438
727 1596
727 1780
727 1854
727 1857
727 1994
727 1999
728 824
728 1118
728 1122
728 1224
728 1250
728 1264
728 1310
728 1388
728 1464
728 1560
728 1682
728 1698
728 1787
728 1888
728 1999
729 788
729 965
729 1174
729 1209
729 1430
729 1478
729 1488
729 1582
729 1593
729 1679
729 1687
729 1709
729 1789
729 1797
729 1984
730 922
730 988
730 1001
730 1007
730 1043
730 1125
730 1245
730 1251
730 1279
730 1289
730 1424
730 1542
730 1570
730 1583
730 1733
730 1777
730 1900
730 1949
731 805
731 821
731 825
731 870
731 890
731 977
731 1046
731 1053
731 1158
731 1234
731 1235
731 1263
731 1356
731 1361
731 1626
731 1775
731 1857
731 1949
731 1962
731 1988
732 741
732 788
732 1015
732 1021
732 1218
732 1249
732 1305
732 1580
732 1600
732 1627
732 1688
732 1904
732 1983
733 745
733 868
733 890
733 925
733 1126
733 1140
733 1218
733 1407
733 1609
733 1658
733 1723
733 1800
733 1813
733 1918
734 802
734 842
734 887
734 912
734 919
734 1191
734 1225
734 1373
734 1385
734 1388
734 1414
734 1450
734 1548
734 1555
734 1906
735 737
735 758
735 822
735 969
735 972
735 978
735 1176
735 1256
735 1471
735 1606
735 1700
735 1758
735 1889
735 1962
735 1984
736 783
736 842
736 1008
736 1019
736 1065
736 1164
736 1303
736 1328
736 1455
736 1579
736 1624
736 1800
736 1875
736 1888
736 1892
737 856
737 884
737 1048
737 1060
737 1096
737 1137
737 1156
737 1383
737 1395
737 1477
737 1628
737 1690
737 1707
737 1792
737 1803
737 1901
738 871
738 1099
738 1177
738 1308
738 1405
738 1432
738 1542
738 1700
738 1744
738 1760
738 1858
738 1860
739 822
739 855
739 874
739 927
739 1127
739 1163
739 1219
739 1435
739 1631
739 1654
739 1768
739 1772
739 1906
740 770
740 1036
740 1064
740 1073
740 1095
740 1136
740 1273
740 1335
740 1461
740 1483
740 1553
740 1593
740 1623
740 1642
740 1924
741 867
741 968
741 990
741 1106
741 1381
741 1414
741 1427
741 1445
741 1460
741 1494
741 1557
741 1578
741 1699
741 1751
741 1893
742 750
742 898
742 987
742 1035
742 1044
742 1150
742 1204
742 1226
742 1237
742 1271
742 1338
742 1371
742 1415
742 1625
742 1645
742 1693
742 1736
742 1761
742 1932
743 1001
743 1125
743 1264
743 1328
743 1391
743 1403
743 1618
743 1811
743 1847
743 1848
743 1952
744 866
744 882
744 914
744 1024
744 1066
744 1101
744 1102
744 1152
744 1273
744 1346
744 1381
744 1492
744 1526
744 1606
744 1737
744 1759
744 1870
744 1966
745 865
745 1088
745 1349
745 1456
745 1496
745 1620
745 1715
745 1845
745 1857
746 766
746 897
746 900
746 937
746 1137
746 1233
746 1237
746 1340
746 1366
746 1435
746 1519
746 1530
746 1570
746 1610
746 1653
746 1751
746 1837
746 1865
746 1982
746 1983
747 769
747 773
747 779
747 880
747 922
747 1313
747 1333
747 1335
747 1433
747 1434
747 1455
747 1463
747 1601
747 1614
747 1644
747 1867
748 1006
748 1252
748 1307
748 1337
748 1367
748 1512
748 1626
748 1627
748 1661
748 1876
748 1905
749 777
749 841
749 919
749 941
749 1038
749 1120
749 1136
749 1202
749 1333
749 1405
749 1451
749 1592
749 1599
749 1796
749 1986
750 782
750 935
750 962
750 1034
750 1037
750 1216
750 1375
750 1406
750 1421
750 1536
750 1632
750 1635
750 1671
750 1770
750 1969
750 1982
751 868
751 1042
751 1161
751 1222
751 1244
751 1398
751 1401
751 1555
751 1558
751 1595
751 1659
751 1707
751 1862
751 1958
752 923
752 1200
752 1319
752 1325
752 1355
752 1478
752 1511
752 1529
752 1710
752 1717
752 1764
752 1800
752 1827
752 1982
752 1984
752 1987
753 904
753 1095
753 1100
753 1191
753 1225
753 1463
753 1468
753 1816
753 1840
753 1953
753 1966
754 817
754 827
754 911
754 1087
754 1202
754 1212
754 1304
754 1386
754 1420
754 1428
754 1554
754 1713
754 1715
754 1804
754 1852
754 1859
754 1880
754 1908
754 1930
755 770
755 966
755 1085
755 1180
755 1225
755 1245
755 1315
755 1405
755 1574
755 1630
755 1647
755 1806
755 1812
755 1989
756 925
756 1099
756 1155
756 1167
756 1197
756 1233
756 1270
756 1435
756 1510
756 1581
756 1674
756 1751
756 1832
756 1833
756 1952
757 824
757 1028
757 1077
757 1082
757 1129
757 1213
757 1491
757 1562
757 1622
757 1701
757 1754
757 1929
758 815
758 881
758 895
758 905
758 988
758 1087
758 1170
758 1181
758 1369
758 1494
758 1588
758 1705
758 1759
758 1760
758 1776
758 1819
758 1963
759 784
759 809
759 888
759 931
759 974
759 990
759 994
759 1131
759 1137
759 1344
759 1494
759 1558
759 1982
760 976
760 1008
760 1026
760 1122
760 1235
760 1327
760 1422
760 1426
760 1573
760 1637
760 1671
760 1954
760 1973
761 961
761 974
761 998
761 1000
761 1047
761 1240
761 1253
761 1316
761 1388
761 1417
761 1484
761 1514
761 1518
761 1752
761 1786
761 1859
762 771
762 772
762 796
762 809
762 817
762 929
762 1031
762 1048
762 1129
762 1202
762 1236
762 1360
762 1401
762 1565
762 1614
762 1669
762 1691
762 1695
762 1696
762 1703
762 1725
762 1821
762 1825
762 1828
762 1832
762 1877
762 1899
762 1966
762 1993
763 789
763 849
763 899
763 961
763 964
763 973
763 1244
763 1254
763 1265
763 1347
763 1472
763 1579
763 1589
763 1616
763 1666
763 1820
763 1882
764 782
764 822
764 832
764 839
764 909
764 989
764 1228
764 1312
764 1380
764 1658
764 1867
764 1959
765 823
765 1202
765 1285
765 1295
765 1309
765 1311
765 1343
765 1398
765 1481
765 1504
765 1560
765 1576
765 1651
765 1722
765 1791
765 1907
765 1991
766 773
766 888
766 931
766 1035
766 1190
766 1293
766 1324
766 1355
766 1510
766 1595
766 1734
766 1855
766 1892
766 1966
766 1976
767 768
767 887
767 888
767 950
767 953
767 991
767 1069
767 1101
767 1212
767 1283
767 1350
767 1421
767 1438
767 1637
767 1653
767 1700
767 1787
767 1985
768 789
768 848
768 1070
768 1071
768 1085
768 1113
768 1141
768 1162
768 1186
768 1197
768 1243
768 1271
768 1286
768 1413
768 1533
768 1591
768 1753
768 1770
768 1875
768 1882
768 1950
769 839
769 873
769 1148
769 1197
769 1215
769 1222
769 1310
769 1357
769 1469
769 1490
769 1506
769 1559
769 1631
769 1693
769 1801
769 1876
770 772
770 786
770 936
770 1363
770 1510
770 1529
770 1551
770 1569
770 1573
770 1599
770 1654
770 1752
770 1794
770 1950
770 1969
771 943
771 1004
771 1048
771 1051
771 1179
771 1220
771 1271
771 1353
771 1669
771 1816
771 1990
772 791
772 864
772 869
772 899
772 1034
772 1043
772 1135
772 1214
772 1371
772 1402
772 1495
772 1497
772 1579
772 1947
772 1956
772 1964
773 986
773 1146
773 1259
773 1493
773 1494
773 1688
773 1693
773 1725
773 1968
774 778
774 798
774 935
774 986
774 1015
774 1076
774 1251
774 1327
774 1368
774 1419
774 1433
774 1438
774 1557
774 1587
774 1668
774 1843
774 1910
775 827
775 833
775 902
775 977
775 1057
775 1133
775 1401
775 1490
775 1494
775 1541
775 1582
775 1708
775 1761
775 1874
775 1897
775 1904
775 1924
776 827
776 1023
776 1034
776 1303
776 1345
776 1391
776 1561
776 1839
776 1929
777 825
777 850
777 1024
777 1029
777 1149
777 1167
777 1274
777 1288
777 1336
777 1370
777 1384
777 1393
777 1432
777 1459
777 1472
777 1570
777 1607
777 1610
777 1656
777 1734
777 1824
777 1922
778 969
778 1134
778 1214
778 1447
778 1461
778 1543
778 1546
778 1633
778 1711
778 1758
778 1886
778 1909
778 1973
779 882
779 987
779 1103
779 1104
779 1160
779 1172
779 1196
779 1259
779 1438
779 1517
779 1555
779 1688
779 1768
779 1860
779 1874
779 1960
779 1990
780 828
780 882
780 899
780 979
780 1042
780 1251
780 1321
780 1424
780 1451
780 1453
780 1476
780 1580
780 1617
780 1712
780 1729
780 1752
780 1905
781 799
781 834
781 836
781 869
781 966
781 980
781 1062
781 1071
781 1158
781 1429
781 1540
781 1613
781 1658
781 1683
781 1765
781 1844
781 1856
781 1970
782 809
782 919
782 940
782 993
782 1000
782 1065
782 1069
782 1145
782 1159
782 1227
782 1362
782 1389
782 1567
782 1611
782 1732
782 1880
782 1963
782 1970
782 1989
783 844
783 879
783 881
783 895
783 918
783 1010
783 1126
783 1311
783 1369
783 1479
783 1570
783 1619
783 1804
784 837
784 848
784 910
784 924
784 1162
784 1175
784 1359
784 1405
784 1558
784 1596
784 1602
784 1664
784 1705
784 1713
784 1754
784 1770
784 1787
784 1872
785 924
785 963
785 1017
785 1049
785 1155
785 1346
785 1398
785 1403
785 1456
785 1500
785 1541
785 1545
785 1561
785 1600
785 1666
785 1749
785 1776
785 1810
785 1912
785 1926
786 859
786 1130
786 1160
786 1239
786 1253
786 1303
786 1361
786 1473
786 1474
786 1495
786 1530
786 1711
786 1730
786 1777
786 1811
786 1935
786 1986
787 1082
787 1140
787 1252
787 1431
787 1519
787 1543
787 1715
787 1791
787 1829
787 1896
788 869
788 1134
788 1172
788 1283
788 1471
788 1489
788 1501
788 1758
788 1862
788 1881
789 935
789 950
789 1132
789 1243
789 1291
789 1320
789 1391
789 1402
789 1531
789 1843
789 1973
790 1021
790 1088
790 1297
790 1356
790 1382
790 1510
790 1674
790 1739
790 1795
790 1865
790 1946
790 1981
791 826
791 829
791 930
791 1037
791 1246
791 1454
791 1472
791 1564
791 1679
792 800
792 909
792 924
792 997
792 1063
792 1306
792 1464
792 1479
792 1696
792 1971
793 904
793 945
793 1093
793 1109
793 1406
793 1635
793 1730
793 1872
793 1886
793 1962
794 1177
794 1242
794 1280
794 1347
794 1367
794 1486
794 1502
794 1647
794 1655
794 1840
794 1960
795 863
795 1152
795 1294
795 1326
795 1373
795 1407
795 1409
795 1458
795 1502
795 1634
795 1636
795 1749
795 1784
795 1850
795 1990
796 799
796 929
796 1041
796 1101
796 1200
796 1236
796 1246
796 1259
796 1413
796 1501
796 1614
796 1685
796 1696
796 1703
796 1832
796 1877
796 1899
796 1966
796 1999
797 906
797 940
797 1017
797 1110
797 1118
797 1244
797 1308
797 1375
797 1442
797 1735
797 1755
797 1866
797 1946
798 946
798 1051
798 1138
798 1152
798 1271
798 1308
798 1565
798 1702
798 1722
798 1730
798 1731
798 1743
798 1950
799 1056
799 1065
799 1305
799 1311
799 1460
799 1463
799 1472
799 1572
799 1611
799 1661
799 1739
799 1823
799 1856
799 1857
799 1861
800 817
800 854
800 878
800 962
800 986
800 1158
800 1175
800 1222
800 1337
800 1357
800 1386
800 1415
800 1512
800 1590
800 1641
800 1852
800 1911
801 853
801 1168
801 1207
801 1270
801 1278
801 1637
801 1801
801 1811
801 1849
801 1961
801 1998
802 864
802 936
802 1072
802 1094
802 1127
802 1161
802 1213
802 1277
802 1279
802 1362
802 1514
802 1663
802 1710
802 1711
802 1816
803 817
803 864
803 902
803 925
803 990
803 1142
803 1205
803 1299
803 1525
803 1572
803 1672
803 1702
803 1822
804 997
804 1029
804 1297
804 1504
804 1560
804 1613
804 1627
804 1734
804 1740
804 1868
804 1932
804 1988
805 902
805 1030
805 1101
805 1164
805 1190
805 1211
805 1335
805 1371
805 1415
805 1453
805 1751
805 1767
805 1805
805 1858
806 900
806 913
806 922
806 930
806 1167
806 1198
806 1274
806 1342
806 1463
806 1497
806 1522
806 1527
806 1938
806 1979
807 852
807 940
807 967
807 1014
807 1016
807 1107
807 1414
807 1431
807 1507
807 1699
807 1768
807 1856
807 1886
807 1987
807 1992
808 867
808 922
808 930
808 1174
808 1237
808 1324
808 1344
808 1349
808 1535
808 1672
808 1703
808 1846
808 1910
808 1943
809 849
809 930
809 983
809 994
809 1361
809 1421
809 1441
809 1485
809 1523
809 1771
809 1969
810 864
810 1149
810 1250
810 1293
810 1383
810 1556
810 1632
810 1716
810 1731
810 1768
810 1853
810 1877
810 1905
811 845
811 901
811 907
811 1012
811 1080
811 1127
811 1285
811 1429
811 1461
811 1589
811 1624
811 1645
811 1816
811 1834
811 1954
811 1963
812 825
812 865
812 975
812 982
812 1058
812 1150
812 1155
812 1328
812 1453
812 1638
812 1782
812 1853
813 890
813 932
813 994
813 1009
813 1066
813 1090
813 1094
813 1317
813 1401
813 1512
813 1539
813 1544
814 839
814 869
814 882
814 887
814 1012
814 1100
814 1107
814 1111
814 1212
814 1416
814 1456
814 1671
814 1740
814 1743
814 1813
814 1854
814 1985
815 819
815 917
815 1191
815 1209
815 1424
815 1469
815 1540
815 1571
815 1699
815 1764
815 1788
815 1878
815 1932
815 1948
815 1955
816 1033
816 1070
816 1135
816 1183
816 1216
816 1219
816 1238
816 1315
816 1400
816 1443
816 1634
816 1681
816 1915
817 916
817 944
817 1020
817 1123
817 1156
817 1235
817 1241
817 1256
817 1311
817 1403
817 1476
817 1557
817 1723
817 1753
817 1837
817 1946
817 1961
817 1987
818 931
818 937
818 977
818 1158
818 1342
818 1621
818 1642
818 1792
818 1847
819 986
819 1202
819 1267
819 1323
819 1326
819 1349
819 1395
819 1397
819 1406
819 1439
819 1453
819 1456
819 1481
819 1548
819 1589
819 1805
819 1806
819 1846
819 1904
820 827
820 853
820 1005
820 1014
820 1036
820 1146
820 1200
820 1252
820 1365
820 1497
820 1503
820 1568
820 1826
820 1969
821 917
821 1195
821 1215
821 1230
821 1233
821 1401
821 1521
821 1555
821 1575
821 1598
821 1692
821 1734
821 1743
821 1776
821 1794
821 1916
821 1965
822 1077
822 1313
822 1426
822 1447
822 1450
822 1497
822 1545
822 1570
822 1612
822 1672
822 1958
823 824
823 1016
823 1127
823 1217
823 1510
823 1638
823 1659
823 1679
823 1705
823 1716
823 1745
823 1763
823 1844
823 1931
824 905
824 958
824 968
824 1007
824 1157
824 1332
824 1431
824 1440
824 1638
824 1668
824 1738
824 1903
824 1933
824 1966
824 1969
825 844
825 980
825 1148
825 1154
825 1325
825 1346
825 1597
825 1678
825 1799
825 1894
825 1990
825 1992
826 838
826 843
826 1051
826 1260
826 1272
826 1330
826 1385
826 1404
826 1559
826 1578
826 1672
826 1697
826 1699
826 1743
826 1766
826 1787
826 1877
826 1901
826 1902
826 1910
826 1911
826 1951
827 1124
827 1146
827 1201
827 1353
827 1413
827 1442
827 1491
827 1716
827 1720
827 1808
827 1810
827 1917
828 837
828 1275
828 1343
828 1453
828 1492
828 1580
828 1601
828 1647
828 1861
828 1922
828 1932
828 1994
829 843
829 888
829 939
829 1011
829 1189
829 1251
829 1273
829 1448
829 1484
829 1663
829 1696
829 1708
829 1813
829 1916
829 1953
830 875
830 948
830 1025
830 1148
830 1158
830 1272
830 1293
830 1316
830 1358
830 1402
830 1421
830 1595
830 1611
830 1669
830 1843
830 1943
831 843
831 932
831 942
831 976
831 980
831 1027
831 1085
831 1172
831 1183
831 1265
831 1476
831 1488
831 1562
831 1717
831 1945
831 1997
832 853
832 918
832 949
832 964
832 1039
832 1040
832 1193
832 1195
832 1205
832 1448
832 1466
832 1476
832 1535
832 1572
832 1590
832 1620
832 1639
832 1642
832 1702
833 868
833 901
833 1099
833 1216
833 1249
833 1372
833 1391
833 1411
833 1412
833 1415
833 1431
833 1462
833 1566
833 1628
833 1682
833 1769
833 1875
833 1965
833 1999
834 933
834 1026
834 1070
834 1081
834 1167
834 1320
834 1452
834 1520
834 1583
834 1679
834 1711
834 1724
834 1786
834 1823
834 1889
834 1891
834 1948
835 888
835 981
835 1040
835 1196
835 1210
835 1253
835 1302
835 1323
835 1382
835 1383
835 1408
835 1516
835 1528
835 1653
835 1951
835 1973
836 853
836 965
836 1206
836 1236
836 1289
836 1360
836 1381
836 1478
836 1484
836 1490
836 1495
836 1605
836 1656
836 1674
836 1705
836 1756
836 1777
836 1784
836 1878
836 1982
837 884
837 887
837 904
837 1016
837 1169
837 1182
837 1202
837 1239
837 1294
837 1415
837 1461
837 1539
837 1689
837 1760
837 1852
837 1881
838 869
838 954
838 957
838 960
838 989
838 996
838 998
838 1033
838 1050
838 1065
838 1171
838 1172
838 1327
838 1527
838 1572
838 1585
838 1607
838 1681
838 1782
838 1899
838 1957
839 880
839 1000
839 1102
839 1149
839 1205
839 1231
839 1277
839 1287
839 1356
839 1403
839 1493
839 1537
839 1576
839 1652
839 1674
839 1680
839 1714
839 1742
839 1797
839 1941
839 1993
840 901
840 951
840 1022
840 1073
840 1098
840 1177
840 1287
840 1305
840 1357
840 1378
840 1409
840 1540
840 1563
840 1580
840 1636
840 1665
840 1680
840 1828
840 1837
840 1895
840 1951
841 879
841 916
841 1030
841 1175
841 1187
841 1198
841 1248
841 1362
841 1367
841 1402
841 1505
841 1551
841 1695
841 1792
841 1856
841 1961
842 866
842 897
842 936
842 987
842 1056
842 1074
842 1098
842 1135
842 1237
842 1244
842 1278
842 1290
842 1373
842 1409
842 1440
842 1469
842 1686
842 1831
842 1857
842 1910
843 855
843 858
843 942
843 1269
843 1536
843 1544
843 1585
843 1657
843 1857
844 1116
844 1219
844 1262
844 1365
844 1371
844 1428
844 1674
844 1689
844 1796
844 1875
845 875
845 903
845 940
845 1062
845 1085
845 1148
845 1480
845 1836
845 1980
846 851
846 1033
846 1112
846 1117
846 1134
846 1152
846 1162
846 1340
846 1341
846 1431
846 1543
846 1567
846 1604
846 1622
846 1749
846 1949
847 848
847 855
847 864
847 1011
847 1055
847 1142
847 1298
847 1440
847 1466
847 1582
847 1599
847 1611
847 1623
847 1631
847 1812
847 1974
848 981
848 1037
848 1148
848 1190
848 1228
848 1249
848 1287
848 1382
848 1531
848 1606
848 1680
848 1782
848 1806
848 1843
848 1897
848 1949
848 1999
849 871
849 873
849 1014
849 1053
849 1076
849 1120
849 1122
849 1130
849 1286
849 1349
849 1386
849 1427
849 1429
849 1642
849 1716
849 1822
850 985
850 1022
850 1123
850 1213
850 1261
850 1345
850 1539
850 1573
850 1636
850 1747
850 1823
851 1002
851 1251
851 1482
851 1489
851 1532
851 1602
851 1652
851 1743
851 1790
851 1916
852 887
852 939
852 989
852 1014
852 1106
852 1269
852 1277
852 1332
852 1415
852 1529
852 1561
852 1589
852 1608
852 1627
852 1630
852 1642
852 1820
852 1954
853 931
853 972
853 1071
853 1133
853 1218
853 1326
853 1350
853 1544
853 1594
853 1628
853 1712
853 1960
853 1993
854 1121
854 1151
854 1161
854 1168
854 1197
854 1270
854 1274
854 1312
854 1457
854 1476
854 1509
854 1538
854 1545
854 1620
854 1645
854 1695
854 1828
854 1835
854 1950
854 1964
855 958
855 1252
855 1273
855 1444
855 1445
855 1544
855 1550
855 1648
855 1664
855 1720
855 1787
855 1859
855 1893
855 1909
855 1924
856 890
856 1068
856 1070
856 1137
856 1219
856 1262
856 1314
856 1394
856 1467
856 1491
856 1513
856 1551
856 1587
856 1797
856 1926
857 1013
857 1124
857 1178
857 1218
857 1360
857 1616
857 1622
857 1837
857 1989
858 949
858 988
858 1224
858 1241
858 1282
858 1727
858 1793
858 1859
858 1923
859 876
859 971
859 1070
859 1159
859 1172
859 1279
859 1410
859 1438
859 1471
859 1532
859 1554
859 1574
859 1613
859 1614
859 1703
859 1732
859 1839
860 912
860 972
860 1014
860 1033
860 1094
860 1098
860 1137
860 1184
860 1309
860 1365
860 1436
860 1443
860 1474
860 1516
860 1671
860 1747
860 1784
861 1071
861 1184
861 1224
861 1385
861 1432
861 1451
861 1577
861 1640
861 1751
861 1768
861 1881
862 897
862 901
862 941
862 1031
862 1032
862 1169
862 1180
862 1299
862 1443
862 1628
862 1658
862 1740
862 1874
862 1887
862 1914
863 871
863 894
863 973
863 978
863 1028
863 1111
863 1197
863 1218
863 1250
863 1261
863 1465
863 1754
863 1841
863 1842
863 1950
864 871
864 1119
864 1169
864 1210
864 1228
864 1576
864 1611
864 1769
864 1936
864 1955
865 910
865 1016
865 1093
865 1196
865 1284
865 1326
865 1342
865 1418
865 1479
865 1581
865 1745
865 1824
865 1904
865 1967
866 1028
866 1104
866 1136
866 1250
866 1260
866 1509
866 1513
866 1546
866 1586
866 1722
866 1798
866 1834
866 1913
867 1059
867 1366
867 1420
867 1426
867 1490
867 1504
867 1560
867 1581
867 1643
867 1687
867 1705
867 1884
867 1921
867 1928
867 1948
868 1157
868 1183
868 1188
868 1395
868 1457
868 1529
868 1637
868 1682
868 1795
868 1929
868 1983
868 1997
869 871
869 879
869 936
869 992
869 1027
869 1041
869 1054
869 1123
869 1144
869 1225
869 1368
869 1509
869 1575
869 1620
870 878
870 912
870 1066
870 1078
870 1089
870 1169
870 1252
870 1287
870 1490
870 1577
870 1777
870 1802
870 1813
870 1874
870 1945
870 1954
870 1978
871 891
871 1399
871 1420
871 1495
871 1665
871 1757
871 1819
871 1865
871 1934
872 915
872 1044
872 1063
872 1112
872 1368
872 1373
872 1489
872 1543
872 1624
872 1697
872 1729
872 1766
872 1783
872 1790
872 1832
872 1843
872 1949
873 1129
873 1147
873 1202
873 1382
873 1412
873 1534
873 1558
873 1673
873 1694
873 1732
873 1999
874 916
874 1043
874 1050
874 1051
874 1063
874 1303
874 1848
874 1867
874 1986
875 1019
875 1040
875 1059
875 1107
875 1118
875 1143
875 1208
875 1233
875 1274
875 1920
876 910
876 1007
876 1098
876 1127
876 1133
876 1224
876 1285
876 1333
876 1408
876 1541
876 1553
876 1718
876 1749
876 1885
876 1973
877 890
877 907
877 927
877 1058
877 1220
877 1333
877 1368
877 1371
877 1467
877 1608
877 1728
877 1736
877 1896
878 897
878 924
878 1031
878 1160
878 1212
878 1216
878 1297
878 1660
878 1691
878 1773
878 1861
878 1953
879 939
879 1090
879 1137
879 1190
879 1376
879 1515
879 1607
879 1871
880 947
880 958
880 1067
880 1106
880 1117
880 1143
880 1203
880 1242
880 1330
880 1363
880 1412
880 1665
880 1761
880 1873
880 1978
881 893
881 896
881 1011
881 1131
881 1321
881 1387
881 1444
881 1489
881 1598
881 1752
881 1883
882 936
882 954
882 959
882 1248
882 1268
882 1338
882 1353
882 1569
882 1650
882 1701
882 1784
882 1873
882 1944
883 1080
883 1091
883 1112
883 1221
883 1238
883 1250
883 1299
883 1350
883 1453
883 1614
883 1682
884 942
884 967
884 995
884 1007
884 1041
884 1265
884 1323
884 1532
884 1577
884 1625
884 1640
884 1675
884 1685
884 1871
884 1931
884 1982
885 957
885 1091
885 1233
885 1237
885 1240
885 1468
885 1473
885 1509
885 1737
885 1751
885 1876
885 1936
885 1964
886 932
886 1049
886 1132
886 1335
886 1464
886 1545
886 1550
886 1735
886 1741
886 1928
886 1941
887 1012
887 1102
887 1129
887 1247
887 1412
887 1441
887 1458
887 1522
887 1770
887 1900
887 1902
887 1905
887 1908
888 970
888 1038
888 1039
888 1058
888 1061
888 1176
888 1369
888 1387
888 1430
888 1450
888 1569
888 1632
888 1672
888 1695
888 1731
888 1808
888 1865
888 1870
888 1907
888 1928
888 1948
888 1959
888 1985
888 1991
888 1995
889 933
889 1031
889 1147
889 1213
889 1301
889 1345
889 1552
889 1676
889 1707
889 1739
890 971
890 976
890 1030
890 1087
890 1109
890 1249
890 1348
890 1367
890 1402
890 1540
890 1683
890 1699
890 1815
891 907
891 1131
891 1227
891 1266
891 1369
891 1445
891 1487
891 1597
891 1766
891 1858
891 1956
892 1041
892 1056
892 1077
892 1086
892 1190
892 1264
892 1320
892 1324
892 1341
892 1437
892 1505
892 1526
892 1541
892 1553
892 1589
892 1594
892 1609
892 1860
892 1905
892 1943
893 1238
893 1278
893 1489
893 1512
893 1513
893 1555
893 1800
893 1828
893 1917
893 1977
894 945
894 1006
894 1019
894 1131
894 1229
894 1302
894 1397
894 1410
894 1509
894 1534
894 1791
894 1829
894 1938
895 948
895 1091
895 1180
895 1395
895 1460
895 1699
895 1710
895 1732
895 1823
895 1826
895 1900
895 1957
896 923
896 926
896 1017
896 1025
896 1253
896 1427
896 1449
896 1507
896 1690
896 1916
896 1980
897 929
897 1018
897 1046
897 1130
897 1150
897 1161
897 1163
897 1547
897 1712
897 1860
897 1887
897 1949
897 1973
898 1002
898 1019
898 1134
898 1142
898 1174
898 1194
898 1220
898 1265
898 1515
898 1523
898 1563
898 1591
898 1761
898 1893
898 1943
899 1041
899 1161
899 1182
899 1266
899 1401
899 1452
899 1461
899 1664
899 1709
899 1800
899 1807
899 1995
900 954
900 1028
900 1041
900 1109
900 1130
900 1132
900 1434
900 1569
900 1594
900 1838
900 1917
901 994
901 1056
901 1081
901 1085
901 1102
901 1376
901 1415
901 1455
901 1466
901 1506
901 1703
901 1780
901 1983
902 924
902 928
902 989
902 1057
902 1107
902 1238
902 1493
902 1538
902 1774
903 922
903 933
903 982
903 1152
903 1243
903 1309
903 1474
903 1566
903 1607
903 1675
903 1902
903 1953
903 1983
904 1044
904 1201
904 1205
904 1280
904 1483
904 1553
904 1662
904 1705
904 1751
904 1776
904 1838
905 911
905 933
905 946
905 1005
905 1095
905 1237
905 1311
905 1312
905 1454
905 1622
905 1634
905 1666
905 1702
905 1842
905 1844
905 1873
906 915
906 934
906 1272
906 1330
906 1484
906 1496
906 1556
906 1679
906 1706
906 1724
906 1820
906 1955
907 1025
907 1040
907 1379
907 1423
907 1441
907 1488
907 1625
907 1682
907 1700
907 1713
907 1743
907 1753
907 1964
908 945
908 955
908 961
908 997
908 1052
908 1132
908 1201
908 1361
908 1438
908 1508
908 1536
908 1681
908 1716
908 1807
908 1815
908 1869
909 1032
909 1076
909 1120
909 1132
909 1185
909 1396
909 1445
909 1446
909 1650
909 1817
909 1861
909 1937
909 1967
910 991
910 1028
910 1054
910 1057
910 1136
910 1231
910 1348
910 1372
910 1419
910 1460
910 1574
910 1677
910 1969
911 963
911 1015
911 1055
911 1059
911 1143
911 1228
911 1299
911 1343
911 1415
911 1431
911 1434
911 1718
911 1884
912 1198
912 1241
912 1347
912 1348
912 1373
912 1380
912 1546
912 1549
912 1603
912 1829
912 1931
912 1933
913 934
913 976
913 997
913 1039
913 1047
913 1084
913 1305
913 1337
913 1343
913 1382
913 1451
913 1544
913 1615
913 1657
913 1771
913 1777
913 1783
913 1835
914 1054
914 1110
914 1165
914 1219
914 1239
914 1424
914 1426
914 1453
914 1697
914 1709
914 1814
914 1981
915 942
915 950
915 953
915 957
915 1057
915 1305
915 1316
915 1547
915 1583
915 1587
915 1596
915 1620
915 1724
915 1894
915 1946
916 1129
916 1271
916 1358
916 1427
916 1586
916 1915
917 985
917 997
917 1072
917 1121
917 1172
917 1295
917 1399
917 1441
917 1448
917 1619
917 1648
917 1728
917 1784
917 1980
918 919
918 972
918 1100
918 1119
918 1139
918 1270
918 1346
918 1434
918 1444
918 1474
918 1632
918 1921
919 971
919 976
919 1107
919 1154
919 1178
919 1331
919 1665
919 1740
919 1876
919 1983
919 1986
920 977
920 1005
920 1028
920 1059
920 1146
920 1202
920 1267
920 1323
920 1370
920 1499
920 1625
920 1727
920 1736
920 1947
921 924
921 939
921 1053
921 1189
921 1279
921 1283
921 1317
921 1429
921 1487
921 1713
921 1834
922 1092
922 1119
922 1178
922 1297
922 1364
922 1428
922 1470
922 1500
922 1821
922 1958
923 1078
923 1141
923 1243
923 1263
923 1334
923 1462
923 1483
923 1556
923 1579
923 1723
923 1791
923 1866
923 1966
923 1975
924 1026
924 1279
924 1556
924 1651
924 1816
925 945
925 1114
925 1228
925 1254
925 1274
925 1299
925 1317
925 1457
925 1539
925 1549
925 1593
925 1730
925 1814
925 1952
926 1058
926 1066
926 1114
926 1314
926 1362
926 1385
926 1389
926 1445
926 1803
926 1870
926 1875
926 1921
926 1974
927 972
927 992
927 1134
927 1179
927 1305
927 1373
927 1454
927 1472
927 1489
927 1511
927 1816
927 1882
928 1000
928 1002
928 1060
928 1169
928 1226
928 1355
928 1436
928 1441
928 1510
928 1540
928 1598
928 1696
928 1723
928 1804
928 1920
928 1979
929 1018
929 1041
929 1147
929 1236
929 1262
929 1313
929 1352
929 1431
929 1520
929 1614
929 1619
929 1696
929 1703
929 1722
929 1832
929 1835
929 1877
929 1899
929 1966
929 1977
929 1990
930 962
930 1023
930 1096
930 1163
930 1255
930 1276
930 1299
930 1351
930 1525
930 1541
930 1563
930 1779
931 1145
931 1167
931 1289
931 1515
931 1529
931 1761
931 1783
931 1801
931 1817
931 1832
931 1927
932 1041
932 1230
932 1394
932 1432
932 1454
932 1557
932 1866
932 1930
933 1110
933 1145
933 1272
933 1652
933 1655
933 1705
933 1744
933 1767
933 1789
933 1803
933 1829
933 1856
933 1863
933 1870
934 943
934 964
934 970
934 1153
934 1212
934 1274
934 1358
934 1366
934 1459
934 1535
934 1577
934 1843
934 1893
934 1911
935 952
935 1030
935 1107
935 1529
935 1576
935 1628
935 1667
935 1747
935 1749
935 1802
935 1826
935 1863
935 1897
935 1920
936 963
936 1209
936 1391
936 1492
936 1542
936 1585
936 1627
936 1748
936 1825
936 1864
936 1899
936 1907
937 1033
937 1145
937 1195
937 1306
937 1587
937 1630
937 1647
937 1654
937 1677
937 1704
937 1741
937 1746
937 1783
937 1825
937 1892
937 1895
937 1952
938 982
938 1058
938 1064
938 1177
938 1398
938 1429
938 1442
938 1487
938 1564
938 1614
938 1769
938 1855
938 1938
938 1947
939 962
939 1069
939 1081
939 1134
939 1182
939 1220
939 1248
939 1390
939 1475
939 1496
939 1537
939 1550
939 1721
939 1757
939 1793
940 1146
940 1409
940 1501
940 1505
940 1567
940 1644
940 1708
940 1767
940 1852
940 1904
941 1036
941 1239
941 1269
941 1495
941 1502
941 1684
941 1780
941 1796
941 1907
942 1049
942 1245
942 1365
942 1394
942 1435
942 1440
942 1488
942 1639
942 1829
942 1998
943 988
943 1066
943 1394
943 1472
943 1509
943 1512
943 1535
943 1641
943 1735
943 1757
943 1784
943 1819
943 1820
943 1952
944 1028
944 1129
944 1154
944 1183
944 1191
944 1290
944 1412
944 1490
944 1507
944 1556
944 1584
944 1649
944 1713
944 1778
944 1910
944 1970
945 948
945 1040
945 1075
945 1144
945 1148
945 1216
945 1269
945 1286
945 1305
945 1311
945 1564
945 1669
945 1739
945 1839
945 1930
945 1980
946 959
946 1017
946 1045
946 1106
946 1175
946 1220
946 1237
946 1251
946 1487
946 1604
946 1809
946 1834
946 1884
946 1925
947 1095
947 1237
947 1295
947 1421
947 1426
947 1648
947 1699
947 1807
947 1919
947 1940
948 950
948 1130
948 1227
948 1238
948 1250
948 1266
948 1348
948 1382
948 1494
948 1556
948 1713
948 1731
948 1804
948 1820
948 1990
949 1126
949 1218
949 1242
949 1284
949 1358
949 1458
949 1554
949 1659
949 1725
949 1757
949 1810
950 952
950 1222
950 1229
950 1332
950 1635
950 1785
950 1831
950 1840
950 1861
950 1910
950 1975
951 993
951 1057
951 1301
951 1377
951 1382
951 1404
951 1430
951 1459
951 1684
951 1797
952 995
952 1077
952 1201
952 1210
952 1225
952 1263
952 1379
952 1525
952 1612
952 1639
952 1679
952 1727
952 1798
953 979
953 1023
953 1101
953 1105
953 1117
953 1240
953 1424
953 1604
953 1621
953 1680
953 1763
953 1822
953 1829
954 957
954 1198
954 1245
954 1297
954 1334
954 1516
954 1603
954 1619
954 1625
954 1690
954 1712
954 1827
954 1915
955 987
955 1099
955 1127
955 1184
955 1218
955 1260
955 1278
955 1299
955 1476
955 1478
955 1998
956 1061
956 1063
956 1295
956 1316
956 1351
956 1379
956 1569
956 1606
956 1695
956 1745
956 1749
956 1961
956 1983
957 1058
957 1090
957 1191
957 1239
957 1248
957 1353
957 1371
957 1539
957 1683
957 1715
957 1772
957 1983
958 969
958 1011
958 1090
958 1144
958 1211
958 1230
958 1302
958 1335
958 1403
958 1413
958 1499
958 1649
958 1802
958 1828
958 1874
959 977
959 985
959 995
959 1007
959 1042
959 1160
959 1293
959 1317
959 1404
959 1416
959 1419
959 1618
959 1663
959 1749
959 1762
959 1842
960 1049
960 1055
960 1175
960 1192
960 1215
960 1265
960 1278
960 1279
960 1554
960 1571
960 1671
960 1703
960 1725
960 1873
960 1971
961 1149
961 1163
961 1170
961 1210
961 1433
961 1475
961 1545
961 1580
961 1698
961 1867
961 1916
962 975
962 1178
962 1181
962 1267
962 1494
962 1571
962 1572
962 1733
962 1770
962 1851
962 1854
962 1891
962 1979
963 1042
963 1185
963 1302
963 1323
963 1378
963 1451
963 1520
963 1541
963 1573
963 1578
963 1685
963 1724
963 1771
964 1033
964 1101
964 1202
964 1278
964 1315
964 1373
964 1545
964 1678
964 1732
964 1859
964 1927
965 1011
965 1145
965 1237
965 1307
965 1415
965 1419
965 1455
965 1483
965 1616
965 1628
965 1832
965 1924
966 990
966 1091
966 1121
966 1154
966 1189
966 1229
966 1259
966 1292
966 1297
966 1405
966 1691
966 1704
966 1739
966 1740
966 1853
967 1137
967 1338
967 1459
967 1475
967 1490
967 1511
967 1520
967 1615
967 1727
967 1762
967 1841
967 1939
967 1942
967 1962
968 1071
968 1084
968 1250
968 1296
968 1309
968 1387
968 1437
968 1476
968 1526
968 1573
968 1656
968 1676
968 1699
968 1703
968 1747
968 1931
969 1045
969 1192
969 1234
969 1271
969 1280
969 1286
969 1339
969 1415
969 1462
969 1698
969 1749
969 1896
970 1025
970 1051
970 1070
970 1105
970 1132
970 1240
970 1247
970 1360
970 1447
970 1452
970 1502
970 1544
970 1693
970 1761
970 1909
970 1975
971 998
971 1040
971 1105
971 1243
971 1251
971 1340
971 1438
971 1638
971 1686
971 1735
971 1739
971 1784
971 1836
971 1844
971 1865
972 1056
972 1058
972 1127
972 1187
972 1327
972 1448
972 1525
972 1665
972 1733
972 1756
972 1776
972 1830
973 1443
973 1540
973 1572
973 1595
973 1617
973 1636
973 1798
973 1863
973 1895
974 1223
974 1291
974 1311
974 1443
974 1470
974 1480
974 1508
974 1522
974 1542
974 1552
974 1832
974 1948
975 998
975 1130
975 1621
975 1632
975 1699
975 1733
975 1737
975 1849
975 1936
976 999
976 1012
976 1021
976 1041
976 1177
976 1247
976 1283
976 1442
976 1547
976 1614
976 1781
976 1810
976 1923
977 1061
977 1223
977 1245
977 1292
977 1366
977 1468
977 1492
977 1515
977 1639
977 1718
977 1771
977 1788
977 1801
977 1827
977 1947
978 994
978 1129
978 1194
978 1260
978 1288
978 1374
978 1700
978 1726
978 1732
978 1799
978 1802
978 1925
978 1998
979 981
979 1216
979 1230
979 1432
979 1511
979 1548
979 1575
979 1754
979 1758
979 1890
979 1965
979 1992
980 1003
980 1019
980 1049
980 1290
980 1419
980 1420
980 1511
980 1512
980 1553
980 1692
980 1735
980 1811
980 1829
980 1831
980 1918
980 1941
980 1960
981 987
981 1166
981 1297
981 1369
981 1424
981 1594
981 1631
981 1783
981 1885
981 1887
981 1908
981 1927
982 1046
982 1114
982 1147
982 1244
982 1273
982 1349
982 1483
982 1489
982 1572
982 1943
982 1987
982 1992
983 1070
983 1167
983 1281
983 1430
983 1463
983 1508
983 1562
983 1679
983 1956
983 1971
984 986
984 1009
984 1118
984 1410
984 1585
984 1838
984 1944
984 1950
984 1966
985 1334
985 1436
985 1488
985 1638
985 1838
985 1895
986 1012
986 1191
986 1197
986 1244
986 1288
986 1348
986 1376
986 1421
986 1501
986 1511
986 1544
986 1551
986 1553
986 1585
986 1707
986 1816
986 1907
987 1025
987 1115
987 1118
987 1269
987 1520
987 1619
987 1679
987 1964
988 1057
988 1069
988 1122
988 1247
988 1254
988 1270
988 1298
988 1360
988 1454
988 1460
988 1560
988 1698
988 1880
988 1887
988 1933
988 1960
989 994
989 1194
989 1212
989 1245
989 1361
989 1702
989 1749
989 1843
989 1852
989 1993
990 1010
990 1017
990 1221
990 1225
990 1352
990 1429
990 1552
990 1642
990 1727
990 1762
990 1813
990 1952
990 1970
990 1996
991 1046
991 1055
991 1132
991 1382
991 1396
991 1535
991 1557
991 1580
991 1606
991 1689
991 1731
991 1844
991 1936
992 1026
992 1028
992 1097
992 1154
992 1239
992 1357
992 1485
992 1536
992 1541
992 1646
992 1737
992 1914
993 1033
993 1236
993 1261
993 1422
993 1632
993 1678
993 1698
993 1702
993 1850
993 1858
994 1050
994 1133
994 1645
994 1735
995 1098
995 1264
995 1381
995 1386
995 1422
995 1468
995 1474
995 1548
995 1674
995 1697
995 1762
995 1786
996 1008
996 1037
996 1052
996 1071
996 1189
996 1235
996 1303
996 1437
996 1771
996 1935
997 1170
997 1315
997 1353
997 1637
997 1948
998 1060
998 1374
998 1381
998 1485
998 1622
998 1754
998 1812
998 1827
998 1832
998 1841
999 1003
999 1112
999 1140
999 1275
999 1303
999 1393
999 1409
999 1578
999 1723
999 1840
999 1898
999 1925
999 1944
1000 1028
1000 1062
1000 1165
1000 1285
1000 1442
1000 1451
1000 1566
1000 1583
1000 1640
1000 1888
1000 1915
1000 1922
1000 1980
1001 1010
1001 1025
1001 1459
1001 1464
1001 1472
1001 1564
1001 1640
1001 1714
1001 1829
1001 1890
1002 1100
1002 1207
1002 1210
1002 1258
1002 1427
1002 1509
1002 1569
1002 1577
1002 1659
1002 1813
1002 1831
1002 1989
1003 1073
1003 1083
1003 1474
1003 1484
1003 1580
1003 1632
1003 1640
1003 1805
1003 1935
1003 1945
1004 1044
1004 1070
1004 1328
1004 1350
1004 1355
1004 1503
1004 1513
1004 1529
1004 1567
1004 1593
1004 1648
1004 1711
1004 1760
1004 1786
1004 1894
1004 1951
1005 1034
1005 1415
1005 1457
1005 1527
1005 1560
1005 1582
1005 1657
1005 1736
1005 1844
1005 1848
1005 1874
1005 1939
1006 1070
1006 1152
1006 1192
1006 1255
1006 1341
1006 1441
1006 1470
1006 1491
1006 1547
1006 1568
1006 1596
1006 1633
1006 1676
1006 1703
1006 1824
1007 1102
1007 1174
1007 1209
1007 1216
1007 1217
1007 1372
1007 1511
1007 1530
1007 1625
1007 1859
1007 1882
1008 1030
1008 1101
1008 1157
1008 1322
1008 1356
1008 1594
1008 1666
1008 1694
1008 1778
1008 1836
1008 1899
1008 1932
1009 1034
1009 1079
1009 1197
1009 1223
1009 1267
1009 1330
1009 1339
1009 1364
1009 1408
1009 1485
1009 1841
1009 1906
1010 1047
1010 1155
1010 1162
1010 1248
1010 1327
1010 1346
1010 1567
1010 1593
1010 1605
1010 1716
1010 1721
1010 1821
1010 1843
1010 1894
1010 1983
1010 1984
1010 1986
1010 1995
1011 1143
1011 1424
1011 1550
1011 1759
1011 1821
1011 1855
1011 1874
1011 1890
1012 1076
1012 1233
1012 1429
1012 1438
1012 1475
1012 1488
1012 1608
1012 1742
1012 1887
1012 1907
1013 1027
1013 1076
1013 1078
1013 1108
1013 1140
1013 1236
1013 1346
1013 1616
1013 1643
1013 1699
1013 1710
1013 1727
1013 1850
1013 1894
1013 1911
1013 1954
1014 1162
1014 1279
1014 1310
1014 1320
1014 1375
1014 1463
1014 1598
1014 1878
1015 1049
1015 1055
1015 1169
1015 1317
1015 1357
1015 1386
1015 1490
1015 1525
1015 1705
1015 1736
1015 1882
1015 1917
1016 1045
1016 1097
1016 1212
1016 1281
1016 1426
1016 1540
1016 1605
1016 1658
1016 1694
1017 1233
1017 1315
1017 1343
1017 1349
1017 1575
1017 1577
1017 1588
1017 1936
1018 1034
1018 1094
1018 1317
1018 1363
1018 1393
1018 1608
1018 1616
1018 1722
1018 1849
1018 1921
1018 1932
1019 1069
1019 1111
1019 1233
1019 1442
1019 1449
1019 1629
1019 1761
1019 1886
1019 1945
1019 1985
1020 1107
1020 1152
1020 1216
1020 1260
1020 1336
1020 1384
1020 1399
1020 1604
1020 1657
1020 1690
1020 1706
1020 1831
1020 1913
1020 1972
1021 1072
1021 1237
1021 1419
1021 1552
1021 1577
1021 1681
1021 1771
1021 1773
1022 1215
1022 1233
1022 1479
1022 1699
1022 1718
1022 1747
1022 1766
1022 1769
1022 1914
1022 1917
1022 1930
1022 1931
1023 1084
1023 1110
1023 1146
1023 1165
1023 1456
1023 1540
1023 1545
1023 1733
1023 1821
1023 1995
1024 1109
1024 1168
1024 1210
1024 1317
1024 1330
1024 1368
1024 1425
1024 1457
1024 1473
1024 1497
1024 1538
1024 1594
1024 1614
1024 1627
1024 1635
1024 1747
1024 1768
1024 1793
1024 1858
1024 1875
1024 1906
1024 1944
1025 1224
1025 1268
1025 1410
1025 1490
1025 1536
1025 1638
1025 1756
1025 1825
1025 1828
1025 1848
1026 1044
1026 1212
1026 1270
1026 1353
1026 1435
1026 1721
1026 1769
1026 1875
1026 1959
1027 1176
1027 1241
1027 1357
1027 1412
1027 1448
1027 1638
1027 1694
1027 1751
1027 1793
1027 1806
1027 1839
1027 1942
1028 1049
1028 1109
1028 1200
1028 1292
1028 1367
1028 1430
1028 1494
1028 1527
1028 1528
1028 1546
1028 1606
1028 1619
1028 1622
1028 1632
1028 1893
1028 1914
1029 1158
1029 1253
1029 1263
1029 1316
1029 1320
1029 1400
1029 1479
1029 1524
1029 1536
1029 1721
1029 1975
1030 1091
1030 1279
1030 1291
1030 1373
1030 1623
1030 1659
1030 1677
1030 1745
1030 1788
1031 1212
1031 1290
1031 1399
1031 1403
1031 1406
1031 1584
1031 1599
1031 1698
1031 1721
1031 1836
1031 1954
1032 1103
1032 1272
1032 1461
1032 1463
1032 1624
1032 1651
1032 1664
1032 1681
1032 1740
1032 1792
1032 1828
1032 1928
1033 1035
1033 1067
1033 1159
1033 1291
1033 1366
1033 1402
1033 1439
1033 1514
1033 1604
1033 1687
1033 1791
1033 1915
1033 1974
1034 1250
1034 1322
1034 1324
1034 1494
1034 1573
1034 1755
1034 1789
1034 1868
1035 1143
1035 1248
1035 1353
1035 1474
1035 1520
1035 1523
1035 1570
1035 1579
1035 1681
1035 1771
1035 1832
1035 1835
1036 1064
1036 1083
1036 1127
1036 1158
1036 1195
1036 1343
1036 1446
1036 1502
1036 1725
1036 1730
1036 1846
1036 1958
1037 1108
1037 1151
1037 1168
1037 1242
1037 1355
1037 1399
1037 1891
1038 1073
1038 1093
1038 1236
1038 1254
1038 1281
1038 1388
1038 1407
1038 1488
1038 1550
1038 1741
1039 1247
1039 1309
1039 1381
1039 1399
1039 1420
1039 1466
1039 1662
1040 1123
1040 1241
1040 1297
1040 1370
1040 1636
1040 1710
1040 1734
1040 1876
1040 1918
1041 1151
1041 1304
1041 1356
1041 1776
1041 1876
1042 1173
1042 1264
1042 1272
1042 1353
1042 1388
1042 1472
1042 1647
1042 1717
1042 1726
1042 1727
1043 1198
1043 1215
1043 1284
1043 1370
1043 1443
1043 1475
1043 1495
1043 1712
1043 1737
1043 1748
1043 1961
1044 1129
1044 1246
1044 1253
1044 1283
1044 1413
1044 1616
1044 1652
1044 1690
1044 1765
1045 1056
1045 1084
1045 1290
1045 1340
1045 1588
1045 1594
1045 1633
1045 1674
1045 1752
1045 1814
1045 1868
1045 1885
1045 1891
1045 1944
1046 1091
1046 1104
1046 1280
1046 1371
1046 1392
1046 1407
1046 1423
1046 1444
1047 1119
1047 1149
1047 1277
1047 1357
1047 1390
1047 1449
1047 1529
1047 1547
1047 1692
1047 1764
1047 1782
1047 1791
1047 1812
1047 1849
1048 1102
1048 1135
1048 1162
1048 1170
1048 1175
1048 1344
1048 1347
1048 1491
1048 1649
1048 1687
1048 1728
1048 1746
1048 1767
1048 1838
1048 1985
1049 1059
1049 1100
1049 1255
1049 1298
1049 1309
1049 1368
1049 1395
1049 1565
1049 1581
1049 1636
1049 1704
1049 1990
1050 1109
1050 1195
1050 1319
1050 1386
1050 1494
1050 1673
1050 1686
1050 1710
1050 1762
1050 1796
1050 1900
1050 1936
1051 1115
1051 1174
1051 1237
1051 1513
1051 1537
1051 1614
1051 1627
1051 1662
1051 1734
1051 1740
1051 1744
1051 1773
1051 1840
1051 1841
1051 1895
1052 1235
1052 1281
1052 1299
1052 1328
1052 1331
1052 1437
1052 1548
1052 1682
1052 1710
1052 1719
1052 1748
1052 1848
1052 1976
1053 1146
1053 1250
1053 1382
1053 1404
1053 1523
1053 1652
1053 1670
1053 1719
1053 1755
1053 1878
1054 1122
1054 1144
1054 1204
1054 1362
1054 1443
1054 1762
1055 1082
1055 1340
1055 1364
1055 1432
1055 1496
1055 1526
1055 1535
1055 1552
1055 1683
1055 1703
1055 1719
1055 1744
1055 1827
1055 1877
1055 1929
1055 1962
1056 1194
1056 1239
1056 1255
1056 1262
1056 1315
1056 1504
1056 1599
1056 1631
1056 1780
1056 1932
1056 1939
1056 1951
1056 1961
1057 1204
1057 1260
1057 1290
1057 1461
1057 1484
1057 1611
1057 1741
1057 1815
1057 1978
1058 1101
1058 1144
1058 1421
1058 1493
1058 1500
1058 1506
1058 1562
1058 1618
1058 1630
1058 1658
1058 1711
1058 1855
1059 1066
1059 1179
1059 1233
1059 1268
1059 1483
1059 1592
1059 1600
1059 1641
1059 1774
1059 1783
1059 1810
1059 1828
1060 1087
1060 1095
1060 1111
1060 1320
1060 1475
1060 1550
1060 1660
1060 1687
1060 1854
1060 1867
1060 1898
1060 1908
1060 1954
1061 1233
1061 1265
1061 1329
1061 1492
1061 1584
1061 1621
1061 1670
1061 1701
1061 1855
1061 1949
1061 1990
1062 1290
1062 1402
1062 1416
1062 1486
1062 1505
1062 1587
1062 1616
1062 1644
1062 1683
1062 1737
1062 1847
1062 1990
1063 1335
1063 1385
1063 1415
1063 1719
1063 1870
1063 1914
1064 1211
1064 1221
1064 1319
1064 1346
1064 1435
1064 1487
1064 1507
1064 1564
1064 1657
1064 1663
1064 1848
1064 1862
1064 1875
1064 1922
1065 1116
1065 1249
1065 1383
1065 1436
1065 1553
1065 1561
1065 1700
1065 1710
1065 1733
1065 1736
1065 1901
1065 1912
1065 1928
1065 1990
1066 1072
1066 1119
1066 1185
1066 1308
1066 1332
1066 1422
1066 1528
1066 1695
1066 1769
1066 1770
1066 1795
1066 1880
1067 1196
1067 1200
1067 1330
1067 1404
1067 1411
1067 1421
1067 1516
1067 1694
1067 1770
1067 1846
1067 1901
1068 1149
1068 1175
1068 1242
1068 1325
1068 1416
1068 1427
1068 1442
1068 1459
1068 1508
1068 1523
1068 1616
1068 1623
1068 1627
1068 1760
1068 1799
1068 1948
1069 1143
1069 1155
1069 1160
1069 1403
1069 1434
1069 1474
1069 1621
1069 1811
1069 1852
1069 1926
1069 1933
1070 1144
1070 1187
1070 1209
1070 1274
1070 1365
1070 1374
1070 1527
1070 1816
1070 1943
1071 1118
1071 1151
1071 1170
1071 1248
1071 1270
1071 1529
1071 1615
1071 1618
1071 1702
1071 1743
1072 1083
1072 1171
1072 1193
1072 1211
1072 1405
1072 1421
1072 1497
1072 1551
1072 1699
1072 1743
1072 1788
1072 1904
1073 1092
1073 1149
1073 1231
1073 1305
1073 1438
1073 1440
1073 1613
1073 1661
1073 1671
1073 1701
1073 1754
1073 1755
1073 1934
1073 1957
1073 1961
1074 1136
1074 1267
1074 1324
1074 1338
1074 1350
1074 1430
1074 1571
1074 1619
1074 1637
1074 1653
1074 1784
1074 1854
1074 1952
1075 1087
1075 1104
1075 1151
1075 1164
1075 1338
1075 1514
1075 1554
1075 1571
1075 1704
1075 1830
1075 1923
1075 1925
1075 1928
1075 1937
1076 1137
1076 1158
1076 1259
1076 1303
1076 1434
1076 1568
1076 1663
1076 1675
1076 1700
1076 1935
1076 1989
1076 1993
1077 1196
1077 1262
1077 1318
1077 1529
1077 1542
1077 1596
1077 1628
1077 1633
1077 1641
1077 1712
1077 1823
1077 1929
1077 1984
1078 1357
1078 1424
1078 1458
1078 1498
1078 1641
1078 1678
1078 1693
1078 1729
1078 1778
1078 1827
1078 1860
1078 1886
1078 1995
1079 1130
1079 1148
1079 1213
1079 1344
1079 1489
1079 1557
1079 1615
1079 1616
1079 1680
1079 1691
1079 1787
1079 1838
1079 1875
1079 1912
1079 1928
1080 1087
1080 1103
1080 1220
1080 1547
1080 1555
1080 1633
1080 1811
1080 1874
1080 1875
1080 1884
1080 1929
1081 1112
1081 1310
1081 1311
1081 1366
1081 1386
1081 1655
1081 1737
1081 1788
1081 1871
1082 1245
1082 1434
1082 1445
1082 1895
1082 1966
1082 1990
1083 1092
1083 1098
1083 1113
1083 1138
1083 1193
1083 1226
1083 1329
1083 1506
1083 1550
1083 1601
1083 1637
1083 1733
1083 1740
1083 1754
1083 1836
1083 1951
1084 1290
1084 1342
1084 1418
1084 1521
1084 1555
1084 1634
1084 1647
1084 1820
1084 1841
1084 1998
1085 1109
1085 1380
1085 1540
1085 1560
1085 1681
1085 1773
1085 1958
1086 1095
1086 1237
1086 1245
1086 1406
1086 1416
1086 1609
1086 1673
1086 1681
1086 1688
1086 1752
1086 1807
1086 1814
1086 1841
1086 1846
1086 1928
1087 1095
1087 1252
1087 1263
1087 1289
1087 1322
1087 1344
1087 1384
1087 1406
1087 1421
1087 1536
1087 1694
1087 1808
1087 1958
1088 1113
1088 1131
1088 1208
1088 1258
1088 1320
1088 1427
1088 1482
1088 1534
1088 1559
1088 1656
1088 1840
1088 1867
1088 1898
1088 1940
1089 1221
1089 1301
1089 1550
1089 1583
1089 1644
1089 1697
1089 1713
1089 1820
1089 1854
1089 1887
1089 1916
1089 1974
1090 1104
1090 1164
1090 1267
1090 1329
1090 1428
1090 1626
1090 1649
1090 1692
1090 1736
1090 1771
1091 1119
1091 1180
1091 1245
1091 1278
1091 1294
1091 1404
1091 1463
1091 1532
1091 1646
1091 1852
1091 1868
1092 1110
1092 1208
1092 1276
1092 1435
1092 1543
1092 1659
1092 1694
1092 1775
1092 1800
1092 1892
1092 1907
1092 1950
1093 1104
1093 1161
1093 1186
1093 1233
1093 1370
1093 1400
1093 1551
1093 1605
1093 1609
1093 1612
1093 1642
1093 1682
1093 1777
1093 1823
1093 1929
1094 1107
1094 1171
1094 1178
1094 1268
1094 1279
1094 1293
1094 1307
1094 1357
1094 1417
1094 1467
1094 1689
1094 1702
1094 1733
1094 1756
1094 1778
1094 1786
1094 1865
1095 1139
1095 1207
1095 1322
1095 1491
1095 1493
1095 1507
1095 1520
1095 1629
1095 1690
1095 1956
1096 1352
1096 1353
1096 1361
1096 1498
1096 1531
1096 1553
1096 1595
1096 1855
1096 1863
1096 1883
1096 1902
1096 1964
1096 1984
1097 1110
1097 1143
1097 1157
1097 1241
1097 1258
1097 1280
1097 1285
1097 1300
1097 1323
1097 1629
1097 1841
1097 1849
1097 1905
1097 1914
1097 1986
1098 1229
1098 1336
1098 1355
1098 1377
1098 1386
1098 1484
1098 1579
1098 1640
1098 1684
1098 1896
1098 1926
1098 1931
1098 1938
1098 1953
1098 1966
1099 1211
1099 1336
1099 1362
1099 1693
1099 1753
1099 1794
1099 1812
1099 1897
1099 1937
1100 1171
1100 1213
1100 1228
1100 1345
1100 1358
1100 1523
1100 1544
1100 1584
1100 1636
1100 1715
1100 1741
1100 1780
1100 1843
1100 1874
1100 1903
1101 1184
1101 1213
1101 1386
1101 1408
1101 1524
1101 1532
1101 1791
1101 1975
1101 1989
1102 1110
1102 1134
1102 1161
1102 1175
1102 1395
1102 1456
1102 1498
1102 1564
1103 1300
1103 1318
1103 1345
1103 1382
1103 1416
1103 1445
1103 1496
1103 1589
1103 1679
1103 1754
1103 1773
1103 1934
1104 1119
1104 1178
1104 1204
1104 1220
1104 1238
1104 1295
1104 1380
1104 1475
1104 1534
1104 1700
1104 1968
1104 1998
1105 1124
1105 1175
1105 1226
1105 1463
1105 1482
1105 1521
1105 1550
1105 1639
1105 1877
1106 1123
1106 1152
1106 1316
1106 1466
1106 1552
1106 1652
1106 1813
1106 1834
1107 1150
1107 1234
1107 1297
1107 1411
1107 1421
1107 1519
1107 1579
1107 1592
1107 1627
1107 1759
1107 1822
1107 1858
1107 1912
1108 1162
1108 1171
1108 1192
1108 1197
1108 1209
1108 1302
1108 1312
1108 1314
1108 1362
1108 1564
1108 1761
1108 1767
1108 1869
1108 1986
1109 1167
1109 1228
1109 1323
1109 1483
1109 1532
1109 1657
1109 1823
1109 1844
1109 1929
1110 1246
1110 1401
1110 1452
1110 1597
1110 1764
1110 1892
1110 1935
1110 1939
1111 1176
1111 1258
1111 1315
1111 1348
1111 1424
1111 1448
1111 1592
1111 1901
1111 1904
1112 1167
1112 1279
1112 1542
1112 1598
1112 1626
1112 1638
1112 1640
1112 1652
1112 1828
1112 1837
1112 1855
1113 1199
1113 1207
1113 1218
1113 1295
1113 1506
1113 1601
1113 1608
1113 1609
1113 1640
1113 1728
1113 1760
1113 1863
1113 1999
1114 1201
1114 1245
1114 1343
1114 1418
1114 1422
1114 1512
1114 1556
1114 1801
1114 1933
1115 1119
1115 1211
1115 1358
1115 1444
1115 1459
1115 1468
1115 1592
1115 1671
1115 1674
1115 1717
1115 1754
1115 1778
1115 1901
1116 1263
1116 1273
1116 1560
1116 1585
1116 1633
1116 1646
1116 1691
1116 1722
1116 1800
1116 1808
1116 1827
1116 1977
1117 1155
1117 1379
1117 1409
1117 1444
1117 1485
1117 1496
1117 1525
1117 1561
1117 1835
1117 1969
1118 1212
1118 1225
1118 1240
1118 1367
1118 1597
1118 1642
1118 1664
1118 1743
1118 1760
1118 1768
1118 1858
1118 1940
1118 1943
1119 1122
1119 1160
1119 1280
1119 1384
1119 1415
1119 1527
1119 1574
1119 1608
1119 1849
1119 1960
1119 1975
1119 1981
1120 1121
1120 1181
1120 1196
1120 1274
1120 1304
1120 1314
1120 1376
1120 1431
1120 1464
1120 1500
1120 1749
1120 1911
1120 1928
1120 1946
1121 1268
1121 1390
1121 1396
1121 1419
1121 1455
1121 1524
1121 1650
1121 1678
1121 1774
1121 1792
1121 1879
1121 1935
1121 1938
1122 1209
1122 1277
1122 1713
1122 1786
1123 1194
1123 1241
1123 1319
1123 1364
1123 1646
1123 1700
1123 1796
1123 1921
1123 1938
1123 1991
1124 1276
1124 1340
1124 1341
1124 1381
1124 1397
1124 1421
1124 1510
1124 1529
1124 1531
1124 1575
1124 1603
1124 1626
1124 1696
1124 1710
1124 1824
1125 1182
1125 1321
1125 1457
1125 1517
1125 1535
1125 1613
1125 1615
1125 1738
1125 1782
1125 1874
1126 1164
1126 1172
1126 1333
1126 1469
1126 1544
1126 1581
1126 1756
1126 1830
1126 1878
1126 1945
1127 1196
1127 1323
1127 1347
1127 1474
1127 1810
1127 1884
1127 1893
1127 1899
1127 1906
1128 1138
1128 1164
1128 1183
1128 1185
1128 1216
1128 1232
1128 1333
1128 1378
1128 1606
1128 1646
1128 1700
1128 1713
1128 1768
1128 1833
1128 1854
1128 1915
1129 1175
1129 1217
1129 1477
1129 1585
1129 1695
1129 1902
1130 1194
1130 1235
1130 1298
1130 1594
1130 1624
1130 1653
1130 1881
1130 1896
1130 1917
1130 1957
1130 1987
1131 1136
1131 1212
1131 1313
1131 1316
1131 1519
1131 1775
1131 1849
1131 1866
1131 1911
1131 1937
1132 1153
1132 1171
1132 1262
1132 1272
1132 1291
1132 1353
1132 1542
1132 1799
1132 1856
1132 1891
1133 1171
1133 1216
1133 1244
1133 1356
1133 1379
1133 1407
1133 1478
1133 1593
1133 1667
1133 1794
1133 1832
1133 1878
1134 1168
1134 1209
1134 1220
1134 1326
1134 1390
1134 1430
1134 1458
1134 1593
1134 1685
1134 1723
1134 1736
1134 1808
1134 1817
1134 1950
1134 1969
1135 1141
1135 1148
1135 1151
1135 1298
1135 1300
1135 1354
1135 1364
1135 1398
1135 1436
1135 1538
1135 1562
1135 1563
1135 1631
1135 1800
1135 1863
1135 1881
1135 1915
1135 1932
1136 1154
1136 1201
1136 1308
1136 1350
1136 1407
1136 1504
1136 1533
1136 1599
1136 1695
1136 1747
1136 1749
1136 1792
1136 1942
1136 1971
1136 1993
1137 1407
1137 1429
1137 1473
1137 1491
1137 1773
1137 1831
1137 1888
1138 1216
1138 1494
1138 1594
1138 1611
1138 1633
1138 1655
1138 1716
1138 1760
1138 1799
1138 1918
1139 1216
1139 1504
1139 1534
1139 1642
1139 1724
1139 1850
1139 1927
1139 1956
1140 1254
1140 1339
1140 1519
1140 1610
1140 1688
1140 1900
1140 1974
1141 1156
1141 1419
1141 1474
1141 1656
1141 1681
1141 1737
1142 1283
1142 1391
1142 1472
1142 1695
1142 1773
1142 1805
1142 1848
1142 1924
1142 1955
1143 1200
1143 1348
1143 1364
1143 1430
1143 1533
1143 1602
1143 1616
1143 1673
1143 1810
1143 1849
1143 1879
1143 1912
1143 1951
1144 1202
1144 1327
1144 1346
1144 1353
1144 1541
1144 1721
1144 1797
1144 1823
1144 1856
1144 1963
1145 1306
1145 1429
1145 1554
1145 1601
1145 1660
1145 1774
1145 1776
1145 1824
1145 1900
1146 1332
1146 1472
1146 1536
1146 1545
1146 1549
1146 1736
1146 1779
1146 1786
1147 1149
1147 1226
1147 1356
1147 1361
1147 1464
1147 1572
1147 1736
1147 1847
1147 1894
1147 1907
1147 1979
1147 1994
1148 1161
1148 1313
1148 1329
1148 1424
1148 1855
1148 1962
1148 1966
1149 1201
1149 1385
1149 1620
1149 1642
1149 1700
1149 1738
1149 1907
1150 1247
1150 1288
1150 1379
1150 1450
1150 1526
1150 1527
1150 1663
1150 1676
1150 1680
1150 1708
1150 1850
1151 1342
1151 1359
1151 1436
1151 1439
1151 1510
1151 1515
1151 1619
1151 1622
1151 1639
1151 1669
1151 1754
1151 1850
1151 1868
1151 1944
1151 1978
1151 1981
1152 1190
1152 1207
1152 1211
1152 1222
1152 1307
1152 1506
1152 1539
1152 1626
1152 1686
1153 1190
1153 1288
1153 1368
1153 1372
1153 1414
1153 1528
1153 1551
1153 1604
1153 1625
1153 1648
1153 1693
1153 1741
1153 1827
1153 1870
1154 1276
1154 1386
1154 1466
1154 1512
1154 1527
1154 1757
1154 1804
1154 1934
1154 1958
1155 1169
1155 1184
1155 1215
1155 1230
1155 1400
1155 1423
1155 1487
1155 1644
1155 1659
1155 1663
1155 1821
1155 1842
1155 1865
1156 1586
1156 1613
1156 1632
1156 1668
1156 1740
1156 1765
1156 1769
1156 1873
1156 1884
1156 1957
1156 1999
1157 1581
1157 1708
1157 1744
1157 1924
1157 1938
1157 1985
1157 1991
1157 1992
1158 1296
1158 1398
1158 1553
1158 1595
1158 1597
1158 1732
1158 1773
1159 1233
1159 1249
1159 1273
1159 1424
1159 1454
1159 1509
1159 1518
1159 1594
1159 1648
1159 1740
1159 1751
1159 1765
1159 1968
1160 1209
1160 1331
1160 1455
1160 1461
1160 1573
1160 1633
1160 1772
1160 1788
1160 1835
1160 1961
1161 1178
1161 1274
1161 1306
1161 1378
1161 1481
1161 1502
1161 1572
1161 1605
1161 1682
1161 1816
1161 1904
1161 1919
1161 1935
1162 1320
1162 1324
1162 1378
1162 1529
1162 1580
1162 1680
1162 1732
1162 1745
1162 1801
1162 1819
1162 1960
1162 1970
1163 1168
1163 1313
1163 1391
1163 1547
1163 1666
1163 1714
1163 1735
1163 1764
1163 1986
1164 1184
1164 1192
1164 1447
1164 1457
1164 1573
1164 1918
1164 1967
1165 1180
1165 1249
1165 1334
1165 1477
1165 1547
1165 1662
1165 1678
1165 1775
1165 1915
1165 1983
1166 1180
1166 1189
1166 1347
1166 1396
1166 1420
1166 1520
1166 1532
1166 1593
1166 1598
1166 1652
1166 1716
1166 1813
1166 1857
1167 1270
1167 1291
1167 1305
1167 1365
1167 1401
1167 1568
1167 1665
1167 1703
1167 1777
1167 1799
1167 1911
1167 1947
1167 1957
1168 1268
1168 1282
1168 1290
1168 1315
1168 1420
1168 1486
1168 1496
1168 1774
1168 1858
1168 1882
1168 1935
1168 1950
1169 1192
1169 1221
1169 1335
1169 1444
1169 1459
1169 1482
1169 1564
1169 1650
1169 1661
1169 1748
1169 1842
1169 1900
1170 1223
1170 1233
1170 1252
1170 1287
1170 1596
1170 1635
1170 1642
1170 1700
1170 1826
1170 1894
1171 1394
1171 1450
1171 1460
1171 1587
1171 1723
1171 1754
1171 1808
1171 1813
1171 1883
1172 1235
1172 1282
1172 1325
1172 1334
1172 1354
1172 1453
1172 1578
1172 1695
1172 1889
1172 1927
1172 1984
1173 1280
1173 1326
1173 1402
1173 1527
1173 1535
1173 1708
1173 1873
1174 1279
1174 1285
1174 1467
1174 1715
1174 1740
1174 1748
1174 1775
1174 1786
1174 1801
1174 1807
1174 1857
1174 1992
1175 1357
1175 1359
1175 1371
1175 1394
1175 1610
1175 1749
1176 1254
1176 1267
1176 1390
1176 1456
1176 1545
1176 1668
1176 1701
1176 1857
1176 1978
1176 1989
1177 1283
1177 1338
1177 1514
1177 1558
1177 1589
1177 1596
1177 1638
1178 1280
1178 1287
1178 1328
1178 1416
1178 1488
1178 1625
1178 1632
1178 1754
1178 1808
1178 1818
1178 1892
1178 1912
1179 1199
1179 1203
1179 1303
1179 1332
1179 1349
1179 1543
1179 1558
1179 1577
1179 1718
1179 1720
1179 1735
1179 1773
1180 1222
1180 1297
1180 1305
1180 1314
1180 1382
1180 1470
1180 1532
1180 1533
1180 1576
1180 1640
1180 1831
1181 1300
1181 1325
1181 1359
1181 1451
1181 1484
1181 1488
1181 1516
1181 1547
1181 1561
1181 1627
1181 1630
1182 1239
1182 1458
1182 1512
1182 1516
1182 1580
1182 1638
1182 1667
1182 1670
1182 1794
1182 1943
1183 1304
1183 1327
1183 1328
1183 1439
1183 1447
1183 1498
1183 1646
1183 1650
1183 1817
1183 1880
1184 1337
1184 1358
1184 1459
1184 1548
1184 1881
1184 1939
1184 1994
1185 1228
1185 1464
1185 1468
1185 1479
1185 1979
1185 1996
1186 1275
1186 1407
1186 1458
1186 1511
1186 1571
1186 1685
1186 1701
1186 1734
1186 1877
1186 1893
1186 1968
1186 1997
1187 1223
1187 1434
1187 1462
1187 1570
1187 1622
1187 1672
1187 1695
1187 1726
1187 1797
1188 1323
1188 1450
1188 1506
1188 1540
1188 1636
1188 1765
1188 1784
1188 1833
1188 1848
1188 1930
1189 1212
1189 1224
1189 1254
1189 1266
1189 1318
1189 1338
1189 1398
1189 1544
1189 1555
1189 1565
1189 1587
1189 1847
1189 1891
1189 1942
1190 1223
1190 1272
1190 1504
1190 1605
1190 1651
1190 1664
1190 1727
1190 1813
1190 1899
1190 1935
1190 1997
1191 1216
1191 1298
1191 1357
1191 1372
1191 1405
1191 1611
1191 1673
1191 1795
1191 1801
1191 1805
1191 1816
1191 1824
1191 1931
1191 1999
1192 1199
1192 1428
1192 1538
1192 1635
1192 1743
1192 1744
1192 1932
1193 1225
1193 1252
1193 1287
1193 1297
1193 1379
1193 1430
1193 1496
1193 1534
1193 1630
1193 1826
1193 1862
1194 1200
1194 1349
1194 1442
1194 1465
1194 1482
1194 1518
1194 1600
1194 1917
1194 1944
1195 1441
1195 1673
1195 1789
1195 1822
1195 1847
1195 1936
1195 1950
1196 1236
1196 1283
1196 1340
1196 1429
1196 1486
1196 1487
1196 1521
1196 1548
1196 1561
1196 1851
1197 1427
1197 1448
1197 1492
1197 1517
1197 1908
1198 1359
1198 1380
1198 1686
1198 1737
1198 1758
1199 1206
1199 1323
1199 1379
1199 1399
1199 1568
1199 1590
1199 1659
1199 1702
1199 1726
1199 1859
1199 1970
1200 1314
1200 1357
1200 1609
1200 1783
1200 1877
1200 1886
1200 1895
1201 1214
1201 1225
1201 1273
1201 1350
1201 1363
1201 1527
1201 1540
1201 1574
1201 1705
1201 1721
1201 1829
1201 1864
1201 1902
1201 1988
1202 1279
1202 1487
1202 1655
1202 1676
1202 1775
1202 1797
1202 1881
1202 1923
1203 1246
1203 1279
1203 1281
1203 1339
1203 1384
1203 1407
1203 1503
1203 1524
1203 1549
1203 1650
1203 1786
1203 1884
1204 1287
1204 1289
1204 1369
1204 1483
1204 1577
1204 1684
1204 1782
1204 1851
1205 1224
1205 1234
1205 1274
1205 1325
1205 1497
1205 1552
1205 1717
1205 1726
1205 1812
1205 1921
1205 1933
1206 1335
1206 1403
1206 1472
1206 1495
1206 1510
1206 1547
1206 1573
1206 1612
1206 1622
1206 1753
1206 1789
1206 1811
1206 1819
1206 1839
1207 1230
1207 1253
1207 1329
1207 1715
1207 1716
1207 1893
1207 1932
1208 1355
1208 1380
1208 1455
1208 1526
1208 1561
1208 1563
1208 1607
1208 1749
1208 1813
1208 1861
1208 1966
1209 1407
1209 1511
1209 1515
1209 1590
1209 1803
1209 1814
1210 1233
1210 1256
1210 1293
1210 1384
1210 1468
1210 1602
1210 1690
1210 1760
1210 1782
1210 1851
1210 1854
1210 1877
1210 1969
1211 1309
1211 1329
1211 1337
1211 1432
1211 1447
1211 1469
1211 1531
1211 1653
1211 1667
1211 1782
1211 1789
1212 1352
1212 1612
1212 1659
1212 1709
1212 1729
1212 1730
1213 1654
1213 1677
1213 1707
1213 1730
1213 1795
1213 1853
1214 1266
1214 1312
1214 1611
1214 1656
1214 1670
1214 1795
1214 1871
1214 1918
1214 1977
1215 1344
1215 1486
1215 1515
1215 1734
1215 1769
1215 1771
1215 1806
1215 1843
1215 1910
1215 1985
1216 1409
1216 1467
1216 1576
1216 1673
1216 1838
1217 1221
1217 1239
1217 1363
1217 1504
1217 1600
1217 1656
1217 1708
1217 1762
1217 1784
1217 1807
1217 1852
1218 1221
1218 1266
1218 1269
1218 1297
1218 1533
1218 1611
1219 1244
1219 1346
1219 1579
1219 1664
1219 1836
1219 1856
1219 1897
1219 1926
1220 1637
1220 1664
1220 1818
1221 1381
1221 1395
1221 1492
1221 1599
1221 1613
1221 1648
1221 1700
1221 1725
1221 1731
1221 1775
1221 1852
1221 1971
1221 1988
1222 1367
1222 1528
1222 1628
1222 1631
1222 1651
1222 1779
1222 1937
1223 1224
1223 1274
1223 1366
1223 1394
1223 1462
1223 1474
1223 1575
1223 1716
1223 1727
1223 1759
1223 1954
1224 1266
1224 1272
1224 1575
1224 1688
1224 1786
1224 1820
1224 1947
1224 1948
1225 1257
1225 1417
1225 1424
1225 1430
1225 1474
1225 1475
1225 1837
1225 1933
1225 1946
1226 1269
1226 1296
1226 1513
1226 1611
1226 1687
1226 1884
1226 1905
1227 1255
1227 1316
1227 1342
1227 1460
1227 1462
1227 1545
1227 1602
1227 1693
1227 1694
1227 1763
1227 1804
1227 1886
1227 1887
1227 1929
1228 1355
1228 1360
1228 1361
1228 1405
1228 1455
1228 1527
1228 1704
1228 1735
1228 1837
1228 1904
1228 1924
1228 1981
1229 1286
1229 1406
1229 1452
1229 1512
1229 1552
1229 1579
1229 1594
1229 1720
1229 1729
1229 1883
1229 1998
1230 1274
1230 1349
1230 1386
1230 1449
1230 1481
1230 1486
1230 1495
1230 1540
1230 1568
1230 1665
1230 1688
1230 1746
1230 1756
1230 1812
1230 1896
1230 1918
1230 1967
1231 1303
1231 1338
1231 1345
1231 1482
1231 1595
1231 1674
1231 1758
1231 1760
1231 1794
1231 1846
1231 1917
1231 1989
1232 1235
1232 1265
1232 1336
1232 1366
1232 1505
1232 1740
1232 1742
1232 1800
1232 1817
1232 1825
1232 1991
1233 1352
1233 1489
1233 1619
1233 1729
1233 1859
1233 1976
1234 1269
1234 1276
1234 1281
1234 1291
1234 1333
1234 1343
1234 1434
1234 1573
1234 1666
1234 1735
1234 1768
1234 1905
1235 1254
1235 1257
1235 1318
1235 1321
1235 1335
1235 1560
1235 1716
1235 1947
1236 1260
1236 1400
1236 1414
1236 1438
1236 1614
1236 1676
1236 1696
1236 1703
1236 1776
1236 1832
1236 1877
1236 1899
1236 1966
1236 1967
1237 1251
1237 1573
1237 1595
1237 1821
1237 1824
1237 1938
1238 1333
1238 1361
1238 1453
1238 1535
1238 1822
1238 1823
1238 1888
1238 1931
1238 1937
1239 1262
1239 1285
1239 1456
1239 1578
1239 1603
1239 1616
1239 1635
1239 1663
1239 1686
1239 1751
1239 1907
1240 1334
1240 1592
1240 1614
1240 1681
1240 1720
1240 1732
1240 1886
1241 1422
1241 1621
1241 1623
1241 1777
1241 1806
1241 1818
1241 1849
1241 1937
1241 1950
1241 1969
1242 1350
1242 1398
1242 1542
1242 1572
1242 1590
1242 1626
1242 1682
1242 1700
1242 1719
1242 1791
1242 1832
1242 1905
1242 1960
1242 1968
1242 1995
1243 1271
1243 1346
1243 1384
1243 1420
1243 1623
1243 1699
1243 1727
1243 1817
1243 1825
1243 1897
1243 1954
1244 1310
1244 1406
1244 1741
1244 1751
1244 1904
1245 1248
1245 1363
1245 1468
1245 1592
1245 1633
1245 1743
1246 1374
1246 1405
1246 1421
1246 1444
1246 1529
1246 1730
1246 1796
1246 1857
1247 1505
1247 1560
1247 1589
1247 1613
1247 1667
1247 1706
1247 1751
1247 1783
1247 1784
1247 1951
1248 1338
1248 1543
1248 1657
1248 1715
1248 1802
1248 1820
1248 1855
1248 1858
1248 1865
1249 1314
1249 1645
1249 1673
1249 1724
1249 1891
1249 1984
1250 1318
1250 1410
1250 1418
1250 1438
1250 1477
1250 1528
1250 1654
1250 1766
1250 1891
1250 1922
1250 1976
1250 1986
1251 1439
1251 1507
1251 1663
1251 1847
1251 1865
1251 1880
1251 1963
1252 1296
1252 1336
1252 1379
1252 1403
1252 1695
1252 1730
1252 1790
1252 1961
1253 1305
1253 1333
1253 1506
1253 1532
1253 1607
1253 1631
1253 1947
1254 1568
1254 1693
1254 1805
1254 1843
1254 1988
1255 1258
1255 1295
1255 1354
1255 1486
1255 1504
1255 1604
1255 1686
1255 1767
1255 1776
1255 1792
1255 1999
1256 1283
1256 1475
1256 1567
1256 1594
1256 1642
1256 1860
1256 1871
1256 1937
1256 1972
1256 1974
1256 1988
1257 1438
1257 1653
1257 1812
1257 1861
1257 1924
1257 1933
1257 1979
1258 1287
1258 1359
1258 1583
1258 1689
1258 1700
1258 1837
1258 1879
1259 1305
1259 1324
1259 1443
1259 1453
1259 1639
1259 1684
1259 1685
1259 1846
1259 1927
1259 1936
1260 1334
1260 1340
1260 1365
1260 1417
1260 1425
1260 1428
1260 1445
1260 1624
1260 1629
1260 1656
1260 1822
1260 1871
1260 1936
1260 1992
1260 1994
1261 1306
1261 1498
1261 1657
1261 1662
1261 1746
1261 1854
1261 1898
1261 1919
1261 1948
1262 1400
1262 1430
1262 1504
1262 1541
1262 1613
1262 1634
1262 1698
1262 1783
1262 1878
1263 1301
1263 1313
1263 1346
1263 1367
1263 1399
1263 1442
1263 1444
1263 1485
1263 1615
1263 1651
1263 1724
1263 1793
1263 1860
1263 1919
1263 1993
1264 1324
1264 1339
1264 1462
1264 1577
1264 1667
1264 1756
1264 1766
1264 1780
1264 1835
1264 1867
1264 1962
1265 1374
1265 1740
1265 1793
1265 1887
1265 1913
1265 1942
1265 1960
1265 1980
1266 1409
1266 1454
1266 1562
1266 1655
1266 1724
1266 1743
1266 1788
1266 1806
1266 1895
1266 1972
1267 1314
1267 1390
1267 1394
1267 1426
1267 1504
1267 1512
1267 1553
1267 1632
1267 1635
1267 1660
1267 1776
1267 1801
1267 1967
1268 1289
1268 1346
1268 1400
1268 1653
1268 1666
1268 1670
1268 1774
1269 1373
1269 1545
1269 1570
1269 1588
1269 1637
1269 1868
1269 1909
1270 1470
1270 1472
1270 1540
1270 1580
1270 1651
1270 1693
1270 1715
1270 1850
1270 1988
1270 1994
1271 1322
1271 1328
1271 1349
1271 1374
1271 1506
1271 1549
1271 1621
1271 1636
1271 1645
1271 1785
1271 1883
1272 1372
1272 1655
1272 1678
1272 1693
1272 1786
1272 1796
1273 1340
1273 1445
1273 1624
1273 1823
1274 1478
1274 1605
1274 1612
1274 1667
1274 1730
1274 1765
1274 1809
1274 1813
1274 1869
1274 1934
1275 1305
1275 1363
1275 1432
1275 1478
1275 1621
1275 1645
1275 1649
1275 1760
1275 1840
1275 1902
1276 1285
1276 1394
1276 1458
1277 1373
1277 1398
1277 1491
1277 1593
1277 1673
1277 1903
1277 1951
1278 1313
1278 1380
1278 1396
1278 1544
1278 1574
1278 1683
1278 1792
1278 1805
1278 1806
1278 1827
1278 1872
1279 1351
1279 1409
1279 1790
1279 1834
1279 1868
1279 1892
1279 1893
1279 1970
1280 1288
1280 1317
1280 1419
1280 1530
1280 1576
1280 1671
1280 1693
1280 1695
1280 1727
1280 1849
1281 1291
1281 1427
1281 1544
1281 1676
1281 1706
1281 1789
1281 1836
1281 1908
1281 1977
1281 1990
1282 1450
1282 1464
1282 1471
1282 1497
1282 1680
1282 1818
1282 1849
1283 1324
1283 1449
1283 1516
1283 1522
1283 1562
1283 1734
1283 1766
1283 1907
1283 1954
1284 1335
1284 1444
1284 1561
1284 1697
1284 1783
1284 1846
1284 1908
1284 1924
1284 1926
1284 1928
1284 1931
1284 1944
1285 1497
1285 1815
1286 1304
1286 1339
1286 1454
1286 1477
1286 1500
1286 1600
1286 1664
1286 1719
1286 1772
1286 1838
1286 1919
1287 1468
1287 1638
1287 1729
1287 1738
1288 1369
1288 1379
1288 1567
1288 1891
1288 1912
1288 1923
1288 1936
1288 1998
1289 1331
1289 1480
1289 1569
1289 1581
1289 1637
1289 1693
1289 1702
1289 1792
1289 1822
1289 1835
1290 1648
1290 1671
1290 1707
1290 1760
1290 1813
1290 1841
1290 1853
1290 1859
1291 1582
1291 1616
1291 1628
1291 1735
1291 1775
1291 1778
1291 1841
1291 1991
1292 1529
1292 1564
1292 1687
1292 1738
1292 1820
1292 1824
1292 1867
1292 1888
1292 1969
1292 1976
1293 1381
1293 1393
1293 1428
1293 1440
1293 1665
1293 1772
1293 1795
1293 1844
1293 1874
1293 1882
1294 1322
1294 1328
1294 1526
1294 1537
1294 1610
1294 1614
1294 1628
1294 1635
1294 1694
1295 1328
1295 1355
1295 1388
1295 1590
1295 1665
1295 1805
1295 1920
1295 1923
1295 1942
1295 1969
1296 1321
1296 1348
1296 1463
1296 1508
1296 1526
1296 1600
1296 1647
1296 1723
1296 1729
1296 1905
1297 1347
1297 1418
1297 1519
1297 1947
1298 1395
1298 1506
1298 1582
1298 1625
1298 1672
1298 1723
1298 1743
1298 1756
1298 1783
1298 1814
1298 1874
1298 1935
1299 1540
1299 1541
1299 1646
1299 1657
1299 1705
1299 1781
1299 1821
1299 1847
1299 1862
1299 1871
1299 1944
1299 1972
1299 1986
1300 1626
1300 1637
1300 1665
1300 1781
1300 1819
1300 1967
1300 1984
1301 1343
1301 1373
1301 1406
1301 1439
1301 1478
1301 1504
1301 1532
1301 1570
1301 1619
1301 1656
1301 1729
1301 1962
1302 1467
1302 1508
1302 1589
1302 1606
1302 1674
1302 1717
1302 1747
1302 1779
1302 1876
1302 1983
1303 1528
1303 1618
1303 1851
1303 1859
1303 1908
1304 1342
1304 1530
1304 1546
1304 1557
1304 1687
1304 1707
1304 1739
1304 1802
1304 1849
1304 1917
1304 1943
1304 1975
1305 1485
1305 1565
1305 1576
1305 1604
1305 1874
1305 1896
1305 1959
1305 1964
1306 1533
1306 1598
1306 1671
1306 1737
1306 1802
1306 1810
1306 1898
1306 1932
1307 1345
1307 1464
1307 1480
1307 1631
1307 1668
1307 1812
1307 1895
1307 1901
1307 1973
1308 1358
1308 1424
1308 1449
1308 1622
1308 1776
1308 1934
1308 1981
1309 1326
1309 1453
1309 1572
1309 1590
1309 1639
1309 1750
1309 1896
1310 1525
1310 1537
1310 1681
1310 1928
1310 1953
1311 1417
1311 1449
1311 1531
1311 1578
1311 1768
1311 1846
1311 1903
1311 1951
1311 1983
1311 1989
1312 1530
1312 1577
1312 1587
1312 1625
1312 1652
1312 1669
1312 1823
1312 1916
1312 1928
1312 1946
1312 1999
1313 1341
1313 1495
1313 1509
1313 1532
1313 1752
1313 1773
1313 1828
1313 1858
1313 1923
1314 1398
1314 1408
1314 1571
1314 1736
1314 1887
1314 1948
1314 1973
1315 1324
1315 1406
1315 1414
1315 1551
1315 1627
1315 1865
1315 1868
1315 1880
1315 1906
1316 1330
1316 1353
1316 1375
1316 1396
1316 1470
1316 1518
1316 1660
1316 1700
1316 1805
1316 1851
1316 1884
1316 1897
1316 1942
1317 1407
1317 1521
1317 1585
1317 1782
1317 1784
1317 1846
1317 1857
1317 1949
1317 1952
1317 1971
1318 1517
1318 1538
1318 1702
1318 1897
1318 1901
1318 1962
1319 1454
1319 1505
1319 1580
1319 1612
1319 1671
1319 1854
1319 1892
1319 1952
1319 1967
1320 1322
1320 1386
1320 1446
1320 1473
1320 1514
1320 1700
1320 1795
1320 1919
1321 1464
1321 1481
1321 1483
1321 1506
1321 1612
1321 1688
1321 1733
1321 1771
1321 1792
1321 1983
1322 1383
1322 1401
1322 1403
1322 1417
1322 1617
1322 1752
1322 1928
1322 1973
1323 1497
1323 1511
1323 1564
1323 1631
1323 1696
1323 1820
1324 1337
1324 1466
1324 1558
1324 1574
1324 1639
1324 1667
1324 1709
1324 1796
1324 1847
1324 1925
1325 1389
1325 1404
1325 1551
1325 1565
1325 1567
1325 1624
1325 1633
1325 1673
1325 1674
1325 1739
1325 1759
1325 1863
1325 1897
1326 1501
1326 1554
1326 1605
1326 1677
1326 1758
1326 1759
1326 1825
1326 1842
1326 1978
1326 1988
1327 1330
1327 1344
1327 1366
1327 1439
1327 1492
1327 1596
1327 1726
1327 1750
1327 1761
1327 1857
1327 1898
1328 1329
1328 1494
1328 1497
1328 1611
1328 1754
1328 1764
1328 1798
1328 1847
1328 1934
1328 1966
1328 1999
1329 1513
1329 1627
1329 1629
1329 1669
1329 1798
1329 1815
1329 1863
1329 1872
1330 1526
1330 1540
1330 1601
1330 1836
1331 1353
1331 1495
1331 1514
1331 1523
1331 1563
1331 1640
1331 1667
1331 1673
1331 1759
1331 1889
1331 1988
1332 1406
1332 1500
1332 1541
1332 1583
1332 1589
1332 1746
1332 1955
1332 1956
1333 1379
1333 1407
1333 1433
1333 1512
1333 1789
1333 1841
1333 1870
1334 1367
1334 1404
1334 1477
1334 1478
1334 1599
1334 1688
1334 1738
1334 1749
1334 1766
1334 1879
1334 1958
1334 1987
1334 1990
1334 1993
1335 1394
1335 1489
1335 1511
1335 1657
1335 1658
1335 1730
1335 1739
1336 1341
1336 1476
1336 1505
1336 1675
1336 1845
1336 1883
1337 1518
1337 1776
1337 1806
1337 1824
1337 1881
1337 1902
1338 1369
1338 1401
1338 1452
1338 1498
1338 1594
1338 1597
1338 1657
1338 1725
1338 1787
1338 1862
1339 1427
1339 1526
1339 1637
1339 1640
1339 1801
1339 1808
1339 1876
1339 1902
1339 1979
1340 1352
1340 1568
1340 1584
1340 1631
1340 1981
1341 1396
1341 1419
1341 1421
1341 1437
1341 1599
1341 1615
1341 1629
1341 1635
1341 1704
1341 1843
1341 1892
1341 1903
1342 1387
1342 1417
1342 1473
1342 1516
1342 1552
1342 1665
1342 1710
1342 1842
1342 1868
1342 1978
1343 1364
1343 1412
1343 1631
1343 1781
1343 1829
1343 1885
1344 1573
1344 1769
1344 1780
1344 1860
1344 1963
1345 1381
1345 1420
1345 1445
1345 1807
1345 1844
1345 1890
1345 1895
1346 1707
1346 1786
1346 1952
1347 1713
1347 1714
1347 1776
1347 1854
1347 1858
1347 1992
1348 1465
1348 1521
1348 1541
1348 1620
1348 1642
1348 1702
1348 1745
1348 1815
1348 1861
1349 1358
1349 1559
1349 1582
1349 1590
1349 1617
1349 1675
1349 1728
1349 1787
1349 1815
1349 1819
1349 1968
1350 1387
1350 1929
1350 1966
1351 1408
1351 1461
1351 1658
1351 1696
1351 1726
1351 1877
1351 1880
1351 1929
1352 1416
1352 1428
1352 1450
1352 1502
1352 1510
1352 1567
1352 1615
1352 1725
1352 1821
1352 1829
1352 1885
1353 1511
1353 1574
1353 1608
1353 1645
1353 1673
1353 1682
1353 1919
1353 1972
1354 1387
1354 1451
1354 1536
1354 1626
1354 1732
1354 1735
1354 1754
1354 1771
1354 1853
1354 1885
1354 1896
1354 1985
1355 1433
1355 1440
1355 1448
1355 1457
1355 1724
1355 1792
1355 1918
1355 1990
1356 1410
1356 1472
1356 1691
1356 1730
1356 1752
1357 1395
1357 1593
1357 1847
1357 1911
1357 1997
1358 1360
1358 1395
1358 1449
1358 1712
1358 1755
1358 1786
1358 1826
1358 1875
1358 1911
1358 1950
1359 1676
1359 1727
1359 1736
1359 1778
1359 1867
1359 1996
1360 1361
1360 1507
1360 1723
1361 1462
1361 1496
1361 1531
1361 1656
1361 1687
1361 1759
1361 1866
1361 1953
1362 1402
1362 1413
1362 1414
1362 1476
1362 1640
1362 1852
1362 1961
1362 1998
1363 1371
1363 1377
1363 1394
1363 1632
1363 1733
1363 1792
1363 1844
1363 1973
1364 1416
1364 1459
1364 1628
1364 1778
1364 1833
1365 1501
1365 1535
1365 1587
1365 1666
1365 1956
1366 1425
1366 1473
1366 1492
1366 1617
1366 1646
1366 1745
1366 1752
1366 1819
1367 1434
1367 1476
1367 1565
1367 1652
1367 1847
1367 1918
1368 1404
1368 1447
1368 1666
1368 1731
1368 1867
1368 1990
1369 1474
1369 1558
1369 1586
1369 1697
1369 1727
1369 1806
1369 1917
1370 1458
1370 1570
1370 1667
1370 1895
1370 1919
1371 1540
1371 1755
1372 1549
1372 1617
1372 1697
1372 1728
1372 1908
1372 1953
1372 1986
1373 1524
1373 1640
1373 1784
1373 1862
1373 1919
1373 1935
1374 1411
1374 1528
1374 1764
1374 1797
1374 1853
1374 1913
1374 1941
1375 1558
1375 1586
1375 1588
1375 1740
1375 1860
1375 1914
1376 1420
1376 1479
1376 1582
1376 1592
1376 1675
1376 1701
1376 1790
1377 1384
1377 1528
1377 1711
1377 1714
1377 1750
1377 1773
1377 1905
1378 1433
1378 1624
1378 1638
1378 1680
1378 1742
1378 1811
1378 1837
1378 1918
1379 1433
1379 1441
1379 1478
1379 1512
1379 1789
1379 1841
1379 1874
1379 1929
1379 1970
1380 1384
1380 1400
1380 1409
1380 1982
1381 1422
1381 1529
1381 1539
1381 1557
1381 1600
1381 1805
1382 1581
1382 1597
1382 1622
1382 1751
1382 1856
1382 1976
1383 1498
1383 1522
1383 1622
1383 1631
1383 1703
1383 1756
1383 1769
1383 1778
1383 1783
1383 1815
1383 1843
1383 1856
1383 1939
1384 1418
1384 1423
1384 1661
1384 1771
1384 1817
1384 1914
1385 1460
1385 1527
1385 1624
1385 1661
1385 1888
1385 1901
1385 1994
1386 1659
1387 1443
1387 1559
1387 1691
1387 1693
1387 1757
1387 1783
1387 1959
1388 1529
1388 1557
1388 1585
1388 1627
1388 1713
1388 1783
1388 1840
1388 1888
1388 1896
1389 1438
1389 1512
1389 1658
1389 1671
1389 1944
1389 1992
1390 1394
1390 1536
1390 1566
1390 1672
1390 1862
1390 1883
1390 1889
1390 1914
1390 1935
1391 1456
1391 1525
1391 1538
1391 1586
1391 1655
1391 1765
1391 1844
1391 1900
1391 1916
1391 1930
1392 1416
1392 1476
1392 1493
1392 1686
1392 1714
1392 1811
1393 1444
1393 1482
1393 1510
1393 1577
1393 1781
1393 1840
1393 1866
1393 1891
1394 1547
1394 1862
1394 1928
1394 1973
1395 1402
1395 1476
1395 1516
1395 1769
1395 1785
1395 1899
1396 1505
1396 1577
1396 1623
1397 1443
1397 1632
1397 1657
1397 1687
1397 1766
1397 1795
1397 1881
1397 1935
1397 1991
1398 1420
1398 1491
1398 1535
1398 1554
1398 1577
1398 1637
1398 1821
1398 1897
1399 1425
1399 1501
1399 1641
1399 1756
1399 1779
1399 1824
1399 1856
1399 1940
1399 1941
1399 1970
1400 1457
1400 1470
1400 1634
1400 1749
1400 1976
1400 1989
1400 1992
1401 1474
1401 1480
1401 1528
1401 1562
1401 1781
1401 1926
1401 1977
1402 1589
1402 1783
1402 1845
1402 1853
1402 1924
1403 1576
1403 1641
1403 1657
1403 1739
1403 1845
1403 1928
1403 1932
1403 1996
1404 1489
1404 1685
1405 1484
1405 1586
1405 1636
1405 1812
1405 1879
1405 1888
1405 1907
1405 1931
1405 1958
1406 1510
1406 1512
1406 1583
1406 1775
1406 1802
1407 1412
1407 1423
1407 1606
1407 1659
1407 1721
1407 1847
1407 1902
1407 1970
1408 1425
1408 1439
1408 1632
1408 1664
1408 1807
1408 1990
1409 1443
1409 1559
1409 1608
1409 1717
1409 1798
1409 1848
1409 1908
1410 1455
1410 1515
1410 1522
1410 1659
1410 1681
1410 1688
1410 1740
1410 1769
1410 1858
1410 1930
1411 1414
1411 1522
1411 1546
1411 1688
1411 1798
1411 1809
1411 1968
1412 1448
1412 1488
1412 1563
1412 1686
1412 1687
1412 1731
1412 1762
1412 1781
1412 1961
1412 1994
1413 1426
1413 1449
1413 1493
1413 1535
1413 1635
1413 1648
1413 1656
1413 1659
1413 1700
1413 1723
1413 1788
1413 1821
1413 1867
1413 1940
1413 1958
1414 1422
1414 1482
1414 1537
1414 1542
1414 1559
1414 1582
1414 1718
1414 1782
1414 1909
1414 1943
1414 1998
1415 1444
1415 1445
1415 1479
1415 1515
1415 1532
1415 1574
1415 1792
1416 1458
1416 1584
1416 1596
1416 1651
1416 1872
1416 1897
1416 1899
1416 1974
1417 1419
1417 1445
1417 1527
1417 1716
1417 1723
1417 1730
1418 1502
1418 1630
1418 1654
1418 1706
1418 1740
1418 1815
1418 1832
1418 1925
1419 1433
1419 1578
1419 1681
1419 1723
1419 1735
1420 1421
1420 1442
1420 1589
1420 1670
1420 1953
1421 1502
1421 1715
1421 1724
1421 1900
1421 1934
1422 1558
1422 1583
1422 1620
1422 1693
1422 1765
1422 1852
1422 1867
1422 1940
1423 1526
1423 1569
1423 1734
1423 1742
1423 1768
1423 1770
1423 1792
1423 1795
1423 1833
1424 1485
1424 1585
1424 1846
1424 1856
1424 1865
1424 1967
1425 1430
1425 1459
1426 1442
1426 1486
1426 1592
1426 1638
1426 1679
1426 1686
1426 1689
1426 1848
1426 1855
1426 1890
1426 1916
1426 1975
1426 1993
1427 1522
1427 1653
1427 1706
1427 1879
1427 1896
1427 1898
1427 1917
1427 1956
1428 1507
1428 1682
1428 1862
1428 1878
1428 1898
1428 1913
1429 1465
1429 1474
1429 1489
1429 1504
1429 1614
1429 1637
1429 1796
1429 1916
1430 1432
1430 1510
1430 1640
1430 1862
1430 1863
1430 1973
1431 1629
1431 1895
1432 1564
1432 1778
1432 1919
1433 1565
1433 1660
1433 1771
1433 1839
1433 1964
1434 1461
1434 1474
1434 1631
1434 1778
1435 1438
1435 1601
1435 1686
1435 1723
1435 1738
1435 1913
1435 1922
1435 1942
1436 1483
1436 1499
1436 1584
1436 1776
1436 1884
1436 1898
1436 1920
1436 1977
1437 1549
1437 1597
1437 1615
1437 1655
1437 1706
1437 1818
1437 1883
1438 1509
1438 1534
1438 1887
1439 1446
1439 1562
1439 1576
1439 1584
1439 1595
1439 1673
1439 1707
1439 1800
1439 1845
1440 1456
1440 1790
1440 1793
1440 1836
1440 1869
1440 1916
1441 1498
1441 1571
1441 1608
1441 1615
1441 1618
1441 1744
1441 1855
1441 1929
1441 1938
1442 1692
1442 1837
1442 1844
1442 1971
1442 1976
1443 1514
1443 1616
1443 1666
1443 1873
1444 1490
1444 1580
1444 1650
1444 1854
1444 1996
1445 1467
1445 1483
1445 1578
1445 1602
1445 1912
1445 1986
1445 1989
1445 1997
1446 1453
1446 1458
1446 1460
1446 1664
1446 1699
1446 1744
1446 1858
1446 1926
1446 1970
1447 1503
1447 1521
1447 1607
1447 1714
1447 1719
1447 1746
1447 1835
1447 1839
1447 1946
1448 1952
1448 1958
1449 1506
1449 1605
1449 1822
1450 1469
1450 1730
1450 1744
1450 1781
1450 1809
1450 1829
1450 1974
1451 1454
1451 1567
1451 1600
1451 1603
1451 1623
1451 1823
1451 1825
1451 1914
1451 1949
1451 1966
1451 1972
1451 1996
1452 1524
1452 1596
1452 1634
1452 1654
1452 1738
1452 1759
1452 1969
1453 1493
1453 1602
1453 1776
1453 1805
1453 1861
1453 1883
1454 1554
1454 1573
1454 1678
1454 1821
1455 1512
1455 1574
1455 1622
1455 1817
1455 1920
1456 1582
1456 1591
1456 1623
1456 1677
1457 1509
1457 1523
1457 1535
1457 1678
1458 1524
1458 1722
1458 1732
1458 1996
1459 1502
1459 1512
1459 1549
1459 1744
1459 1823
1459 1834
1460 1482
1460 1576
1460 1669
1460 1746
1460 1953
1461 1530
1461 1574
1461 1594
1461 1606
1461 1617
1461 1642
1461 1652
1461 1929
1462 1669
1462 1762
1462 1823
1462 1868
1462 1938
1463 1566
1463 1674
1463 1705
1463 1713
1463 1757
1463 1791
1463 1907
1463 1927
1463 1948
1463 1979
1463 1980
1464 1498
1464 1556
1464 1624
1464 1664
1464 1680
1464 1768
1464 1790
1464 1829
1464 1878
1465 1466
1465 1485
1465 1624
1465 1651
1465 1662
1465 1868
1465 1997
1466 1567
1466 1717
1466 1767
1466 1891
1466 1912
1466 1946
1467 1491
1467 1607
1467 1857
1467 1868
1467 1985
1468 1474
1468 1581
1468 1706
1468 1717
1468 1791
1468 1794
1468 1903
1468 1920
1468 1982
1469 1683
1469 1841
1469 1872
1469 1892
1469 1943
1470 1597
1470 1635
1470 1671
1470 1692
1470 1970
1471 1508
1471 1528
1471 1546
1471 1644
1471 1722
1471 1796
1471 1804
1471 1831
1471 1938
1471 1947
1472 1499
1472 1599
1472 1790
1472 1825
1472 1862
1472 1971
1473 1539
1473 1564
1473 1574
1473 1609
1473 1757
1473 1796
1473 1831
1473 1879
1473 1973
1474 1496
1474 1514
1474 1538
1474 1585
1474 1701
1474 1779
1474 1808
1474 1890
1475 1709
1475 1855
1476 1652
1476 1803
1476 1810
1476 1864
1477 1795
1477 1843
1477 1845
1477 1904
1477 1974
1478 1517
1478 1810
1478 1859
1479 1720
1479 1763
1479 1785
1479 1791
1479 1792
1479 1883
1479 1932
1480 1493
1480 1498
1480 1721
1480 1968
1481 1638
1481 1768
1481 1822
1481 1893
1481 1901
1481 1984
1482 1558
1482 1665
1482 1694
1482 1891
1482 1990
1483 1532
1483 1648
1483 1758
1483 1772
1483 1799
1483 1820
1483 1910
1483 1940
1484 1613
1484 1722
1484 1798
1484 1871
1485 1539
1485 1583
1485 1670
1485 1687
1485 1720
1485 1782
1485 1989
1486 1576
1486 1609
1486 1626
1486 1669
1486 1680
1486 1698
1486 1729
1486 1761
1486 1918
1487 1555
1487 1638
1487 1639
1487 1877
1487 1980
1488 1506
1488 1569
1488 1580
1488 1596
1488 1604
1488 1633
1488 1727
1488 1917
1489 1597
1489 1630
1489 1707
1489 1733
1489 1826
1489 1865
1489 1873
1489 1969
1490 1647
1490 1696
1490 1787
1490 1869
1490 1956
1491 1509
1491 1535
1491 1543
1491 1630
1491 1688
1491 1732
1491 1928
1491 1981
1492 1539
1492 1543
1492 1569
1492 1802
1492 1881
1493 1505
1493 1544
1493 1655
1493 1767
1493 1850
1493 1875
1493 1925
1493 1952
1494 1584
1494 1661
1494 1692
1494 1736
1494 1867
1494 1903
1494 1953
1495 1679
1495 1774
1495 1817
1495 1942
1495 1959
1496 1506
1496 1521
1496 1649
1496 1735
1496 1793
1496 1956
1496 1987
1497 1523
1497 1554
1497 1938
1498 1540
1498 1584
1498 1829
1498 1875
1498 1928
1498 1946
1498 1970
1499 1514
1499 1528
1499 1672
1499 1741
1499 1839
1499 1952
1499 1962
1499 1978
1500 1566
1500 1616
1500 1656
1500 1783
1500 1918
1501 1533
1501 1580
1501 1609
1501 1706
1501 1721
1501 1740
1501 1825
1501 1976
1502 1834
1502 1865
1502 1877
1502 1893
1503 1597
1503 1631
1503 1729
1503 1737
1503 1774
1503 1826
1503 1955
1503 1998
1504 1536
1504 1557
1504 1593
1504 1659
1504 1726
1504 1825
1504 1860
1504 1923
1505 1557
1505 1576
1505 1591
1505 1623
1505 1877
1505 1999
1506 1588
1506 1630
1506 1764
1506 1846
1506 1866
1506 1876
1506 1927
1507 1682
1507 1695
1507 1713
1507 1769
1508 1554
1508 1648
1508 1668
1508 1693
1508 1859
1508 1923
1508 1938
1508 1969
1509 1593
1509 1615
1509 1827
1509 1887
1509 1894
1509 1986
1510 1602
1510 1628
1510 1651
1510 1713
1510 1822
1510 1856
1510 1881
1511 1537
1511 1609
1511 1631
1511 1647
1511 1898
1511 1967
1511 1982
1512 1571
1512 1583
1512 1714
1512 1784
1512 1880
1512 1972
1513 1734
1513 1738
1513 1761
1513 1791
1513 1837
1514 1635
1514 1758
1514 1800
1514 1893
1514 1902
1514 1921
1515 1525
1515 1527
1515 1617
1515 1655
1515 1701
1515 1856
1515 1874
1515 1920
1515 1987
1516 1713
1516 1752
1516 1836
1517 1540
1517 1818
1517 1961
1518 1622
1518 1637
1518 1654
1518 1690
1518 1958
1518 1986
1519 1540
1519 1626
1519 1693
1519 1799
1519 1806
1519 1833
1519 1931
1519 1970
1519 1985
1520 1567
1520 1576
1520 1694
1520 1727
1520 1784
1520 1792
1521 1582
1521 1657
1521 1699
1521 1788
1521 1883
1521 1909
1521 1965
1522 1559
1522 1933
1523 1569
1523 1654
1523 1867
1523 1880
1523 1984
1524 1609
1524 1655
1524 1777
1524 1784
1524 1813
1524 1912
1524 1921
1525 1572
1525 1643
1525 1654
1525 1767
1525 1775
1525 1795
1525 1850
1525 1866
1525 1977
1526 1566
1526 1600
1526 1621
1526 1829
1526 1966
1526 1972
1527 1571
1527 1584
1527 1740
1527 1867
1527 1978
1528 1701
1528 1743
1528 1773
1528 1827
1528 1851
1528 1959
1528 1966
1529 1530
1529 1611
1529 1613
1529 1699
1529 1701
1529 1864
1529 1870
1530 1570
1530 1593
1530 1634
1530 1656
1530 1773
1530 1855
1530 1975
1530 1995
1531 1536
1531 1557
1531 1620
1531 1681
1531 1733
1531 1739
1531 1914
1531 1924
1532 1742
1533 1579
1533 1903
1533 1941
1533 1965
1534 1616
1534 1741
1534 1854
1534 1871
1534 1874
1534 1985
1534 1987
1535 1539
1535 1545
1535 1561
1535 1574
1535 1729
1535 1731
1535 1764
1535 1853
1535 1948
1535 1950
1535 1976
1536 1967
1536 1971
1537 1688
1537 1737
1537 1853
1537 1872
1537 1943
1537 1992
1538 1666
1538 1791
1538 1823
1538 1847
1538 1882
1538 1913
1538 1969
1538 1991
1539 1834
1540 1559
1540 1703
1540 1744
1541 1660
1541 1779
1541 1825
1541 1875
1541 1890
1541 1937
1542 1556
1542 1617
1542 1627
1542 1662
1542 1799
1542 1864
1542 1912
1542 1922
1543 1546
1543 1589
1543 1708
1543 1736
1543 1749
1543 1896
1544 1606
1544 1611
1544 1631
1544 1647
1544 1779
1544 1971
1545 1717
1545 1722
1545 1808
1545 1860
1545 1962
1545 1969
1546 1550
1546 1597
1546 1636
1546 1714
1546 1898
1546 1938
1546 1959
1547 1549
1547 1602
1547 1643
1547 1710
1547 1741
1547 1783
1548 1558
1548 1762
1548 1932
1548 1955
1549 1816
1549 1817
1549 1840
1549 1891
1549 1921
1549 1952
1550 1781
1550 1785
1550 1799
1550 1854
1550 1860
1550 1869
1550 1906
1551 1559
1551 1623
1551 1631
1551 1680
1551 1681
1551 1722
1551 1746
1551 1784
1552 1757
1552 1799
1552 1803
1552 1889
1552 1973
1552 1975
1553 1574
1553 1582
1553 1598
1553 1691
1553 1749
1553 1909
1553 1982
1554 1556
1554 1588
1554 1624
1554 1813
1554 1938
1554 1958
1555 1632
1555 1667
1555 1706
1555 1725
1555 1808
1555 1920
1555 1978
1556 1841
1556 1881
1557 1622
1557 1692
1557 1745
1557 1764
1557 1882
1558 1626
1558 1660
1558 1688
1559 1565
1559 1598
1559 1723
1559 1782
1559 1893
1559 1931
1560 1648
1560 1723
1560 1737
1560 1812
1560 1937
1561 1585
1561 1668
1561 1681
1561 1690
1561 1865
1562 1669
1562 1679
1562 1681
1562 1714
1562 1799
1562 1863
1563 1586
1563 1619
1563 1650
1563 1690
1563 1748
1563 1865
1563 1892
1563 1916
1564 1613
1564 1638
1564 1789
1564 1817
1564 1837
1564 1849
1564 1953
1564 1979
1564 1991
1565 1624
1565 1721
1565 1765
1565 1832
1565 1848
1565 1908
1566 1802
1566 1855
1566 1922
1567 1728
1567 1879
1567 1924
1568 1571
1568 1594
1568 1604
1568 1641
1568 1710
1568 1722
1568 1804
1569 1857
1569 1900
1569 1957
1569 1974
1570 1576
1570 1589
1570 1642
1570 1932
1570 1973
1571 1754
1571 1773
1571 1786
1571 1822
1571 1869
1572 1596
1572 1615
1572 1725
1572 1749
1572 1798
1572 1834
1572 1849
1572 1855
1572 1866
1572 1878
1573 1649
1573 1739
1573 1762
1573 1855
1573 1912
1574 1580
1574 1637
1574 1667
1574 1845
1575 1610
1575 1805
1575 1853
1575 1958
1576 1674
1576 1774
1577 1597
1577 1611
1577 1747
1577 1913
1578 1657
1578 1796
1578 1944
1578 1996
1579 1650
1579 1684
1579 1863
1579 1934
1580 1647
1580 1663
1580 1690
1580 1742
1580 1879
1580 1934
1581 1615
1581 1806
1582 1770
1582 1796
1582 1980
1583 1610
1583 1619
1583 1630
1583 1759
1583 1833
1583 1971
1584 1689
1584 1714
1584 1795
1584 1909
1584 1965
1585 1600
1585 1905
1586 1617
1586 1653
1586 1657
1586 1810
1586 1835
1587 1623
1587 1639
1587 1723
1587 1798
1587 1898
1587 1904
1587 1929
1587 1990
1588 1604
1588 1718
1588 1806
1588 1867
1588 1906
1588 1931
1588 1946
1588 1947
1588 1967
1589 1670
1589 1855
1589 1904
1589 1913
1590 1595
1590 1608
1590 1630
1590 1661
1590 1860
1590 1884
1590 1922
1591 1636
1591 1783
1591 1984
1592 1611
1592 1791
1592 1794
1592 1890
1592 1902
1592 1915
1592 1971
1593 1641
1593 1851
1593 1940
1594 1612
1594 1831
1594 1863
1594 1922
1595 1783
1595 1815
1595 1879
1596 1631
1596 1698
1596 1707
1596 1765
1596 1950
1597 1831
1597 1859
1597 1915
1597 1994
1598 1645
1598 1646
1598 1661
1598 1720
1598 1756
1598 1892
1598 1953
1599 1637
1599 1699
1599 1719
1599 1725
1599 1748
1599 1877
1600 1749
1600 1753
1600 1756
1600 1870
1600 1965
1600 1972
1600 1975
1601 1791
1601 1794
1601 1980
1602 1640
1602 1708
1603 1639
1603 1640
1603 1668
1603 1712
1603 1967
1603 1973
1603 1989
1604 1715
1604 1785
1605 1705
1605 1717
1606 1619
1606 1630
1606 1653
1606 1712
1606 1728
1606 1803
1606 1822
1607 1630
1607 1741
1607 1887
1607 1902
1608 1688
1608 1705
1608 1711
1608 1743
1608 1913
1609 1685
1609 1913
1610 1695
1610 1798
1610 1851
1610 1852
1610 1881
1610 1965
1611 1796
1611 1845
1611 1849
1611 1925
1612 1933
1613 1806
1613 1987
1614 1665
1614 1676
1614 1691
1614 1696
1614 1700
1614 1703
1614 1832
1614 1877
1614 1899
1614 1933
1614 1966
1615 1672
1615 1676
1615 1717
1615 1810
1616 1649
1616 1662
1616 1753
1617 1624
1617 1684
1617 1988
1618 1700
1618 1710
1618 1807
1618 1848
1619 1753
1619 1772
1619 1797
1620 1687
1620 1730
1620 1742
1620 1751
1620 1819
1620 1955
1621 1634
1621 1707
1621 1941
1622 1717
1622 1808
1623 1713
1623 1814
1623 1836
1623 1847
1623 1852
1623 1858
1624 1816
1624 1918
1624 1954
1625 1666
1625 1721
1625 1796
1625 1974
1625 1991
1626 1715
1626 1746
1627 1771
1627 1781
1627 1854
1627 1864
1627 1900
1627 1932
1627 1947
1627 1995
1628 1859
1629 1760
1629 1807
1629 1944
1629 1956
1629 1969
1629 1974
1630 1695
1630 1703
1630 1771
1630 1790
1630 1818
1630 1923
1631 1679
1631 1709
1632 1673
1632 1989
1633 1650
1633 1936
1634 1673
1634 1887
1634 1935
1634 1968
1635 1645
1635 1735
1635 1881
1635 1951
1636 1650
1636 1737
1636 1744
1636 1814
1636 1852
1636 1897
1636 1917
1636 1997
1637 1694
1637 1878
1638 1674
1638 1849
1638 1869
1638 1961
1639 1648
1639 1652
1639 1664
1639 1744
1639 1808
1640 1701
1640 1890
1641 1660
1641 1741
1641 1791
1641 1870
1641 1991
1642 1722
1642 1764
1642 1802
1643 1708
1643 1785
1643 1913
1643 1970
1644 1672
1644 1714
1644 1732
1644 1743
1644 1791
1644 1862
1644 1886
1645 1664
1645 1670
1645 1683
1645 1694
1645 1890
1645 1891
1645 1944
1646 1870
1646 1883
1646 1915
1646 1918
1646 1946
1647 1697
1647 1718
1647 1760
1647 1768
1647 1842
1647 1912
1647 1922
1647 1964
1647 1992
1648 1859
1648 1985
1649 1676
1649 1697
1649 1724
1649 1992
1650 1811
1650 1858
1651 1704
1651 1830
1651 1854
1651 1922
1651 1933
1651 1946
1651 1964
1651 1998
1652 1662
1652 1699
1652 1705
1652 1829
1653 1776
1653 1881
1654 1763
1654 1770
1654 1772
1654 1781
1654 1870
1655 1766
1655 1900
1655 1913
1655 1976
1656 1809
1656 1829
1656 1855
1657 1738
1657 1805
1657 1854
1658 1858
1658 1986
1660 1697
1660 1853
1660 1964
1661 1679
1661 1732
1661 1807
1661 1810
1662 1734
1662 1815
1662 1999
1663 1797
1663 1813
1663 1815
1663 1844
1663 1917
1664 1671
1664 1702
1664 1976
1665 1703
1666 1745
1666 1774
1666 1821
1666 1831
1666 1950
1667 1777
1667 1827
1667 1880
1667 1914
1667 1920
1667 1961
1668 1700
1668 1949
1669 1672
1669 1885
1670 1716
1670 1791
1670 1850
1671 1699
1671 1778
1671 1850
1672 1900
1672 1902
1672 1990
1673 1717
1673 1782
1673 1808
1673 1854
1673 1856
1673 1862
1673 1981
1673 1997
1674 1726
1674 1774
1674 1806
1674 1814
1674 1862
1674 1970
1675 1892
1675 1936
1676 1693
1676 1722
1676 1755
1676 1811
1676 1829
1676 1887
1676 1914
1676 1969
1676 1992
1677 1684
1677 1845
1677 1879
1677 1893
1677 1941
1678 1685
1678 1766
1678 1767
1678 1771
1678 1804
1679 1805
1679 1814
1679 1856
1679 1860
1680 1745
1680 1755
1680 1823
1680 1846
1680 1969
1680 1993
1681 1795
1681 1804
1681 1811
1681 1864
1681 1923
1682 1698
1682 1741
1682 1843
1682 1903
1682 1984
1682 1996
1683 1930
1684 1735
1684 1877
1684 1889
1684 1935
1684 1956
1684 1971
1685 1711
1685 1868
1685 1946
1686 1926
1686 1939
1687 1712
1687 1785
1687 1961
1687 1977
1688 1816
1688 1846
1688 1860
1688 1961
1689 1826
1689 1843
1689 1929
1690 1725
1690 1788
1690 1863
1690 1921
1690 1988
1691 1706
1691 1760
1691 1763
1691 1839
1691 1933
1691 1937
1693 1763
1693 1821
1693 1865
1693 1911
1693 1968
1694 1841
1694 1930
1695 1724
1695 1733
1695 1784
1695 1864
1695 1934
1696 1703
1696 1825
1696 1826
1696 1832
1696 1843
1696 1877
1696 1899
1696 1966
1696 1992
1697 1901
1697 1919
1697 1951
1698 1705
1698 1764
1698 1824
1698 1837
1698 1901
1698 1916
1698 1979
1699 1889
1700 1926
1700 1952
1701 1782
1701 1803
1701 1817
1701 1941
1701 1964
1702 1864
1702 1913
1702 1920
1703 1762
1703 1798
1703 1832
1703 1853
1703 1877
1703 1884
1703 1899
1703 1917
1703 1966
1704 1719
1704 1754
1704 1781
1704 1827
1705 1762
1705 1858
1705 1886
1705 1920
1705 1984
1706 1768
1706 1846
1706 1883
1706 1969
1706 1992
1707 1762
1707 1786
1707 1841
1707 1899
1707 1980
1708 1714
1708 1804
1708 1944
1708 1995
1710 1751
1710 1770
1710 1887
1711 1738
1711 1739
1712 1750
1712 1798
1712 1823
1713 1823
1713 1948
1713 1969
1714 1841
1714 1883
1714 1944
1714 1986
1715 1794
1715 1806
1715 1817
1716 1775
1716 1874
1717 1788
1717 1830
1717 1900
1717 1979
1718 1756
1718 1776
1718 1837
1718 1866
1719 1747
1719 1780
1719 1846
1719 1980
1720 1837
1720 1891
1720 1918
1720 1922
1720 1992
1721 1779
1721 1785
1722 1897
1722 1898
1722 1912
1722 1927
1723 1926
1723 1976
1724 1748
1724 1881
1724 1893
1724 1996
1725 1770
1725 1833
1725 1874
1726 1768
1726 1801
1726 1810
1726 1851
1726 1886
1726 1901
1727 1783
1727 1802
1728 1843
1728 1968
1730 1951
1731 1765
1731 1842
1731 1934
1732 1853
1732 1885
1732 1897
1732 1964
1732 1969
1733 1792
1733 1799
1733 1846
1733 1973
1734 1841
1734 1887
1734 1926
1734 1944
1734 1988
1734 1990
1735 1746
1735 1968
1735 1981
1736 1801
1736 1838
1736 1895
1736 1941
1736 1945
1737 1764
1737 1802
1737 1857
1737 1914
1738 1810
1738 1826
1739 1803
1739 1995
1741 1801
1742 1802
1742 1809
1742 1941
1742 1945
1742 1978
1743 1932
1744 1922
1744 1940
1745 1771
1745 1887
1745 1894
1745 1989
1746 1764
1746 1769
1746 1789
1746 1880
1746 1955
1746 1988
1747 1789
1747 1791
1747 1863
1747 1873
1747 1893
1748 1900
1748 1908
1748 1910
1748 1952
1749 1994
1750 1920
1750 1921
1751 1778
1751 1832
1752 1798
1752 1828
1752 1907
1752 1923
1752 1981
1753 1758
1753 1812
1754 1870
1754 1964
1754 1967
1755 1777
1755 1806
1755 1876
1755 1923
1755 1982
1756 1772
1756 1928
1757 1874
1758 1761
1758 1946
1759 1821
1759 1853
1760 1769
1760 1811
1760 1861
1760 1897
1760 1995
1761 1815
1761 1937
1762 1849
1762 1851
1762 1892
1762 1908
1762 1945
1763 1786
1763 1852
1763 1878
1763 1971
1763 1975
1764 1816
1764 1887
1764 1969
1764 1994
1765 1774
1765 1821
1766 1789
1767 1777
1767 1885
1767 1928
1767 1977
1767 1981
1767 1998
1768 1803
1768 1866
1768 1888
1768 1920
1768 1940
1768 1988
1769 1796
1769 1800
1770 1868
1770 1952
1770 1982
1771 1886
1771 1925
1771 1959
1771 1967
1772 1776
1772 1841
1772 1952
1773 1806
1773 1821
1773 1925
1773 1969
1773 1988
1774 1882
1774 1902
1774 1912
1774 1984
1775 1808
1775 1820
1775 1870
1776 1867
1776 1936
1777 1838
1777 1978
1778 1961
1778 1988
1778 1991
1779 1797
1779 1813
1779 1930
1780 1789
1781 1909
1781 1936
1782 1820
1782 1847
1782 1983
1783 1786
1783 1885
1783 1908
1785 1835
1785 1992
1786 1817
1786 1947
1786 1958
1787 1968
1788 1849
1788 1966
1789 1808
1790 1919
1790 1938
1791 1832
1791 1953
1792 1857
1792 1863
1793 1794
1793 1830
1793 1877
1793 1956
1793 1972
1794 1818
1794 1863
1794 1877
1795 1868
1795 1982
1796 1919
1797 1798
1797 1853
1797 1866
1797 1894
1797 1914
1798 1879
1798 1971
1799 1853
1799 1951
1801 1847
1801 1908
1801 1961
1801 1979
1802 1939
1803 1945
1803 1989
1803 1993
1804 1836
1804 1894
1804 1989
1805 1976
1807 1832
1809 1862
1809 1996
1810 1828
1811 1870
1811 1935
1812 1975
1813 1824
1813 1986
1813 1997
1814 1818
1814 1970
1815 1864
1815 1993
1816 1904
1817 1877
1817 1889
1817 1926
1817 1989
1818 1845
1818 1936
1818 1989
1819 1886
1819 1888
1820 1831
1820 1854
1820 1982
1822 1838
1822 1919
1822 1960
1823 1851
1823 1871
1823 1877
1824 1939
1825 1864
1826 1898
1827 1876
1827 1885
1827 1926
1827 1944
1828 1835
1828 1902
1828 1960
1828 1986
1829 1946
1830 1835
1830 1870
1830 1981
1831 1956
1831 1983
1832 1877
1832 1899
1832 1966
1832 1969
1833 1838
1833 1865
1833 1892
1833 1940
1835 1848
1835 1877
1836 1856
1836 1872
1837 1912
1837 1914
1837 1915
1838 1867
1838 1872
1839 1894
1839 1906
1840 1904
1841 1872
1841 1895
1841 1903
1841 1970
1842 1873
1842 1985
1843 1985
1845 1994
1846 1884
1846 1967
1847 1873
1850 1927
1850 1985
1852 1965
1852 1984
1853 1857
1853 1894
1854 1980
1855 1964
1858 1884
1858 1922
1858 1945
1859 1912
1861 1909
1861 1994
1862 1919
1863 1894
1863 1916
1863 1958
1863 1996
1865 1934
1866 1887
1868 1966
1868 1986
1870 1885
1870 1886
1870 1938
1870 1968
1871 1921
1871 1942
1871 1953
1871 1996
1872 1884
1872 1917
1873 1884
1873 1899
1875 1882
1875 1924
1876 1899
1876 1940
1876 1966
1877 1899
1877 1966
1878 1922
1878 1923
1878 1954
1879 1952
1880 1995
1881 1889
1881 1904
1881 1911
1881 1935
1881 1974
1881 1992
1881 1994
1882 1910
1882 1948
1885 1904
1885 1950
1886 1920
1886 1936
1887 1908
1887 1920
1887 1945
1889 1895
1889 1933
1890 1916
1892 1921
1893 1999
1894 1905
1896 1938
1896 1996
1897 1987
1898 1950
1898 1992
1899 1966
1899 1999
1901 1949
1901 1958
1901 1991
1903 1933
1906 1963
1908 1973
1908 1992
1908 1996
1909 1977
1911 1948
1912 1989
1913 1939
1913 1996
1914 1997
1916 1996
1919 1978
1920 1978
1921 1981
1922 1966
1922 1992
1925 1932
1925 1957
1925 1993
1926 1985
1927 1975
1928 1963
1929 1993
1930 1962
1931 1944
1934 1984
1934 1998
1936 1982
1937 1960
1937 1974
1939 1942
1939 1959
1939 1987
1941 1997
1943 1970
1944 1946
1944 1955
1946 1977
1948 1961
1949 1951
1950 1960
1950 1968
1952 1986
1953 1969
1954 1958
1954 1974
1955 1999
1958 1977
1962 1967
1962 1998
1968 1975
1971 1973
1984 1987
1996 1997
