5000 75095
0 31
0 77
0 199
0 357
0 1061
0 1103
0 1107
0 2013
0 2098
0 2229
0 2454
0 2775
0 3007
0 3132
0 3268
0 3348
0 3655
0 3728
0 3921
0 3927
0 3943
0 4050
0 4075
0 4298
0 4874
0 4881
0 4939
1 14
1 122
1 131
1 145
1 226
1 231
1 257
1 315
1 340
1 550
1 603
1 901
1 1220
1 1562
1 1627
1 1989
1 2001
1 2175
1 3364
1 3425
1 3605
1 3643
1 3965
1 4004
1 4048
1 4105
1 4115
1 4197
1 4441
1 4509
2 82
2 243
2 646
2 1534
2 1545
2 1557
2 1943
2 2002
2 2011
2 2077
2 2183
2 2218
2 2241
2 2262
2 2281
2 2326
2 2349
2 2686
2 2938
2 2956
2 2999
2 3374
2 3930
2 4158
2 4210
2 4229
2 4341
2 4643
2 4675
2 4859
2 4897
3 24
3 91
3 137
3 278
3 355
3 435
3 707
3 1158
3 1304
3 1330
3 1498
3 1723
3 1734
3 1868
3 2010
3 2021
3 2214
3 2449
3 2796
3 2865
3 3061
3 3158
3 3279
3 3294
3 3413
3 3734
3 4014
3 4130
3 4538
3 4785
3 4839
4 203
4 310
4 443
4 849
4 1050
4 1093
4 1126
4 1232
4 1383
4 1533
4 1657
4 1750
4 2280
4 2562
4 3272
4 3326
4 3719
4 3876
4 3897
4 4153
4 4279
4 4345
4 4416
4 4464
5 38
5 222
5 253
5 319
5 391
5 665
5 876
5 1157
5 1386
5 1702
5 1925
5 1934
5 2040
5 2076
5 2303
5 2414
5 2441
5 2540
5 2642
5 2654
5 2712
5 2845
5 3516
5 3546
5 3566
5 3615
5 3705
5 3734
5 4180
5 4515
5 4519
5 4785
5 4875
5 4921
5 4972
6 798
6 1049
6 1082
6 1354
6 1775
6 1929
6 1967
6 2281
6 2293
6 2299
6 2337
6 2534
6 2730
6 3034
6 3057
6 3609
6 3671
6 3923
6 4029
6 4345
6 4434
6 4742
6 4965
7 112
7 137
7 207
7 255
7 393
7 999
7 1125
7 1363
7 1373
7 1857
7 2392
7 2715
7 2860
7 3007
7 3037
7 3067
7 3432
7 3464
7 3535
7 3760
7 4014
7 4015
7 4101
7 4126
7 4491
7 4644
7 4710
7 4789
7 4892
8 73
8 96
8 127
8 755
8 925
8 1312
8 1321
8 1352
8 1555
8 1606
8 1792
8 2090
8 2235
8 2465
8 2498
8 2654
8 2913
8 3276
8 3293
8 3439
8 3545
8 3579
8 4041
8 4235
8 4257
8 4327
8 4404
8 4613
8 4676
8 4830
8 4945
9 132
9 223
9 319
9 382
9 603
9 743
9 752
9 999
9 1469
9 1490
9 1504
9 1562
9 2040
9 2121
9 2182
9 2605
9 2870
9 3062
9 3408
9 3528
9 3679
9 3719
9 3772
9 3954
9 4040
9 4216
9 4261
9 4384
9 4554
9 4698
9 4855
9 4970
10 106
10 588
10 831
10 929
10 949
10 1086
10 1552
10 1752
10 2009
10 2561
10 2629
10 2815
10 2955
10 3075
10 3098
10 3165
10 3230
10 3304
10 3625
10 3741
10 3986
10 4098
10 4284
10 4296
10 4506
10 4572
10 4882
11 38
11 362
11 435
11 470
11 476
11 1152
11 1318
11 1717
11 1996
11 2154
11 2159
11 2395
11 2517
11 2660
11 2846
11 2864
11 3143
11 3160
11 3200
11 3315
11 3348
11 3551
11 3643
11 3681
11 3772
11 3864
11 4035
11 4044
11 4129
11 4551
11 4610
11 4851
11 4882
11 4940
12 151
12 369
12 520
12 563
12 676
12 720
12 1010
12 1144
12 1163
12 1273
12 1434
12 1524
12 1568
12 1629
12 1915
12 1955
12 1997
12 2297
12 2385
12 2473
12 3280
12 3430
12 3542
12 3671
12 4738
12 4741
12 4810
12 4883
13 31
13 128
13 383
13 705
13 1016
13 1300
13 1431
13 1676
13 2050
13 2074
13 2736
13 2740
13 2877
13 3070
13 3111
13 3184
13 3221
13 3418
13 3625
13 3665
13 4026
13 4142
13 4239
14 656
14 770
14 892
14 1117
14 1156
14 1175
14 1439
14 1482
14 1693
14 1720
14 1873
14 1956
14 2058
14 2102
14 2164
14 2258
14 2325
14 2620
14 2626
14 2870
14 3038
14 3103
14 3234
14 3458
14 3463
14 3645
14 3649
14 3924
14 3975
14 3977
14 4059
14 4176
14 4327
14 4415
14 4452
14 4689
14 4713
14 4716
14 4994
15 16
15 256
15 521
15 608
15 653
15 930
15 1100
15 1250
15 1474
15 1769
15 1929
15 2007
15 2085
15 2441
15 2735
15 2741
15 2876
15 2883
15 3682
15 3696
15 3926
15 3967
15 4031
15 4450
15 4834
16 23
16 565
16 591
16 689
16 877
16 921
16 1610
16 1635
16 2028
16 2038
16 2147
16 2221
16 2259
16 2360
16 2859
16 3101
16 3539
16 3668
16 3759
16 4077
16 4162
16 4737
16 4781
16 4871
17 451
17 473
17 834
17 1014
17 1485
17 1590
17 1661
17 1705
17 1911
17 2008
17 2092
17 2140
17 2516
17 2566
17 2956
17 3092
17 3281
17 3596
17 3649
17 3945
17 4019
17 4304
17 4392
17 4474
17 4636
17 4670
17 4827
17 4847
17 4851
18 590
18 755
18 778
18 943
18 1026
18 1106
18 1125
18 1515
18 1825
18 1996
18 2045
18 2429
18 2568
18 2793
18 2835
18 2968
18 3138
18 3183
18 3232
18 3521
18 4091
18 4541
18 4732
18 4785
19 76
19 198
19 255
19 312
19 415
19 420
19 460
19 490
19 983
19 1221
19 1473
19 1499
19 1581
19 1631
19 1984
19 2054
19 2183
19 2378
19 2505
19 2569
19 2811
19 2834
19 3644
19 3744
19 3947
19 4059
19 4184
19 4233
19 4301
19 4677
19 4752
19 4855
19 4894
20 34
20 54
20 302
20 838
20 1027
20 1300
20 1502
20 1539
20 1579
20 1918
20 2044
20 2171
20 2475
20 2530
20 2767
20 2897
20 3014
20 3073
20 3229
20 3266
20 3545
20 3554
20 3640
20 3941
20 3969
20 4034
20 4362
20 4462
20 4832
20 4863
20 4866
21 266
21 377
21 492
21 525
21 1122
21 1357
21 1607
21 1665
21 1755
21 1799
21 2057
21 2155
21 2192
21 2702
21 2829
21 3042
21 3086
21 3152
21 3619
21 3646
21 3656
21 3669
21 3672
21 3929
21 3973
21 4876
21 4922
21 4979
22 530
22 616
22 640
22 711
22 843
22 902
22 904
22 940
22 999
22 1242
22 1250
22 1625
22 2089
22 2304
22 2428
22 2485
22 2589
22 2774
22 2796
22 3433
22 3543
22 3557
22 3558
22 3581
22 3872
22 3926
22 4096
22 4318
22 4592
22 4875
22 4908
23 215
23 327
23 458
23 556
23 695
23 884
23 1638
23 1861
23 1937
23 2508
23 2789
23 2824
23 3070
23 3301
23 3392
23 3508
23 3743
23 3941
23 4156
23 4454
23 4469
23 4559
23 4840
24 257
24 261
24 608
24 783
24 891
24 953
24 957
24 1555
24 1593
24 1733
24 1746
24 1861
24 1990
24 2119
24 2127
24 2281
24 2326
24 2351
24 2404
24 2429
24 2547
24 2737
24 2748
24 2829
24 2851
24 2863
24 3166
24 3310
24 3490
24 3524
24 3742
24 3877
24 4473
24 4875
25 100
25 268
25 420
25 614
25 1190
25 1211
25 1283
25 1844
25 2056
25 2258
25 2419
25 2434
25 2468
25 2515
25 2551
25 2614
25 2777
25 2831
25 2925
25 3066
25 3163
25 3315
25 3739
25 3935
25 4120
25 4246
25 4337
25 4534
25 4702
25 4985
26 390
26 494
26 501
26 669
26 903
26 1216
26 1221
26 1286
26 1823
26 2044
26 2106
26 2226
26 2359
26 2455
26 2560
26 2616
26 2698
26 2699
26 2979
26 3071
26 3086
26 3246
26 3506
26 3632
26 3649
26 3683
26 3806
26 3889
26 3938
26 3997
26 4169
26 4336
26 4595
26 4786
26 4841
26 4935
26 4965
27 83
27 239
27 271
27 424
27 463
27 783
27 1077
27 1443
27 1518
27 1621
27 1972
27 2179
27 2322
27 2452
27 2659
27 2680
27 2820
27 3020
27 3151
27 3406
27 3578
27 3827
27 4103
27 4147
27 4167
27 4680
27 4892
28 159
28 190
28 546
28 683
28 817
28 844
28 1547
28 1840
28 1906
28 2094
28 2314
28 2524
28 2528
28 2696
28 2710
28 2745
28 2781
28 3441
28 3479
28 3481
28 3485
28 3560
28 3595
28 3893
28 4202
28 4306
28 4521
28 4603
29 119
29 129
29 280
29 322
29 851
29 1040
29 1271
29 1423
29 1615
29 1771
29 1822
29 1832
29 1899
29 1924
29 1969
29 2050
29 2325
29 2395
29 2406
29 2445
29 2568
29 2857
29 2960
29 3188
29 3444
29 3499
29 3591
29 4015
29 4374
29 4382
29 4515
29 4727
29 4892
29 4985
30 145
30 315
30 408
30 452
30 1217
30 1453
30 1687
30 1728
30 2283
30 2290
30 2306
30 2709
30 3077
30 3137
30 3287
30 3404
30 3591
30 3615
30 3676
30 3914
30 4287
30 4297
30 4776
31 196
31 469
31 1037
31 1043
31 1201
31 1782
31 1869
31 1938
31 1963
31 2023
31 2335
31 2391
31 2618
31 2704
31 2732
31 3004
31 3276
31 3342
31 3537
31 3592
31 3641
31 4021
31 4029
31 4483
31 4596
31 4726
31 4763
31 4964
32 136
32 476
32 663
32 678
32 810
32 917
32 1067
32 1381
32 1714
32 1914
32 1934
32 1990
32 2230
32 2446
32 2631
32 2729
32 2751
32 2864
32 2961
32 2971
32 3051
32 3181
32 3280
32 3407
32 3456
32 3824
32 4236
32 4396
32 4414
32 4479
32 4780
33 85
33 279
33 360
33 473
33 510
33 558
33 744
33 749
33 959
33 1107
33 1293
33 1365
33 1653
33 1740
33 2271
33 2325
33 2507
33 2702
33 2716
33 3064
33 3155
33 3160
33 3296
33 3614
33 3708
33 3957
33 4154
33 4210
33 4259
33 4339
33 4438
33 4439
33 4745
33 4965
34 272
34 462
34 505
34 554
34 575
34 762
34 865
34 945
34 1090
34 1342
34 1471
34 1665
34 1876
34 1898
34 1986
34 2002
34 2105
34 2497
34 2645
34 2697
34 2781
34 2983
34 3121
34 3539
34 3606
34 3793
34 3837
34 4057
34 4070
34 4318
34 4376
34 4447
34 4477
34 4640
34 4769
34 4935
35 55
35 351
35 485
35 556
35 1064
35 1104
35 1130
35 1241
35 1432
35 1559
35 1603
35 1891
35 2015
35 2056
35 2085
35 2295
35 2888
35 2921
35 2955
35 3310
35 3356
35 3550
35 3691
35 3981
35 4144
35 4215
35 4433
35 4704
35 4802
35 4979
36 85
36 551
36 610
36 672
36 701
36 841
36 963
36 1105
36 1160
36 1166
36 1369
36 1632
36 2100
36 2328
36 2566
36 2770
36 2780
36 2896
36 3031
36 3127
36 3344
36 3390
36 4137
36 4363
36 4409
36 4601
36 4636
36 4679
36 4703
36 4730
36 4761
37 281
37 311
37 419
37 891
37 969
37 974
37 1035
37 1121
37 1149
37 1221
37 1337
37 1369
37 1779
37 2001
37 2105
37 2407
37 2411
37 2435
37 2482
37 2499
37 2507
37 2589
37 2625
37 2844
37 2913
37 3009
37 3302
37 3475
37 3686
37 3814
37 4259
37 4404
37 4620
37 4645
37 4970
38 65
38 448
38 449
38 562
38 839
38 950
38 1301
38 1348
38 1498
38 1611
38 1715
38 2073
38 2881
38 2926
38 3353
38 3359
38 3634
38 3703
38 3830
38 3833
38 3964
38 4084
38 4229
38 4280
38 4292
38 4312
38 4391
38 4857
39 53
39 244
39 245
39 328
39 348
39 463
39 1138
39 1219
39 1494
39 1675
39 2077
39 2368
39 2614
39 3192
39 3235
39 3305
39 3323
39 3727
39 3796
39 3815
39 3906
39 4254
39 4295
39 4475
39 4484
39 4538
39 4575
39 4585
39 4759
39 4779
40 107
40 217
40 915
40 1510
40 1574
40 1655
40 1952
40 1965
40 2064
40 2165
40 2249
40 2517
40 2597
40 2864
40 2891
40 3004
40 3470
40 3478
40 3586
40 3711
40 3876
40 4240
40 4411
40 4606
40 4681
40 4844
40 4874
40 4903
40 4919
41 104
41 197
41 332
41 497
41 1169
41 1209
41 1229
41 1535
41 1658
41 2000
41 2043
41 2423
41 2497
41 2686
41 2794
41 2819
41 3290
41 3395
41 3567
41 3775
41 3881
41 4079
41 4371
41 4378
41 4420
41 4667
41 4700
41 4917
42 50
42 56
42 64
42 69
42 171
42 436
42 632
42 659
42 759
42 953
42 1272
42 1350
42 1596
42 1826
42 1941
42 2271
42 2578
42 2746
42 3326
42 3350
42 3699
42 3885
42 4252
42 4276
42 4395
42 4441
42 4543
42 4568
42 4805
42 4828
43 247
43 572
43 580
43 629
43 701
43 744
43 848
43 936
43 992
43 1079
43 1455
43 1791
43 1880
43 1904
43 1988
43 2600
43 2616
43 2770
43 2782
43 2929
43 2945
43 2951
43 2995
43 3194
43 3384
43 3551
43 3986
43 4419
43 4461
43 4556
43 4689
43 4844
43 4861
44 389
44 441
44 472
44 508
44 526
44 656
44 1144
44 1160
44 1376
44 1514
44 1560
44 1740
44 1836
44 1904
44 2116
44 2256
44 2347
44 2606
44 2935
44 2962
44 3010
44 3265
44 3384
44 3402
44 3526
44 3611
44 3790
44 3852
44 4080
44 4205
44 4796
45 101
45 117
45 243
45 273
45 387
45 861
45 1155
45 1613
45 1741
45 2108
45 2242
45 2307
45 2504
45 2512
45 2672
45 3096
45 3710
45 3933
45 4125
45 4429
45 4438
45 4571
45 4728
45 4804
45 4979
46 383
46 609
46 866
46 897
46 956
46 1017
46 1231
46 1251
46 1570
46 1592
46 2033
46 2067
46 2278
46 2522
46 2557
46 2598
46 2599
46 2738
46 2846
46 2909
46 3012
46 3033
46 3309
46 3566
46 3578
46 3597
46 3619
46 3686
46 3747
46 3769
46 4470
46 4639
47 230
47 243
47 602
47 621
47 752
47 1261
47 1456
47 1566
47 1735
47 1843
47 1993
47 2193
47 2246
47 2316
47 2327
47 2569
47 2626
47 2948
47 3025
47 3116
47 3253
47 3262
47 3266
47 3460
47 3467
47 3652
47 3919
47 3956
47 4272
47 4356
47 4501
47 4880
48 470
48 601
48 1039
48 1047
48 1122
48 1147
48 1206
48 1242
48 1355
48 1632
48 1912
48 2146
48 2204
48 2260
48 2262
48 3251
48 3334
48 3633
48 3681
48 4055
48 4144
48 4216
48 4927
49 52
49 59
49 197
49 500
49 644
49 736
49 954
49 963
49 1320
49 1482
49 1591
49 1909
49 2039
49 2191
49 2458
49 2874
49 2925
49 3050
49 3644
49 3728
49 3907
49 4475
49 4839
50 178
50 903
50 969
50 972
50 1065
50 1147
50 1238
50 1444
50 1535
50 1726
50 1852
50 1880
50 1900
50 1950
50 2172
50 2420
50 2699
50 2824
50 2998
50 3180
50 3420
50 3538
50 3875
50 3878
50 3984
50 4094
50 4116
50 4123
50 4583
50 4699
50 4772
50 4791
51 80
51 421
51 566
51 616
51 623
51 753
51 1141
51 1237
51 1293
51 1479
51 1626
51 1691
51 1847
51 1861
51 1866
51 2239
51 2378
51 2524
51 2603
51 2726
51 3345
51 3433
51 3511
51 3628
51 3678
51 4094
51 4099
51 4395
51 4406
51 4497
51 4581
51 4666
51 4742
51 4783
52 189
52 476
52 769
52 1076
52 1220
52 1243
52 1578
52 1926
52 2085
52 2134
52 2282
52 2517
52 2785
52 3073
52 3165
52 3299
52 3323
52 3335
52 3416
52 3511
52 3553
52 3985
52 4197
52 4244
52 4266
52 4288
52 4386
52 4593
52 4786
53 59
53 158
53 865
53 974
53 980
53 1052
53 1067
53 1297
53 1310
53 1326
53 1405
53 1635
53 1950
53 1971
53 2079
53 2093
53 2429
53 2510
53 2737
53 2749
53 3103
53 3386
53 3441
53 3470
53 3637
53 4245
54 270
54 480
54 506
54 604
54 836
54 864
54 909
54 1097
54 1100
54 1131
54 1151
54 1250
54 1252
54 1572
54 1779
54 1837
54 1848
54 1971
54 3591
54 3723
54 4010
54 4333
54 4399
54 4422
54 4527
54 4679
54 4697
55 119
55 159
55 285
55 424
55 783
55 1052
55 1226
55 1374
55 1429
55 1539
55 1577
55 1805
55 2003
55 2086
55 2169
55 2965
55 3070
55 3139
55 3154
55 3294
55 3369
55 3379
55 3383
55 3631
55 3764
55 3777
55 3888
55 3949
55 4162
55 4401
55 4696
55 4849
56 66
56 74
56 81
56 205
56 585
56 591
56 609
56 708
56 822
56 1016
56 1318
56 1482
56 1668
56 1691
56 1833
56 1948
56 1970
56 1999
56 2311
56 2475
56 2496
56 2539
56 2760
56 2816
56 3048
56 3105
56 3254
56 3295
56 3585
56 3607
56 3657
56 3868
56 4402
56 4520
56 4561
56 4778
56 4858
57 165
57 194
57 253
57 537
57 1014
57 1055
57 1101
57 1242
57 1426
57 1665
57 1798
57 2251
57 2478
57 2654
57 2689
57 2792
57 2944
57 3194
57 3246
57 3321
57 3834
57 4044
57 4076
57 4088
57 4127
57 4232
57 4690
57 4966
58 77
58 366
58 632
58 722
58 1119
58 1563
58 1956
58 2159
58 2254
58 2320
58 2327
58 2449
58 2556
58 2658
58 2683
58 2878
58 3034
58 3118
58 3219
58 3930
58 4305
58 4312
58 4440
58 4513
58 4529
58 4796
58 4862
58 4884
58 4897
59 111
59 617
59 644
59 1317
59 1341
59 1461
59 1626
59 1771
59 1867
59 2659
59 2710
59 3020
59 3082
59 3191
59 3239
59 3294
59 3357
59 3478
59 3576
59 3899
59 4175
59 4217
59 4354
59 4473
59 4654
59 4936
60 179
60 410
60 505
60 536
60 839
60 933
60 1377
60 1539
60 2120
60 2157
60 2170
60 2576
60 3104
60 3252
60 3283
60 3362
60 3539
60 3583
60 3607
60 3727
60 3813
60 4085
60 4088
60 4234
60 4595
60 4832
60 4959
60 4985
61 132
61 234
61 286
61 382
61 670
61 816
61 1037
61 1162
61 1179
61 1381
61 1486
61 1614
61 1747
61 2011
61 2067
61 2106
61 2449
61 2731
61 3307
61 3458
61 3549
61 3681
61 3988
61 4227
61 4686
62 81
62 116
62 431
62 473
62 604
62 796
62 833
62 853
62 946
62 1262
62 1288
62 2076
62 2114
62 2228
62 2240
62 2536
62 2643
62 2936
62 3567
62 3641
62 3644
62 3859
62 3907
62 4315
62 4350
62 4451
62 4538
63 205
63 300
63 401
63 429
63 654
63 769
63 803
63 1009
63 1250
63 1383
63 1741
63 1826
63 1867
63 2138
63 2181
63 2198
63 2278
63 2281
63 2919
63 2994
63 3130
63 3205
63 3258
63 3433
63 3562
63 3696
63 3861
63 3925
63 4183
63 4210
63 4374
63 4611
63 4646
63 4836
63 4924
63 4990
64 219
64 257
64 652
64 721
64 832
64 1019
64 1037
64 1045
64 1210
64 1306
64 1350
64 1420
64 2103
64 2488
64 2674
64 2847
64 2851
64 2959
64 3520
64 3803
64 4158
64 4322
64 4475
64 4536
64 4766
65 155
65 182
65 243
65 496
65 501
65 608
65 707
65 902
65 984
65 1034
65 1304
65 1422
65 1449
65 1492
65 1497
65 1690
65 1760
65 2046
65 2118
65 2226
65 2456
65 2830
65 2922
65 2978
65 3299
65 3352
65 3449
65 3634
65 3699
65 3832
65 4290
65 4364
65 4437
66 105
66 175
66 217
66 478
66 833
66 835
66 883
66 1124
66 1492
66 1733
66 2051
66 2187
66 3019
66 3563
66 3619
66 4004
66 4055
66 4259
66 4810
66 4879
66 4902
67 413
67 501
67 554
67 746
67 823
67 1006
67 1524
67 2014
67 2024
67 2039
67 2693
67 2817
67 3013
67 3155
67 3165
67 3416
67 3688
67 3959
67 4020
67 4286
67 4427
67 4595
67 4749
67 4865
68 251
68 341
68 621
68 849
68 1082
68 1224
68 1324
68 1428
68 1649
68 1805
68 1864
68 1934
68 2047
68 2077
68 2083
68 2134
68 2168
68 3093
68 3490
68 3758
68 3931
68 3937
68 4054
68 4214
68 4640
68 4673
68 4932
68 4945
69 93
69 177
69 215
69 229
69 269
69 656
69 696
69 720
69 742
69 1105
69 1359
69 1403
69 1885
69 2222
69 2358
69 2422
69 2428
69 2482
69 2560
69 2632
69 2646
69 2654
69 2900
69 2948
69 2953
69 3209
69 3455
69 3495
69 3517
69 3523
69 3609
69 3687
69 3775
69 4056
69 4253
69 4393
69 4540
69 4714
69 4745
70 122
70 170
70 331
70 754
70 889
70 1205
70 1228
70 1297
70 1383
70 1490
70 1630
70 1815
70 2081
70 2175
70 2276
70 2301
70 2377
70 2570
70 2837
70 2910
70 3032
70 3099
70 3193
70 3210
70 3498
70 3748
70 4087
70 4121
70 4463
70 4492
70 4570
70 4677
70 4709
71 373
71 474
71 651
71 764
71 856
71 1046
71 1074
71 1115
71 1130
71 1310
71 1332
71 1413
71 1554
71 1764
71 1877
71 2175
71 2176
71 2228
71 2242
71 2497
71 2631
71 2865
71 2948
71 3428
71 3482
71 3725
71 3796
71 4081
71 4095
71 4112
71 4411
71 4558
71 4818
72 413
72 487
72 738
72 806
72 969
72 1136
72 1453
72 1885
72 1951
72 2041
72 2089
72 2163
72 2241
72 2531
72 2541
72 2609
72 2646
72 2662
72 2991
72 3076
72 3147
72 3181
72 3309
72 3459
72 3850
72 4301
72 4343
72 4393
72 4559
72 4631
72 4750
72 4899
73 164
73 387
73 496
73 566
73 617
73 731
73 901
73 1232
73 1349
73 1393
73 1677
73 2000
73 2007
73 2145
73 2213
73 2329
73 2564
73 2736
73 2816
73 3058
73 3131
73 3434
73 3446
73 3605
73 3875
73 3899
73 3918
73 4119
73 4252
73 4365
73 4381
73 4982
74 274
74 289
74 341
74 506
74 707
74 727
74 1176
74 1533
74 1643
74 1644
74 1821
74 2135
74 2146
74 2416
74 2436
74 2440
74 2678
74 2695
74 2701
74 2729
74 2990
74 3034
74 3046
74 3207
74 3440
74 3520
74 3574
74 3605
74 4066
74 4146
74 4178
74 4216
74 4265
74 4369
74 4385
74 4674
74 4730
75 169
75 192
75 216
75 470
75 658
75 730
75 775
75 879
75 1253
75 1328
75 1384
75 1430
75 1518
75 1531
75 1603
75 1761
75 1859
75 2175
75 2209
75 2230
75 2492
75 2528
75 2710
75 3062
75 3536
75 3709
75 4291
75 4690
75 4769
75 4776
75 4926
75 4991
76 337
76 572
76 1471
76 1587
76 1694
76 1720
76 1858
76 2047
76 2142
76 2228
76 2462
76 2517
76 2532
76 2535
76 2574
76 2629
76 3188
76 3640
76 3846
76 3946
76 4041
76 4045
76 4201
76 4250
76 4448
76 4837
76 4840
76 4849
76 4872
77 246
77 390
77 596
77 810
77 836
77 1114
77 1245
77 1786
77 1938
77 2246
77 2573
77 2769
77 3069
77 3110
77 3195
77 3390
77 3534
77 4026
77 4387
77 4517
77 4621
77 4922
77 4952
78 148
78 426
78 869
78 951
78 1020
78 1048
78 1062
78 1227
78 1406
78 1511
78 1734
78 2280
78 2636
78 2662
78 2955
78 3216
78 3279
78 3290
78 3440
78 3515
78 3673
78 3730
78 3908
78 4110
78 4290
78 4329
78 4377
78 4537
79 316
79 377
79 595
79 612
79 796
79 1060
79 1242
79 1269
79 1451
79 1862
79 1939
79 2125
79 2529
79 2774
79 2776
79 2865
79 3118
79 3229
79 3233
79 3246
79 3356
79 3511
79 3608
79 3727
79 3743
79 3824
79 3905
79 4041
79 4236
79 4756
79 4833
80 224
80 569
80 717
80 798
80 1116
80 1118
80 1133
80 1246
80 1305
80 1563
80 1564
80 1748
80 1841
80 1876
80 1936
80 2000
80 2003
80 2090
80 2511
80 2741
80 2764
80 3043
80 3364
80 3365
80 3614
80 3766
80 3921
80 4051
80 4314
80 4368
80 4699
80 4910
81 1359
81 1391
81 1452
81 1568
81 2164
81 2283
81 2374
81 2504
81 2543
81 2591
81 2603
81 2739
81 2937
81 3024
81 3033
81 3253
81 3615
81 3637
81 3639
81 3649
81 3694
81 4067
81 4088
81 4342
81 4376
81 4638
81 4834
82 173
82 212
82 424
82 657
82 740
82 898
82 1166
82 1195
82 1247
82 1551
82 1725
82 2032
82 2045
82 2353
82 2470
82 3244
82 3456
82 3756
82 3772
82 3913
82 3929
82 4144
82 4247
82 4403
82 4612
82 4956
83 283
83 330
83 442
83 453
83 475
83 848
83 871
83 1271
83 1493
83 1663
83 1710
83 1791
83 2141
83 2457
83 2848
83 2883
83 3125
83 3174
83 3264
83 3314
83 3316
83 3534
83 3676
83 3736
83 3750
83 3799
83 4060
83 4101
83 4278
83 4409
83 4666
83 4735
83 4798
84 401
84 526
84 747
84 794
84 852
84 895
84 956
84 1210
84 1215
84 1682
84 1700
84 2353
84 2385
84 2445
84 2524
84 3026
84 3188
84 3313
84 3339
84 3448
84 3631
84 3884
84 3885
84 3997
84 4299
84 4454
84 4654
84 4765
85 159
85 210
85 466
85 529
85 701
85 740
85 817
85 903
85 1181
85 1191
85 1524
85 1531
85 1906
85 2075
85 2382
85 2440
85 2670
85 2786
85 2892
85 2930
85 3317
85 3461
85 3503
85 3643
85 3644
85 3961
85 4021
85 4180
85 4260
85 4502
85 4516
85 4722
85 4845
86 185
86 426
86 473
86 576
86 1090
86 1281
86 1533
86 1730
86 1746
86 1997
86 2156
86 2219
86 2488
86 2540
86 2660
86 2804
86 2823
86 2956
86 3056
86 3110
86 3135
86 3259
86 3264
86 3352
86 3497
86 3763
86 3928
86 4148
86 4312
86 4484
86 4866
86 4955
87 150
87 358
87 681
87 807
87 1161
87 1228
87 1364
87 1467
87 1846
87 2038
87 2045
87 2336
87 2399
87 2641
87 2947
87 3115
87 3551
87 3731
87 3817
87 3819
87 3850
87 4216
87 4436
87 4557
87 4751
88 238
88 520
88 554
88 773
88 925
88 934
88 1093
88 1228
88 1408
88 1888
88 1945
88 2183
88 2306
88 2338
88 2379
88 2427
88 2467
88 2706
88 2775
88 2970
88 2988
88 3113
88 3155
88 3282
88 3386
88 3527
88 3741
88 4395
88 4447
88 4530
88 4536
88 4545
88 4663
88 4734
88 4871
88 4896
88 4898
88 4969
89 102
89 123
89 176
89 298
89 824
89 962
89 968
89 1296
89 1452
89 1785
89 1950
89 1951
89 1967
89 2168
89 2230
89 2313
89 2522
89 2631
89 2632
89 2837
89 2987
89 3037
89 3083
89 3135
89 3273
89 3319
89 3352
89 3385
89 3413
89 3521
89 3749
89 3822
89 3931
89 4118
89 4448
89 4457
89 4564
89 4575
89 4577
89 4707
90 217
90 253
90 572
90 813
90 838
90 1044
90 1173
90 1290
90 1295
90 1306
90 1624
90 1856
90 1889
90 2045
90 2568
90 2684
90 2687
90 2809
90 2821
90 2940
90 3036
90 3070
90 3101
90 3449
90 3611
90 4257
90 4305
90 4539
90 4599
90 4830
90 4844
91 268
91 377
91 626
91 680
91 845
91 1007
91 1107
91 1137
91 1218
91 1338
91 1363
91 1419
91 1454
91 1539
91 1614
91 1800
91 1867
91 2146
91 2468
91 2540
91 2568
91 2615
91 2927
91 3034
91 3400
91 3674
91 4082
91 4119
91 4519
91 4573
91 4840
92 241
92 252
92 394
92 461
92 740
92 832
92 1260
92 1450
92 1897
92 1958
92 2071
92 2119
92 2237
92 2395
92 2753
92 2769
92 2801
92 3002
92 3883
92 4011
92 4076
92 4170
92 4216
92 4262
92 4513
93 173
93 210
93 444
93 635
93 639
93 654
93 892
93 1036
93 1126
93 1321
93 1761
93 1902
93 1922
93 2232
93 2344
93 2422
93 2481
93 2607
93 2660
93 2856
93 3241
93 3645
93 3971
93 4024
93 4048
93 4187
93 4222
93 4641
93 4678
93 4904
94 294
94 353
94 369
94 927
94 1017
94 1028
94 1114
94 1440
94 1795
94 1974
94 2086
94 2099
94 2185
94 2279
94 2492
94 2616
94 2773
94 3163
94 3253
94 3306
94 3486
94 3772
94 3949
94 4113
94 4153
94 4462
94 4535
94 4670
94 4813
95 255
95 292
95 414
95 577
95 662
95 1008
95 1058
95 1212
95 1302
95 1390
95 1474
95 1486
95 1791
95 1808
95 1882
95 2178
95 2746
95 3115
95 3326
95 3503
95 3648
95 3658
95 4061
95 4185
95 4191
95 4330
95 4604
95 4644
96 117
96 152
96 200
96 233
96 328
96 439
96 586
96 980
96 1025
96 1200
96 1282
96 1337
96 1412
96 1473
96 1721
96 1782
96 1817
96 2025
96 2154
96 2505
96 2512
96 2648
96 3055
96 3158
96 3747
96 3847
96 3970
96 4778
97 343
97 791
97 802
97 1177
97 1433
97 1502
97 1537
97 1615
97 1746
97 2371
97 2535
97 2862
97 2932
97 3216
97 3484
97 3499
97 3516
97 3789
97 3854
97 3921
97 4170
97 4307
97 4376
97 4378
97 4764
97 4785
97 4846
97 4871
97 4893
98 176
98 240
98 312
98 540
98 775
98 836
98 849
98 1152
98 1390
98 1409
98 1680
98 1714
98 2096
98 2720
98 2787
98 2876
98 3410
98 3425
98 3672
98 3848
98 4152
98 4204
98 4276
98 4425
98 4590
98 4707
98 4781
98 4926
99 140
99 481
99 712
99 854
99 869
99 871
99 906
99 1064
99 1163
99 1325
99 1433
99 1568
99 1751
99 1834
99 1848
99 1905
99 1987
99 2026
99 2154
99 2532
99 2952
99 2992
99 3292
99 3731
99 4297
99 4528
99 4563
100 126
100 251
100 278
100 328
100 410
100 507
100 513
100 656
100 662
100 746
100 1163
100 1176
100 1756
100 1910
100 2108
100 2405
100 2490
100 2684
100 2986
100 3203
100 3238
100 3412
100 3968
100 4060
100 4516
100 4595
100 4603
100 4728
100 4801
101 204
101 278
101 1129
101 1257
101 1570
101 1854
101 1996
101 2108
101 2517
101 2793
101 2825
101 2850
101 2956
101 3012
101 3013
101 3086
101 3319
101 3939
101 4101
101 4396
101 4611
101 4726
101 4911
101 4926
102 229
102 551
102 982
102 1084
102 1573
102 1935
102 1946
102 2264
102 2393
102 2577
102 2652
102 2721
102 2792
102 2808
102 2884
102 2895
102 2998
102 3051
102 3105
102 3212
102 3224
102 3412
102 4141
102 4446
102 4892
103 555
103 558
103 699
103 792
103 801
103 885
103 1215
103 1375
103 1385
103 1398
103 1412
103 1478
103 1760
103 1869
103 2025
103 2071
103 2131
103 2278
103 2428
103 2526
103 2567
103 2581
103 2844
103 2877
103 2990
103 3043
103 3101
103 3202
103 3269
103 3271
103 3370
103 3432
103 3552
103 3656
103 3744
103 4130
103 4143
103 4377
103 4482
103 4586
103 4665
104 254
104 292
104 294
104 332
104 346
104 400
104 624
104 959
104 1005
104 1213
104 1318
104 1426
104 1613
104 1831
104 1905
104 2208
104 2355
104 2859
104 3079
104 3712
104 3841
104 3875
104 4541
104 4580
104 4665
104 4685
105 378
105 484
105 657
105 1067
105 1384
105 1386
105 1539
105 1565
105 1596
105 1650
105 2050
105 2093
105 2266
105 2416
105 2482
105 2729
105 2779
105 2919
105 3320
105 3454
105 3509
105 3524
105 3723
105 3727
105 3849
105 3893
105 3958
105 4291
105 4310
106 161
106 172
106 442
106 808
106 954
106 1000
106 1030
106 1273
106 1471
106 1665
106 1675
106 1714
106 1763
106 1854
106 1859
106 2105
106 2147
106 2340
106 2360
106 2541
106 2585
106 2602
106 2957
106 2991
106 3045
106 3070
106 3100
106 3150
106 3460
106 3745
106 4055
106 4289
106 4294
106 4592
107 206
107 317
107 420
107 460
107 593
107 1085
107 1307
107 1629
107 1653
107 1854
107 1874
107 1954
107 2135
107 2309
107 2577
107 2809
107 2850
107 2974
107 3340
107 3417
107 3568
107 3574
107 3711
107 3736
107 3739
107 3761
107 3868
107 3923
107 4032
107 4427
107 4627
107 4775
107 4793
107 4948
108 385
108 482
108 933
108 1022
108 1246
108 1279
108 1854
108 2016
108 2305
108 2385
108 2477
108 2738
108 2936
108 3112
108 3337
108 3348
108 3530
108 3873
108 3885
108 3914
108 4217
108 4224
108 4270
108 4481
108 4589
108 4610
108 4906
109 240
109 260
109 435
109 482
109 532
109 638
109 848
109 937
109 939
109 965
109 1206
109 1250
109 1416
109 1732
109 2261
109 2537
109 3023
109 3057
109 3422
109 3543
109 3881
109 4074
109 4096
109 4549
109 4603
109 4690
109 4789
109 4962
110 183
110 545
110 569
110 594
110 601
110 714
110 764
110 881
110 1024
110 1083
110 1517
110 1701
110 2030
110 2245
110 2247
110 2443
110 2830
110 2890
110 2951
110 2954
110 2958
110 3083
110 3350
110 3642
110 4018
110 4392
110 4659
111 162
111 188
111 262
111 292
111 355
111 679
111 937
111 1029
111 1522
111 1780
111 1893
111 1935
111 2246
111 2306
111 2711
111 3053
111 3133
111 3625
111 3817
111 4145
111 4186
111 4318
111 4428
111 4660
111 4825
112 769
112 1007
112 1086
112 1226
112 1278
112 1289
112 1606
112 1640
112 1814
112 1897
112 1969
112 2471
112 2631
112 2717
112 2784
112 2866
112 3015
112 3725
112 3973
112 4001
112 4019
112 4069
112 4133
112 4227
112 4441
112 4487
112 4663
112 4740
112 4861
112 4945
112 4978
113 233
113 477
113 528
113 931
113 956
113 972
113 1152
113 1241
113 1329
113 1444
113 1463
113 1813
113 2017
113 2174
113 2243
113 2497
113 2602
113 2611
113 2781
113 2819
113 2994
113 3046
113 3221
113 3900
113 4188
113 4256
113 4526
113 4552
113 4596
113 4705
113 4899
114 141
114 322
114 522
114 586
114 690
114 695
114 763
114 826
114 897
114 999
114 1015
114 1292
114 1542
114 1567
114 1578
114 1923
114 1957
114 2068
114 2502
114 2691
114 2873
114 3386
114 3399
114 3523
114 3682
114 3798
114 3827
114 3844
114 3894
114 4033
114 4273
114 4277
114 4753
114 4767
115 402
115 463
115 525
115 571
115 585
115 613
115 653
115 892
115 1010
115 1020
115 1166
115 1201
115 1401
115 1516
115 1648
115 2340
115 2634
115 2862
115 3147
115 3150
115 3348
115 3440
115 3566
115 3569
115 4105
115 4163
115 4437
115 4654
115 4878
116 143
116 147
116 335
116 384
116 936
116 1061
116 1140
116 1249
116 1260
116 1385
116 1658
116 2123
116 2279
116 2571
116 2743
116 2764
116 3011
116 3516
116 3537
116 3671
116 3751
116 3820
116 4190
116 4305
116 4497
116 4694
116 4823
116 4841
117 196
117 298
117 305
117 324
117 711
117 777
117 1095
117 1237
117 1566
117 1628
117 1824
117 1852
117 2032
117 2114
117 2201
117 2246
117 2500
117 2603
117 2632
117 2654
117 2692
117 3119
117 3202
117 3342
117 3343
117 3374
117 3449
117 3502
117 3540
117 3541
117 3550
117 3614
117 3864
117 3866
117 4094
117 4479
117 4938
118 126
118 369
118 529
118 809
118 814
118 862
118 883
118 1056
118 1061
118 1157
118 1635
118 1745
118 1888
118 1891
118 2103
118 2320
118 2790
118 2804
118 2991
118 3031
118 3192
118 3414
118 3461
118 3524
118 3572
118 3664
118 3689
118 4044
118 4406
118 4542
118 4556
118 4754
119 565
119 787
119 859
119 1047
119 1259
119 1296
119 1336
119 1573
119 2126
119 2183
119 2219
119 2228
119 2331
119 2626
119 2684
119 2914
119 3049
119 3105
119 3180
119 3467
119 3478
119 3690
119 3942
119 4225
119 4261
119 4479
119 4780
120 203
120 480
120 529
120 1374
120 1416
120 1742
120 1764
120 1811
120 1829
120 1970
120 2056
120 2156
120 2247
120 2310
120 2408
120 2418
120 2938
120 3035
120 3219
120 3277
120 3354
120 3967
120 4235
120 4323
120 4397
120 4607
120 4654
120 4674
120 4964
121 380
121 399
121 635
121 681
121 775
121 1306
121 1393
121 1523
121 1983
121 2260
121 2664
121 3057
121 3106
121 3635
121 3637
121 3766
121 3839
121 3855
121 3921
121 4388
121 4404
121 4634
121 4780
121 4880
121 4964
122 316
122 406
122 568
122 1026
122 1106
122 1220
122 1254
122 1293
122 1380
122 1418
122 1688
122 2129
122 2143
122 2157
122 2180
122 2449
122 2690
122 2771
122 3170
122 3185
122 3473
122 3486
122 3524
122 3545
122 4252
122 4315
122 4427
122 4592
122 4867
122 4981
123 318
123 446
123 1052
123 1359
123 1673
123 1703
123 1972
123 2008
123 2020
123 2048
123 2167
123 2214
123 2465
123 2486
123 2527
123 2600
123 2661
123 2735
123 2784
123 2906
123 2946
123 3181
123 3331
123 3492
123 3703
123 3759
123 4319
123 4401
123 4408
123 4718
123 4917
124 131
124 178
124 225
124 309
124 870
124 955
124 992
124 1108
124 1144
124 1387
124 1404
124 1586
124 1725
124 1792
124 1930
124 1942
124 2055
124 2261
124 2431
124 2514
124 3083
124 3091
124 3382
124 3858
124 3937
124 4137
124 4214
124 4306
124 4569
124 4632
124 4691
124 4758
124 4900
125 204
125 519
125 695
125 946
125 1340
125 1453
125 1503
125 1847
125 1993
125 2053
125 2124
125 2191
125 2278
125 2293
125 2431
125 2466
125 2517
125 2603
125 2952
125 3358
125 3406
125 3472
125 3507
125 3528
125 3617
125 3764
125 3974
125 4223
125 4334
125 4620
125 4795
126 526
126 545
126 1063
126 1116
126 1534
126 1707
126 2117
126 2179
126 2183
126 2365
126 2405
126 2707
126 2793
126 2855
126 3075
126 3280
126 3317
126 3439
126 3880
126 3974
126 4019
126 4392
126 4459
126 4534
126 4636
127 392
127 452
127 670
127 724
127 931
127 1084
127 1140
127 1311
127 1519
127 1574
127 1660
127 1691
127 1767
127 1977
127 2066
127 2095
127 2102
127 2288
127 2352
127 2658
127 2971
127 3077
127 3440
127 3725
127 3884
127 3983
127 4575
127 4732
127 4939
128 511
128 548
128 552
128 573
128 669
128 751
128 848
128 889
128 1000
128 1052
128 1146
128 1335
128 1442
128 1482
128 1877
128 1954
128 2126
128 2353
128 2591
128 2824
128 2972
128 3157
128 3395
128 3510
128 3666
128 3734
128 4015
128 4367
128 4494
128 4974
129 324
129 436
129 477
129 540
129 621
129 632
129 844
129 858
129 944
129 1598
129 1806
129 1819
129 1972
129 2309
129 2773
129 2889
129 2917
129 2991
129 3203
129 3258
129 3359
129 3388
129 3390
129 3434
129 3653
129 3718
129 3870
129 4099
129 4158
129 4450
129 4498
129 4750
129 4782
129 4853
129 4920
129 4933
130 268
130 343
130 457
130 576
130 819
130 908
130 944
130 1292
130 1452
130 1528
130 1668
130 1736
130 1861
130 1867
130 2053
130 2100
130 2161
130 2647
130 2662
130 2673
130 2811
130 3062
130 3090
130 3200
130 3348
130 3670
130 3801
130 3866
130 4536
130 4714
130 4799
130 4857
131 203
131 476
131 578
131 720
131 744
131 1130
131 1495
131 1731
131 1858
131 2269
131 2425
131 2504
131 2539
131 2717
131 3006
131 3243
131 3359
131 3617
131 3809
131 3927
131 4125
131 4438
131 4480
131 4621
131 4658
131 4779
132 156
132 160
132 318
132 454
132 586
132 623
132 654
132 680
132 833
132 984
132 991
132 1146
132 1186
132 1240
132 1306
132 1443
132 1681
132 2005
132 2339
132 2366
132 2371
132 2415
132 2745
132 2790
132 2827
132 3069
132 3257
132 3272
132 3477
132 3649
132 3841
132 4162
132 4246
132 4439
132 4449
132 4685
132 4689
133 290
133 297
133 359
133 374
133 801
133 822
133 1436
133 1458
133 2196
133 2207
133 2246
133 2343
133 2374
133 2411
133 2541
133 2964
133 3141
133 3559
133 3617
133 3630
133 3681
133 3781
133 3854
133 3942
133 4142
133 4203
133 4256
133 4325
133 4348
133 4411
133 4447
133 4468
133 4649
133 4947
134 302
134 628
134 895
134 911
134 1161
134 1352
134 1353
134 1863
134 2247
134 2401
134 2720
134 2816
134 2837
134 3116
134 3224
134 3475
134 3607
134 3846
134 3856
134 4038
134 4098
134 4282
134 4521
134 4526
134 4565
134 4646
134 4684
134 4747
134 4784
134 4794
134 4942
134 4957
135 174
135 376
135 463
135 889
135 1206
135 1260
135 1527
135 1755
135 1858
135 2124
135 2760
135 3009
135 3253
135 3614
135 3643
135 3859
135 4109
135 4303
135 4501
135 4903
135 4915
135 4948
135 4969
136 402
136 564
136 605
136 667
136 807
136 857
136 1035
136 1331
136 1583
136 1774
136 2149
136 2183
136 2311
136 2412
136 2506
136 2510
136 2546
136 3268
136 3348
136 3553
136 4227
136 4342
136 4440
136 4617
136 4721
136 4740
136 4930
137 224
137 225
137 323
137 405
137 496
137 683
137 1224
137 1334
137 1398
137 1411
137 1486
137 1521
137 1536
137 1801
137 2031
137 2110
137 2159
137 2261
137 2316
137 2624
137 2631
137 2795
137 3066
137 3097
137 3250
137 3340
137 3475
137 3553
137 3652
137 3660
137 4272
137 4527
137 4909
138 234
138 582
138 769
138 860
138 940
138 995
138 1031
138 1059
138 1175
138 1394
138 1668
138 1983
138 1996
138 2158
138 2446
138 2609
138 2674
138 2866
138 3004
138 3106
138 3134
138 3200
138 3324
138 3528
138 3611
138 4172
138 4530
138 4644
138 4695
138 4935
138 4948
139 151
139 440
139 651
139 674
139 885
139 1297
139 1322
139 1416
139 1766
139 1797
139 1905
139 1965
139 2037
139 2396
139 2657
139 2719
139 2847
139 2900
139 3070
139 3104
139 3182
139 3393
139 3484
139 3549
139 3653
139 3858
139 3937
139 4197
139 4349
139 4354
139 4358
139 4443
139 4473
139 4597
139 4696
139 4837
139 4933
139 4973
140 249
140 252
140 269
140 270
140 629
140 641
140 1025
140 1049
140 1179
140 1258
140 1327
140 1385
140 1511
140 1595
140 1941
140 2448
140 2542
140 2550
140 3126
140 3185
140 3288
140 3685
140 3797
140 3818
140 3846
140 3967
140 4222
140 4336
140 4616
141 153
141 199
141 260
141 326
141 702
141 733
141 871
141 1323
141 1365
141 1732
141 1847
141 1942
141 2020
141 2303
141 2542
141 2640
141 2692
141 3280
141 3374
141 3395
141 3468
141 3519
141 3592
141 3949
141 4044
141 4051
141 4233
141 4266
141 4545
142 244
142 280
142 681
142 936
142 964
142 1246
142 1250
142 1727
142 1825
142 1939
142 1981
142 2237
142 2378
142 2451
142 2475
142 2662
142 2732
142 2788
142 2929
142 2936
142 3039
142 3100
142 3475
142 3673
142 3854
142 3970
142 3973
142 4118
143 376
143 594
143 615
143 682
143 974
143 1096
143 1247
143 1271
143 1285
143 1550
143 1709
143 1806
143 1840
143 1969
143 2300
143 2316
143 2689
143 2865
143 3051
143 3138
143 3234
143 3259
143 3397
143 3436
143 3521
143 4188
143 4626
143 4656
143 4821
144 162
144 331
144 650
144 755
144 782
144 791
144 1070
144 1147
144 1612
144 1704
144 1791
144 1841
144 2717
144 2790
144 2889
144 2978
144 3053
144 3216
144 3275
144 3420
144 3466
144 3744
144 3982
144 4011
144 4025
144 4598
144 4913
145 522
145 590
145 722
145 959
145 980
145 1071
145 1201
145 1211
145 2122
145 2210
145 2233
145 2608
145 2767
145 2770
145 3183
145 3281
145 3389
145 3431
145 3612
145 4129
145 4227
145 4653
145 4730
145 4755
145 4867
145 4905
145 4923
146 541
146 855
146 889
146 987
146 1196
146 1307
146 1359
146 1374
146 1539
146 1901
146 2136
146 2637
146 2643
146 2995
146 3068
146 3202
146 3332
146 3681
146 3786
146 3992
146 4189
146 4217
146 4442
146 4520
146 4861
146 4950
147 663
147 760
147 886
147 1352
147 1382
147 1442
147 1672
147 1673
147 1995
147 2432
147 2846
147 3012
147 3115
147 3541
147 3876
147 3919
147 4157
147 4262
147 4368
147 4614
147 4651
147 4715
148 627
148 763
148 1042
148 1610
148 1643
148 1675
148 1724
148 2449
148 2452
148 2682
148 2702
148 2866
148 2935
148 3404
148 3497
148 3532
148 3598
148 3810
148 3839
148 3868
148 3897
148 3974
148 4071
148 4331
148 4343
148 4449
148 4988
149 168
149 179
149 235
149 342
149 485
149 558
149 760
149 1343
149 1363
149 1556
149 1664
149 1896
149 2045
149 2053
149 2184
149 2870
149 3040
149 3464
149 3481
149 3647
149 3682
149 3753
149 3977
149 4125
149 4337
149 4691
149 4750
149 4807
150 191
150 254
150 338
150 388
150 584
150 667
150 732
150 852
150 1298
150 1383
150 1649
150 1783
150 1935
150 1952
150 2045
150 2226
150 2417
150 2436
150 2749
150 3160
150 3234
150 3322
150 3346
150 3688
150 3864
150 3891
150 4204
150 4390
150 4492
150 4503
150 4551
150 4796
151 834
151 1060
151 1120
151 1204
151 1404
151 1531
151 1654
151 1712
151 2512
151 2545
151 2786
151 2828
151 3360
151 3406
151 3567
151 3593
151 3767
151 3888
151 4156
151 4218
151 4294
151 4323
151 4568
151 4635
151 4835
151 4879
152 167
152 528
152 826
152 1071
152 1113
152 1487
152 2146
152 2147
152 2217
152 2277
152 2288
152 2372
152 2483
152 2997
152 3006
152 3094
152 3199
152 3231
152 3675
152 4238
152 4347
152 4404
152 4413
152 4514
152 4599
152 4620
152 4737
152 4878
153 895
153 1006
153 1015
153 1051
153 1144
153 1268
153 1355
153 1490
153 1734
153 1737
153 1780
153 1814
153 1884
153 2008
153 2126
153 2890
153 3287
153 3370
153 3514
153 3640
153 3773
153 3813
153 3822
153 4247
153 4264
153 4577
153 4724
153 4764
154 336
154 498
154 508
154 586
154 638
154 727
154 829
154 1248
154 1347
154 1363
154 1442
154 1475
154 1639
154 2218
154 2258
154 2324
154 2498
154 2724
154 3061
154 3087
154 3266
154 3609
154 3657
154 3662
154 3788
154 3826
154 3840
154 3989
154 4040
154 4164
154 4236
154 4500
154 4769
154 4780
154 4814
154 4852
155 391
155 907
155 1016
155 1027
155 1208
155 1653
155 1683
155 1766
155 1794
155 2003
155 2178
155 2206
155 2353
155 2569
155 2668
155 3063
155 3184
155 3321
155 3685
155 3826
155 4045
155 4096
155 4099
155 4699
155 4846
155 4889
156 311
156 513
156 547
156 820
156 872
156 1176
156 1193
156 1363
156 1463
156 1487
156 1519
156 1817
156 1864
156 1952
156 1984
156 2011
156 2358
156 2457
156 2473
156 2599
156 3051
156 3071
156 3235
156 3313
156 3493
156 3889
156 3978
156 4037
156 4519
156 4608
156 4619
156 4645
156 4677
156 4992
157 179
157 340
157 447
157 500
157 591
157 678
157 728
157 904
157 1046
157 1178
157 1310
157 1496
157 1603
157 1623
157 1752
157 2081
157 2181
157 2198
157 2671
157 2687
157 2777
157 2802
157 3029
157 3211
157 3224
157 3306
157 3353
157 3370
157 3621
157 3957
157 4191
157 4398
157 4482
157 4730
157 4935
157 4953
158 250
158 286
158 301
158 417
158 856
158 1096
158 1419
158 1739
158 1939
158 1955
158 1976
158 1978
158 2091
158 2359
158 2428
158 2676
158 2811
158 3024
158 3076
158 3082
158 3261
158 3651
158 3673
158 3686
158 3881
158 3986
158 4010
158 4017
158 4326
158 4327
158 4461
158 4702
158 4739
158 4863
158 4910
159 352
159 590
159 692
159 889
159 1165
159 1170
159 1217
159 1516
159 1583
159 2055
159 2188
159 2525
159 2683
159 2886
159 3157
159 3433
159 3465
159 3735
159 4022
159 4052
159 4073
159 4434
159 4443
159 4505
159 4524
159 4743
159 4833
159 4889
160 606
160 1099
160 1387
160 1942
160 2006
160 2395
160 2457
160 2483
160 2921
160 2975
160 3063
160 3172
160 3185
160 3208
160 3225
160 3270
160 3280
160 3506
160 3676
160 4131
160 4199
160 4554
160 4661
160 4801
161 408
161 707
161 738
161 1253
161 1255
161 1358
161 1505
161 1506
161 1920
161 1981
161 2050
161 2317
161 2328
161 2943
161 3143
161 3159
161 3206
161 3828
161 3929
161 3948
161 4043
161 4131
161 4174
161 4177
161 4256
161 4378
161 4548
161 4552
161 4745
161 4851
162 432
162 562
162 836
162 1053
162 1346
162 1373
162 1445
162 1514
162 1582
162 1620
162 1891
162 1938
162 2197
162 2304
162 2367
162 2764
162 2842
162 2878
162 2939
162 2989
162 3060
162 3270
162 3479
162 3528
162 3579
162 3595
162 3652
162 3945
162 4019
162 4222
162 4403
162 4700
162 4887
163 187
163 306
163 381
163 527
163 549
163 685
163 831
163 951
163 1558
163 1566
163 2031
163 2141
163 2378
163 2565
163 2776
163 2862
163 2900
163 3037
163 3137
163 3152
163 3165
163 3169
163 3710
163 3715
163 3846
163 4247
163 4889
163 4984
164 287
164 409
164 422
164 1249
164 1269
164 1373
164 1651
164 1663
164 1755
164 1776
164 1856
164 2343
164 2548
164 2583
164 2698
164 2752
164 2875
164 2893
164 3371
164 3882
164 4003
164 4306
164 4328
164 4336
164 4774
165 771
165 973
165 1267
165 1308
165 1692
165 1706
165 1784
165 1943
165 2069
165 2096
165 2440
165 2819
165 2836
165 2850
165 2864
165 2983
165 3403
165 3439
165 3633
165 3822
165 4377
165 4384
165 4772
166 227
166 232
166 247
166 288
166 872
166 1056
166 1090
166 1161
166 1337
166 1421
166 1508
166 1790
166 1890
166 1938
166 1942
166 2096
166 2141
166 2441
166 2688
166 3036
166 3050
166 3150
166 3257
166 3385
166 3501
166 3583
166 3589
166 3888
166 4290
166 4456
166 4743
167 395
167 583
167 762
167 957
167 1034
167 1130
167 1221
167 1225
167 1491
167 2196
167 2654
167 2734
167 2805
167 2911
167 3150
167 3335
167 3768
167 3895
167 3903
167 3936
167 4061
167 4069
167 4350
167 4857
167 4907
168 211
168 212
168 261
168 569
168 1011
168 1045
168 1258
168 1313
168 1331
168 1341
168 1350
168 1517
168 1685
168 2038
168 2097
168 2202
168 2226
168 2267
168 2768
168 2894
168 3063
168 3498
168 3819
168 3920
168 4159
168 4197
168 4528
168 4692
168 4893
168 4954
169 354
169 575
169 875
169 1570
169 2157
169 2173
169 2191
169 2254
169 2475
169 2529
169 2740
169 2743
169 2842
169 2872
169 3101
169 3222
169 3236
169 3526
169 3557
169 3572
169 3908
169 4115
169 4140
169 4390
169 4671
169 4682
170 177
170 215
170 283
170 620
170 679
170 710
170 726
170 905
170 908
170 1142
170 1651
170 2112
170 2171
170 2290
170 2306
170 2815
170 3078
170 3251
170 3421
170 3423
170 3428
170 3557
170 3639
170 3980
170 4153
170 4165
170 4278
170 4544
170 4684
171 295
171 372
171 483
171 554
171 651
171 862
171 1084
171 1253
171 1366
171 1394
171 2204
171 2651
171 2838
171 3032
171 3398
171 3446
171 3749
171 3770
171 4297
171 4300
171 4665
171 4825
171 4939
171 4974
172 615
172 677
172 1214
172 1504
172 1511
172 1617
172 1671
172 1690
172 2587
172 2694
172 2855
172 2908
172 2988
172 3194
172 3371
172 3474
172 3555
172 3560
172 3722
172 3758
172 4014
172 4100
172 4109
172 4363
172 4447
172 4526
172 4732
173 333
173 463
173 1144
173 1244
173 1585
173 1658
173 1756
173 2109
173 2235
173 2568
173 3109
173 3370
173 3601
173 3673
173 3696
173 3702
173 3708
173 3762
173 3873
173 3901
173 4003
173 4044
173 4077
173 4181
173 4348
173 4693
173 4827
173 4971
174 294
174 366
174 493
174 951
174 1052
174 1207
174 1532
174 1745
174 1753
174 2003
174 2058
174 3008
174 3010
174 3024
174 3115
174 3137
174 3206
174 3695
174 3699
174 3820
174 4132
174 4189
174 4255
174 4263
174 4393
174 4591
174 4806
174 4907
174 4971
175 293
175 377
175 500
175 690
175 913
175 1095
175 1265
175 1588
175 1637
175 1660
175 2083
175 2160
175 2328
175 2419
175 2471
175 2708
175 2815
175 2864
175 3057
175 3405
175 3413
175 3474
175 3607
175 3938
175 4106
175 4165
175 4309
175 4731
175 4890
175 4964
176 201
176 301
176 354
176 758
176 941
176 1193
176 1285
176 1353
176 1446
176 1971
176 2169
176 2240
176 2313
176 2339
176 2672
176 2685
176 2859
176 3099
176 3674
176 3958
176 4063
176 4099
176 4108
176 4150
176 4291
176 4373
177 333
177 517
177 800
177 1265
177 1388
177 1444
177 1611
177 1713
177 1913
177 1942
177 1977
177 2035
177 2138
177 2158
177 2526
177 2680
177 2691
177 2834
177 3228
177 3271
177 3908
177 3928
177 3968
177 4074
177 4712
177 4779
177 4883
178 402
178 723
178 724
178 774
178 825
178 941
178 996
178 1019
178 1031
178 1193
178 1539
178 1657
178 1751
178 2238
178 2307
178 2562
178 2888
178 3242
178 3297
178 3313
178 3337
178 3354
178 3405
178 3493
178 3545
178 3769
178 3847
178 4306
178 4690
179 393
179 520
179 728
179 759
179 812
179 1029
179 1135
179 1206
179 1210
179 1247
179 1430
179 1602
179 1716
179 1728
179 1964
179 2008
179 2182
179 2252
179 2572
179 2633
179 2806
179 2914
179 3053
179 3185
179 3292
179 3477
179 3924
179 4605
179 4799
179 4956
179 4981
180 672
180 770
180 872
180 922
180 1000
180 1090
180 1434
180 1555
180 2117
180 2152
180 2199
180 2224
180 2255
180 2295
180 2312
180 2371
180 2426
180 2987
180 3167
180 3230
180 3256
180 3278
180 3288
180 3404
180 3637
180 3739
180 3800
180 3846
180 3891
180 4209
180 4347
180 4663
180 4988
181 239
181 297
181 550
181 691
181 1164
181 1568
181 1655
181 1693
181 1877
181 2306
181 2550
181 2941
181 2986
181 3028
181 3178
181 3610
181 4145
181 4160
181 4457
181 4458
181 4544
181 4780
182 226
182 450
182 477
182 499
182 537
182 584
182 974
182 1124
182 1136
182 1248
182 1499
182 1610
182 1717
182 1831
182 1886
182 1979
182 2150
182 2244
182 2764
182 2938
182 3051
182 3189
182 3341
182 3572
182 3930
182 3938
182 4311
182 4317
182 4518
182 4547
182 4615
182 4646
182 4963
183 614
183 676
183 785
183 968
183 1606
183 2297
183 2471
183 2542
183 2753
183 2756
183 2935
183 3234
183 3533
183 3548
183 3757
183 3957
183 4112
183 4306
183 4430
183 4452
183 4478
183 4556
183 4811
183 4848
184 387
184 411
184 515
184 550
184 821
184 1072
184 1243
184 1530
184 1546
184 1616
184 1642
184 2239
184 2259
184 2598
184 2871
184 2937
184 3031
184 3113
184 3121
184 3127
184 3163
184 3572
184 4030
184 4071
184 4121
184 4499
184 4554
184 4750
184 4850
184 4862
185 236
185 240
185 376
185 575
185 800
185 859
185 975
185 1133
185 1140
185 1272
185 1372
185 1945
185 1952
185 2098
185 2153
185 2567
185 2667
185 2739
185 2759
185 2993
185 3300
185 3383
185 3402
185 3481
185 3608
185 3706
185 3846
185 3971
185 4138
185 4329
185 4552
186 290
186 298
186 495
186 626
186 669
186 822
186 969
186 1165
186 1718
186 1885
186 2117
186 2384
186 2464
186 2558
186 2570
186 2722
186 2749
186 2929
186 3192
186 3219
186 3275
186 4057
186 4368
186 4779
186 4834
186 4871
187 689
187 897
187 900
187 1269
187 1270
187 2005
187 2353
187 2394
187 2412
187 2449
187 2560
187 2623
187 2641
187 3148
187 3275
187 3326
187 3619
187 3636
187 3696
187 3955
187 4033
187 4324
187 4343
187 4437
187 4519
187 4548
187 4638
187 4775
187 4833
187 4952
188 189
188 598
188 930
188 1138
188 1285
188 1396
188 1470
188 1853
188 2065
188 2076
188 2277
188 2414
188 2628
188 2633
188 2783
188 2906
188 3030
188 3075
188 3168
188 3464
188 3528
188 3543
188 3638
188 3835
188 4123
188 4134
188 4247
188 4406
188 4591
188 4639
188 4738
188 4827
188 4866
188 4898
188 4922
189 586
189 683
189 815
189 1109
189 1111
189 1159
189 1470
189 1881
189 1972
189 2174
189 2306
189 2311
189 2326
189 2466
189 2535
189 2590
189 2596
189 2729
189 2901
189 2925
189 3126
189 3134
189 3199
189 3444
189 3813
189 4041
189 4210
189 4370
189 4417
189 4585
189 4802
190 264
190 468
190 668
190 1237
190 1330
190 1756
190 1761
190 1780
190 1812
190 1887
190 1937
190 2073
190 2608
190 2702
190 2751
190 3117
190 3388
190 3429
190 3681
190 3778
190 4010
190 4027
190 4103
190 4194
190 4381
190 4398
190 4849
191 211
191 303
191 315
191 516
191 774
191 788
191 974
191 1110
191 1618
191 1627
191 1632
191 1719
191 1720
191 1732
191 1872
191 1887
191 1962
191 2164
191 2313
191 2445
191 2573
191 3263
191 3309
191 3587
191 4042
191 4083
191 4201
191 4465
192 242
192 331
192 393
192 632
192 664
192 890
192 907
192 928
192 1050
192 1104
192 1135
192 1601
192 1831
192 1860
192 1971
192 2015
192 2057
192 2105
192 2131
192 2297
192 2322
192 2531
192 2907
192 3225
192 3604
192 3865
192 4295
192 4423
192 4784
193 421
193 640
193 754
193 772
193 809
193 1034
193 1108
193 1153
193 1456
193 2237
193 2341
193 2389
193 2745
193 2906
193 3222
193 3237
193 3544
193 3693
193 3720
193 3748
193 3933
193 4140
193 4355
193 4512
193 4664
193 4670
193 4672
193 4791
193 4800
193 4927
193 4950
194 430
194 632
194 717
194 1069
194 1687
194 1954
194 2072
194 2086
194 2243
194 2391
194 2621
194 2694
194 2922
194 3108
194 3144
194 3525
194 3564
194 3825
194 3948
194 4308
194 4456
194 4521
194 4566
194 4572
194 4764
194 4898
194 4942
194 4973
195 376
195 730
195 1067
195 1394
195 1425
195 1462
195 1508
195 1801
195 1879
195 2012
195 2102
195 2150
195 2184
195 2357
195 2373
195 3203
195 3228
195 3389
195 3495
195 3512
195 3685
195 3923
195 3969
195 4024
195 4200
195 4344
195 4560
195 4649
196 212
196 335
196 352
196 589
196 603
196 766
196 898
196 1231
196 1397
196 1614
196 1750
196 1772
196 1964
196 2025
196 2118
196 2304
196 2669
196 3118
196 3224
196 3746
196 3856
196 3906
196 3970
196 4108
196 4139
196 4199
196 4254
196 4267
196 4377
196 4457
196 4483
196 4499
196 4662
196 4984
197 520
197 663
197 738
197 765
197 1080
197 1234
197 2358
197 2401
197 2499
197 2608
197 2655
197 2747
197 2999
197 3727
197 3773
197 3814
197 4666
197 4891
197 4996
198 253
198 261
198 750
198 923
198 1055
198 1125
198 1167
198 1431
198 1462
198 1511
198 1640
198 1989
198 2039
198 2633
198 2808
198 2984
198 3013
198 3111
198 3372
198 3965
198 4146
198 4184
198 4240
198 4494
198 4697
198 4734
198 4964
199 400
199 1170
199 1174
199 1199
199 1286
199 1471
199 1481
199 1496
199 1575
199 1770
199 1774
199 1928
199 1992
199 2157
199 2176
199 2300
199 2845
199 2850
199 3296
199 3486
199 3630
199 3831
199 3838
199 3914
199 4040
199 4069
199 4241
199 4342
199 4376
199 4609
199 4638
199 4676
199 4932
199 4962
200 772
200 890
200 1124
200 1632
200 1856
200 2015
200 2327
200 2616
200 2730
200 2928
200 3003
200 3176
200 3229
200 3237
200 3334
200 3435
200 3449
200 3561
200 3704
200 3994
200 4021
200 4104
200 4175
200 4361
200 4600
200 4741
200 4946
201 450
201 485
201 643
201 723
201 802
201 810
201 819
201 984
201 1044
201 1129
201 1169
201 1606
201 1618
201 1951
201 2052
201 2112
201 2552
201 2558
201 2877
201 3198
201 3232
201 3247
201 3736
201 3764
201 3864
201 3874
201 3923
201 4400
201 4887
201 4954
201 4979
202 526
202 860
202 963
202 1091
202 1155
202 1233
202 1665
202 2225
202 2259
202 2439
202 2462
202 3114
202 3214
202 3265
202 3278
202 3366
202 3390
202 3446
202 3614
202 4008
202 4230
202 4294
202 4450
202 4523
202 4604
202 4665
202 4819
202 4848
202 4976
203 232
203 282
203 302
203 365
203 794
203 1014
203 1024
203 1090
203 1339
203 1486
203 1487
203 1559
203 1658
203 1669
203 1708
203 2041
203 2072
203 2652
203 2912
203 3076
203 3241
203 3578
203 3638
203 3665
203 3724
203 3786
203 4016
203 4159
203 4659
203 4660
203 4685
203 4898
203 4989
204 432
204 593
204 610
204 624
204 726
204 749
204 809
204 1103
204 1307
204 1408
204 1821
204 1971
204 2016
204 2114
204 2349
204 2531
204 2582
204 2702
204 2858
204 2985
204 3052
204 3210
204 3271
204 3420
204 3691
204 3869
204 3892
204 3900
204 4039
204 4123
204 4700
204 4761
204 4877
204 4887
205 322
205 358
205 576
205 626
205 826
205 868
205 887
205 948
205 968
205 1095
205 1099
205 1326
205 1434
205 1872
205 2148
205 2322
205 2526
205 2604
205 2674
205 2976
205 3066
205 3154
205 3236
205 3358
205 3741
205 3969
205 4059
205 4236
205 4444
205 4859
206 268
206 284
206 852
206 1068
206 1352
206 1522
206 1787
206 1843
206 1930
206 2620
206 2732
206 2963
206 3069
206 3245
206 3255
206 3353
206 3396
206 3646
206 3867
206 3906
206 3988
206 4145
206 4202
206 4277
206 4278
206 4375
206 4426
206 4794
206 4856
207 604
207 814
207 958
207 1381
207 1523
207 1678
207 1817
207 1854
207 2254
207 2525
207 2638
207 2648
207 3432
207 3479
207 3678
207 4190
207 4254
207 4453
207 4556
207 4607
207 4641
207 4719
207 4734
207 4881
207 4917
208 253
208 292
208 561
208 756
208 1091
208 1212
208 1344
208 1720
208 1775
208 1999
208 2079
208 2155
208 2432
208 2615
208 2632
208 2795
208 3012
208 3579
208 3625
208 3960
208 4006
208 4505
208 4583
208 4587
208 4589
208 4657
208 4672
209 440
209 507
209 553
209 589
209 595
209 709
209 1092
209 1255
209 1465
209 1486
209 2173
209 2235
209 2395
209 2619
209 2684
209 2920
209 2953
209 2963
209 3035
209 3068
209 3297
209 3436
209 3508
209 3527
209 3533
209 4566
209 4791
209 4850
209 4865
209 4975
210 447
210 581
210 717
210 953
210 1464
210 1548
210 1671
210 1819
210 1972
210 2164
210 2205
210 2217
210 2267
210 3152
210 3347
210 3520
210 3773
210 4623
210 4818
210 4825
211 294
211 644
211 1334
211 1765
211 1849
211 2206
211 2294
211 2323
211 2368
211 2629
211 2766
211 2937
211 2959
211 2973
211 3054
211 3273
211 3286
211 3473
211 3586
211 3723
211 4035
211 4311
211 4688
211 4743
211 4963
212 421
212 882
212 978
212 1278
212 1307
212 1327
212 1656
212 1666
212 1912
212 2023
212 2147
212 2255
212 2476
212 2540
212 2632
212 2794
212 2965
212 3157
212 3316
212 3370
212 3552
212 3597
212 3616
212 3724
212 3729
212 4031
212 4047
212 4184
212 4312
212 4522
212 4543
212 4851
213 248
213 427
213 677
213 1203
213 1550
213 1840
213 2082
213 2104
213 2336
213 2600
213 2665
213 2704
213 2705
213 2847
213 3640
213 3781
213 3855
213 3858
213 3859
213 4399
213 4428
213 4875
213 4897
213 4900
214 215
214 320
214 489
214 507
214 661
214 769
214 776
214 971
214 1096
214 1103
214 1234
214 1266
214 1288
214 1303
214 1823
214 1827
214 1946
214 1971
214 2050
214 2058
214 2060
214 2084
214 2799
214 3039
214 3049
214 3094
214 3401
214 3539
214 3561
214 3920
214 4347
214 4402
214 4456
214 4722
214 4744
214 4849
215 1190
215 1326
215 1430
215 1441
215 1486
215 1556
215 1769
215 1924
215 2425
215 2576
215 2621
215 2652
215 2690
215 2911
215 3008
215 3362
215 3540
215 3543
215 3566
215 3589
215 3618
215 3713
215 3717
215 3825
215 4149
215 4186
215 4733
216 466
216 490
216 742
216 819
216 908
216 1035
216 1040
216 1056
216 1075
216 1085
216 1158
216 1246
216 1247
216 1294
216 1512
216 2006
216 2097
216 2285
216 2416
216 2427
216 2528
216 2900
216 3265
216 3727
216 4094
216 4106
216 4670
216 4688
216 4736
216 4831
217 281
217 392
217 706
217 711
217 836
217 1120
217 1676
217 1790
217 1845
217 1865
217 1942
217 2139
217 2144
217 2337
217 2523
217 2836
217 2859
217 2916
217 2954
217 3287
217 3320
217 3589
217 3649
217 3854
217 4044
217 4224
217 4616
217 4637
217 4726
217 4932
218 754
218 833
218 1076
218 1087
218 1189
218 1253
218 1304
218 1347
218 1542
218 1660
218 1897
218 2223
218 2277
218 2458
218 2708
218 2825
218 3000
218 3119
218 3225
218 3619
218 3648
218 3842
218 3958
218 4084
218 4109
218 4253
218 4312
218 4690
218 4858
218 4972
219 284
219 383
219 387
219 661
219 682
219 717
219 896
219 1025
219 1128
219 1620
219 1708
219 1749
219 2005
219 2372
219 2522
219 2577
219 2752
219 3222
219 3391
219 3423
219 3468
219 3475
219 3673
219 3994
219 4175
219 4196
219 4208
219 4302
219 4417
219 4425
219 4670
219 4835
219 4841
220 252
220 324
220 671
220 772
220 1012
220 1490
220 1643
220 1735
220 1780
220 2469
220 2671
220 2723
220 2756
220 2759
220 2814
220 2953
220 3019
220 3291
220 3320
220 3361
220 3466
220 3985
220 4464
220 4515
220 4516
220 4707
220 4798
221 308
221 360
221 456
221 562
221 865
221 980
221 1063
221 1198
221 1291
221 1401
221 1918
221 2467
221 2490
221 2580
221 2629
221 2655
221 2682
221 2857
221 2923
221 3160
221 3493
221 3531
221 3726
221 3883
221 3956
221 4051
221 4091
221 4110
221 4290
221 4377
221 4900
222 269
222 282
222 524
222 836
222 873
222 1030
222 1270
222 1488
222 1601
222 2122
222 2151
222 2246
222 2457
222 3034
222 3134
222 3253
222 3379
222 3843
222 4154
222 4201
222 4275
222 4467
222 4619
222 4622
222 4649
222 4716
222 4966
223 352
223 386
223 503
223 1150
223 1290
223 1606
223 1801
223 2022
223 2077
223 2173
223 2220
223 2229
223 2257
223 2422
223 2798
223 2830
223 3179
223 3465
223 3747
223 3936
223 4212
223 4299
223 4663
223 4932
223 4948
224 323
224 691
224 736
224 1068
224 1090
224 1464
224 1649
224 1834
224 1855
224 1928
224 1939
224 2111
224 2246
224 2382
224 2620
224 2779
224 2806
224 2837
224 3213
224 3436
224 3442
224 3752
224 3875
224 4130
224 4172
224 4454
224 4601
224 4680
224 4733
224 4866
224 4979
225 542
225 786
225 861
225 1447
225 1524
225 1530
225 1553
225 1571
225 1892
225 2048
225 2061
225 2296
225 2308
225 2366
225 2602
225 2709
225 2906
225 3213
225 3371
225 3383
225 3667
225 3748
225 3791
225 3896
225 4241
225 4439
225 4497
225 4588
225 4810
226 313
226 377
226 431
226 552
226 627
226 941
226 1149
226 1154
226 1812
226 1974
226 2350
226 2442
226 2475
226 3006
226 3121
226 3133
226 3173
226 3279
226 3748
226 3832
226 3881
226 3971
226 4277
226 4789
227 250
227 470
227 909
227 1522
227 1555
227 1842
227 1845
227 1926
227 2145
227 2163
227 2273
227 2956
227 3326
227 3335
227 3380
227 3395
227 3617
227 3757
227 3778
227 3785
227 4035
227 4102
227 4204
227 4507
227 4575
227 4649
227 4899
227 4911
228 232
228 244
228 397
228 454
228 466
228 591
228 945
228 1050
228 1171
228 1177
228 1330
228 1362
228 1378
228 1445
228 1487
228 1753
228 2109
228 2134
228 2284
228 2403
228 2593
228 2839
228 2850
228 3151
228 3206
228 3367
228 3904
228 4145
229 497
229 568
229 587
229 619
229 644
229 965
229 1142
229 1207
229 1220
229 1259
229 1745
229 1803
229 1942
229 2269
229 2369
229 2792
229 3049
229 3081
229 3378
229 3419
229 3687
229 3969
229 4008
229 4078
229 4080
229 4380
229 4822
230 254
230 270
230 491
230 587
230 607
230 725
230 755
230 815
230 948
230 949
230 1134
230 1208
230 1236
230 1367
230 1422
230 1449
230 1519
230 1527
230 1564
230 1688
230 1829
230 1930
230 1983
230 2147
230 2429
230 2512
230 2784
230 3003
230 3008
230 3666
230 4309
230 4333
230 4352
230 4388
230 4433
230 4529
230 4795
230 4848
231 327
231 455
231 618
231 877
231 1024
231 1111
231 1417
231 1482
231 1560
231 1641
231 1794
231 1826
231 1831
231 1873
231 2200
231 2274
231 2493
231 2556
231 2936
231 2946
231 3069
231 3155
231 3841
231 4106
231 4141
231 4181
231 4200
231 4457
231 4516
231 4651
231 4669
231 4755
231 4818
231 4896
232 246
232 295
232 420
232 527
232 603
232 649
232 716
232 833
232 892
232 1391
232 1468
232 1639
232 2249
232 2288
232 2598
232 2921
232 3056
232 3066
232 3108
232 3207
232 3250
232 3479
232 3730
232 3797
232 3854
232 3946
232 3954
232 4068
232 4242
232 4372
232 4942
233 279
233 297
233 310
233 468
233 579
233 658
233 820
233 965
233 1185
233 1211
233 1794
233 2605
233 2666
233 2697
233 2785
233 2884
233 2912
233 2994
233 3352
233 3361
233 3619
233 3908
233 3983
233 4221
233 4277
233 4401
233 4417
233 4503
233 4807
233 4970
234 236
234 560
234 685
234 803
234 1344
234 1679
234 2167
234 2310
234 2353
234 2451
234 2632
234 2771
234 2773
234 3020
234 3122
234 3224
234 3487
234 3517
234 3598
234 3854
234 4044
234 4189
234 4229
234 4251
234 4846
234 4966
234 4967
235 253
235 274
235 288
235 337
235 973
235 1070
235 1197
235 1204
235 1289
235 1475
235 1480
235 2072
235 2142
235 2187
235 2252
235 2476
235 2520
235 2553
235 2583
235 2861
235 3045
235 3069
235 3436
235 3758
235 3812
235 3884
235 4258
235 4313
236 691
236 731
236 920
236 1299
236 1360
236 1549
236 2153
236 2221
236 2259
236 2637
236 2803
236 2957
236 3084
236 3099
236 3105
236 3198
236 3285
236 3323
236 3366
236 3626
236 3737
236 3811
236 3927
236 3961
236 4231
236 4333
236 4624
236 4656
236 4699
236 4764
236 4905
237 275
237 405
237 744
237 812
237 1127
237 1404
237 1413
237 1415
237 1485
237 1532
237 1607
237 1641
237 1675
237 1688
237 1741
237 1775
237 1836
237 1970
237 1983
237 2550
237 2999
237 3040
237 3548
237 3580
237 3714
237 3965
237 4070
237 4311
237 4348
237 4350
237 4453
237 4554
238 392
238 577
238 696
238 704
238 1398
238 1487
238 1558
238 1587
238 1883
238 1923
238 1937
238 2245
238 2541
238 3010
238 3046
238 3094
238 3217
238 4037
238 4218
238 4617
238 4769
238 4868
238 4975
239 240
239 1093
239 1117
239 1761
239 1814
239 1901
239 1997
239 2143
239 2241
239 2247
239 2320
239 2350
239 2696
239 2728
239 2822
239 2990
239 3083
239 3623
239 3625
239 3641
239 3880
239 3977
239 4058
239 4324
239 4578
239 4622
239 4888
240 946
240 1003
240 1128
240 1184
240 1295
240 1504
240 1594
240 1937
240 2308
240 2614
240 2797
240 3265
240 3458
240 3526
240 3547
240 3589
240 3593
240 3813
240 4079
240 4093
240 4099
240 4722
241 244
241 291
241 310
241 608
241 621
241 880
241 1015
241 1220
241 1396
241 1464
241 1563
241 1903
241 2020
241 2034
241 2068
241 2093
241 2240
241 2618
241 2959
241 3035
241 3170
241 3230
241 3352
241 3527
241 3559
241 3843
241 4037
241 4039
241 4184
241 4280
241 4487
241 4713
241 4831
241 4854
242 277
242 329
242 382
242 602
242 763
242 844
242 897
242 1039
242 1182
242 1257
242 1365
242 1445
242 1703
242 1714
242 1989
242 2131
242 2705
242 2734
242 2986
242 3255
242 3332
242 3446
242 3469
242 3479
242 3881
242 4093
242 4170
242 4309
242 4318
242 4335
242 4869
243 516
243 560
243 739
243 894
243 971
243 1157
243 1205
243 1422
243 1580
243 1590
243 1751
243 1826
243 1950
243 2021
243 2483
243 2559
243 3374
243 3891
243 3935
243 4039
243 4337
243 4392
243 4880
243 4885
243 4944
244 745
244 829
244 1083
244 1195
244 1353
244 1403
244 1480
244 1524
244 1558
244 1685
244 2284
244 2352
244 2470
244 2576
244 2864
244 2870
244 3063
244 3415
244 3702
244 4007
244 4013
244 4084
244 4087
244 4133
244 4239
244 4672
244 4708
244 4719
245 306
245 913
245 1478
245 1905
245 1990
245 2220
245 2255
245 2264
245 2301
245 2511
245 2546
245 2592
245 2887
245 2947
245 3001
245 3068
245 3095
245 3382
245 3489
245 3559
245 3686
245 3830
245 3889
245 3955
245 3997
245 4188
245 4294
245 4413
245 4696
245 4853
245 4975
246 249
246 292
246 809
246 882
246 965
246 1067
246 1262
246 1749
246 2513
246 2745
246 2842
246 3009
246 3035
246 3412
246 3429
246 3567
246 3598
246 3599
246 3744
246 3756
246 3910
246 3999
246 4229
246 4402
246 4463
246 4824
247 387
247 569
247 879
247 887
247 943
247 1030
247 1177
247 1606
247 1678
247 2134
247 2288
247 2444
247 2742
247 4092
247 4120
247 4144
247 4223
247 4367
247 4424
247 4431
247 4509
247 4658
247 4893
248 252
248 540
248 693
248 891
248 949
248 1021
248 1057
248 1495
248 1543
248 1574
248 1749
248 2197
248 2325
248 2569
248 2616
248 2742
248 2929
248 2952
248 3170
248 3565
248 3673
248 3777
248 4028
248 4034
248 4139
248 4577
248 4647
248 4989
249 486
249 502
249 526
249 730
249 874
249 923
249 996
249 1128
249 1247
249 1421
249 1423
249 1564
249 1573
249 1706
249 1801
249 2070
249 2101
249 2148
249 2158
249 2624
249 2914
249 3211
249 3260
249 3303
249 3446
249 3791
249 3834
249 3851
249 4037
249 4158
249 4356
249 4388
249 4982
250 516
250 586
250 774
250 807
250 822
250 1095
250 1580
250 1979
250 2232
250 2255
250 2292
250 2419
250 2519
250 2703
250 2793
250 3135
250 3191
250 3310
250 3335
250 3351
250 3644
250 3827
250 3930
250 4098
250 4518
250 4561
250 4663
250 4681
250 4866
250 4891
251 351
251 517
251 632
251 1025
251 1031
251 1544
251 1861
251 2002
251 2140
251 2358
251 2384
251 2597
251 2645
251 2663
251 2701
251 2754
251 2978
251 3010
251 3360
251 3406
251 3976
251 4139
251 4168
251 4427
251 4602
251 4813
251 4887
251 4911
252 374
252 386
252 419
252 605
252 620
252 749
252 946
252 1053
252 1150
252 1224
252 1244
252 1378
252 1392
252 1431
252 1450
252 1755
252 2103
252 2802
252 3186
252 3201
252 3885
252 3923
252 4049
252 4198
252 4255
252 4319
252 4738
253 351
253 385
253 439
253 457
253 525
253 604
253 609
253 1233
253 1278
253 1645
253 1840
253 2102
253 2418
253 2616
253 2983
253 3292
253 3308
253 3812
253 4037
253 4056
253 4441
253 4812
253 4875
253 4937
254 269
254 352
254 461
254 1068
254 1514
254 2083
254 2337
254 2360
254 2427
254 2507
254 2528
254 2975
254 3181
254 3263
254 3443
254 3505
254 3540
254 3681
254 3771
254 4073
254 4079
254 4131
254 4713
254 4752
254 4857
255 681
255 738
255 926
255 1031
255 1079
255 1111
255 1526
255 1727
255 1744
255 1993
255 1995
255 2212
255 2242
255 2590
255 2647
255 2758
255 3004
255 3077
255 3150
255 3511
255 3620
255 3638
255 3848
255 4002
255 4205
255 4210
255 4507
255 4611
255 4617
255 4790
256 263
256 373
256 431
256 573
256 730
256 907
256 1058
256 1066
256 1339
256 1604
256 1616
256 1723
256 1790
256 2168
256 2206
256 2402
256 2469
256 2614
256 2756
256 2862
256 3045
256 3070
256 3587
256 3671
256 4201
256 4328
256 4668
256 4687
256 4790
256 4839
256 4903
257 434
257 559
257 566
257 761
257 774
257 853
257 893
257 1109
257 1846
257 1851
257 2808
257 2860
257 3379
257 3439
257 3807
257 4239
257 4388
257 4715
258 763
258 1131
258 1321
258 1725
258 1843
258 1924
258 1945
258 2047
258 2188
258 2236
258 2557
258 2946
258 3441
258 3479
258 4003
258 4251
258 4294
258 4319
258 4354
258 4457
258 4734
258 4869
258 4905
258 4982
259 541
259 1248
259 1450
259 1535
259 1637
259 1675
259 2041
259 2156
259 2277
259 2302
259 2407
259 2661
259 2743
259 3794
259 4019
259 4234
259 4320
259 4644
259 4668
259 4822
259 4987
260 456
260 504
260 528
260 725
260 1091
260 1244
260 1279
260 1280
260 1327
260 1332
260 1547
260 1680
260 1874
260 2252
260 3383
260 3620
260 3627
260 3663
260 3763
260 3831
260 3990
260 4210
260 4239
260 4388
260 4896
261 448
261 710
261 849
261 878
261 1053
261 1088
261 1116
261 1173
261 1202
261 1207
261 1249
261 1526
261 1591
261 1799
261 2071
261 2345
261 2364
261 2459
261 2549
261 2680
261 2739
261 2753
261 2766
261 2895
261 3225
261 3245
261 3327
261 3497
261 3863
261 3908
261 3980
261 4054
261 4104
261 4425
261 4926
261 4999
262 510
262 708
262 726
262 1043
262 1121
262 1155
262 1182
262 1183
262 1789
262 1905
262 1976
262 2177
262 2301
262 2312
262 2351
262 2500
262 2857
262 2887
262 3011
262 3043
262 3046
262 3089
262 3114
262 3156
262 3303
262 3691
262 3921
262 3927
262 4008
262 4339
262 4390
262 4412
262 4607
262 4650
262 4856
262 4926
262 4939
262 4940
263 545
263 637
263 980
263 1105
263 1140
263 1254
263 1321
263 1405
263 1422
263 1466
263 1637
263 1918
263 2113
263 2215
263 2260
263 2478
263 2545
263 2675
263 2832
263 2860
263 3203
263 3266
263 3323
263 3458
263 3567
263 3812
263 3959
263 4041
263 4095
263 4431
263 4592
263 4599
264 359
264 670
264 719
264 1025
264 1247
264 1509
264 1956
264 2132
264 2209
264 2324
264 2436
264 2579
264 2649
264 2795
264 2806
264 2898
264 3301
264 3614
264 3880
264 4053
264 4128
264 4133
264 4303
264 4356
264 4524
264 4594
264 4664
264 4665
264 4802
264 4935
265 359
265 666
265 766
265 1215
265 1787
265 2037
265 2154
265 2157
265 2199
265 2213
265 2571
265 2650
265 2850
265 3018
265 3427
265 3644
265 3703
265 3755
265 4067
265 4162
265 4204
265 4442
265 4545
265 4767
265 4874
266 343
266 437
266 551
266 871
266 1062
266 1088
266 1213
266 1256
266 1514
266 1572
266 1731
266 2022
266 2043
266 2340
266 2409
266 2521
266 2568
266 2581
266 2756
266 2900
266 2937
266 2941
266 2956
266 2999
266 3126
266 3201
266 3404
266 3476
266 3602
266 3762
266 4135
266 4342
266 4464
266 4602
266 4662
266 4825
266 4830
266 4958
267 292
267 551
267 554
267 1143
267 1295
267 1303
267 1354
267 1553
267 1599
267 1774
267 1906
267 1919
267 2205
267 2292
267 2406
267 2483
267 2821
267 2851
267 3028
267 3155
267 3247
267 3521
267 3636
267 3748
267 3903
267 3944
267 3952
267 4073
267 4157
267 4243
267 4270
267 4808
268 279
268 286
268 1161
268 1286
268 1725
268 2044
268 2194
268 2313
268 2533
268 2569
268 2681
268 2708
268 2903
268 3176
268 3314
268 3608
268 3760
268 3925
268 3953
268 4265
268 4430
268 4590
268 4616
268 4716
268 4727
269 517
269 552
269 607
269 855
269 873
269 1186
269 1549
269 1671
269 1716
269 1765
269 1855
269 1857
269 2149
269 2194
269 2277
269 2425
269 2691
269 3349
269 3652
269 3705
269 3724
269 3799
269 4239
269 4260
269 4778
270 476
270 740
270 801
270 951
270 1062
270 1421
270 1425
270 1744
270 1808
270 1826
270 1860
270 2712
270 3177
270 3326
270 3332
270 3522
270 3548
270 3610
270 3732
270 3743
270 3998
270 4061
270 4174
270 4257
270 4361
270 4434
270 4593
270 4722
270 4773
270 4864
271 372
271 517
271 716
271 801
271 1144
271 1231
271 1324
271 1728
271 1846
271 2035
271 2061
271 2090
271 2092
271 2284
271 2399
271 2413
271 3195
271 3397
271 3940
271 3994
271 4235
271 4428
271 4542
271 4598
271 4615
271 4677
271 4711
271 4948
271 4962
271 4992
271 4996
272 299
272 820
272 864
272 871
272 939
272 1321
272 1354
272 1519
272 1826
272 1887
272 2152
272 2464
272 2477
272 2554
272 2686
272 2868
272 3226
272 3255
272 3316
272 3392
272 3734
272 3914
272 4275
272 4782
273 573
273 804
273 945
273 1257
273 1450
273 1576
273 2009
273 2027
273 2217
273 2606
273 2789
273 2803
273 2821
273 2898
273 3048
273 3146
273 3151
273 3319
273 3433
273 3512
273 3890
273 3978
273 4068
273 4087
273 4192
273 4456
273 4787
273 4806
273 4888
274 294
274 296
274 298
274 356
274 528
274 567
274 664
274 817
274 825
274 894
274 1150
274 1164
274 1300
274 1435
274 1820
274 1869
274 2008
274 2118
274 2520
274 2540
274 2775
274 3270
274 3285
274 3335
274 4101
274 4153
274 4342
274 4450
274 4881
274 4981
275 401
275 502
275 575
275 693
275 779
275 843
275 1027
275 1204
275 1347
275 1427
275 1503
275 1901
275 1920
275 1990
275 2411
275 2602
275 2633
275 2681
275 2694
275 2762
275 2848
275 3038
275 3509
275 3798
275 3962
275 4651
275 4725
276 296
276 530
276 683
276 1073
276 1229
276 1241
276 1477
276 1493
276 1618
276 2193
276 2267
276 2422
276 2452
276 2537
276 2555
276 2647
276 2833
276 3587
276 3814
276 3941
276 4208
276 4263
276 4419
276 4491
276 4650
276 4740
277 281
277 288
277 503
277 521
277 554
277 783
277 897
277 1184
277 1389
277 1453
277 1468
277 1788
277 1861
277 2106
277 2634
277 2912
277 3063
277 3343
277 3363
277 3517
277 3575
277 3596
277 4098
277 4120
277 4460
277 4669
277 4713
277 4856
277 4868
277 4893
277 4926
278 433
278 854
278 1190
278 1225
278 1410
278 1470
278 1639
278 1843
278 2301
278 2329
278 2432
278 2471
278 2554
278 2886
278 3367
278 3432
278 3674
278 3766
278 3792
278 3963
278 4022
278 4169
278 4194
278 4264
278 4593
278 4855
278 4857
278 4918
278 4962
279 353
279 378
279 754
279 896
279 903
279 989
279 1020
279 1102
279 1430
279 2008
279 2194
279 2238
279 2670
279 2778
279 2943
279 2995
279 3061
279 3183
279 3315
279 3899
279 3963
279 4113
279 4467
279 4527
279 4699
279 4879
280 315
280 436
280 684
280 924
280 1020
280 1162
280 1186
280 1542
280 1616
280 1956
280 2072
280 2416
280 2743
280 2935
280 3237
280 3283
280 3396
280 3411
280 3518
280 3532
280 3588
280 3932
280 3945
280 4053
280 4500
280 4532
280 4553
280 4592
280 4599
280 4691
281 304
281 448
281 505
281 1248
281 1305
281 1665
281 1766
281 1868
281 1942
281 2047
281 2351
281 2517
281 2534
281 2671
281 3093
281 3130
281 3437
281 3703
281 3764
281 3909
281 4009
281 4390
281 4483
281 4768
281 4936
282 695
282 1061
282 1147
282 1485
282 1551
282 1826
282 2045
282 2268
282 2467
282 2925
282 3005
282 3264
282 3573
282 3899
282 4061
282 4170
282 4193
282 4208
282 4220
282 4329
282 4400
282 4492
282 4588
282 4793
282 4816
283 334
283 538
283 559
283 637
283 741
283 800
283 888
283 914
283 941
283 1335
283 1841
283 2498
283 2580
283 2653
283 3090
283 3137
283 3611
283 3614
283 3840
283 4259
283 4588
284 323
284 441
284 690
284 1009
284 1062
284 1116
284 1454
284 1570
284 2208
284 2262
284 2314
284 2322
284 2892
284 2935
284 2937
284 3102
284 3258
284 3694
284 3707
284 3770
284 3874
284 3910
284 4088
284 4145
284 4224
284 4478
284 4563
284 4739
284 4798
285 364
285 457
285 730
285 827
285 918
285 1196
285 1390
285 1496
285 1516
285 1653
285 1858
285 1959
285 2322
285 2610
285 2920
285 3259
285 3316
285 3464
285 3523
285 3568
285 3595
285 3706
285 3765
285 4037
285 4065
285 4365
285 4564
285 4746
285 4762
285 4790
285 4980
286 428
286 511
286 1038
286 1147
286 1278
286 1279
286 1313
286 1334
286 1468
286 2129
286 2168
286 2280
286 2609
286 2636
286 3174
286 3176
286 3346
286 3427
286 3468
286 3919
286 4027
286 4046
286 4206
286 4627
286 4762
286 4844
286 4851
287 350
287 566
287 1013
287 1084
287 1103
287 1263
287 1345
287 1369
287 1676
287 1822
287 1881
287 1896
287 1956
287 2020
287 2132
287 2360
287 2408
287 2787
287 2791
287 2800
287 2803
287 2976
287 3198
287 3304
287 4043
287 4117
287 4175
287 4328
287 4460
287 4990
288 290
288 292
288 598
288 614
288 645
288 852
288 1279
288 1430
288 1442
288 1546
288 1694
288 1729
288 2153
288 2189
288 2334
288 2409
288 2443
288 2530
288 2579
288 2795
288 2922
288 3431
288 3494
288 3822
288 3888
288 3898
288 4214
288 4269
288 4446
288 4688
288 4873
288 4912
288 4972
289 611
289 845
289 1022
289 1084
289 1365
289 1541
289 1571
289 1589
289 1765
289 1932
289 2031
289 2067
289 2200
289 2271
289 2393
289 2822
289 2838
289 2982
289 3294
289 3313
289 3736
289 3985
289 4649
289 4694
289 4861
290 303
290 438
290 633
290 748
290 985
290 1134
290 1326
290 1712
290 1847
290 2109
290 2581
290 2705
290 2719
290 3007
290 3074
290 3212
290 3429
290 3462
290 3555
290 3564
290 3609
290 3632
290 3650
290 3924
290 3971
290 4193
290 4567
290 4625
290 4833
291 322
291 754
291 783
291 835
291 944
291 946
291 1088
291 1283
291 1304
291 1553
291 1718
291 1991
291 2104
291 2346
291 2812
291 2857
291 2903
291 2941
291 3091
291 3207
291 3436
291 3559
291 3891
291 4089
291 4156
291 4465
291 4692
291 4798
292 363
292 438
292 721
292 992
292 1418
292 1644
292 2033
292 2392
292 2534
292 2632
292 2964
292 2973
292 3301
292 3870
292 3902
292 3971
292 3973
292 4055
292 4144
292 4249
292 4426
292 4788
292 4961
293 843
293 1101
293 1128
293 1141
293 1219
293 1291
293 1396
293 1596
293 1689
293 2010
293 2151
293 2489
293 2712
293 3060
293 3217
293 3248
293 3254
293 3389
293 3448
293 3544
293 3613
293 3698
293 3790
293 3802
293 4045
293 4053
293 4068
293 4827
293 4970
294 710
294 757
294 807
294 931
294 1187
294 1341
294 1776
294 1881
294 1957
294 2232
294 2776
294 2826
294 2866
294 3094
294 3096
294 3287
294 3787
294 4107
294 4282
294 4461
294 4579
294 4699
294 4776
295 417
295 848
295 1221
295 1350
295 1365
295 1561
295 1591
295 1620
295 1677
295 1694
295 1732
295 1816
295 1935
295 2468
295 2470
295 2678
295 2920
295 2953
295 3057
295 3127
295 3237
295 3313
295 3505
295 3614
295 4048
295 4060
295 4181
295 4622
296 471
296 626
296 1021
296 1044
296 1421
296 2239
296 2470
296 2735
296 2972
296 3014
296 3248
296 3339
296 3359
296 3492
296 3508
296 3766
296 4011
296 4014
296 4310
296 4479
297 479
297 603
297 776
297 868
297 1167
297 1214
297 1401
297 2130
297 2248
297 2346
297 2351
297 2394
297 2488
297 2495
297 2566
297 2589
297 2695
297 3292
297 3507
297 3751
297 4079
297 4095
297 4789
297 4911
297 4919
298 417
298 470
298 495
298 581
298 799
298 1211
298 1269
298 1373
298 1382
298 1393
298 1524
298 2084
298 2141
298 2260
298 2559
298 2560
298 2689
298 2852
298 2898
298 3655
298 3878
298 3915
298 3941
298 3973
298 4178
298 4252
298 4360
298 4458
298 4681
298 4696
299 488
299 634
299 641
299 808
299 1245
299 1272
299 1350
299 1375
299 1419
299 1719
299 2284
299 2385
299 2619
299 2622
299 2651
299 2665
299 2775
299 2779
299 2932
299 3053
299 3118
299 3184
299 3195
299 3464
299 3744
299 3752
299 3910
299 3969
299 4041
299 4389
299 4749
299 4922
299 4982
300 331
300 669
300 737
300 817
300 876
300 970
300 973
300 984
300 1409
300 1706
300 2018
300 2149
300 2715
300 3304
300 3459
300 3470
300 3502
300 4097
300 4285
300 4390
300 4470
300 4735
300 4835
301 323
301 342
301 512
301 536
301 569
301 740
301 871
301 1482
301 1555
301 1775
301 2066
301 2134
301 2238
301 2371
301 2425
301 3012
301 3224
301 3607
301 3874
301 3950
301 4012
301 4084
301 4342
301 4355
301 4808
302 360
302 809
302 1019
302 1387
302 1459
302 1487
302 1815
302 2047
302 2278
302 2395
302 2402
302 2407
302 2626
302 2737
302 2862
302 2925
302 3282
302 3302
302 3457
302 3781
302 3806
302 3872
302 3904
302 3982
302 4160
302 4201
302 4502
302 4582
302 4815
302 4852
302 4975
303 396
303 595
303 1123
303 1469
303 1727
303 1941
303 2213
303 2402
303 2560
303 3015
303 3463
303 3635
303 3739
303 3828
303 3856
303 3951
303 4088
303 4277
303 4326
303 4361
303 4488
303 4881
304 338
304 442
304 525
304 709
304 1049
304 1070
304 1105
304 1202
304 1367
304 1507
304 1528
304 1650
304 1791
304 1813
304 1833
304 1959
304 2477
304 2526
304 2705
304 2737
304 2947
304 2966
304 2997
304 3091
304 3320
304 3655
304 3785
304 3816
304 3926
304 4127
304 4397
304 4506
304 4667
305 389
305 408
305 470
305 626
305 819
305 1014
305 1030
305 1032
305 1079
305 1156
305 1521
305 1768
305 2177
305 2369
305 2625
305 2792
305 2799
305 2847
305 2884
305 3033
305 3187
305 3831
305 3840
305 3942
305 4213
305 4423
305 4576
306 369
306 643
306 1189
306 1204
306 1257
306 1325
306 1638
306 1897
306 1997
306 2135
306 2149
306 2442
306 3083
306 3313
306 3327
306 3349
306 3540
306 3781
306 3954
306 4208
306 4332
306 4788
306 4833
306 4848
307 376
307 576
307 663
307 720
307 804
307 857
307 888
307 920
307 948
307 971
307 1156
307 1234
307 1300
307 1724
307 1953
307 2207
307 2255
307 2346
307 2584
307 2629
307 2897
307 3116
307 3380
307 4319
308 345
308 443
308 1066
308 1425
308 1429
308 1615
308 1762
308 1881
308 1995
308 2136
308 2291
308 2337
308 2543
308 2610
308 3046
308 3767
308 4245
308 4384
308 4392
308 4415
308 4426
308 4433
308 4599
308 4752
308 4771
309 448
309 564
309 792
309 834
309 935
309 1080
309 1105
309 1169
309 1618
309 2344
309 2418
309 2563
309 2715
309 2761
309 3023
309 3560
309 3808
309 3845
309 3851
309 4572
309 4573
309 4682
309 4720
310 511
310 727
310 817
310 922
310 941
310 1077
310 1153
310 1214
310 1368
310 1442
310 1560
310 1568
310 1595
310 1731
310 2349
310 2513
310 2621
310 2632
310 2978
310 3147
310 3191
310 3301
310 3303
310 3386
310 3570
310 3792
310 3926
310 3951
310 4919
311 320
311 908
311 1198
311 1338
311 1474
311 1746
311 1895
311 2249
311 2565
311 2691
311 2760
311 2791
311 2845
311 2946
311 3006
311 3084
311 3102
311 3160
311 3593
311 3631
311 3890
311 3907
311 4039
311 4249
311 4528
311 4584
311 4635
311 4638
311 4654
311 4673
311 4696
311 4726
312 387
312 479
312 550
312 701
312 723
312 843
312 953
312 1188
312 1554
312 1803
312 2252
312 2488
312 2569
312 3040
312 3151
312 3407
312 3489
312 4044
312 4235
312 4893
312 4932
313 314
313 438
313 467
313 596
313 775
313 1064
313 1066
313 1171
313 1310
313 1515
313 1966
313 1975
313 2012
313 2023
313 2405
313 2500
313 2539
313 2824
313 2830
313 3351
313 3446
313 3527
313 4224
313 4421
313 4474
313 4478
313 4684
313 4881
314 376
314 628
314 856
314 1287
314 1351
314 1376
314 1547
314 1575
314 1730
314 2088
314 2092
314 2126
314 2293
314 2337
314 2725
314 3071
314 3076
314 3080
314 3093
314 3179
314 3248
314 3254
314 3331
314 3332
314 3587
314 3644
314 3720
314 3835
314 4109
314 4368
315 338
315 526
315 764
315 879
315 1162
315 1215
315 1257
315 1308
315 1483
315 1558
315 1938
315 2006
315 2078
315 2232
315 2409
315 2551
315 2636
315 2775
315 2781
315 2897
315 3183
315 3876
315 3897
315 4239
315 4392
315 4497
315 4625
315 4706
315 4719
315 4769
315 4972
315 4979
316 416
316 704
316 999
316 1175
316 1245
316 1279
316 1453
316 1518
316 1526
316 1651
316 1932
316 2206
316 2215
316 2248
316 2280
316 2352
316 2495
316 2582
316 2585
316 2602
316 2648
316 2721
316 3199
316 3219
316 3382
316 3586
316 3633
316 4103
316 4201
316 4206
316 4327
316 4382
316 4393
316 4720
317 347
317 457
317 530
317 722
317 766
317 928
317 1280
317 1305
317 1375
317 1378
317 1383
317 1496
317 1647
317 1705
317 1986
317 2028
317 2132
317 2184
317 2604
317 2760
317 2996
317 3136
317 3244
317 3297
317 3969
317 4005
317 4053
317 4115
317 4259
317 4494
317 4598
317 4613
317 4723
317 4825
318 610
318 737
318 742
318 1228
318 1241
318 1515
318 1897
318 1909
318 1992
318 2106
318 2137
318 2365
318 2506
318 2899
318 2949
318 3451
318 3514
318 3538
318 3605
318 3646
318 3667
318 3682
318 3740
318 3919
318 3981
318 4168
318 4191
318 4386
318 4454
318 4464
318 4483
318 4751
318 4849
318 4857
318 4904
318 4953
319 354
319 425
319 498
319 865
319 931
319 1293
319 1767
319 2024
319 2042
319 2191
319 2339
319 2404
319 2882
319 2905
319 3116
319 3295
319 3516
319 3754
319 3847
319 4284
319 4317
319 4410
319 4416
319 4462
319 4763
319 4901
319 4939
319 4942
320 710
320 740
320 758
320 928
320 929
320 1178
320 1264
320 1342
320 1350
320 1374
320 1544
320 1608
320 1890
320 1893
320 2067
320 2256
320 2340
320 2790
320 2901
320 3110
320 3557
320 3713
320 3815
320 4140
320 4209
320 4338
320 4546
320 4610
320 4668
320 4850
320 4935
321 392
321 423
321 566
321 617
321 726
321 766
321 1034
321 1078
321 1200
321 1588
321 1758
321 1904
321 1985
321 2027
321 2053
321 2205
321 3311
321 3371
321 3832
321 3849
321 3859
321 4024
321 4199
321 4242
321 4346
321 4356
321 4797
321 4803
321 4817
322 498
322 602
322 936
322 1093
322 1101
322 1232
322 1591
322 1826
322 1999
322 2084
322 2112
322 2259
322 2958
322 3148
322 3208
322 3599
322 3676
322 3743
322 3778
322 3879
322 4219
322 4316
322 4535
322 4693
322 4740
323 891
323 968
323 1018
323 1144
323 1379
323 1577
323 1711
323 1778
323 2597
323 2669
323 2900
323 2967
323 3195
323 3351
323 3381
323 3484
323 3611
323 3765
323 3963
323 4009
323 4085
323 4607
323 4645
323 4825
324 384
324 667
324 883
324 964
324 971
324 1304
324 1502
324 1714
324 1892
324 1922
324 2076
324 2410
324 2419
324 2448
324 2909
324 2969
324 3551
324 3687
324 3972
324 4044
324 4064
324 4175
324 4186
324 4248
324 4554
324 4562
325 594
325 765
325 977
325 1054
325 1476
325 1487
325 1575
325 1578
325 1664
325 1748
325 1767
325 2041
325 2276
325 2305
325 2378
325 2640
325 2666
325 2844
325 3080
325 3121
325 3217
325 3454
325 3562
325 3568
325 3624
325 3957
325 4405
325 4582
325 4730
326 370
326 1170
326 1198
326 1498
326 1914
326 1945
326 2083
326 2453
326 2458
326 2733
326 2778
326 2950
326 3131
326 3634
326 3698
326 3825
326 3892
326 4047
326 4241
326 4405
326 4419
326 4601
326 4706
326 4887
327 347
327 440
327 465
327 494
327 696
327 697
327 700
327 1053
327 1137
327 1237
327 1281
327 1323
327 1735
327 1851
327 1895
327 1898
327 2154
327 3046
327 3277
327 3495
327 3553
327 3568
327 3699
327 3863
327 3875
327 4127
327 4274
327 4326
327 4578
327 4780
327 4901
327 4902
328 683
328 693
328 1070
328 1103
328 1133
328 1185
328 1295
328 1721
328 1954
328 2063
328 2081
328 2696
328 2700
328 2736
328 2739
328 2795
328 2853
328 3690
328 4143
328 4186
328 4320
328 4447
328 4680
329 461
329 1095
329 1138
329 1164
329 1531
329 1535
329 1710
329 1767
329 2059
329 2215
329 2244
329 2260
329 2468
329 2482
329 2708
329 2955
329 3410
329 3568
329 3605
329 3609
329 3916
329 4012
329 4054
329 4428
329 4839
329 4853
329 4931
329 4936
330 331
330 332
330 416
330 692
330 705
330 929
330 1012
330 1143
330 1147
330 1234
330 2329
330 2575
330 2748
330 2788
330 2796
330 2910
330 2949
330 2965
330 3223
330 3421
330 3545
330 3654
330 4058
330 4108
330 4155
330 4425
330 4692
330 4963
331 382
331 386
331 633
331 665
331 806
331 959
331 989
331 1341
331 1574
331 1981
331 2149
331 2231
331 2394
331 2518
331 2880
331 3527
331 3564
331 3664
331 3669
331 4504
331 4711
331 4775
332 705
332 834
332 997
332 998
332 1005
332 1216
332 1254
332 1438
332 1563
332 1881
332 1917
332 2165
332 2231
332 2849
332 3072
332 3442
332 3460
332 3492
332 3512
332 3608
332 3697
332 4096
332 4665
332 4975
333 506
333 715
333 764
333 867
333 888
333 997
333 1019
333 1175
333 1301
333 1599
333 1609
333 1662
333 1905
333 2189
333 2424
333 2599
333 2659
333 2812
333 2944
333 3200
333 3209
333 3505
333 3573
333 3777
333 3859
333 3927
333 3983
333 4207
333 4427
333 4454
333 4533
333 4641
333 4665
333 4895
334 450
334 784
334 793
334 911
334 1003
334 1017
334 1173
334 1307
334 1353
334 1371
334 1470
334 1592
334 1615
334 1793
334 1862
334 1930
334 1995
334 2079
334 2104
334 2172
334 2493
334 2614
334 2801
334 2826
334 2841
334 4146
334 4323
334 4753
334 4850
334 4998
335 437
335 1082
335 1415
335 1681
335 1768
335 1783
335 2060
335 2227
335 2245
335 2378
335 2426
335 2716
335 2796
335 2844
335 3033
335 3279
335 3337
335 3391
335 3524
335 3525
335 4155
335 4186
335 4400
335 4461
335 4761
335 4935
336 538
336 551
336 1382
336 1582
336 1663
336 1673
336 2006
336 2024
336 2040
336 2342
336 2454
336 2485
336 2578
336 2731
336 2853
336 3004
336 3224
336 3329
336 3559
336 3606
336 3635
336 3821
336 3910
336 4667
336 4861
337 350
337 469
337 697
337 710
337 1486
337 1515
337 1563
337 2092
337 2498
337 2736
337 2774
337 2977
337 3351
337 3602
337 3742
337 3783
337 4070
337 4117
337 4174
337 4235
337 4601
337 4666
337 4731
338 465
338 651
338 844
338 973
338 1086
338 1130
338 1198
338 1779
338 2133
338 2706
338 3223
338 3322
338 3365
338 3491
338 3495
338 3590
338 3662
338 3664
338 3739
338 3798
338 3944
338 4185
338 4532
338 4601
338 4633
339 461
339 630
339 648
339 740
339 790
339 839
339 948
339 1355
339 1377
339 1918
339 1934
339 2209
339 2350
339 2374
339 2467
339 2831
339 3001
339 3278
339 3319
339 3452
339 4102
339 4315
339 4519
339 4570
339 4582
339 4646
339 4666
340 490
340 565
340 775
340 976
340 1025
340 1288
340 1328
340 1375
340 1802
340 2004
340 2681
340 2686
340 2933
340 3553
340 3678
340 3776
340 4326
340 4492
340 4711
340 4790
341 538
341 892
341 1704
341 1747
341 1867
341 2019
341 2217
341 2283
341 2301
341 2338
341 2527
341 2544
341 2548
341 2624
341 2975
341 3040
341 3047
341 3321
341 3361
341 3730
341 3803
341 4071
341 4244
341 4575
341 4783
342 348
342 393
342 457
342 878
342 896
342 970
342 1252
342 1282
342 1306
342 1331
342 1358
342 1716
342 1877
342 2058
342 2260
342 2580
342 2816
342 2956
342 3112
342 3142
342 3177
342 3205
342 3280
342 3362
342 3612
342 3643
342 3683
342 3855
342 3866
342 4001
342 4610
342 4742
343 598
343 936
343 1187
343 1739
343 1839
343 1987
343 2023
343 2032
343 2108
343 2220
343 2479
343 2795
343 2984
343 3057
343 3068
343 3165
343 3385
343 3531
343 3650
343 4114
343 4360
343 4454
343 4638
343 4822
343 4877
344 469
344 661
344 1002
344 1036
344 1081
344 1181
344 1244
344 1261
344 1395
344 1794
344 1828
344 1872
344 1984
344 2012
344 2016
344 2147
344 2236
344 2297
344 2343
344 3493
344 3584
344 3787
344 3834
344 3907
344 4171
344 4264
344 4556
344 4604
344 4958
344 4966
345 724
345 799
345 1002
345 1016
345 1130
345 1399
345 1494
345 1827
345 2025
345 2027
345 2055
345 2067
345 2426
345 2600
345 2647
345 3411
345 3806
345 3833
345 3981
345 4002
345 4303
345 4489
345 4960
346 423
346 598
346 684
346 707
346 1063
346 1362
346 1840
346 2066
346 2327
346 2785
346 2794
346 2815
346 3208
346 3215
346 3318
346 3457
346 3502
346 3519
346 3535
346 3751
346 3794
346 3795
346 3998
346 4052
346 4269
346 4485
346 4664
346 4796
346 4901
347 851
347 1006
347 1122
347 1165
347 1196
347 1623
347 1749
347 1769
347 1827
347 1898
347 1904
347 2798
347 2901
347 2950
347 2955
347 2961
347 3046
347 3252
347 3259
347 3298
347 3947
347 4029
347 4327
347 4357
347 4539
348 624
348 876
348 1122
348 1182
348 1280
348 1923
348 1929
348 1961
348 2106
348 2166
348 2223
348 2539
348 2553
348 2584
348 2593
348 2749
348 2761
348 2805
348 3072
348 3313
348 3448
348 3681
348 3717
348 3870
348 4431
348 4524
349 888
349 981
349 1024
349 1105
349 1634
349 1726
349 1798
349 1909
349 2003
349 2019
349 2430
349 2683
349 3007
349 3031
349 3105
349 3112
349 3730
349 3784
349 3985
349 4037
349 4063
349 4246
349 4295
349 4407
349 4587
349 4640
349 4720
349 4768
349 4864
349 4958
350 385
350 636
350 707
350 870
350 1035
350 1286
350 1494
350 1734
350 1799
350 1853
350 2127
350 2358
350 2943
350 2993
350 3125
350 3323
350 3349
350 3948
350 4014
350 4285
350 4452
350 4528
350 4591
350 4965
351 485
351 521
351 639
351 677
351 702
351 813
351 897
351 992
351 1015
351 1125
351 1361
351 1526
351 1751
351 2326
351 2552
351 2671
351 3137
351 3314
351 3677
351 3902
351 4217
351 4375
351 4491
351 4760
352 442
352 760
352 864
352 1224
352 1347
352 1488
352 1594
352 1708
352 1967
352 2152
352 2222
352 2245
352 2509
352 2516
352 2718
352 2912
352 2994
352 3031
352 3332
352 3467
352 3494
352 3525
352 3793
352 3948
352 4095
352 4101
352 4348
352 4681
352 4904
353 490
353 561
353 663
353 723
353 926
353 1094
353 1607
353 1755
353 1933
353 2186
353 2350
353 2771
353 2789
353 2877
353 3075
353 3079
353 3377
353 3690
353 3871
353 4144
353 4473
353 4517
353 4973
353 4991
354 801
354 867
354 942
354 949
354 962
354 1255
354 1623
354 1879
354 1960
354 2011
354 2121
354 2317
354 2373
354 2548
354 2657
354 2689
354 2963
354 3088
354 3227
354 3311
354 3356
354 4170
354 4194
354 4308
354 4346
354 4400
354 4999
355 420
355 575
355 591
355 675
355 766
355 784
355 928
355 1133
355 1148
355 1278
355 1454
355 1545
355 2027
355 2045
355 2140
355 2183
355 2425
355 2482
355 3001
355 3148
355 3170
355 3199
355 3214
355 3439
355 3451
355 3795
355 3966
355 4038
355 4515
355 4614
355 4818
355 4984
356 389
356 407
356 577
356 606
356 614
356 682
356 700
356 905
356 1108
356 1539
356 1719
356 1835
356 1992
356 2026
356 2137
356 2319
356 2809
356 2928
356 3026
356 3068
356 3109
356 3202
356 3248
356 3270
356 3442
356 3646
356 3689
356 3690
356 4294
356 4336
356 4778
357 390
357 502
357 817
357 905
357 1014
357 1073
357 1115
357 1159
357 1280
357 1520
357 1573
357 1619
357 1628
357 1633
357 1963
357 2029
357 2183
357 2527
357 2655
357 2803
357 2809
357 2889
357 2954
357 3487
357 3610
357 3773
357 3786
357 3795
357 4012
357 4172
357 4292
357 4816
358 364
358 365
358 533
358 1061
358 1285
358 1486
358 2126
358 2206
358 2249
358 2267
358 2323
358 2550
358 2690
358 2933
358 3059
358 3097
358 3176
358 3342
358 3356
358 3407
358 3680
358 4009
358 4547
359 396
359 616
359 620
359 644
359 714
359 1455
359 1651
359 2059
359 2656
359 2724
359 2778
359 2974
359 3527
359 3559
359 3755
359 3810
359 3872
359 4004
359 4260
359 4801
359 4835
359 4950
360 712
360 790
360 986
360 1081
360 1090
360 1414
360 1436
360 1717
360 1964
360 2004
360 2212
360 2395
360 2917
360 2968
360 3010
360 3203
360 3295
360 3545
360 3649
360 4089
360 4599
360 4612
360 4697
360 4723
361 706
361 779
361 789
361 948
361 1099
361 1112
361 1281
361 1629
361 1769
361 1874
361 1883
361 1912
361 1916
361 1948
361 2090
361 2657
361 2843
361 3737
361 3837
361 3914
361 4042
361 4094
361 4153
361 4364
361 4564
361 4603
361 4637
361 4688
361 4869
361 4940
361 4960
362 665
362 915
362 1001
362 1036
362 1227
362 1421
362 1624
362 1811
362 1827
362 1962
362 2150
362 2403
362 2478
362 2499
362 2633
362 2836
362 2869
362 3177
362 3327
362 3456
362 3653
362 3766
362 3818
362 4258
362 4503
362 4508
362 4577
363 479
363 980
363 1261
363 1344
363 1618
363 1918
363 2046
363 2203
363 2253
363 2425
363 2504
363 2584
363 2601
363 2802
363 2965
363 3015
363 3116
363 3253
363 3567
363 3627
363 3640
363 3861
363 4000
363 4302
363 4529
363 4566
364 582
364 1270
364 1360
364 1743
364 1952
364 2122
364 2145
364 2193
364 2365
364 2585
364 2789
364 2958
364 3133
364 3162
364 3243
364 3391
364 3433
364 3630
364 3684
364 3797
364 3913
364 3990
364 4028
364 4158
364 4359
364 4472
364 4906
365 497
365 555
365 598
365 616
365 705
365 1169
365 1192
365 1394
365 1689
365 1703
365 2030
365 2110
365 2111
365 2556
365 2630
365 2853
365 2997
365 3045
365 3086
365 3268
365 3284
365 3325
365 3426
365 3458
365 3553
365 3563
365 3635
365 3995
365 4593
366 368
366 509
366 602
366 677
366 733
366 758
366 900
366 971
366 1031
366 1198
366 1245
366 1262
366 1416
366 1447
366 1710
366 1813
366 1820
366 1899
366 2100
366 2520
366 2598
366 3126
366 3337
366 3441
366 3887
366 4017
366 4095
366 4183
366 4376
367 375
367 452
367 885
367 1406
367 1426
367 1502
367 1505
367 1548
367 1550
367 1554
367 1652
367 1756
367 1829
367 2182
367 2324
367 2338
367 2544
367 2594
367 2711
367 2736
367 2828
367 2847
367 2949
367 3041
367 3136
367 3148
367 3388
367 3407
367 3489
367 3795
367 3904
367 4012
367 4027
367 4335
367 4408
367 4586
367 4611
368 544
368 578
368 775
368 781
368 898
368 1016
368 1305
368 1407
368 1424
368 1711
368 2010
368 2111
368 2168
368 2229
368 2323
368 2441
368 2602
368 2660
368 2677
368 2686
368 2730
368 2785
368 3045
368 3159
368 3243
368 3548
368 3741
368 3776
368 4507
368 4616
368 4797
368 4939
369 414
369 448
369 855
369 1313
369 1562
369 1666
369 1909
369 1964
369 2309
369 2348
369 2691
369 2695
369 2725
369 3224
369 3358
369 3382
369 3564
369 3901
369 4065
369 4235
369 4479
369 4530
369 4680
369 4867
369 4888
369 4952
370 440
370 500
370 607
370 729
370 885
370 895
370 1412
370 1566
370 1727
370 2365
370 2562
370 2594
370 2666
370 2731
370 2754
370 2794
370 2840
370 2959
370 2964
370 3014
370 3569
370 3599
370 3843
370 3844
370 3880
370 4150
370 4191
370 4405
370 4475
370 4545
370 4758
370 4884
371 875
371 900
371 901
371 1119
371 1587
371 1622
371 1712
371 1833
371 1849
371 1901
371 2135
371 2262
371 2464
371 2785
371 3058
371 3135
371 3386
371 3594
371 3685
371 3702
371 3808
371 3918
371 4066
371 4297
371 4457
372 625
372 780
372 920
372 1019
372 1320
372 1700
372 1800
372 1921
372 1976
372 2073
372 2080
372 2196
372 2368
372 2371
372 2641
372 2677
372 2828
372 2966
372 3258
372 3272
372 3313
372 3626
372 4006
372 4131
372 4233
372 4352
372 4430
372 4523
372 4620
372 4659
372 4852
373 423
373 795
373 1106
373 1119
373 1611
373 1740
373 1781
373 1967
373 2026
373 2402
373 2590
373 2751
373 2800
373 2868
373 3273
373 3326
373 3387
373 3418
373 3457
373 3663
373 3682
373 3824
373 3916
373 4060
373 4128
373 4362
373 4381
373 4502
373 4554
373 4598
373 4827
373 4945
374 1138
374 1169
374 1290
374 1309
374 1455
374 1480
374 1899
374 1916
374 2357
374 2510
374 2813
374 2823
374 3139
374 3368
374 3429
374 3569
374 3572
374 3898
374 3934
374 4012
374 4295
374 4323
374 4526
374 4584
374 4657
374 4749
374 4788
375 407
375 733
375 835
375 938
375 1008
375 1258
375 1354
375 1384
375 1551
375 1584
375 1690
375 1872
375 1909
375 1987
375 2222
375 2315
375 2653
375 2679
375 2682
375 2844
375 2895
375 3097
375 3162
375 3445
375 3549
375 3595
375 3788
375 3982
375 4033
375 4141
375 4151
375 4579
375 4729
376 551
376 557
376 911
376 1360
376 1365
376 1384
376 1402
376 1529
376 1706
376 1841
376 1894
376 1960
376 2009
376 2130
376 2250
376 2309
376 2457
376 2589
376 2711
376 2963
376 3023
376 3101
376 3141
376 3536
376 3604
376 3626
376 3852
376 3888
376 3988
376 4211
376 4285
376 4415
376 4630
377 561
377 871
377 882
377 1021
377 1324
377 1582
377 1838
377 2087
377 2525
377 2827
377 2864
377 3347
377 3533
377 3649
377 3668
377 3694
377 3786
377 4099
377 4141
377 4232
377 4247
377 4364
377 4406
377 4671
377 4709
377 4839
377 4843
377 4944
377 4971
377 4996
378 660
378 770
378 911
378 1021
378 1071
378 1115
378 1441
378 1580
378 1589
378 1668
378 2047
378 2133
378 2481
378 2801
378 2836
378 2868
378 2925
378 2959
378 3077
378 3080
378 3135
378 3476
378 3844
378 3848
378 3927
378 3959
378 4065
378 4093
378 4182
378 4791
379 424
379 463
379 707
379 723
379 1002
379 1252
379 1446
379 1532
379 1796
379 1883
379 1898
379 2131
379 2143
379 2237
379 2343
379 2451
379 2549
379 2573
379 2900
379 2910
379 3042
379 3474
379 3851
379 4002
379 4122
379 4494
379 4761
380 397
380 440
380 1004
380 1065
380 1069
380 1136
380 1439
380 1443
380 1513
380 1525
380 1651
380 1778
380 2304
380 2612
380 2623
380 2669
380 2806
380 2972
380 3102
380 3316
380 3391
380 3455
380 4167
380 4345
380 4414
380 4482
380 4931
380 4933
380 4957
381 406
381 540
381 665
381 671
381 990
381 1185
381 1341
381 1584
381 1931
381 2363
381 2487
381 2551
381 2651
381 2844
381 2873
381 3355
381 3374
381 3381
381 3434
381 3471
381 3519
381 3680
381 3847
381 4134
381 4183
381 4191
381 4219
381 4220
381 4352
381 4388
381 4961
382 457
382 466
382 789
382 886
382 1231
382 1296
382 1320
382 1326
382 1404
382 1516
382 2354
382 2374
382 2613
382 2713
382 2759
382 2892
382 3022
382 3728
382 4191
382 4243
382 4256
382 4260
382 4338
382 4431
382 4472
382 4795
383 394
383 438
383 473
383 721
383 791
383 837
383 875
383 1227
383 1484
383 1534
383 1777
383 1788
383 2235
383 2464
383 2620
383 2719
383 2965
383 2992
383 3505
383 3739
383 3983
383 4114
383 4509
383 4909
384 693
384 721
384 1364
384 1381
384 1477
384 2249
384 2260
384 2464
384 2495
384 2904
384 3271
384 3281
384 3314
384 3329
384 3444
384 3494
384 3674
384 4205
384 4238
384 4870
384 4944
385 466
385 707
385 853
385 1085
385 1186
385 1264
385 1274
385 1320
385 1754
385 1953
385 1988
385 2113
385 2197
385 2566
385 3077
385 3140
385 3291
385 3350
385 3529
385 3536
385 3568
385 3584
385 3589
385 3830
385 4004
385 4050
385 4420
385 4508
385 4542
385 4946
385 4981
386 574
386 746
386 932
386 1180
386 1209
386 1423
386 1592
386 2025
386 2119
386 2142
386 2166
386 2179
386 2466
386 2506
386 2608
386 2826
386 2933
386 3153
386 3656
386 3672
386 3783
386 3973
386 4019
386 4339
386 4851
387 538
387 987
387 1016
387 1173
387 1234
387 1259
387 1459
387 1471
387 1653
387 1780
387 1936
387 1942
387 2029
387 2159
387 2276
387 2311
387 2643
387 2993
387 3109
387 3150
387 3199
387 3201
387 3286
387 3430
387 3922
387 4064
387 4283
387 4461
387 4481
387 4618
388 399
388 679
388 684
388 1061
388 1199
388 1608
388 1631
388 1821
388 1975
388 1991
388 2217
388 2260
388 2456
388 2573
388 2589
388 2710
388 2867
388 2939
388 2974
388 3071
388 3426
388 3435
388 3515
388 3574
388 3658
388 3756
388 3789
388 3855
388 3950
388 3985
388 4188
388 4341
388 4368
388 4571
388 4844
388 4975
389 496
389 527
389 579
389 618
389 720
389 871
389 1059
389 1307
389 1520
389 2037
389 2082
389 2205
389 2275
389 2369
389 2650
389 2731
389 2915
389 3050
389 3389
389 3551
389 3663
389 3845
389 3912
389 4024
389 4211
389 4747
389 4948
389 4949
390 756
390 1109
390 1295
390 1761
390 1866
390 1867
390 1996
390 2014
390 2064
390 2077
390 2305
390 2365
390 2748
390 2863
390 3084
390 3203
390 3694
390 3824
390 3912
390 3918
390 4008
390 4107
390 4150
390 4165
390 4248
390 4603
390 4996
391 447
391 612
391 894
391 1010
391 1020
391 1454
391 1502
391 1840
391 2203
391 2226
391 2766
391 2928
391 3197
391 3547
391 3813
391 3939
391 3941
391 3973
391 4086
391 4212
391 4393
391 4836
391 4877
391 4916
391 4948
392 619
392 690
392 710
392 1320
392 1555
392 1584
392 1819
392 1937
392 2401
392 2411
392 2769
392 3076
392 3219
392 3514
392 3516
392 3709
392 3764
392 3999
392 4157
392 4485
392 4519
392 4710
393 640
393 708
393 1100
393 1133
393 1253
393 1669
393 1686
393 1688
393 1798
393 1813
393 1885
393 2008
393 2143
393 2500
393 2743
393 2759
393 2930
393 3027
393 3181
393 3299
393 3640
393 3653
393 3687
393 3831
393 3917
393 4175
393 4270
393 4430
393 4443
393 4643
393 4782
394 759
394 1474
394 1540
394 1653
394 1791
394 1998
394 2271
394 2350
394 2351
394 2429
394 2459
394 2603
394 2623
394 2831
394 2904
394 3078
394 3129
394 3207
394 3277
394 3278
394 3837
394 4101
394 4196
394 4236
394 4491
394 4788
394 4928
394 4975
394 4989
395 497
395 546
395 943
395 1008
395 1470
395 1503
395 1560
395 1604
395 1641
395 1646
395 1672
395 1812
395 1998
395 2119
395 2168
395 2395
395 2426
395 2604
395 2624
395 2681
395 2746
395 2873
395 3007
395 3490
395 3617
395 3910
395 4096
395 4170
395 4232
395 4307
395 4521
395 4765
395 4841
396 539
396 554
396 983
396 1091
396 1189
396 1478
396 1592
396 1593
396 1644
396 1919
396 2113
396 2283
396 2376
396 2516
396 2851
396 2971
396 3088
396 3197
396 3386
396 3402
396 3445
396 3953
396 3973
396 4354
396 4745
396 4986
397 447
397 731
397 743
397 900
397 1031
397 1075
397 1141
397 1381
397 1467
397 1734
397 2060
397 2712
397 2821
397 2829
397 3182
397 3570
397 3712
397 3751
397 3986
397 4010
397 4032
397 4146
397 4205
397 4359
397 4763
397 4968
398 404
398 602
398 726
398 730
398 765
398 956
398 1522
398 1627
398 1660
398 1991
398 2017
398 2213
398 2276
398 2571
398 2596
398 2653
398 2770
398 3056
398 3118
398 3252
398 3811
398 4081
398 4118
398 4192
398 4240
398 4539
398 4588
398 4698
398 4722
399 1005
399 1114
399 1205
399 1289
399 1362
399 1374
399 1744
399 1911
399 1915
399 1925
399 1926
399 2067
399 2101
399 2132
399 2425
399 2701
399 2712
399 3191
399 3244
399 3744
399 3806
399 4855
399 4883
400 1040
400 1285
400 1324
400 1329
400 1472
400 1700
400 1701
400 1766
400 1891
400 1967
400 2019
400 2189
400 3058
400 3174
400 3393
400 3508
400 3578
400 3772
400 3836
400 4718
400 4875
400 4940
401 1173
401 1194
401 1278
401 1403
401 1840
401 1953
401 1954
401 1993
401 2013
401 2160
401 2269
401 2560
401 2946
401 3251
401 3561
401 3763
401 4175
401 4210
401 4552
401 4661
401 4781
401 4897
402 445
402 484
402 692
402 722
402 790
402 1030
402 1663
402 1746
402 2308
402 2531
402 2658
402 2721
402 2932
402 3074
402 3157
402 3161
402 3256
402 3806
402 3907
402 4186
402 4573
402 4635
402 4705
402 4857
402 4863
403 769
403 929
403 1095
403 1217
403 1270
403 1387
403 1561
403 1709
403 2007
403 2231
403 2257
403 2362
403 2486
403 2723
403 2890
403 2923
403 3196
403 3515
403 3693
403 3877
403 3878
403 3919
403 4007
403 4032
403 4192
403 4278
403 4283
403 4481
403 4499
403 4578
403 4704
404 968
404 1290
404 1447
404 1700
404 1708
404 1753
404 1922
404 1939
404 1952
404 2047
404 2230
404 2291
404 2292
404 2306
404 2355
404 2386
404 2680
404 2725
404 2762
404 2786
404 2983
404 3117
404 3275
404 3295
404 3315
404 3500
404 3516
404 3593
404 3631
404 3708
404 3805
404 4135
404 4159
404 4294
404 4713
405 590
405 747
405 918
405 1093
405 1154
405 1463
405 1521
405 1662
405 1672
405 1839
405 1911
405 2248
405 2524
405 2618
405 3016
405 3605
405 3818
405 4172
405 4430
405 4704
405 4777
405 4793
405 4889
406 439
406 514
406 807
406 1594
406 1647
406 1648
406 1759
406 1870
406 1937
406 2803
406 3203
406 3314
406 3325
406 3336
406 3668
406 3713
406 3894
406 4185
406 4301
406 4376
406 4424
406 4562
406 4616
406 4745
406 4963
407 413
407 457
407 474
407 702
407 983
407 1381
407 1460
407 1471
407 1685
407 1725
407 1766
407 1978
407 2113
407 2176
407 2197
407 2487
407 2565
407 2672
407 2699
407 2746
407 2820
407 2839
407 2928
407 3051
407 3251
407 3322
407 3478
407 3585
407 4082
407 4758
407 4833
407 4941
408 596
408 744
408 795
408 798
408 868
408 877
408 1083
408 1328
408 1377
408 1486
408 1600
408 1791
408 1897
408 1914
408 2240
408 2260
408 2403
408 2689
408 2852
408 2971
408 3263
408 3440
408 3751
408 4036
408 4082
408 4442
408 4801
408 4832
409 575
409 1016
409 1181
409 1269
409 1298
409 1466
409 1752
409 1884
409 1933
409 2216
409 2511
409 2778
409 2981
409 3003
409 3144
409 3189
409 3221
409 3244
409 3450
409 3623
409 4189
409 4311
409 4509
409 4600
409 4839
409 4941
410 511
410 616
410 733
410 748
410 934
410 1459
410 1479
410 1486
410 1527
410 1862
410 2217
410 2401
410 2693
410 2700
410 3215
410 3363
410 3453
410 3481
410 3643
410 3817
410 3873
410 3943
410 3953
410 3967
410 3982
410 4008
410 4314
410 4398
410 4401
410 4619
410 4881
410 4934
411 543
411 580
411 1258
411 1551
411 1636
411 1668
411 1763
411 1835
411 1954
411 1967
411 2340
411 2341
411 2523
411 2689
411 2694
411 2823
411 2935
411 2955
411 3360
411 3888
411 3894
411 4003
411 4106
411 4888
411 4927
412 644
412 770
412 946
412 1309
412 1464
412 1661
412 1777
412 1887
412 1906
412 2026
412 2559
412 2652
412 2784
412 2906
412 2974
412 3009
412 3154
412 3340
412 3499
412 3741
412 3772
412 3959
412 4084
412 4178
412 4289
412 4296
412 4439
412 4616
412 4748
412 4778
412 4938
413 464
413 537
413 763
413 990
413 2064
413 2190
413 2273
413 2889
413 2975
413 3082
413 3149
413 3425
413 3548
413 3605
413 3747
413 3880
413 4125
413 4229
414 466
414 531
414 587
414 1156
414 1437
414 1605
414 2044
414 2176
414 2808
414 3001
414 3038
414 3102
414 3216
414 3349
414 3419
414 3520
414 3797
414 3840
414 4126
414 4179
414 4205
414 4298
414 4377
414 4427
414 4445
414 4518
414 4523
414 4550
414 4710
414 4957
414 4993
415 494
415 535
415 632
415 697
415 765
415 1177
415 1203
415 1237
415 1448
415 1511
415 1620
415 1683
415 1967
415 2226
415 2390
415 2446
415 2538
415 2674
415 2698
415 2992
415 3062
415 3442
415 4338
415 4441
415 4565
415 4942
416 838
416 957
416 1092
416 1272
416 1284
416 1451
416 1599
416 1703
416 1839
416 2157
416 2296
416 2402
416 2455
416 2498
416 2737
416 2983
416 3158
416 3233
416 3329
416 3447
416 3575
416 3771
416 4167
416 4300
416 4315
416 4562
416 4781
416 4811
417 943
417 1020
417 1635
417 1677
417 2010
417 2218
417 2265
417 2571
417 2611
417 2615
417 2862
417 2972
417 3323
417 3369
417 3382
417 3424
417 3433
417 3519
417 3663
417 3842
417 4140
417 4178
417 4207
417 4455
417 4552
417 4918
417 4950
418 556
418 873
418 891
418 1077
418 1102
418 1214
418 1219
418 1314
418 1364
418 1412
418 1422
418 1461
418 1609
418 1795
418 1899
418 1942
418 2378
418 2704
418 2972
418 3376
418 3457
418 3633
418 3776
418 3785
418 3996
418 4055
418 4062
418 4200
418 4387
418 4520
418 4528
418 4623
419 754
419 774
419 873
419 1448
419 1740
419 1790
419 1869
419 2231
419 2630
419 2634
419 3094
419 3260
419 3261
419 3418
419 3579
419 3626
419 3634
419 3963
419 4156
419 4490
419 4581
419 4697
419 4804
420 465
420 541
420 618
420 625
420 815
420 1296
420 1360
420 1457
420 1491
420 1619
420 1660
420 2309
420 2463
420 2527
420 2590
420 2709
420 2943
420 3271
420 3588
420 3605
420 4147
420 4282
420 4394
420 4534
420 4657
421 488
421 564
421 573
421 606
421 612
421 901
421 907
421 953
421 1007
421 1067
421 1170
421 1261
421 1281
421 1284
421 1442
421 1610
421 1797
421 1887
421 1913
421 2326
421 2708
421 2752
421 2862
421 3059
421 3086
421 3103
421 3113
421 3134
421 3418
421 4046
421 4088
421 4143
421 4404
421 4873
422 762
422 847
422 993
422 1046
422 1056
422 1154
422 1421
422 1708
422 1849
422 1953
422 2161
422 2201
422 2393
422 2466
422 2473
422 2565
422 2779
422 2835
422 3330
422 3496
422 3612
422 3859
422 4150
422 4383
422 4451
422 4574
422 4598
422 4748
423 714
423 1001
423 1516
423 1644
423 1961
423 2188
423 2230
423 2237
423 2244
423 2603
423 2631
423 2798
423 2799
423 3250
423 3273
423 3870
423 4142
423 4217
423 4330
423 4386
423 4597
423 4635
423 4923
423 4990
424 489
424 535
424 541
424 725
424 818
424 1076
424 1109
424 1175
424 1288
424 1372
424 1424
424 1487
424 1679
424 1926
424 2126
424 2711
424 3421
424 3482
424 3732
424 4038
424 4069
424 4385
424 4517
424 4571
424 4757
424 4802
424 4867
424 4870
425 457
425 1298
425 1483
425 1830
425 1879
425 1929
425 1987
425 2516
425 2626
425 2720
425 2810
425 2924
425 3011
425 3046
425 3080
425 3110
425 3112
425 3151
425 3211
425 3302
425 3527
425 3573
425 3614
425 4226
425 4406
425 4927
426 476
426 581
426 598
426 773
426 1173
426 1207
426 1371
426 1694
426 1889
426 2003
426 2343
426 2470
426 2639
426 2777
426 3611
426 3947
426 4185
426 4584
426 4847
426 4853
426 4879
427 544
427 727
427 759
427 1206
427 1212
427 1404
427 1420
427 1438
427 1536
427 1563
427 1577
427 1618
427 1984
427 2139
427 2309
427 2353
427 2707
427 2931
427 3161
427 3357
427 3468
427 3684
427 3704
427 4223
427 4229
427 4249
427 4455
427 4569
427 4599
427 4608
427 4632
428 469
428 493
428 634
428 641
428 955
428 1321
428 1450
428 1637
428 1826
428 1995
428 2037
428 2435
428 2804
428 3036
428 3293
428 3512
428 3520
428 3741
428 3893
428 3936
428 3964
428 4013
428 4149
428 4188
428 4528
428 4659
428 4699
428 4775
428 4785
429 654
429 1090
429 1121
429 1467
429 1494
429 1978
429 2064
429 2232
429 2331
429 2672
429 2731
429 3119
429 3121
429 3128
429 3238
429 3462
429 3502
429 3534
429 3548
429 3562
429 4227
429 4248
429 4328
429 4375
429 4626
429 4772
429 4819
430 691
430 770
430 842
430 983
430 1082
430 1127
430 1135
430 1142
430 1416
430 1447
430 1739
430 1943
430 2343
430 2444
430 2833
430 2933
430 2934
430 3231
430 3620
430 3867
430 4048
430 4151
430 4228
430 4464
430 4496
430 4610
430 4895
431 433
431 536
431 1117
431 1316
431 1318
431 1782
431 1909
431 1947
431 2243
431 2400
431 2613
431 2723
431 2903
431 2952
431 3012
431 3350
431 3445
431 3658
431 3785
431 4085
431 4218
431 4271
431 4334
431 4386
431 4813
431 4859
432 452
432 522
432 633
432 778
432 1036
432 1146
432 1265
432 1453
432 1632
432 1668
432 1716
432 1992
432 2121
432 2212
432 2224
432 2325
432 2416
432 2489
432 3176
432 3271
432 3459
432 3472
432 3591
432 3783
432 3814
432 3942
432 3972
432 4468
432 4659
433 554
433 716
433 1082
433 1248
433 1405
433 1460
433 1469
433 1649
433 1784
433 1802
433 2170
433 2385
433 2425
433 2471
433 2503
433 2695
433 2975
433 3537
433 3544
433 4035
433 4171
433 4174
433 4208
433 4515
433 4530
433 4559
433 4669
433 4828
433 4917
434 438
434 698
434 766
434 799
434 872
434 1048
434 1357
434 1360
434 1498
434 1560
434 1754
434 1861
434 1889
434 2018
434 2119
434 2746
434 3029
434 3361
434 3386
434 3436
434 3699
434 3872
434 3922
434 3967
434 4044
434 4370
434 4384
434 4470
434 4506
434 4596
434 4763
434 4904
435 491
435 514
435 521
435 714
435 770
435 1044
435 1344
435 1779
435 1973
435 2176
435 2409
435 2688
435 3213
435 3236
435 3299
435 3347
435 3460
435 3494
435 3593
435 4105
435 4202
435 4236
435 4689
435 4822
435 4831
436 561
436 591
436 892
436 997
436 1384
436 1527
436 1609
436 1653
436 1739
436 1816
436 2496
436 2831
436 2878
436 3107
436 3259
436 3269
436 3347
436 3629
436 4070
436 4375
436 4834
437 720
437 729
437 758
437 789
437 1206
437 1502
437 1528
437 1767
437 1880
437 2102
437 2274
437 2458
437 2745
437 2984
437 3064
437 3279
437 3389
437 3699
437 3770
437 3932
437 3995
437 4000
437 4196
437 4226
437 4501
437 4862
437 4947
438 626
438 1162
438 1179
438 1279
438 1443
438 1543
438 2003
438 2031
438 2183
438 2413
438 2442
438 2472
438 2476
438 2918
438 3190
438 3904
438 3934
438 3943
438 4032
438 4117
438 4118
438 4365
438 4454
438 4613
439 806
439 869
439 918
439 970
439 1033
439 1241
439 1268
439 1459
439 2051
439 2085
439 2316
439 2350
439 2363
439 2529
439 2893
439 3322
439 3338
439 3521
439 3547
439 3556
439 4108
439 4426
439 4712
439 4828
440 548
440 803
440 1250
440 1623
440 1655
440 1723
440 2125
440 2195
440 2416
440 2774
440 2865
440 3085
440 3166
440 3330
440 3353
440 3410
440 3513
440 3821
440 4161
440 4523
440 4620
441 552
441 773
441 1030
441 1271
441 1549
441 1723
441 1977
441 2026
441 2080
441 2089
441 2258
441 2510
441 2562
441 2692
441 2833
441 3221
441 3388
441 3799
441 3805
441 4005
441 4125
441 4362
441 4416
441 4520
441 4579
441 4850
442 569
442 623
442 663
442 703
442 769
442 1151
442 1210
442 1896
442 1949
442 1987
442 2236
442 2269
442 3118
442 3192
442 3284
442 3377
442 3419
442 3702
442 4008
442 4333
442 4644
442 4714
442 4727
442 4868
442 4877
443 629
443 1315
443 1381
443 1432
443 1511
443 1608
443 1646
443 1649
443 1795
443 1955
443 2204
443 2502
443 2624
443 2644
443 2665
443 3080
443 3096
443 3290
443 3426
443 3676
443 3877
443 4023
443 4230
443 4309
443 4453
443 4460
443 4924
443 4996
444 1185
444 1219
444 1253
444 1284
444 1407
444 1481
444 1827
444 1933
444 2068
444 2101
444 2122
444 2176
444 2187
444 2223
444 2262
444 2292
444 2331
444 2599
444 3242
444 3327
444 3655
444 3979
444 4132
444 4440
444 4733
444 4847
445 454
445 587
445 593
445 752
445 881
445 1173
445 1203
445 1332
445 1355
445 1414
445 1827
445 1829
445 1834
445 2005
445 2082
445 2593
445 2699
445 2763
445 2794
445 2797
445 2878
445 2885
445 2939
445 2943
445 2949
445 3636
445 4037
445 4585
445 4759
446 679
446 875
446 1045
446 1653
446 1657
446 1690
446 1744
446 2047
446 2117
446 2191
446 2255
446 2416
446 2431
446 2681
446 2687
446 2939
446 2966
446 3110
446 3221
446 3749
446 3855
446 3966
446 4244
446 4252
446 4347
446 4735
446 4873
447 663
447 699
447 879
447 943
447 1387
447 1402
447 1474
447 1511
447 1612
447 1744
447 1763
447 2076
447 2541
447 2750
447 3102
447 3170
447 3270
447 3730
447 4039
447 4171
447 4276
447 4283
447 4342
447 4356
447 4493
447 4787
447 4846
447 4993
448 515
448 563
448 576
448 624
448 711
448 908
448 1360
448 1426
448 2153
448 2341
448 2421
448 2537
448 2711
448 2905
448 3055
448 3187
448 3420
448 3811
448 3924
448 3938
448 4323
448 4350
448 4652
448 4995
449 736
449 779
449 892
449 920
449 926
449 928
449 1032
449 1080
449 1182
449 1258
449 1297
449 1321
449 1437
449 1712
449 1796
449 1858
449 1938
449 2043
449 2120
449 2579
449 3147
449 3529
449 3907
449 3914
449 4032
449 4537
449 4586
449 4734
449 4849
449 4888
449 4939
450 847
450 1004
450 1232
450 1348
450 1395
450 1435
450 1691
450 1709
450 1898
450 2070
450 2084
450 2856
450 2988
450 3190
450 3273
450 3530
450 3812
450 3844
450 4178
450 4336
450 4509
450 4561
450 4666
450 4798
450 4827
451 535
451 852
451 931
451 950
451 1432
451 1482
451 1532
451 1643
451 1648
451 1913
451 2011
451 2017
451 2185
451 2219
451 2265
451 2536
451 2607
451 2730
451 2802
451 3122
451 3647
451 3668
451 3805
451 3866
451 3911
451 4251
451 4296
451 4414
451 4450
451 4597
451 4856
452 511
452 850
452 885
452 1174
452 1432
452 1608
452 2143
452 2175
452 2232
452 2445
452 2550
452 2643
452 2777
452 2803
452 2820
452 3432
452 3937
452 3998
452 4098
452 4259
452 4500
452 4830
453 472
453 575
453 802
453 891
453 911
453 1007
453 1064
453 1133
453 1334
453 2331
453 2505
453 2507
453 2992
453 3005
453 3054
453 3064
453 3142
453 3326
453 3636
453 3703
453 3733
453 4093
453 4220
453 4344
453 4689
453 4842
453 4849
453 4985
454 534
454 593
454 708
454 777
454 825
454 844
454 1025
454 1346
454 1868
454 2032
454 2111
454 2210
454 3002
454 3029
454 3114
454 3255
454 3273
454 3326
454 3712
454 3817
454 4007
454 4168
454 4196
454 4298
454 4857
454 4884
454 4924
454 4961
455 570
455 998
455 1002
455 1047
455 1277
455 1290
455 1519
455 1780
455 1789
455 1874
455 1915
455 2102
455 2168
455 2386
455 2572
455 2953
455 2971
455 3214
455 3339
455 3366
455 3481
455 3629
455 3664
455 3816
455 4217
455 4289
455 4768
455 4773
456 468
456 519
456 734
456 1203
456 1463
456 1485
456 1770
456 1821
456 2031
456 2253
456 2567
456 2589
456 2621
456 2682
456 2889
456 2996
456 3425
456 3545
456 3567
456 3620
456 3784
456 3789
456 3850
456 3968
456 4121
456 4133
456 4169
456 4356
456 4626
456 4725
457 1108
457 1224
457 1348
457 1386
457 1691
457 1977
457 2168
457 2480
457 2811
457 3074
457 3129
457 3233
457 3299
457 3314
457 3495
457 3570
457 3724
457 4166
457 4283
457 4449
457 4523
457 4528
457 4536
457 4641
457 4842
457 4859
457 4874
457 4994
458 503
458 587
458 838
458 1049
458 1109
458 1348
458 1602
458 1781
458 2456
458 2597
458 2601
458 2701
458 2714
458 2887
458 2926
458 2969
458 2980
458 3014
458 3054
458 3218
458 3348
458 3576
458 4031
458 4184
458 4190
458 4257
458 4335
458 4541
459 632
459 789
459 899
459 975
459 1014
459 1047
459 1214
459 1407
459 1738
459 1859
459 2058
459 2153
459 2509
459 2665
459 2674
459 2742
459 2749
459 2840
459 2938
459 2985
459 2987
459 3017
459 3039
459 3100
459 3479
459 3513
459 3557
459 3790
459 4502
459 4655
459 4888
460 490
460 562
460 974
460 1007
460 1335
460 1498
460 1603
460 1716
460 1749
460 1777
460 1838
460 2303
460 2406
460 2559
460 2637
460 2704
460 2944
460 2978
460 3176
460 3180
460 3706
460 3831
460 3939
460 4176
460 4274
460 4309
460 4325
460 4437
460 4510
460 4640
460 4660
460 4803
461 586
461 640
461 881
461 939
461 1046
461 1790
461 1873
461 2233
461 2311
461 2337
461 2456
461 2580
461 2595
461 2636
461 2859
461 2895
461 3167
461 3427
461 3517
461 3662
461 3667
461 3812
461 3884
461 3897
461 4521
461 4649
461 4687
461 4856
462 851
462 907
462 1015
462 1355
462 1805
462 2051
462 2193
462 2372
462 2522
462 2553
462 2565
462 2667
462 2732
462 2769
462 2798
462 3776
462 3991
462 4014
462 4047
462 4204
462 4219
462 4404
462 4570
462 4578
462 4855
462 4936
463 553
463 646
463 745
463 798
463 906
463 1031
463 1043
463 1102
463 1206
463 1209
463 1323
463 1484
463 1580
463 1771
463 1799
463 2037
463 2281
463 2755
463 2792
463 2982
463 3068
463 3232
463 3344
463 3395
463 3548
463 3681
463 3807
463 4036
463 4426
463 4432
463 4740
463 4819
464 521
464 1038
464 1040
464 1298
464 1610
464 1687
464 1733
464 1753
464 1818
464 1904
464 2048
464 2104
464 2163
464 2165
464 2427
464 2475
464 3197
464 3562
464 3679
464 3725
464 3941
464 3944
464 3984
464 4535
464 4542
464 4549
464 4775
464 4814
464 4831
465 791
465 971
465 1337
465 1394
465 1503
465 1555
465 1640
465 1868
465 2020
465 2119
465 2128
465 2525
465 2713
465 2715
465 3027
465 3059
465 3105
465 3110
465 3132
465 3137
465 3167
465 3295
465 3336
465 3678
465 3784
465 4060
465 4086
465 4261
465 4262
465 4351
465 4422
465 4719
465 4758
465 4869
466 600
466 725
466 762
466 834
466 936
466 1708
466 1804
466 2054
466 2152
466 2422
466 2441
466 2447
466 2627
466 2659
466 2693
466 2765
466 2996
466 3231
466 3494
466 3737
466 3796
466 3868
466 4480
466 4574
466 4586
466 4690
466 4849
467 513
467 723
467 754
467 811
467 838
467 930
467 959
467 1064
467 1096
467 1507
467 1812
467 1892
467 1953
467 2008
467 2053
467 2192
467 2229
467 2320
467 2494
467 2559
467 2595
467 2910
467 2988
467 3023
467 3133
467 3223
467 3342
467 3380
467 3392
467 3590
467 3600
467 3601
467 3666
467 3677
467 3721
467 3805
467 3827
467 3921
467 4143
467 4296
467 4479
467 4564
467 4574
467 4579
467 4645
467 4817
467 4853
468 700
468 869
468 1172
468 1228
468 1236
468 1238
468 1242
468 1478
468 1667
468 1731
468 1952
468 2035
468 2039
468 2199
468 2204
468 2465
468 2559
468 2691
468 3038
468 3120
468 3420
468 3592
468 3679
468 3927
468 4074
468 4194
468 4243
468 4286
468 4314
468 4977
468 4992
469 772
469 1061
469 1183
469 1251
469 1424
469 2046
469 2073
469 2264
469 2378
469 3183
469 3492
469 3535
469 3626
469 3708
469 3836
469 3864
469 3946
469 4283
469 4338
469 4352
469 4530
469 4732
469 4855
470 966
470 1094
470 1254
470 1345
470 1507
470 1597
470 1923
470 1933
470 1974
470 2262
470 2329
470 2436
470 2544
470 2873
470 3172
470 3182
470 3448
470 3722
470 3812
470 3827
470 4071
470 4092
470 4232
470 4463
470 4683
470 4845
471 595
471 660
471 701
471 1069
471 1203
471 1239
471 1299
471 1330
471 1420
471 1521
471 1805
471 2052
471 2111
471 2173
471 2550
471 2717
471 2911
471 3234
471 3441
471 3468
471 3484
471 3646
471 3911
471 3918
471 3947
471 4178
471 4591
471 4677
472 587
472 1400
472 2005
472 2199
472 2562
472 2858
472 3125
472 3230
472 3267
472 3505
472 4073
472 4192
472 4344
472 4368
472 4430
472 4662
472 4696
472 4705
472 4835
473 500
473 639
473 1786
473 1827
473 1952
473 2025
473 2174
473 2253
473 2344
473 2644
473 2794
473 2904
473 2975
473 3004
473 3078
473 3102
473 3140
473 3222
473 3267
473 3447
473 3453
473 3766
473 3965
473 3974
473 3979
473 3994
473 4032
473 4099
473 4180
473 4325
473 4914
473 4966
474 1014
474 1449
474 1656
474 1814
474 1932
474 2006
474 2044
474 2095
474 2321
474 2439
474 2744
474 2783
474 2805
474 2892
474 2961
474 3027
474 3159
474 3402
474 3430
474 3683
474 4083
474 4230
474 4288
474 4392
474 4432
474 4545
475 691
475 752
475 775
475 973
475 1425
475 1458
475 1708
475 1745
475 1945
475 2061
475 2256
475 2407
475 2445
475 2898
475 3040
475 3201
475 3247
475 3357
475 3603
475 3753
475 3903
475 3917
475 4138
475 4154
475 4261
475 4559
475 4588
475 4638
475 4654
475 4703
476 564
476 611
476 613
476 997
476 1045
476 1079
476 1306
476 1370
476 1396
476 1403
476 1414
476 1550
476 1624
476 1716
476 1780
476 2033
476 2114
476 2245
476 2430
476 2470
476 2682
476 2713
476 2950
476 3150
476 3158
476 3205
476 3425
476 3815
476 3816
476 3856
476 4201
476 4253
476 4505
476 4570
477 613
477 1103
477 1131
477 1164
477 1396
477 1434
477 1641
477 1711
477 1827
477 1985
477 2070
477 2324
477 2377
477 2441
477 2775
477 2840
477 2973
477 3002
477 3356
477 3436
477 3443
477 3652
477 3836
477 3842
477 4147
477 4353
477 4786
478 551
478 607
478 626
478 712
478 773
478 807
478 916
478 974
478 1015
478 1067
478 1556
478 2008
478 2072
478 2334
478 2392
478 2457
478 2653
478 2698
478 2845
478 2854
478 2877
478 2906
478 3150
478 3216
478 3469
478 3711
478 3749
478 4075
478 4300
478 4760
479 589
479 1050
479 1372
479 1545
479 1588
479 1615
479 1628
479 2030
479 2056
479 2099
479 2896
479 2939
479 3012
479 3039
479 3156
479 3269
479 3332
479 3992
479 4270
479 4293
479 4396
479 4454
479 4504
479 4559
479 4645
479 4856
480 745
480 919
480 1125
480 1179
480 1229
480 1246
480 1561
480 1739
480 1805
480 1832
480 1995
480 2076
480 2255
480 2374
480 2920
480 3259
480 3386
480 3614
480 3687
480 4372
481 519
481 664
481 792
481 966
481 1037
481 1049
481 1174
481 1198
481 1763
481 2310
481 2532
481 2544
481 2574
481 2747
481 3139
481 3478
481 3506
481 3563
481 4208
481 4235
481 4410
481 4451
481 4493
481 4585
481 4994
482 591
482 689
482 845
482 940
482 1392
482 1568
482 1607
482 2400
482 2494
482 2534
482 2550
482 2816
482 2912
482 2964
482 3295
482 3700
482 3840
482 4238
482 4291
482 4415
482 4523
482 4799
482 4804
482 4806
482 4897
482 4976
483 691
483 979
483 1079
483 1085
483 1299
483 1303
483 1642
483 1815
483 2053
483 2204
483 2221
483 2540
483 2642
483 3205
483 3300
483 3599
483 3734
483 3830
483 4304
483 4419
483 4448
483 4675
483 4692
483 4975
484 595
484 773
484 896
484 1294
484 1339
484 1493
484 1703
484 1796
484 1883
484 2064
484 2179
484 2226
484 2412
484 2879
484 2945
484 2990
484 3092
484 3418
484 3556
484 4106
484 4112
484 4148
484 4229
484 4356
484 4399
484 4574
484 4853
485 625
485 965
485 1388
485 1680
485 1815
485 1953
485 2042
485 2052
485 2083
485 2220
485 2912
485 3242
485 3305
485 3337
485 3384
485 3508
485 4030
485 4206
485 4577
485 4734
486 634
486 728
486 838
486 840
486 953
486 984
486 1136
486 1213
486 1322
486 1474
486 1669
486 1692
486 1966
486 1984
486 2122
486 2190
486 2497
486 2787
486 2805
486 3007
486 3210
486 3213
486 3271
486 3959
486 4033
486 4102
486 4384
486 4396
486 4587
486 4603
486 4661
486 4773
487 632
487 642
487 653
487 665
487 736
487 926
487 1162
487 1209
487 1320
487 1541
487 1552
487 1978
487 2091
487 2209
487 2651
487 2790
487 2929
487 3096
487 3213
487 3259
487 3473
487 4171
487 4226
487 4716
487 4741
488 535
488 681
488 682
488 939
488 1019
488 1022
488 1040
488 1050
488 1500
488 1703
488 1887
488 1937
488 2483
488 2526
488 2541
488 2927
488 3183
488 3698
488 3797
488 3815
488 3821
488 3911
488 4153
488 4218
488 4327
488 4604
488 4606
488 4784
488 4908
488 4975
489 709
489 795
489 823
489 1592
489 1716
489 1947
489 2123
489 2337
489 2447
489 2510
489 2776
489 2783
489 3019
489 3085
489 3360
489 3909
489 3973
489 4076
489 4184
489 4503
489 4522
489 4531
490 561
490 657
490 735
490 1206
490 1270
490 1407
490 1428
490 1532
490 1600
490 1679
490 2055
490 2103
490 2191
490 2401
490 2558
490 2747
490 3071
490 3132
490 3247
490 3371
490 3693
490 3814
490 4018
490 4550
490 4629
490 4936
491 608
491 620
491 704
491 1056
491 1209
491 1391
491 1405
491 1427
491 1440
491 1714
491 1943
491 1977
491 2215
491 2350
491 2456
491 2492
491 2730
491 3014
491 3419
491 3581
491 3617
491 4301
491 4338
491 4405
491 4524
491 4680
491 4959
492 1059
492 1408
492 1611
492 1854
492 2577
492 2678
492 2932
492 2981
492 3025
492 3221
492 3261
492 3290
492 3318
492 3379
492 3395
492 3554
492 3707
492 4229
492 4298
492 4325
492 4344
492 4515
492 4692
492 4893
492 4951
493 627
493 632
493 987
493 1474
493 1796
493 1966
493 1978
493 2609
493 2869
493 3052
493 3092
493 3182
493 3340
493 3363
493 3467
493 3571
493 3696
493 3713
493 3725
493 3749
493 3882
493 3948
493 4146
493 4149
493 4256
493 4306
493 4439
493 4477
493 4794
493 4984
494 512
494 628
494 677
494 950
494 955
494 1385
494 1433
494 1552
494 2070
494 2088
494 2498
494 2657
494 2935
494 3416
494 3460
494 3492
494 3641
494 3758
494 3861
494 4109
494 4270
494 4313
494 4319
494 4381
494 4514
494 4549
494 4643
495 524
495 572
495 890
495 915
495 1504
495 1561
495 1793
495 2034
495 2061
495 2182
495 2296
495 2397
495 2605
495 2630
495 2754
495 3103
495 3128
495 3330
495 3584
495 3598
495 3772
495 4182
495 4334
495 4740
495 4760
495 4789
495 4978
496 546
496 711
496 731
496 824
496 953
496 971
496 1084
496 1176
496 1374
496 1377
496 1535
496 1561
496 1664
496 1807
496 2212
496 2243
496 2626
496 2870
496 2889
496 3220
496 3393
496 3592
496 4001
496 4063
496 4097
496 4237
496 4317
496 4331
496 4409
496 4555
496 4798
496 4905
496 4989
497 670
497 722
497 825
497 937
497 1099
497 1244
497 1320
497 1342
497 1676
497 1747
497 1782
497 2378
497 2390
497 2391
497 2425
497 2629
497 2656
497 3215
497 3267
497 3456
497 3519
497 3705
497 3953
497 4452
497 4771
497 4826
497 4929
498 739
498 1040
498 1044
498 1201
498 1421
498 1498
498 1562
498 1637
498 1641
498 1885
498 1946
498 2175
498 2292
498 2377
498 2513
498 2777
498 2966
498 3380
498 3420
498 3512
498 3627
498 3833
498 3850
498 4107
498 4127
498 4196
498 4272
498 4348
498 4371
498 4413
498 4528
498 4627
498 4906
499 737
499 751
499 769
499 1171
499 1259
499 1262
499 1546
499 1690
499 1818
499 1821
499 1902
499 2003
499 2228
499 2332
499 2337
499 2364
499 2389
499 2532
499 2536
499 2742
499 3531
499 3803
499 4468
499 4785
499 4858
499 4914
500 504
500 523
500 535
500 544
500 942
500 1213
500 1234
500 1245
500 1355
500 2222
500 2275
500 2300
500 2639
500 2646
500 2703
500 3043
500 3160
500 3197
500 3258
500 3286
500 3324
500 3668
500 3975
500 4282
501 652
501 992
501 1040
501 1198
501 1299
501 1301
501 1315
501 1324
501 1354
501 1376
501 1544
501 1615
501 1627
501 1976
501 2021
501 2046
501 2638
501 2997
501 3032
501 3037
501 3319
501 3442
501 3864
501 4453
501 4604
501 4687
501 4823
501 4834
502 765
502 845
502 933
502 1191
502 1332
502 1557
502 1604
502 1781
502 2207
502 2334
502 2360
502 2426
502 2558
502 2566
502 2894
502 3087
502 3179
502 3233
502 3351
502 3527
502 3632
502 3633
502 3651
502 3844
502 3872
502 4481
502 4609
502 4800
502 4891
502 4976
503 722
503 788
503 935
503 965
503 1052
503 1136
503 1195
503 1437
503 1794
503 2025
503 2247
503 2259
503 2446
503 2562
503 2563
503 2576
503 2673
503 2767
503 2811
503 2894
503 2939
503 2941
503 3059
503 3637
503 3720
503 3769
503 3919
503 3943
503 4030
503 4404
503 4427
503 4567
503 4604
503 4808
504 1066
504 1395
504 1502
504 1573
504 1647
504 1844
504 1852
504 2470
504 2908
504 3016
504 3422
504 3617
504 3694
504 3755
504 3797
504 3984
504 4308
504 4323
504 4500
504 4625
504 4675
504 4882
505 695
505 978
505 1592
505 1821
505 1858
505 1927
505 1986
505 2154
505 2759
505 2893
505 2967
505 3016
505 3366
505 3508
505 3588
505 3613
505 3668
505 3802
505 3913
505 4118
505 4124
505 4156
505 4159
505 4434
505 4772
505 4864
506 561
506 604
506 906
506 1426
506 1431
506 1472
506 1852
506 1867
506 1979
506 2309
506 2401
506 2742
506 2751
506 2849
506 3083
506 3387
506 3487
506 3522
506 3564
506 3893
506 3909
506 3941
506 4036
506 4437
506 4661
506 4879
507 539
507 1084
507 1176
507 1240
507 1465
507 1543
507 1640
507 1668
507 1745
507 1825
507 1831
507 2322
507 2392
507 2857
507 2874
507 3390
507 3510
507 3553
507 4134
507 4139
507 4271
507 4326
507 4389
507 4461
507 4544
507 4597
507 4667
507 4776
508 698
508 729
508 773
508 835
508 993
508 1506
508 2160
508 2321
508 2434
508 2537
508 2579
508 2705
508 2753
508 2888
508 2921
508 3219
508 3496
508 3873
508 3980
508 4011
508 4038
508 4203
508 4366
508 4553
509 613
509 708
509 943
509 1143
509 1212
509 1298
509 1317
509 1406
509 2203
509 2252
509 2311
509 2378
509 2812
509 3043
509 3065
509 3171
509 3318
509 3325
509 3406
509 3419
509 3534
509 3576
509 3760
509 3799
509 3810
509 3911
509 4253
509 4396
509 4453
509 4619
509 4874
510 731
510 1309
510 1449
510 1520
510 1684
510 1858
510 1956
510 2137
510 2232
510 2270
510 2353
510 2579
510 2809
510 3138
510 3151
510 3515
510 3670
510 3808
510 3816
510 3904
510 3944
510 4077
510 4158
510 4397
510 4446
510 4449
510 4602
510 4622
510 4733
510 4823
511 853
511 1039
511 1305
511 1350
511 1455
511 1491
511 1523
511 1966
511 2106
511 2171
511 2265
511 2501
511 2677
511 2800
511 3588
511 3627
511 3725
511 3726
511 3974
511 4142
511 4171
511 4267
511 4760
511 4844
512 543
512 751
512 982
512 1476
512 1641
512 1895
512 1937
512 2421
512 2853
512 2946
512 2960
512 3041
512 3296
512 3577
512 3742
512 3851
512 3892
512 4191
512 4475
512 4572
512 4876
513 522
513 574
513 711
513 723
513 743
513 811
513 930
513 1064
513 1096
513 1117
513 1230
513 1256
513 1330
513 1530
513 1765
513 1812
513 1878
513 1894
513 1953
513 2005
513 2053
513 2192
513 2229
513 2380
513 2450
513 2588
513 2595
513 2699
513 2823
513 2968
513 3023
513 3093
513 3110
513 3242
513 3286
513 3299
513 3380
513 3600
513 3601
513 3677
513 3684
513 4147
513 4252
513 4288
513 4324
513 4574
513 4605
513 4645
513 4671
513 4765
513 4817
513 4914
514 643
514 690
514 832
514 998
514 1026
514 1237
514 1439
514 1856
514 1861
514 2034
514 2342
514 2551
514 2568
514 2890
514 3177
514 3529
514 3625
514 3722
514 3963
514 4033
514 4185
514 4219
514 4408
514 4462
514 4544
514 4579
515 590
515 598
515 838
515 875
515 883
515 893
515 1278
515 1440
515 1668
515 1795
515 2086
515 2163
515 2304
515 2566
515 2682
515 3358
515 3669
515 4241
515 4334
515 4918
516 667
516 772
516 792
516 903
516 1057
516 1159
516 1195
516 1713
516 1852
516 2249
516 2580
516 2631
516 2712
516 2878
516 3030
516 3032
516 3102
516 3229
516 3235
516 3243
516 3632
516 3696
516 3800
516 4532
516 4815
516 4860
517 617
517 956
517 1229
517 1393
517 1496
517 1922
517 2088
517 2128
517 2203
517 2359
517 2412
517 2591
517 2636
517 2643
517 2666
517 2680
517 3071
517 3136
517 3161
517 3432
517 3911
517 4477
517 4483
517 4882
517 4905
518 591
518 741
518 1313
518 1348
518 1402
518 1868
518 2047
518 2071
518 2172
518 2174
518 2294
518 2432
518 2891
518 2965
518 3261
518 3696
518 3910
518 3962
518 4672
518 4725
518 4841
518 4999
519 540
519 811
519 909
519 1005
519 1006
519 2010
519 2047
519 2065
519 2102
519 2125
519 2198
519 2225
519 2280
519 2683
519 2842
519 2932
519 3116
519 3280
519 3359
519 3360
519 3494
519 3501
519 3504
519 3828
519 3834
519 4316
519 4523
519 4567
519 4710
519 4846
519 4914
520 615
520 819
520 874
520 1284
520 1570
520 1646
520 1666
520 2130
520 2488
520 2579
520 2850
520 2872
520 4014
520 4343
520 4350
520 4596
520 4599
520 4610
520 4802
520 4903
520 4975
521 530
521 734
521 945
521 1045
521 1166
521 1304
521 1463
521 1495
521 1580
521 1669
521 2113
521 2257
521 2348
521 2504
521 2519
521 2620
521 2674
521 3043
521 3155
521 3374
521 3531
521 3736
521 4205
521 4252
521 4258
521 4298
521 4311
521 4459
521 4634
521 4636
521 4681
521 4731
522 713
522 837
522 874
522 1270
522 1320
522 1499
522 1918
522 1924
522 2251
522 2302
522 2359
522 2647
522 2709
522 2962
522 3207
522 3799
522 3826
522 3841
522 3858
522 3861
522 3879
522 3973
522 4404
522 4465
522 4488
522 4761
522 4998
523 685
523 691
523 748
523 849
523 864
523 936
523 980
523 983
523 1100
523 1407
523 1562
523 1758
523 2114
523 2177
523 2298
523 2434
523 2543
523 2917
523 2928
523 3191
523 3453
523 3794
523 4084
523 4180
523 4476
523 4587
523 4608
524 1146
524 1338
524 1578
524 1647
524 1777
524 1794
524 1799
524 1818
524 1916
524 2057
524 2097
524 2133
524 2175
524 2302
524 2316
524 2447
524 2575
524 2820
524 2894
524 3383
524 3445
524 3665
524 3942
524 3985
524 4080
524 4156
524 4178
524 4358
524 4549
524 4567
525 655
525 682
525 699
525 714
525 984
525 1154
525 1279
525 1315
525 1466
525 1553
525 1828
525 2033
525 2044
525 2273
525 2279
525 2284
525 2369
525 2438
525 2505
525 2730
525 2790
525 2806
525 2834
525 2903
525 2950
525 2962
525 3154
525 3423
525 4023
525 4325
525 4614
525 4951
526 606
526 670
526 875
526 1008
526 1062
526 1446
526 1529
526 1547
526 1754
526 1841
526 2197
526 2279
526 2322
526 2390
526 2458
526 2640
526 2762
526 2854
526 3340
526 3426
526 3563
526 4086
526 4301
526 4352
526 4652
526 4762
527 641
527 665
527 908
527 1015
527 1378
527 1476
527 1521
527 1580
527 1750
527 2167
527 2226
527 2356
527 2389
527 2599
527 2736
527 2771
527 2859
527 2905
527 3123
527 3161
527 3183
527 3530
527 3557
527 3652
527 3766
527 3868
527 4260
527 4653
528 894
528 976
528 995
528 1049
528 1088
528 1268
528 1425
528 1442
528 1616
528 1620
528 1831
528 1927
528 2024
528 2228
528 2386
528 2444
528 2475
528 2714
528 2717
528 3834
528 4105
528 4130
528 4211
528 4271
528 4560
528 4570
528 4617
528 4881
529 793
529 978
529 1035
529 1048
529 1526
529 2013
529 2070
529 2154
529 2174
529 2288
529 2524
529 2713
529 2945
529 2977
529 3037
529 3288
529 3926
529 3955
529 4029
529 4186
529 4296
529 4305
529 4329
529 4366
529 4414
529 4475
529 4808
529 4833
529 4867
529 4920
530 556
530 859
530 1680
530 1688
530 1725
530 1786
530 1892
530 1918
530 2078
530 2083
530 2115
530 2222
530 2390
530 2417
530 2479
530 2539
530 2733
530 2744
530 2781
530 2870
530 3225
530 3496
530 3676
530 4002
530 4132
530 4410
530 4514
530 4516
530 4789
530 4858
530 4883
530 4923
531 950
531 1257
531 1401
531 1412
531 1645
531 1658
531 1720
531 1828
531 1894
531 1966
531 2015
531 2130
531 2263
531 2337
531 2445
531 2541
531 2800
531 3063
531 3094
531 3415
531 3605
531 4022
531 4110
531 4491
531 4779
531 4788
531 4969
532 779
532 841
532 867
532 1165
532 1467
532 1475
532 1720
532 2141
532 2231
532 2558
532 2657
532 2757
532 2792
532 3072
532 3273
532 3470
532 3622
532 3823
532 4202
532 4266
532 4309
532 4407
532 4413
532 4537
532 4554
532 4613
532 4690
532 4888
533 609
533 851
533 1009
533 1136
533 1160
533 1190
533 1239
533 1348
533 1417
533 1665
533 1872
533 1988
533 2030
533 2090
533 2097
533 2147
533 2185
533 2841
533 3237
533 3273
533 3344
533 3389
533 3500
533 3624
533 3774
533 3836
533 3860
533 4030
533 4319
533 4678
533 4692
533 4792
534 618
534 722
534 723
534 761
534 867
534 1295
534 1371
534 1373
534 1564
534 1912
534 2003
534 2089
534 2323
534 2586
534 2683
534 2779
534 2825
534 2875
534 3359
534 3375
534 3405
534 3416
534 3902
534 3909
534 3992
534 4262
534 4485
534 4680
534 4740
535 547
535 1401
535 2081
535 2098
535 2125
535 2298
535 2663
535 2687
535 2931
535 3121
535 3408
535 3497
535 3573
535 3688
535 3773
535 3792
535 4105
535 4283
535 4415
535 4654
535 4694
536 587
536 676
536 766
536 925
536 1087
536 1269
536 1329
536 1852
536 1919
536 2197
536 2629
536 2665
536 2690
536 2823
536 2863
536 3167
536 3284
536 3717
536 3732
536 3775
536 4096
536 4119
536 4285
536 4493
536 4594
536 4618
536 4824
537 565
537 576
537 635
537 832
537 857
537 870
537 1049
537 1183
537 1465
537 1495
537 1568
537 1614
537 1772
537 2009
537 2160
537 2314
537 2513
537 2860
537 2980
537 3374
537 3415
537 3470
537 3487
537 3555
537 4426
537 4504
537 4578
537 4984
538 1083
538 1213
538 1350
538 1360
538 1558
538 1644
538 1809
538 2441
538 2557
538 2583
538 2762
538 2807
538 3154
538 3162
538 3427
538 3579
538 3620
538 3636
538 4098
538 4508
538 4669
538 4690
538 4847
538 4874
538 4963
538 4968
539 551
539 696
539 1601
539 1719
539 1883
539 2062
539 2223
539 2425
539 2688
539 2719
539 3019
539 3069
539 3168
539 3215
539 3535
539 3699
539 3870
539 3957
539 4046
539 4276
539 4824
539 4887
539 4934
540 926
540 1217
540 1258
540 1447
540 1574
540 1888
540 2110
540 2221
540 2261
540 2293
540 2506
540 2547
540 2616
540 2629
540 2862
540 2964
540 3107
540 3510
540 3833
540 3949
540 4017
540 4097
540 4102
540 4222
540 4926
540 4956
540 4984
541 869
541 870
541 1024
541 1227
541 1321
541 1561
541 1604
541 1618
541 1628
541 2094
541 2375
541 3004
541 3390
541 3481
541 3522
541 4164
541 4352
541 4393
541 4479
541 4593
542 805
542 824
542 854
542 866
542 872
542 939
542 1010
542 1019
542 1263
542 1407
542 1414
542 1494
542 1525
542 1568
542 1824
542 1886
542 2035
542 2236
542 2320
542 2828
542 2862
542 2992
542 3502
542 3710
542 3721
542 3881
542 4001
542 4366
543 624
543 682
543 719
543 862
543 993
543 1083
543 1684
543 1773
543 1899
543 2117
543 2192
543 2880
543 2966
543 3069
543 3159
543 3226
543 3850
543 3906
543 3944
543 4373
543 4433
543 4611
543 4614
543 4810
543 4837
543 4888
543 4974
544 939
544 1265
544 1445
544 1640
544 1989
544 2045
544 2104
544 2113
544 2183
544 2444
544 2496
544 2909
544 3223
544 3294
544 3470
544 3620
544 3790
544 3832
544 3849
544 4218
544 4339
544 4344
544 4356
544 4556
544 4648
545 554
545 760
545 817
545 947
545 1082
545 1097
545 1186
545 1384
545 1406
545 2067
545 2105
545 2443
545 2479
545 2817
545 2829
545 3312
545 3628
545 3712
545 4321
545 4612
545 4763
545 4862
546 893
546 913
546 956
546 1084
546 1418
546 1571
546 1968
546 2024
546 2090
546 2097
546 2170
546 2558
546 2650
546 2720
546 2737
546 2852
546 2888
546 2919
546 3044
546 3071
546 3285
546 3325
546 3691
546 3732
546 4058
546 4217
547 623
547 1077
547 1083
547 1229
547 1634
547 1690
547 1804
547 2375
547 2589
547 2937
547 2986
547 3157
547 3232
547 3337
547 3396
547 3507
547 3686
547 3773
547 3907
547 4681
547 4802
547 4932
548 966
548 1423
548 1472
548 1810
548 1839
548 2340
548 2657
548 2706
548 3211
548 3219
548 3256
548 3451
548 3469
548 3605
548 3928
548 3963
548 4026
548 4041
548 4644
548 4804
548 4997
549 703
549 749
549 946
549 1134
549 1490
549 1851
549 1974
549 1998
549 2247
549 2295
549 2391
549 2576
549 2795
549 2852
549 2874
549 2894
549 3026
549 3038
549 3053
549 3182
549 3188
549 3209
549 3385
549 3709
549 3961
549 4115
549 4153
549 4314
549 4320
549 4428
549 4532
550 628
550 668
550 692
550 1039
550 1097
550 1436
550 1501
550 1559
550 1601
550 1676
550 1708
550 1822
550 1842
550 2035
550 2581
550 3164
550 3258
550 3600
550 3609
550 3679
550 3709
550 3917
550 3925
550 3997
550 4016
550 4525
550 4557
550 4581
550 4599
550 4640
550 4779
551 778
551 820
551 1009
551 1063
551 1260
551 1352
551 1463
551 1860
551 2014
551 2154
551 2437
551 2449
551 2707
551 2908
551 3045
551 3071
551 3164
551 3250
551 3357
551 3360
551 4146
551 4338
551 4982
552 558
552 922
552 994
552 1027
552 1133
552 1260
552 1290
552 1728
552 1757
552 2057
552 2581
552 2758
552 2777
552 3157
552 3288
552 3412
552 3788
552 3992
552 4039
552 4341
552 4441
553 718
553 828
553 1004
553 1245
553 1487
553 1510
553 1536
553 1569
553 1624
553 1788
553 2042
553 2061
553 2573
553 2662
553 2664
553 2753
553 2856
553 2876
553 2998
553 3042
553 3053
553 3335
553 3416
553 3836
553 3915
553 3991
553 3993
553 4060
553 4307
553 4404
553 4410
554 705
554 1056
554 1230
554 1341
554 1598
554 1657
554 1759
554 1771
554 1977
554 1998
554 2046
554 2569
554 2910
554 3318
554 3362
554 3392
554 3837
554 3850
554 4254
554 4735
554 4885
555 865
555 951
555 1250
555 1474
555 1640
555 1676
555 1965
555 2083
555 2118
555 2166
555 2750
555 3246
555 3403
555 3641
555 3673
555 3816
555 4075
555 4466
555 4586
555 4733
555 4750
555 4814
556 819
556 938
556 1071
556 1305
556 1492
556 1626
556 1664
556 1736
556 1851
556 1875
556 1965
556 2003
556 2274
556 2358
556 2500
556 2541
556 2608
556 2830
556 2878
556 3070
556 3162
556 3638
556 3904
556 3918
556 4081
556 4217
556 4255
556 4507
556 4513
556 4619
557 584
557 686
557 940
557 1074
557 1447
557 1664
557 1727
557 1808
557 1834
557 2067
557 2157
557 2192
557 2350
557 2452
557 2619
557 2751
557 2766
557 2830
557 2976
557 3064
557 3106
557 3257
557 3305
557 3378
557 3507
557 3986
557 4388
557 4477
557 4770
557 4778
558 794
558 1146
558 1267
558 1426
558 1964
558 1996
558 2040
558 2116
558 2376
558 2560
558 2743
558 2775
558 2797
558 2904
558 3054
558 3507
558 3591
558 4011
558 4051
558 4692
558 4945
559 698
559 705
559 739
559 817
559 865
559 1134
559 1296
559 1594
559 2054
559 2706
559 2707
559 2876
559 3082
559 3125
559 3195
559 3420
559 3678
559 3707
559 3847
559 3890
559 3999
559 4254
559 4410
559 4469
559 4885
560 1203
560 1665
560 1813
560 1849
560 1891
560 2199
560 2207
560 2478
560 2962
560 3074
560 3587
560 3602
560 3980
560 3995
560 4220
560 4444
560 4618
560 4699
560 4731
560 4842
560 4949
560 4990
561 597
561 694
561 1244
561 1264
561 1366
561 1481
561 1777
561 2012
561 2014
561 2689
561 2725
561 3037
561 3122
561 3154
561 3196
561 3256
561 4582
561 4593
561 4648
561 4705
561 4979
562 1165
562 1279
562 1463
562 1473
562 1488
562 1617
562 1969
562 2203
562 2225
562 2290
562 2305
562 2311
562 2365
562 2367
562 2579
562 2673
562 2739
562 2941
562 2975
562 3382
562 3411
562 3462
562 3563
562 3876
562 4242
562 4278
562 4330
562 4589
562 4629
562 4854
562 4982
563 841
563 845
563 892
563 1014
563 1174
563 1192
563 1323
563 1329
563 1458
563 1531
563 1761
563 1850
563 2563
563 2728
563 2965
563 3049
563 3186
563 3278
563 3390
563 3531
563 3744
563 4030
563 4467
563 4515
563 4612
564 629
564 920
564 1457
564 1813
564 2195
564 2288
564 2666
564 2774
564 2796
564 2817
564 2872
564 3231
564 3382
564 3621
564 3669
564 3684
564 3733
564 3734
564 3873
564 3997
564 4006
564 4542
564 4614
564 4666
564 4688
564 4733
564 4954
564 4973
565 704
565 708
565 789
565 793
565 945
565 1373
565 1612
565 1851
565 2059
565 2115
565 2330
565 2367
565 2597
565 2625
565 3334
565 3682
565 3714
565 3882
565 4105
565 4163
565 4205
565 4406
565 4492
565 4504
565 4516
565 4543
565 4676
566 851
566 864
566 1081
566 1111
566 1267
566 1325
566 1539
566 1669
566 1791
566 1858
566 2121
566 2242
566 2244
566 2810
566 2881
566 2949
566 2953
566 3498
566 3742
566 4086
566 4100
566 4234
566 4235
566 4396
566 4715
566 4841
566 4866
567 687
567 751
567 772
567 824
567 1019
567 1207
567 1309
567 1532
567 1730
567 1932
567 2163
567 2248
567 2415
567 2596
567 2724
567 2989
567 3070
567 3135
567 3148
567 3231
567 3538
567 3810
567 3845
567 3846
567 4031
567 4464
567 4673
567 4695
568 1014
568 1025
568 1194
568 1670
568 1735
568 1838
568 2188
568 2385
568 2438
568 2618
568 3240
568 3300
568 3360
568 3366
568 3670
568 3712
568 3789
568 3960
568 4257
568 4452
568 4566
568 4594
568 4611
568 4714
569 809
569 870
569 925
569 1062
569 1172
569 1315
569 1403
569 1560
569 1661
569 1840
569 1888
569 2050
569 2174
569 2285
569 2389
569 2395
569 2573
569 2582
569 3054
569 3501
569 3668
569 3682
569 4452
569 4484
569 4493
569 4512
569 4635
569 4665
569 4704
569 4821
570 873
570 887
570 1258
570 1960
570 2133
570 2165
570 2312
570 2428
570 2459
570 2494
570 2502
570 2675
570 2688
570 3063
570 3097
570 3173
570 3377
570 3536
570 3588
570 3609
570 3748
570 3793
570 3796
570 3958
570 4036
570 4321
570 4476
570 4506
570 4960
570 4961
571 894
571 1127
571 1159
571 1288
571 1505
571 1583
571 1625
571 1852
571 2165
571 2288
571 2292
571 2323
571 2337
571 2780
571 2848
571 3024
571 3299
571 3438
571 3539
571 3551
571 3787
571 3789
571 3799
571 4133
571 4202
571 4411
571 4736
571 4793
571 4845
571 4887
572 583
572 843
572 1137
572 1229
572 1424
572 1429
572 1810
572 1817
572 2061
572 2457
572 2693
572 2892
572 2897
572 2960
572 3055
572 3105
572 3180
572 3244
572 3275
572 3331
572 3543
572 3551
572 3588
572 3685
572 3842
572 3877
572 3918
572 3920
572 3998
572 4044
572 4587
572 4590
572 4679
572 4694
572 4719
572 4846
572 4887
573 787
573 1468
573 1484
573 1923
573 2208
573 2756
573 3003
573 3069
573 3119
573 3317
573 3671
573 3699
573 4298
573 4361
573 4481
573 4518
573 4616
573 4969
574 587
574 728
574 1148
574 1313
574 1385
574 1615
574 1724
574 1761
574 1852
574 2026
574 2175
574 2218
574 2370
574 2851
574 3100
574 3209
574 3253
574 3550
574 3552
574 3759
574 3776
574 4073
574 4157
574 4285
574 4357
574 4616
574 4690
574 4938
574 4982
575 588
575 805
575 857
575 890
575 921
575 1053
575 1076
575 1334
575 1597
575 1606
575 1866
575 2247
575 2313
575 2342
575 2417
575 3040
575 3171
575 3208
575 3370
575 3482
575 3907
575 4061
575 4240
575 4363
575 4422
575 4594
575 4659
576 614
576 781
576 905
576 1135
576 1463
576 1878
576 1881
576 2084
576 2463
576 2723
576 2875
576 3231
576 3448
576 3493
576 3521
576 3740
576 3893
576 4274
576 4412
576 4429
576 4449
576 4747
576 4913
576 4939
576 4982
577 909
577 974
577 1017
577 1181
577 1288
577 1311
577 1436
577 1450
577 1455
577 1490
577 1529
577 2101
577 2138
577 2180
577 2403
577 2524
577 2577
577 2867
577 3037
577 3059
577 3152
577 3359
577 3502
577 3682
577 3718
577 4019
577 4040
577 4086
577 4095
577 4238
577 4569
577 4738
578 1049
578 1325
578 1590
578 1788
578 1909
578 1995
578 2165
578 2292
578 2485
578 2749
578 2931
578 3043
578 3067
578 3404
578 3489
578 3640
578 3757
578 3897
578 4063
578 4157
578 4171
578 4344
578 4359
578 4559
578 4754
578 4911
578 4955
578 4996
579 823
579 1066
579 1330
579 1409
579 1806
579 1838
579 2018
579 2086
579 2136
579 2198
579 2300
579 2473
579 2493
579 2955
579 3066
579 3127
579 3353
579 3706
579 3792
579 4338
579 4436
579 4494
579 4629
579 4636
579 4715
579 4748
579 4926
580 635
580 911
580 951
580 1070
580 1312
580 1488
580 1541
580 1554
580 1599
580 1748
580 1910
580 2204
580 2212
580 2255
580 2447
580 2556
580 2891
580 3115
580 3266
580 3328
580 3718
580 3852
580 3976
580 4276
580 4277
580 4473
580 4509
581 736
581 785
581 1042
581 1210
581 1559
581 1663
581 1665
581 1740
581 1840
581 1853
581 1862
581 1940
581 1998
581 2195
581 2235
581 2314
581 2422
581 2513
581 2582
581 2702
581 2917
581 3076
581 3430
581 3531
581 3910
581 4055
581 4121
581 4165
581 4221
581 4530
581 4604
581 4874
581 4884
581 4937
582 827
582 1052
582 1221
582 1317
582 1477
582 1777
582 1861
582 1863
582 2035
582 2695
582 3327
582 3511
582 3534
582 3601
582 4100
582 4109
582 4142
582 4212
582 4214
582 4603
582 4660
582 4728
582 4790
583 732
583 856
583 1164
583 1384
583 1719
583 1724
583 1809
583 2117
583 2123
583 2150
583 2178
583 2349
583 2633
583 2654
583 2738
583 2967
583 3057
583 3312
583 3933
583 4010
583 4190
583 4285
583 4301
583 4721
583 4725
584 615
584 733
584 918
584 976
584 1065
584 1221
584 1235
584 1548
584 1610
584 1732
584 1922
584 2140
584 2211
584 2254
584 2490
584 2545
584 2633
584 2812
584 3478
584 3575
584 3597
584 3645
584 4200
584 4236
584 4444
584 4654
584 4864
585 607
585 659
585 762
585 822
585 864
585 1092
585 1337
585 1391
585 1454
585 1474
585 2176
585 2179
585 2243
585 2402
585 2571
585 2838
585 2847
585 3187
585 3235
585 3313
585 3330
585 3396
585 3629
585 3652
585 3806
585 4039
585 4127
585 4140
585 4760
585 4761
585 4802
586 705
586 765
586 1206
586 1220
586 1370
586 1676
586 1856
586 1908
586 2120
586 2381
586 2933
586 3129
586 3277
586 3422
586 3449
586 3641
586 3659
586 3838
586 3935
586 4685
586 4733
586 4847
587 679
587 774
587 905
587 1024
587 1773
587 2690
587 2850
587 3038
587 3194
587 3196
587 3208
587 3367
587 3510
587 3704
587 3803
587 3831
587 3919
587 3993
587 4085
587 4136
587 4158
587 4238
587 4524
588 737
588 876
588 927
588 1209
588 1442
588 1562
588 1680
588 1898
588 2257
588 2425
588 2435
588 2634
588 2676
588 2722
588 2756
588 2843
588 3022
588 3224
588 3324
588 3424
588 3716
588 3795
588 4097
588 4168
588 4391
588 4470
588 4893
589 993
589 1002
589 1032
589 1382
589 1590
589 1678
589 1748
589 2055
589 2202
589 2218
589 2256
589 2327
589 2851
589 2878
589 2894
589 2946
589 3122
589 3137
589 3163
589 3265
589 3494
589 3525
589 3665
589 3863
589 3884
589 3925
589 3962
589 4609
589 4704
589 4993
590 604
590 634
590 639
590 727
590 795
590 918
590 993
590 1081
590 1303
590 1366
590 1945
590 1950
590 2107
590 2112
590 2323
590 2425
590 2725
590 3267
590 3390
590 3466
590 3739
590 3829
590 3831
590 4094
590 4239
590 4298
590 4505
590 4595
591 622
591 917
591 933
591 1111
591 1545
591 1561
591 1604
591 1703
591 1825
591 2022
591 2079
591 2366
591 2743
591 3226
591 3269
591 3558
591 3602
591 4039
591 4580
591 4583
591 4623
591 4788
591 4925
592 607
592 938
592 981
592 1025
592 1134
592 1150
592 1174
592 1203
592 1305
592 1490
592 1515
592 1554
592 1590
592 1608
592 1862
592 2006
592 2115
592 2162
592 2336
592 2795
592 2846
592 3033
592 3286
592 3344
592 3790
592 3828
592 3929
592 4140
592 4534
592 4893
593 842
593 1024
593 1063
593 1318
593 1364
593 1448
593 2154
593 2520
593 2523
593 2553
593 2795
593 2846
593 2993
593 3223
593 3460
593 3713
593 3745
593 3775
593 3805
593 4134
593 4525
594 868
594 920
594 1038
594 1241
594 1244
594 1306
594 1318
594 1444
594 1476
594 1497
594 1727
594 1834
594 1881
594 1897
594 2025
594 2496
594 2853
594 2895
594 3044
594 3175
594 3522
594 3654
594 3832
594 3901
594 4068
594 4079
594 4176
594 4232
594 4484
594 4551
594 4958
595 761
595 983
595 1602
595 1622
595 2286
595 2315
595 2377
595 2728
595 2780
595 2811
595 3015
595 3132
595 3295
595 3531
595 3598
595 3750
595 3815
595 4135
595 4751
595 4812
595 4846
595 4896
595 4944
595 4961
596 677
596 739
596 809
596 902
596 944
596 1427
596 1436
596 1668
596 1696
596 1789
596 1817
596 2180
596 2267
596 2692
596 3177
596 3853
596 4016
596 4209
596 4477
596 4751
596 4821
596 4843
596 4886
597 732
597 860
597 907
597 1062
597 1124
597 1164
597 1234
597 1307
597 1441
597 2216
597 2252
597 2503
597 2528
597 2862
597 2908
597 3032
597 3527
597 3768
597 3912
597 4148
597 4290
597 4352
597 4378
597 4386
597 4401
597 4426
598 669
598 1025
598 1214
598 1394
598 1928
598 2773
598 2834
598 2874
598 2993
598 3128
598 3665
598 3672
598 3762
598 3877
598 3892
598 3952
598 4490
598 4501
598 4600
598 4697
598 4870
598 4871
598 4903
598 4964
599 668
599 789
599 906
599 1129
599 1170
599 1211
599 1249
599 1331
599 1374
599 1401
599 1468
599 1480
599 1491
599 1728
599 1775
599 2037
599 2406
599 2888
599 3030
599 3135
599 3344
599 3613
599 3800
599 3850
599 3875
599 4191
599 4286
599 4441
599 4574
599 4665
600 738
600 907
600 1087
600 1127
600 1266
600 1278
600 1284
600 1328
600 1434
600 1658
600 1713
600 1913
600 2058
600 2206
600 2317
600 2498
600 2667
600 2796
600 2993
600 3002
600 3197
600 3318
600 4023
600 4160
600 4189
600 4239
600 4410
600 4431
600 4444
600 4530
600 4913
600 4967
601 901
601 1038
601 1183
601 1291
601 1717
601 1865
601 2011
601 2072
601 2240
601 2335
601 2371
601 2488
601 2492
601 2703
601 2801
601 3105
601 3124
601 3282
601 3285
601 3311
601 3348
601 3376
601 3411
601 3486
601 3738
601 3848
601 3874
601 4235
601 4308
601 4648
601 4678
601 4903
602 703
602 1288
602 1370
602 1405
602 1666
602 2004
602 2090
602 2343
602 2370
602 2541
602 2687
602 2757
602 3058
602 3083
602 3178
602 3573
602 3925
602 4124
602 4164
602 4442
602 4618
602 4802
602 4865
602 4975
603 735
603 1084
603 1140
603 1205
603 1537
603 1766
603 1832
603 2071
603 2159
603 2732
603 2933
603 3432
603 3743
603 3863
603 3864
603 4021
603 4036
603 4062
603 4080
603 4282
603 4354
603 4962
604 620
604 1199
604 1332
604 1347
604 1365
604 1509
604 1628
604 1671
604 1756
604 1842
604 1886
604 2012
604 2492
604 2597
604 2710
604 2713
604 2916
604 3003
604 3126
604 3468
604 3739
604 3766
604 4711
604 4894
604 4945
605 643
605 738
605 847
605 865
605 1020
605 1075
605 1115
605 1515
605 1589
605 1893
605 2048
605 2393
605 2565
605 2689
605 2728
605 2841
605 2998
605 3083
605 3139
605 3380
605 3517
605 3527
605 3594
605 3666
605 4051
605 4122
605 4173
605 4465
605 4967
606 633
606 718
606 768
606 1558
606 1574
606 1781
606 1840
606 1978
606 2155
606 2276
606 2393
606 2595
606 2699
606 3491
606 3507
606 3670
606 3677
606 3716
606 3814
606 4069
606 4109
606 4129
606 4434
606 4438
606 4643
606 4748
606 4816
606 4926
607 740
607 843
607 894
607 1055
607 1152
607 1445
607 1478
607 1517
607 1602
607 1719
607 1771
607 2130
607 2399
607 2403
607 2648
607 2908
607 3311
607 3400
607 3672
607 3728
607 4036
607 4073
607 4385
607 4508
607 4590
607 4769
607 4817
607 4936
607 4982
608 720
608 937
608 952
608 1138
608 1411
608 1916
608 2240
608 2253
608 2414
608 2418
608 2428
608 2429
608 2436
608 2534
608 2574
608 2685
608 2847
608 2968
608 3124
608 3164
608 3298
608 3386
608 3413
608 3789
608 4045
608 4429
608 4435
608 4610
608 4680
609 639
609 681
609 800
609 1288
609 1937
609 2130
609 2159
609 2270
609 2286
609 2407
609 2856
609 2959
609 2997
609 3037
609 3203
609 3347
609 3503
609 3601
609 3993
609 4041
609 4116
609 4164
609 4201
609 4603
609 4631
610 613
610 756
610 1009
610 1053
610 1105
610 1137
610 1203
610 1297
610 1315
610 2147
610 2193
610 2244
610 2498
610 2530
610 2750
610 3003
610 3699
610 3733
610 3778
610 3828
610 4195
610 4267
610 4439
610 4586
611 744
611 903
611 922
611 1201
611 1470
611 1472
611 1509
611 1709
611 1987
611 2062
611 2188
611 2595
611 2657
611 2734
611 2933
611 3002
611 3059
611 3317
611 3613
611 3728
611 4133
611 4195
611 4245
611 4451
611 4541
611 4795
611 4922
612 625
612 781
612 886
612 1081
612 1541
612 1784
612 1812
612 2018
612 2624
612 2705
612 2767
612 2804
612 3229
612 3310
612 3338
612 3415
612 3457
612 3510
612 3663
612 3737
612 3768
612 3807
612 3948
612 4070
612 4090
612 4100
612 4463
612 4496
612 4633
612 4762
612 4835
612 4920
612 4978
612 4989
613 752
613 911
613 1025
613 1132
613 1178
613 1316
613 1487
613 1671
613 1771
613 1960
613 2019
613 2621
613 2957
613 3101
613 3245
613 3494
613 3537
613 3778
613 3850
613 4036
613 4344
613 4427
613 4637
613 4749
614 794
614 1069
614 1166
614 1283
614 1573
614 1688
614 1738
614 1924
614 2242
614 2297
614 2298
614 2783
614 3304
614 3626
614 3695
614 3836
614 4082
614 4303
614 4632
615 732
615 1163
615 1260
615 1313
615 1361
615 1393
615 1440
615 1501
615 1710
615 1878
615 1882
615 1919
615 2010
615 2478
615 2509
615 2578
615 2590
615 2721
615 2813
615 2818
615 2825
615 3248
615 3655
615 3882
615 3915
615 4048
615 4439
615 4445
615 4543
615 4591
615 4927
615 4959
616 711
616 864
616 952
616 1018
616 1403
616 1493
616 1505
616 1521
616 1865
616 1884
616 1922
616 2132
616 2408
616 2905
616 2912
616 3023
616 3619
616 3624
616 3637
616 3803
616 4031
616 4266
616 4479
616 4562
616 4853
616 4904
617 704
617 1228
617 1338
617 1412
617 1644
617 1944
617 2095
617 2357
617 2665
617 2708
617 2740
617 2903
617 3064
617 3124
617 3245
617 3277
617 3844
617 4128
617 4400
617 4856
618 1033
618 1075
618 1285
618 1293
618 1721
618 1806
618 2052
618 2192
618 2488
618 2523
618 2587
618 2637
618 2717
618 2745
618 2863
618 3024
618 3381
618 3501
618 3808
618 4099
618 4609
618 4714
618 4806
619 884
619 1027
619 1134
619 1222
619 1232
619 1416
619 2105
619 2537
619 2557
619 3682
619 3785
619 3800
619 3813
619 3857
619 3911
619 4184
619 4290
619 4338
619 4349
619 4456
619 4825
619 4974
620 640
620 731
620 1100
620 1135
620 1261
620 1473
620 1658
620 2149
620 2224
620 2281
620 2431
620 2495
620 2676
620 2737
620 2822
620 2936
620 3445
620 3464
620 3612
620 3718
620 3785
620 4086
620 4536
620 4758
621 744
621 793
621 836
621 1006
621 1429
621 1491
621 1559
621 1607
621 1682
621 1908
621 2082
621 2126
621 2282
621 2793
621 2817
621 3221
621 3268
621 3309
621 3764
621 3979
621 4033
621 4076
621 4191
621 4334
622 677
622 704
622 830
622 893
622 1028
622 1032
622 1097
622 1149
622 1191
622 1314
622 1351
622 1648
622 2059
622 2063
622 2187
622 2311
622 2320
622 2454
622 2458
622 3250
622 3294
622 3483
622 3495
622 3610
622 3799
622 3847
622 4130
622 4255
622 4423
622 4508
622 4617
622 4715
622 4807
622 4808
623 720
623 790
623 822
623 843
623 853
623 1098
623 1481
623 1868
623 1904
623 2087
623 2200
623 2530
623 2627
623 2912
623 2991
623 3070
623 3187
623 3496
623 3554
623 3630
623 4289
623 4398
623 4474
623 4639
623 4929
623 4998
624 762
624 841
624 886
624 906
624 921
624 1382
624 1492
624 1535
624 1689
624 1735
624 1757
624 2061
624 2378
624 2508
624 2804
624 2816
624 2831
624 3387
624 4002
624 4005
624 4232
624 4292
624 4507
624 4771
624 4902
625 1133
625 1144
625 1324
625 1370
625 1416
625 1709
625 1784
625 2248
625 2457
625 2835
625 2987
625 3020
625 3674
625 3716
625 3998
625 4061
625 4085
625 4297
625 4315
625 4632
625 4683
625 4857
625 4884
625 4926
626 647
626 686
626 722
626 991
626 1000
626 1222
626 1401
626 1429
626 1493
626 1517
626 1541
626 1716
626 2066
626 2080
626 2329
626 2416
626 2422
626 2470
626 2648
626 2918
626 3103
626 3371
626 3526
626 3683
626 4263
626 4645
626 4664
626 4701
626 4767
626 4974
626 4975
627 962
627 988
627 995
627 1142
627 1208
627 1259
627 1392
627 1411
627 1642
627 1782
627 2149
627 2457
627 2532
627 2536
627 2740
627 2755
627 3039
627 3095
627 3604
627 3656
627 3929
627 4159
627 4349
627 4402
627 4504
627 4731
627 4769
627 4772
627 4825
627 4960
628 733
628 802
628 840
628 956
628 1024
628 1237
628 1297
628 1406
628 1438
628 1482
628 1718
628 1783
628 2010
628 2143
628 2646
628 2739
628 2853
628 2997
628 3059
628 3220
628 3225
628 3355
628 3370
628 4077
628 4153
628 4187
628 4232
628 4236
628 4409
628 4577
628 4667
628 4779
628 4980
629 694
629 724
629 854
629 1123
629 1187
629 1518
629 1577
629 1612
629 1670
629 1774
629 1936
629 1960
629 1964
629 2315
629 2344
629 2371
629 2509
629 2516
629 2613
629 3104
629 3298
629 3335
629 3493
629 3600
629 3796
629 3961
629 4032
629 4248
629 4257
629 4284
630 657
630 957
630 969
630 1071
630 1337
630 1491
630 1498
630 1818
630 2095
630 2234
630 2579
630 2813
630 2816
630 2910
630 3080
630 3211
630 3251
630 3394
630 3401
630 3494
630 3518
630 3611
630 3707
630 3792
630 3857
630 3884
630 4065
630 4537
630 4671
630 4696
630 4912
631 943
631 1048
631 1108
631 1200
631 1227
631 1303
631 1441
631 1627
631 1659
631 1677
631 1975
631 2088
631 2260
631 2404
631 2474
631 2807
631 2920
631 3292
631 3403
631 3512
631 3634
631 3659
631 3681
631 3824
631 4043
631 4561
631 4628
631 4635
631 4768
631 4907
632 852
632 907
632 1040
632 1255
632 1269
632 2003
632 2194
632 2447
632 2483
632 3233
632 3290
632 3371
632 3558
632 3606
632 3786
632 3791
632 3843
632 3917
632 4192
632 4229
632 4354
632 4479
632 4859
632 4955
633 839
633 1055
633 1294
633 1719
633 1806
633 1809
633 1894
633 1943
633 1958
633 2175
633 2323
633 2366
633 2543
633 2933
633 2975
633 3605
633 3773
633 3877
633 3920
633 4210
633 4237
633 4333
633 4586
633 4614
633 4719
633 4729
633 4838
633 4917
634 680
634 876
634 1094
634 1233
634 1246
634 1296
634 1366
634 1588
634 1746
634 1838
634 1932
634 2238
634 2347
634 2444
634 2669
634 2725
634 2800
634 3624
634 3774
634 3890
634 4321
634 4557
634 4607
634 4646
634 4766
634 4781
635 764
635 780
635 860
635 1222
635 1347
635 1394
635 2019
635 2152
635 2188
635 2801
635 2884
635 2899
635 3082
635 3092
635 3229
635 3402
635 3455
635 3666
635 3808
635 3905
635 4056
635 4090
635 4156
635 4263
635 4683
636 681
636 867
636 937
636 1185
636 1277
636 1311
636 1335
636 1422
636 1940
636 1979
636 2055
636 2060
636 2114
636 2623
636 2696
636 3066
636 3079
636 3478
636 3528
636 3731
636 4047
636 4122
636 4243
636 4315
636 4928
637 732
637 1024
637 1177
637 1257
637 1621
637 2281
637 2291
637 2340
637 2560
637 2662
637 2833
637 2986
637 3374
637 3797
637 3837
637 3955
637 3964
637 4010
637 4324
637 4394
637 4452
637 4613
637 4723
637 4816
637 4841
638 704
638 798
638 926
638 1464
638 1515
638 1625
638 1652
638 2387
638 2449
638 2654
638 2727
638 2817
638 2859
638 2865
638 3079
638 3318
638 4016
638 4121
638 4165
638 4294
638 4313
638 4751
638 4820
638 4996
639 658
639 759
639 889
639 985
639 1018
639 1250
639 1890
639 2056
639 2304
639 2344
639 2385
639 2490
639 2585
639 2687
639 3317
639 3821
639 3888
639 3924
639 4235
639 4570
639 4776
639 4936
640 710
640 902
640 913
640 1297
640 1426
640 1486
640 1771
640 2004
640 2735
640 2770
640 2773
640 3020
640 3186
640 3422
640 3661
640 3809
640 3948
640 4171
640 4809
640 4831
640 4879
641 1085
641 1183
641 1345
641 1540
641 1616
641 1653
641 1677
641 1729
641 1763
641 1956
641 1974
641 2232
641 2335
641 2831
641 3015
641 3185
641 3368
641 3389
641 3769
641 3781
641 3930
641 4049
641 4167
641 4243
641 4637
641 4662
642 689
642 1187
642 1315
642 1484
642 1824
642 1885
642 2153
642 2177
642 2352
642 2383
642 2539
642 2546
642 2642
642 2660
642 2715
642 3000
642 3281
642 3453
642 4400
642 4437
642 4514
642 4923
643 725
643 994
643 997
643 1060
643 1262
643 1740
643 2192
643 2210
643 2372
643 2480
643 2526
643 2546
643 2905
643 2950
643 3075
643 3093
643 3271
643 3529
643 3673
643 3920
643 3935
643 4142
643 4213
643 4310
643 4415
643 4516
643 4971
644 664
644 898
644 1087
644 1568
644 1874
644 1933
644 2426
644 2498
644 3065
644 3129
644 3225
644 3245
644 3340
644 3479
644 3597
644 3607
644 3670
644 3986
644 4363
644 4785
644 4811
644 4963
645 1560
645 1666
645 1782
645 2066
645 2174
645 2234
645 2265
645 2472
645 2579
645 2705
645 2916
645 3099
645 3379
645 3450
645 3628
645 3990
645 4013
645 4016
645 4060
645 4214
645 4219
645 4224
645 4667
645 4736
645 4747
645 4751
646 698
646 721
646 906
646 987
646 1312
646 1572
646 1577
646 1621
646 1835
646 2027
646 2030
646 2123
646 2330
646 2398
646 2496
646 2620
646 2626
646 2634
646 2660
646 2771
646 3032
646 3054
646 3104
646 3442
646 3450
646 3719
646 3827
646 4421
646 4441
646 4863
647 705
647 1011
647 1501
647 1673
647 1860
647 2432
647 2451
647 2514
647 2630
647 2988
647 3085
647 3246
647 3495
647 3883
647 3887
647 4114
647 4444
647 4454
647 4500
647 4582
647 4814
647 4960
648 699
648 777
648 1226
648 1246
648 1408
648 1663
648 1704
648 1817
648 1955
648 2043
648 2222
648 2505
648 3134
648 3156
648 3351
648 3444
648 3463
648 3538
648 3711
648 3811
648 3845
648 3892
648 4036
648 4084
648 4111
648 4250
648 4449
648 4456
648 4483
648 4831
649 735
649 826
649 912
649 973
649 1274
649 1418
649 1673
649 1693
649 1869
649 1877
649 2385
649 2389
649 2612
649 2641
649 2671
649 2747
649 3064
649 3119
649 3538
649 4044
649 4069
649 4173
649 4811
650 691
650 1247
650 1316
650 1384
650 1484
650 1627
650 1998
650 2014
650 2227
650 2317
650 2422
650 2425
650 2606
650 2901
650 3000
650 3200
650 3676
650 3752
650 3938
650 4033
650 4408
650 4985
651 750
651 914
651 933
651 1204
651 1220
651 1341
651 1592
651 1614
651 1704
651 1949
651 1950
651 2030
651 2212
651 2299
651 2529
651 2621
651 2724
651 2753
651 3005
651 3104
651 3115
651 3193
651 3305
651 3531
651 3687
651 3836
651 3839
651 4042
651 4861
652 840
652 914
652 1131
652 1303
652 1444
652 1664
652 1795
652 1839
652 1934
652 2013
652 2048
652 2124
652 2644
652 2934
652 3404
652 3554
652 3577
652 3765
652 4037
652 4116
652 4140
652 4159
652 4212
652 4231
652 4286
652 4342
652 4403
652 4429
652 4590
652 4755
652 4980
653 685
653 970
653 1698
653 2061
653 2231
653 2242
653 2277
653 2319
653 2475
653 2673
653 2678
653 3052
653 3266
653 3352
653 3404
653 3441
653 3637
653 3644
653 3660
653 3739
653 3843
653 3869
653 4295
653 4340
653 4475
653 4674
654 765
654 789
654 868
654 1262
654 1325
654 1411
654 1446
654 1542
654 2097
654 2114
654 2231
654 2317
654 2438
654 2632
654 3106
654 3132
654 3396
654 3735
654 3742
654 3916
654 4202
654 4404
654 4616
654 4872
654 4879
654 4926
655 751
655 787
655 1182
655 1401
655 1434
655 1704
655 1855
655 2280
655 2640
655 2879
655 3041
655 3052
655 3072
655 3141
655 3150
655 3813
655 4328
655 4361
655 4378
655 4422
655 4461
655 4758
655 4834
656 661
656 760
656 832
656 1001
656 1327
656 1372
656 1533
656 1610
656 1616
656 1768
656 1809
656 1959
656 2285
656 2396
656 2428
656 2461
656 2665
656 2964
656 3159
656 3220
656 3230
656 3316
656 3454
656 4309
656 4417
656 4652
656 4900
656 4982
657 1293
657 1472
657 1582
657 1650
657 1833
657 1993
657 2199
657 2210
657 2227
657 2448
657 2547
657 2795
657 3070
657 3252
657 3472
657 3750
657 3930
657 4113
657 4189
657 4492
657 4639
657 4931
658 683
658 773
658 985
658 989
658 1178
658 1216
658 1307
658 1428
658 1601
658 1887
658 2179
658 2318
658 2424
658 2604
658 2686
658 2831
658 2952
658 3001
658 3596
658 3661
658 3663
658 3766
658 4121
658 4217
658 4448
658 4737
658 4928
659 701
659 887
659 1435
659 1482
659 1559
659 1610
659 1774
659 1807
659 2039
659 2147
659 2257
659 2460
659 2525
659 2575
659 2613
659 3002
659 3114
659 3412
659 3544
659 3599
659 3784
659 3944
659 4182
659 4253
659 4384
659 4795
660 703
660 778
660 1408
660 1462
660 1585
660 2018
660 2056
660 2081
660 2106
660 2151
660 2239
660 2350
660 2545
660 2673
660 2945
660 2951
660 2992
660 3008
660 3100
660 3268
660 3332
660 3372
660 3373
660 3483
660 4050
660 4333
660 4377
660 4512
660 4547
660 4667
660 4668
660 4835
660 4914
660 4942
660 4960
661 901
661 1009
661 1370
661 1612
661 1659
661 1775
661 1818
661 2227
661 2335
661 2373
661 2617
661 2645
661 2908
661 2954
661 3015
661 3029
661 3197
661 3325
661 3785
661 3979
661 4017
661 4120
661 4230
661 4381
661 4553
661 4607
661 4678
661 4821
662 686
662 1123
662 1235
662 1436
662 1578
662 1771
662 1847
662 2191
662 2227
662 2624
662 2986
662 3488
662 3673
662 3799
662 4067
662 4091
662 4190
662 4296
662 4436
662 4475
662 4560
662 4694
662 4742
662 4818
662 4822
662 4876
663 1137
663 1233
663 1259
663 1386
663 1870
663 1931
663 2043
663 2767
663 2897
663 2905
663 3167
663 3235
663 3540
663 3800
663 3835
663 3916
663 3919
663 4272
663 4274
663 4311
663 4473
663 4937
663 4940
664 704
664 728
664 1318
664 1386
664 1650
664 1769
664 1881
664 2074
664 2113
664 2247
664 2541
664 2551
664 2956
664 3077
664 3258
664 3343
664 3423
664 3460
664 3871
664 3910
664 4171
664 4193
664 4273
664 4360
664 4441
665 1251
665 1278
665 1589
665 1951
665 1961
665 2074
665 2123
665 2503
665 2533
665 2587
665 2600
665 3491
665 3510
665 3554
665 3767
665 4123
665 4160
665 4235
665 4386
665 4415
665 4447
666 1255
666 1420
666 1539
666 1657
666 1888
666 2162
666 2239
666 2277
666 2339
666 2372
666 2449
666 2544
666 2698
666 2809
666 3000
666 3011
666 3093
666 3136
666 3146
666 3169
666 3360
666 3432
666 3589
666 3763
666 4416
666 4417
666 4552
666 4654
666 4664
666 4679
666 4874
666 4999
667 712
667 768
667 898
667 1283
667 1422
667 1482
667 1531
667 1572
667 2023
667 2071
667 2201
667 2266
667 2344
667 2487
667 2491
667 2649
667 3268
667 3529
667 3546
667 3790
667 3858
667 4168
667 4310
667 4369
667 4611
667 4840
667 4903
668 726
668 741
668 941
668 1025
668 1066
668 1402
668 1452
668 1526
668 1655
668 1743
668 1876
668 1877
668 1987
668 2401
668 2433
668 2547
668 2706
668 2838
668 2850
668 2888
668 3224
668 3353
668 3430
668 3682
668 3706
668 3998
668 4152
668 4202
668 4490
668 4934
669 1063
669 1094
669 1201
669 1203
669 1337
669 1417
669 1488
669 1657
669 1752
669 1762
669 2854
669 2961
669 2999
669 3255
669 3294
669 3374
669 3391
669 3433
669 3531
669 4236
669 4424
669 4693
669 4807
669 4916
670 837
670 975
670 979
670 1123
670 1247
670 1780
670 1917
670 2059
670 2461
670 2537
670 2579
670 2600
670 2601
670 2615
670 2695
670 2708
670 2712
670 2760
670 2843
670 3214
670 3298
670 3605
670 3923
670 4155
670 4201
670 4264
670 4290
670 4821
670 4869
671 956
671 1059
671 1185
671 1426
671 1466
671 1468
671 1919
671 2142
671 2272
671 2387
671 2633
671 2693
671 2953
671 3054
671 3129
671 3426
671 3642
671 3951
671 4017
671 4018
671 4095
671 4130
671 4278
671 4306
671 4347
671 4398
671 4852
672 726
672 1057
672 1123
672 1427
672 1787
672 1841
672 1882
672 1946
672 2028
672 2061
672 2431
672 2658
672 2718
672 2739
672 2860
672 2998
672 3279
672 3317
672 3479
672 3488
672 3586
672 3617
672 3672
672 3750
672 4203
672 4413
672 4493
672 4533
672 4865
672 4876
672 4919
672 4952
673 718
673 761
673 800
673 1185
673 1225
673 1335
673 1936
673 2019
673 2055
673 2357
673 2473
673 2691
673 2743
673 2752
673 2873
673 2958
673 3016
673 3075
673 3155
673 3175
673 3181
673 3332
673 3532
673 4296
673 4447
673 4457
673 4504
673 4719
673 4911
674 713
674 718
674 796
674 1074
674 1120
674 1296
674 1309
674 1370
674 1440
674 1446
674 1675
674 1718
674 1873
674 2131
674 2174
674 2348
674 2931
674 3095
674 3386
674 3770
674 3801
674 3918
674 3972
674 4602
674 4855
674 4990
675 696
675 1007
675 1626
675 1841
675 1921
675 1967
675 2007
675 2022
675 2147
675 2180
675 2226
675 2231
675 2622
675 2929
675 3131
675 3358
675 3384
675 3540
675 3660
675 3760
675 3802
675 4178
675 4289
675 4313
675 4491
675 4640
675 4700
675 4841
675 4955
676 753
676 785
676 1044
676 1097
676 1269
676 1685
676 1707
676 1768
676 1877
676 2054
676 2341
676 2345
676 2366
676 2588
676 2679
676 2681
676 2789
676 3140
676 3158
676 3189
676 3852
676 3853
676 3919
676 4188
676 4237
676 4247
676 4347
676 4401
676 4428
676 4680
676 4812
676 4961
676 4990
677 1098
677 1120
677 1170
677 1440
677 1596
677 1619
677 1875
677 2042
677 2175
677 2747
677 3092
677 3247
677 3399
677 3503
677 3528
677 3748
677 3815
677 4247
677 4385
677 4508
677 4647
677 4649
677 4655
677 4717
678 757
678 763
678 1266
678 1531
678 1597
678 1677
678 2116
678 2128
678 2266
678 2334
678 2352
678 2369
678 2797
678 2839
678 2888
678 2993
678 3012
678 3144
678 3170
678 3256
678 3475
678 3904
678 4015
678 4188
678 4306
678 4401
678 4402
678 4474
678 4838
679 814
679 1040
679 1333
679 1525
679 1605
679 1979
679 2020
679 2097
679 2240
679 2328
679 2381
679 2464
679 2633
679 2989
679 3232
679 3317
679 3382
679 3491
679 3825
679 4012
679 4211
679 4248
679 4348
679 4795
679 4867
680 790
680 833
680 899
680 1074
680 1380
680 1419
680 1476
680 1520
680 1529
680 1672
680 2238
680 2347
680 2733
680 3053
680 3143
680 3147
680 3171
680 3378
680 3484
680 3510
680 3551
680 3756
680 3799
680 3838
680 4131
680 4159
680 4254
680 4268
680 4696
681 864
681 968
681 1391
681 1789
681 1899
681 2330
681 2468
681 2706
681 2778
681 3044
681 3195
681 3221
681 3269
681 3290
681 3369
681 3413
681 3422
681 3490
681 4039
681 4097
681 4135
681 4348
681 4698
681 4894
682 762
682 776
682 890
682 910
682 970
682 1132
682 1157
682 1313
682 1682
682 1775
682 1908
682 2083
682 2258
682 2547
682 2583
682 2650
682 3280
682 3735
682 3937
682 4057
682 4157
682 4435
682 4833
682 4908
683 929
683 1492
683 1777
683 1857
683 1995
683 2111
683 2127
683 2136
683 2362
683 2502
683 2539
683 2666
683 3236
683 3242
683 3437
683 3578
683 3599
683 4294
683 4546
683 4561
683 4686
683 4984
684 760
684 1097
684 1136
684 1218
684 1546
684 1843
684 1988
684 2228
684 2234
684 2254
684 2278
684 2545
684 2600
684 2874
684 2994
684 3244
684 3841
684 3902
684 3976
684 4334
684 4343
684 4465
684 4474
684 4532
684 4816
684 4925
685 904
685 1359
685 1427
685 1543
685 1559
685 1618
685 1727
685 1828
685 2204
685 2218
685 2731
685 2760
685 2837
685 2884
685 3014
685 3151
685 3165
685 3276
685 3280
685 3341
685 3467
685 3590
685 3881
685 3989
685 4265
685 4644
685 4650
685 4718
685 4907
686 764
686 873
686 1233
686 1241
686 1503
686 1714
686 2274
686 2287
686 2593
686 2620
686 2711
686 3165
686 3227
686 3402
686 3794
686 3848
686 3910
686 4007
686 4227
686 4448
686 4631
686 4653
686 4929
687 741
687 910
687 960
687 981
687 1338
687 1472
687 1639
687 1868
687 1910
687 2850
687 2886
687 3184
687 3206
687 3212
687 3430
687 3596
687 3976
687 3977
687 4028
687 4301
687 4370
687 4396
687 4631
687 4906
688 812
688 1052
688 1068
688 1077
688 1182
688 1567
688 1585
688 1587
688 1665
688 2781
688 2873
688 2925
688 2990
688 3249
688 3274
688 3474
688 3508
688 3740
688 3840
688 4006
688 4225
688 4280
688 4385
688 4466
688 4538
688 4746
689 727
689 1148
689 1247
689 1307
689 1797
689 2353
689 2447
689 2528
689 2655
689 2878
689 3139
689 3500
689 3643
689 3830
689 3879
689 3999
689 4080
689 4112
689 4392
689 4431
689 4940
689 4990
690 720
690 879
690 962
690 1315
690 1381
690 1432
690 1462
690 1612
690 1931
690 2702
690 2816
690 3493
690 3604
690 4104
690 4190
690 4268
690 4320
690 4494
690 4623
691 1058
691 1249
691 1447
691 1768
691 1776
691 1891
691 2142
691 2339
691 2344
691 2449
691 2584
691 2810
691 2900
691 3431
691 3450
691 3611
691 4145
691 4604
691 4659
691 4730
691 4847
691 4912
691 4960
692 755
692 843
692 901
692 1000
692 1010
692 1223
692 1414
692 1515
692 1534
692 1607
692 1675
692 2038
692 2501
692 2542
692 2553
692 2659
692 2898
692 3142
692 3206
692 4010
692 4024
692 4388
692 4440
692 4534
692 4984
693 704
693 1068
693 1201
693 1251
693 1660
693 1760
693 1949
693 2003
693 2072
693 2073
693 2112
693 2307
693 2362
693 2685
693 2793
693 3234
693 3237
693 3485
693 3543
693 3684
693 4080
693 4246
693 4409
694 951
694 980
694 1012
694 1679
694 1844
694 1869
694 1942
694 2625
694 2908
694 2959
694 2969
694 3029
694 3134
694 3347
694 3489
694 3533
694 3708
694 4267
694 4437
695 807
695 1117
695 1188
695 1236
695 1240
695 1401
695 1476
695 1519
695 1525
695 1621
695 1762
695 1791
695 2072
695 2077
695 2157
695 2220
695 2249
695 2474
695 2693
695 2812
695 3029
695 3322
695 3477
695 3488
695 3519
695 3545
695 3690
695 3979
695 4036
695 4110
695 4272
695 4483
695 4545
695 4557
696 820
696 826
696 894
696 913
696 1067
696 1260
696 1950
696 2238
696 2407
696 2436
696 2678
696 2884
696 3167
696 3227
696 3319
696 3532
696 3627
696 3724
696 3760
696 3792
696 3803
696 3991
696 4252
696 4406
696 4534
696 4845
696 4994
697 779
697 1065
697 1198
697 1533
697 1962
697 2008
697 2066
697 2519
697 2658
697 2884
697 2993
697 3002
697 3095
697 3378
697 3800
697 3836
697 3923
697 3954
697 4066
697 4115
697 4128
697 4235
697 4688
697 4860
698 1589
698 1600
698 1621
698 1913
698 1922
698 1991
698 2141
698 2373
698 2409
698 2635
698 2647
698 2749
698 2824
698 3469
698 3518
698 3592
698 3870
698 3934
698 3961
698 4409
698 4421
698 4657
698 4873
699 780
699 1245
699 1264
699 2306
699 2400
699 2920
699 2935
699 2945
699 3123
699 3129
699 3360
699 3717
699 3878
699 4095
699 4097
699 4273
699 4464
699 4517
699 4674
699 4721
699 4854
699 4935
699 4940
700 771
700 912
700 918
700 933
700 958
700 1391
700 1498
700 1619
700 2017
700 2045
700 2675
700 2697
700 2852
700 3121
700 3217
700 3619
700 3827
700 3944
700 4004
700 4054
700 4088
700 4246
700 4349
700 4441
700 4894
700 4944
701 769
701 846
701 868
701 935
701 1169
701 1337
701 1368
701 1571
701 1932
701 2023
701 2257
701 2287
701 2329
701 2543
701 2572
701 2668
701 2727
701 2779
701 3195
701 3364
701 3892
701 3935
701 3937
701 4082
701 4231
701 4287
701 4462
701 4533
701 4705
701 4828
702 1189
702 1243
702 1360
702 1361
702 1425
702 1651
702 1873
702 2071
702 2214
702 2328
702 2348
702 2371
702 2486
702 2490
702 2777
702 2853
702 2913
702 3061
702 3135
702 3214
702 3339
702 3424
702 3885
702 4043
702 4667
702 4838
702 4840
702 4974
703 746
703 1308
703 1405
703 1501
703 1505
703 1609
703 1929
703 1978
703 2080
703 2360
703 2721
703 2722
703 3481
703 3605
703 3885
703 3913
703 3936
703 4359
703 4633
703 4848
703 4905
704 1104
704 1361
704 1478
704 1699
704 1756
704 1787
704 1893
704 2154
704 2224
704 2270
704 2790
704 3045
704 3064
704 3091
704 3584
704 3939
704 4259
704 4298
704 4309
704 4854
704 4996
705 829
705 1124
705 1563
705 1569
705 1703
705 1966
705 2281
705 2437
705 2621
705 2873
705 3265
705 3386
705 3407
705 3666
705 3974
705 4076
705 4124
705 4389
705 4409
705 4824
706 768
706 1148
706 1704
706 1989
706 2021
706 2378
706 2473
706 2591
706 2741
706 3074
706 3190
706 3192
706 3216
706 3399
706 3434
706 3562
706 3567
706 3797
706 3919
706 3944
706 3983
706 4163
706 4204
706 4619
706 4670
706 4803
706 4981
707 777
707 1139
707 1321
707 1384
707 1602
707 1797
707 1965
707 2242
707 2249
707 2781
707 2865
707 2873
707 2973
707 3255
707 3754
707 3938
707 4150
707 4645
707 4839
707 4856
708 990
708 1281
708 1458
708 1476
708 1547
708 1689
708 1701
708 1776
708 2081
708 2176
708 2187
708 2447
708 2497
708 2685
708 2902
708 2959
708 3035
708 3144
708 3255
708 3274
708 3460
708 3538
708 3549
708 3576
708 4234
708 4338
708 4416
708 4427
708 4471
708 4540
708 4628
709 901
709 1731
709 1957
709 1990
709 2003
709 2035
709 2141
709 2664
709 2721
709 2722
709 2965
709 3014
709 3093
709 3455
709 3523
709 3692
709 3694
709 3696
709 3740
709 4384
709 4470
709 4630
710 733
710 1119
710 1238
710 1700
710 1900
710 2123
710 2318
710 2526
710 2571
710 2665
710 2680
710 2787
710 2832
710 2855
710 2886
710 3254
710 3552
710 3638
710 4235
710 4316
710 4347
710 4400
710 4421
710 4449
710 4550
710 4771
710 4832
711 748
711 953
711 1032
711 1249
711 1286
711 1418
711 1722
711 1799
711 2182
711 2185
711 2521
711 2769
711 2847
711 2941
711 3247
711 3263
711 3309
711 3411
711 3734
711 4031
711 4060
711 4074
711 4347
711 4424
711 4499
711 4984
712 759
712 1046
712 1185
712 1472
712 1651
712 1657
712 1708
712 1753
712 2091
712 2219
712 2240
712 2360
712 2490
712 2491
712 2758
712 2982
712 3009
712 3047
712 3129
712 3307
712 3514
712 3642
712 3884
712 4233
712 4522
713 1137
713 1145
713 1191
713 1246
713 1506
713 1545
713 2115
713 2378
713 2573
713 2576
713 2755
713 2782
713 2865
713 2919
713 3101
713 3235
713 3655
713 3684
713 3718
713 3769
713 4176
714 970
714 1239
714 1284
714 1609
714 1925
714 2039
714 2289
714 2386
714 2677
714 2771
714 2833
714 3147
714 3580
714 3582
714 3680
714 3808
714 4312
714 4403
715 922
715 1011
715 1046
715 1139
715 1356
715 1492
715 1699
715 1849
715 2224
715 2234
715 2282
715 2532
715 2916
715 2938
715 3361
715 3446
715 3488
715 3726
715 3876
715 3956
715 4029
715 4033
715 4266
715 4529
715 4860
715 4880
715 4959
716 800
716 821
716 888
716 1023
716 1038
716 1220
716 1503
716 1581
716 1880
716 2180
716 2285
716 2348
716 2356
716 2938
716 3179
716 3339
716 3892
716 4282
716 4480
716 4660
716 4770
716 4818
716 4934
716 4984
717 877
717 1141
717 1148
717 1559
717 1767
717 2255
717 2369
717 2404
717 2477
717 2743
717 2810
717 2986
717 3046
717 3376
717 3488
717 3573
717 3848
717 3889
717 3931
717 4710
717 4767
717 4942
718 953
718 1028
718 1134
718 1288
718 1740
718 1869
718 2156
718 2191
718 2247
718 2380
718 2393
718 2412
718 2585
718 2693
718 2795
718 3136
718 3188
718 3411
718 3456
718 3493
718 3509
718 3510
718 3719
718 4764
718 4840
718 4968
719 770
719 934
719 999
719 1316
719 1348
719 1388
719 1527
719 1708
719 1803
719 1805
719 1910
719 2182
719 2324
719 2778
719 2833
719 2953
719 3109
719 3192
719 3210
719 3336
719 3405
719 3681
719 3692
719 4207
719 4219
719 4342
719 4428
719 4586
719 4595
719 4723
719 4831
719 4877
720 752
720 963
720 1245
720 1445
720 1534
720 1817
720 1848
720 1875
720 1919
720 2161
720 2205
720 2723
720 3038
720 3070
720 3248
720 3292
720 3397
720 3456
720 3556
720 3703
720 4028
720 4056
720 4274
720 4420
720 4439
721 724
721 879
721 894
721 1649
721 1844
721 1871
721 2431
721 2485
721 2533
721 2712
721 2774
721 3219
721 3496
721 3805
721 3853
721 4083
721 4087
721 4183
721 4251
721 4552
721 4788
721 4831
722 784
722 807
722 831
722 938
722 969
722 1267
722 1308
722 1638
722 2018
722 2058
722 2081
722 2169
722 2536
722 2628
722 3063
722 3102
722 3282
722 4118
722 4279
722 4457
722 4511
722 4580
722 4679
722 4815
723 811
723 812
723 914
723 930
723 1064
723 1083
723 1139
723 1383
723 1601
723 1812
723 1953
723 2053
723 2081
723 2192
723 2229
723 2309
723 2490
723 2562
723 2595
723 2799
723 2856
723 3023
723 3125
723 3228
723 3380
723 3600
723 3601
723 3677
723 3776
723 3905
723 4293
723 4325
723 4394
723 4531
723 4574
723 4641
723 4645
723 4785
723 4817
723 4963
724 905
724 1004
724 1332
724 1635
724 1660
724 1747
724 1955
724 2178
724 2384
724 2498
724 2763
724 2821
724 2848
724 2958
724 3036
724 3060
724 3600
724 4126
724 4400
724 4715
724 4824
724 4845
724 4914
725 778
725 859
725 933
725 986
725 1208
725 1226
725 1251
725 1562
725 1598
725 1738
725 1752
725 2550
725 2852
725 2922
725 3120
725 3423
725 3515
725 3518
725 3974
725 4004
725 4015
725 4153
725 4256
725 4302
725 4308
725 4438
725 4519
725 4642
725 4662
725 4665
725 4767
725 4983
725 4985
725 4992
726 1045
726 1057
726 1518
726 1593
726 1595
726 1702
726 1729
726 1748
726 1763
726 1877
726 1934
726 2217
726 2319
726 2587
726 2619
726 3013
726 3166
726 3421
726 3460
726 3477
726 3817
726 4075
726 4424
726 4557
726 4702
726 4793
726 4888
726 4935
726 4973
727 749
727 757
727 909
727 915
727 1351
727 1357
727 1444
727 1557
727 1718
727 2041
727 2088
727 2253
727 2618
727 2697
727 2722
727 2835
727 2871
727 2971
727 3041
727 3074
727 3122
727 3318
727 3428
727 3687
727 3981
727 4175
727 4252
727 4537
727 4609
727 4756
727 4998
728 1338
728 1633
728 1648
728 1823
728 1894
728 1937
728 1958
728 2113
728 2174
728 2395
728 2484
728 2558
728 2577
728 2907
728 3232
728 3446
728 3741
728 3767
728 3778
728 4445
728 4471
728 4478
728 4500
728 4519
728 4520
728 4930
729 1387
729 1518
729 1551
729 1566
729 2159
729 2426
729 2455
729 2456
729 2481
729 2879
729 3002
729 3003
729 3363
729 3399
729 3448
729 3898
729 4176
729 4574
729 4669
729 4707
729 4773
729 4800
729 4845
730 963
730 1025
730 1263
730 1341
730 1741
730 1779
730 1889
730 2165
730 2432
730 2936
730 2952
730 3261
730 3314
730 3477
730 3510
730 3569
730 3781
730 3938
730 4184
730 4540
730 4679
731 1547
731 1564
731 2119
731 2151
731 2410
731 3242
731 3638
731 3857
731 4254
731 4289
731 4361
731 4463
731 4619
731 4879
732 846
732 1038
732 1207
732 1482
732 1557
732 1729
732 1870
732 1899
732 2052
732 2076
732 2161
732 2468
732 2820
732 2954
732 3002
732 3065
732 3219
732 3548
732 3669
732 4199
732 4238
732 4517
732 4520
732 4624
732 4680
732 4701
732 4922
733 1165
733 1260
733 1295
733 1350
733 1829
733 2114
733 2569
733 2696
733 2722
733 2820
733 2997
733 3141
733 3183
733 3286
733 3399
733 4044
733 4051
733 4358
733 4478
733 4569
733 4589
733 4839
734 764
734 781
734 838
734 853
734 886
734 1016
734 1097
734 1258
734 1756
734 1888
734 1935
734 2120
734 2217
734 2512
734 2637
734 2710
734 3042
734 3049
734 3143
734 3191
734 3411
734 3666
734 3711
734 3981
734 4157
734 4208
734 4320
734 4520
735 762
735 808
735 962
735 992
735 1117
735 1323
735 1374
735 1628
735 1682
735 1919
735 2313
735 2367
735 2515
735 2573
735 2692
735 2708
735 2826
735 3159
735 3393
735 3543
735 3956
735 4164
735 4351
735 4976
736 835
736 863
736 1158
736 1215
736 1585
736 2111
736 2139
736 2419
736 2663
736 3640
736 3730
736 3791
736 3841
736 3844
736 3909
736 3959
736 4217
736 4242
736 4297
736 4813
736 4840
737 792
737 967
737 1046
737 1062
737 1209
737 1484
737 1505
737 1703
737 2127
737 2356
737 2613
737 2625
737 2728
737 2758
737 2960
737 3207
737 3300
737 3534
737 3666
737 3851
737 4160
737 4277
737 4312
737 4711
737 4951
738 807
738 969
738 1025
738 1058
738 1112
738 1156
738 1157
738 2067
738 2086
738 2336
738 2349
738 2508
738 3228
738 3363
738 3374
738 3552
738 3611
738 3844
738 4171
738 4285
738 4306
738 4343
738 4354
738 4370
738 4413
738 4495
738 4518
738 4606
738 4979
739 772
739 870
739 1016
739 1311
739 1432
739 1481
739 1550
739 1564
739 1617
739 2030
739 2216
739 2254
739 2626
739 2723
739 2880
739 3044
739 3354
739 3747
739 4032
739 4085
739 4313
739 4495
739 4629
739 4840
740 776
740 1353
740 1357
740 1710
740 1978
740 2018
740 2249
740 2487
740 2679
740 2683
740 2761
740 3033
740 3073
740 3169
740 3296
740 3495
740 3584
740 3599
740 3728
740 3758
740 3814
740 4066
740 4276
740 4325
740 4391
740 4452
740 4570
740 4597
740 4648
740 4688
740 4965
741 1457
741 1873
741 2036
741 2342
741 2367
741 2397
741 2487
741 2551
741 2560
741 2615
741 2968
741 2989
741 3010
741 3023
741 3259
741 3865
741 4061
741 4383
741 4445
741 4604
741 4619
742 777
742 781
742 881
742 995
742 1098
742 1112
742 1999
742 2174
742 2402
742 2472
742 2501
742 2642
742 2680
742 2741
742 2841
742 2926
742 3213
742 3279
742 3404
742 3473
742 3833
742 3839
742 3840
742 3881
742 3928
742 4007
742 4073
742 4185
742 4234
742 4278
742 4506
742 4679
742 4822
743 828
743 833
743 884
743 1083
743 1153
743 1681
743 1725
743 1767
743 2057
743 2084
743 2156
743 2348
743 2469
743 2609
743 2741
743 2814
743 2868
743 2882
743 3066
743 3182
743 3334
743 3474
743 3577
743 3589
743 3607
743 3624
743 3847
743 3971
743 4029
743 4114
743 4134
743 4176
743 4247
743 4325
743 4339
743 4596
743 4882
743 4982
744 1013
744 1152
744 1154
744 1265
744 1320
744 1517
744 1573
744 1637
744 1668
744 1833
744 2108
744 2119
744 2591
744 2633
744 2908
744 3081
744 3169
744 3260
744 3352
744 3665
744 3916
744 4086
744 4630
744 4805
744 4877
744 4938
745 870
745 1107
745 1327
745 1383
745 1420
745 1457
745 1537
745 1862
745 1867
745 2099
745 2282
745 2344
745 2356
745 2364
745 2581
745 2608
745 2712
745 2731
745 2737
745 3089
745 3467
745 3798
745 3839
745 4158
745 4237
745 4272
745 4539
745 4629
745 4703
746 886
746 966
746 1073
746 1115
746 1233
746 1240
746 1371
746 1522
746 1728
746 1821
746 1827
746 1931
746 2095
746 2186
746 2329
746 2513
746 3026
746 3111
746 3148
746 3396
746 3698
746 3995
746 4181
746 4341
746 4651
746 4850
746 4924
746 4952
747 1038
747 1076
747 1121
747 1281
747 1390
747 1430
747 1568
747 1615
747 1671
747 1743
747 2095
747 2273
747 2427
747 2647
747 2756
747 2810
747 2884
747 3026
747 3038
747 3411
747 3451
747 3844
747 3915
747 4055
747 4100
747 4272
747 4335
747 4374
747 4571
747 4625
747 4673
747 4773
747 4800
747 4829
747 4955
748 831
748 980
748 991
748 1075
748 1388
748 1574
748 1582
748 1880
748 2115
748 2155
748 2263
748 2965
748 3447
748 3799
748 3882
748 4078
748 4093
748 4322
748 4488
748 4543
748 4749
749 775
749 815
749 1001
749 1243
749 1296
749 1718
749 1853
749 2003
749 2106
749 2555
749 2617
749 2677
749 2774
749 3263
749 3278
749 3368
749 3744
749 3852
749 3964
749 4312
749 4345
749 4405
749 4883
750 839
750 977
750 1096
750 1148
750 1425
750 1465
750 1536
750 1562
750 1606
750 1631
750 1722
750 1765
750 1790
750 2107
750 2261
750 2369
750 2491
750 2923
750 2944
750 2988
750 3289
750 3460
750 3493
750 4013
750 4222
750 4458
750 4778
751 907
751 923
751 950
751 1128
751 1385
751 1389
751 1536
751 2022
751 2148
751 2200
751 2238
751 3229
751 3256
751 3409
751 3420
751 3503
751 3603
751 3705
751 3862
751 4193
751 4317
751 4401
751 4565
751 4716
751 4728
751 4787
752 1064
752 1084
752 1225
752 1363
752 1769
752 1787
752 1971
752 2116
752 2143
752 2491
752 2769
752 2897
752 2968
752 3195
752 3241
752 3633
752 4020
752 4076
752 4287
752 4531
752 4581
752 4699
752 4702
752 4777
752 4953
753 771
753 1024
753 1118
753 1139
753 1215
753 1761
753 2065
753 2083
753 2453
753 2498
753 2543
753 2649
753 3166
753 3176
753 3197
753 3231
753 3270
753 3445
753 4209
753 4569
753 4583
753 4750
753 4856
753 4861
753 4977
754 797
754 905
754 991
754 1233
754 1284
754 1809
754 1901
754 1964
754 2614
754 2781
754 2979
754 3028
754 3272
754 3297
754 3550
754 3553
754 3583
754 3644
754 3765
754 3906
754 4076
754 4164
754 4299
754 4386
754 4622
754 4833
754 4951
754 4959
754 4977
755 1154
755 1364
755 1406
755 2087
755 2258
755 2402
755 2484
755 2634
755 2840
755 2929
755 3190
755 3193
755 3402
755 3484
755 3700
755 3727
755 3858
755 4159
755 4176
755 4323
755 4444
755 4562
755 4679
755 4814
755 4934
756 782
756 972
756 1179
756 1410
756 1517
756 1550
756 1657
756 2234
756 2286
756 2518
756 2842
756 2853
756 3236
756 3517
756 3750
756 3773
756 4027
756 4030
756 4725
757 1159
757 1413
757 1510
757 1534
757 1723
757 1828
757 2347
757 2417
757 2520
757 2552
757 2794
757 3060
757 3124
757 3236
757 3309
757 3327
757 3345
757 3428
757 3547
757 3870
757 3892
757 4005
757 4078
757 4347
757 4662
757 4811
757 4880
758 1022
758 1123
758 1145
758 1268
758 1461
758 1862
758 2106
758 2183
758 2341
758 2354
758 2356
758 2383
758 2627
758 2679
758 2693
758 2714
758 2797
758 2846
758 3300
758 3313
758 3615
758 3762
758 3868
758 3913
758 4128
758 4131
758 4143
758 4224
758 4244
758 4370
758 4794
758 4968
759 812
759 994
759 1101
759 1167
759 1512
759 1587
759 1749
759 1773
759 1792
759 1843
759 1873
759 1996
759 2053
759 2141
759 2409
759 2554
759 2588
759 2829
759 3000
759 3213
759 3601
759 3648
759 3758
759 3853
759 3928
759 4558
759 4775
760 1218
760 1319
760 1348
760 1491
760 2015
760 2192
760 2341
760 2527
760 2611
760 2634
760 2949
760 3174
760 3424
760 3502
760 3573
760 3589
760 3598
760 3787
760 3965
760 4059
760 4285
760 4302
760 4414
761 814
761 882
761 1140
761 1141
761 1157
761 1275
761 1296
761 1326
761 1342
761 1575
761 2204
761 2798
761 2826
761 2906
761 3333
761 3356
761 3707
761 3721
761 3901
761 3909
761 3971
761 3989
761 4004
761 4333
761 4525
761 4949
762 777
762 802
762 893
762 899
762 1046
762 1167
762 1332
762 1419
762 1428
762 1602
762 1697
762 2187
762 2202
762 2400
762 2543
762 3087
762 3111
762 3226
762 3251
762 3362
762 3447
762 3857
762 3967
762 4042
762 4047
762 4154
762 4862
763 1325
763 1399
763 1885
763 2121
763 2276
763 2461
763 2639
763 2705
763 2731
763 3573
763 3597
763 3615
763 3635
763 3647
763 4036
763 4292
763 4309
763 4441
763 4482
763 4762
763 4967
764 841
764 851
764 855
764 1054
764 1091
764 1127
764 1744
764 1756
764 1793
764 1958
764 1981
764 2109
764 2304
764 2427
764 2628
764 2635
764 2781
764 2904
764 3935
764 4317
764 4419
764 4552
764 4602
764 4823
764 4879
764 4960
765 986
765 1382
765 1572
765 1760
765 2244
765 2247
765 2575
765 2592
765 2649
765 2889
765 2946
765 3128
765 3169
765 3247
765 3476
765 3631
765 4026
765 4041
765 4205
765 4410
765 4660
765 4706
765 4727
766 1147
766 1242
766 1354
766 1700
766 1880
766 1947
766 2027
766 2167
766 2259
766 2622
766 2798
766 2909
766 2948
766 3234
766 3356
766 4300
766 4479
766 4482
766 4839
766 4933
766 4968
767 1196
767 1418
767 1586
767 1593
767 1719
767 1742
767 1873
767 1988
767 2084
767 2248
767 2355
767 2540
767 2561
767 2576
767 2689
767 2701
767 2795
767 2822
767 2999
767 3133
767 3154
767 3183
767 3194
767 3219
767 3383
767 3478
767 3480
767 3943
767 4213
767 4558
767 4577
767 4625
768 1192
768 1429
768 1444
768 1537
768 1575
768 1616
768 1681
768 1715
768 2037
768 2285
768 2859
768 3048
768 3095
768 3176
768 3190
768 3238
768 3256
768 3303
768 3324
768 3564
768 3668
768 3832
768 4121
768 4551
768 4751
768 4886
768 4956
769 944
769 1042
769 1314
769 1564
769 1583
769 1600
769 1635
769 1954
769 2137
769 2299
769 2311
769 2357
769 2410
769 2695
769 2767
769 3357
769 3457
769 3556
769 3932
770 780
770 1037
770 1102
770 1174
770 1222
770 1276
770 1307
770 1508
770 1758
770 1944
770 1950
770 2044
770 2695
770 2795
770 3052
770 3433
770 3446
770 3458
770 3521
770 3736
770 3860
770 4621
770 4680
770 4963
771 803
771 1002
771 1105
771 1117
771 1235
771 1358
771 1426
771 1433
771 1947
771 2130
771 2275
771 2423
771 2745
771 2919
771 2920
771 3154
771 3285
771 3299
771 3353
771 3704
771 3902
771 3922
771 3957
771 3966
771 4134
771 4180
771 4280
771 4363
771 4401
771 4696
771 4819
772 902
772 1329
772 1514
772 1757
772 1907
772 2052
772 2197
772 2347
772 2628
772 3079
772 3106
772 3160
772 3166
772 3494
772 3782
772 3996
772 4124
772 4331
772 4414
772 4526
772 4626
773 955
773 956
773 1105
773 1152
773 1591
773 2087
773 2154
773 2452
773 2471
773 2539
773 2891
773 2896
773 3621
773 3638
773 3898
773 4182
773 4387
773 4447
773 4577
773 4610
773 4698
773 4716
773 4932
774 1346
774 1514
774 1654
774 1984
774 2091
774 2122
774 2201
774 2457
774 2579
774 2901
774 3034
774 3219
774 3299
774 3601
774 3975
774 4022
774 4079
774 4220
774 4367
774 4594
774 4717
774 4815
774 4850
775 800
775 811
775 1056
775 1207
775 1578
775 2024
775 2037
775 2055
775 2279
775 2282
775 2297
775 2450
775 2486
775 2517
775 2721
775 2952
775 2980
775 3093
775 3161
775 3223
775 3511
775 3984
775 4643
775 4700
775 4963
776 1095
776 1252
776 1326
776 1519
776 1919
776 1957
776 2123
776 2158
776 2534
776 2740
776 2840
776 3346
776 3450
776 3467
776 3828
776 4105
776 4162
776 4627
776 4633
777 1226
777 1246
777 1318
777 1339
777 1476
777 1677
777 1712
777 1781
777 1831
777 2274
777 2486
777 2599
777 2693
777 2797
777 3453
777 3545
777 3558
777 3600
777 3878
777 4382
777 4424
777 4429
777 4467
777 4513
777 4881
778 841
778 900
778 952
778 1151
778 1344
778 1394
778 1458
778 1619
778 2090
778 2261
778 2529
778 2992
778 3056
778 3292
778 3405
778 3561
778 3677
778 4231
778 4409
778 4509
778 4597
778 4688
778 4738
778 4818
779 854
779 901
779 955
779 1215
779 1575
779 1734
779 2093
779 2099
779 2443
779 2984
779 3074
779 3114
779 3115
779 3230
779 3379
779 3522
779 3589
779 4203
779 4435
779 4515
779 4592
779 4758
779 4814
779 4823
779 4972
780 877
780 925
780 1069
780 1103
780 1241
780 1718
780 2157
780 2269
780 2295
780 2296
780 2872
780 2883
780 2889
780 2976
780 3207
780 4163
780 4216
780 4620
780 4726
780 4766
780 4769
780 4820
780 4932
780 4939
780 4941
781 827
781 1051
781 1065
781 1307
781 1413
781 1472
781 1830
781 1904
781 2141
781 2303
781 2535
781 2631
781 2656
781 2713
781 2816
781 3282
781 3314
781 3345
781 3542
781 3556
781 4067
781 4104
781 4650
782 913
782 922
782 1042
782 1141
782 1199
782 1213
782 1330
782 1449
782 1950
782 2031
782 2038
782 2054
782 2132
782 2406
782 2584
782 2967
782 3171
782 3227
782 3461
782 3593
782 4264
782 4376
782 4465
782 4545
782 4630
782 4631
782 4686
782 4918
782 4929
783 827
783 918
783 1010
783 1018
783 1414
783 1439
783 1571
783 2048
783 2739
783 2802
783 3035
783 3068
783 3359
783 3412
783 3451
783 3591
783 3831
783 4057
783 4065
783 4176
783 4215
783 4232
783 4548
783 4625
783 4999
784 813
784 1230
784 1358
784 1495
784 1579
784 1732
784 1772
784 1808
784 2026
784 2037
784 2628
784 2652
784 3109
784 3147
784 3232
784 3337
784 3377
784 3409
784 3881
784 4020
784 4141
784 4296
784 4485
784 4499
784 4897
784 4991
785 959
785 1136
785 1185
785 1282
785 1592
785 1846
785 2206
785 2385
785 2494
785 2554
785 2656
785 2820
785 3053
785 3090
785 3133
785 3158
785 3750
785 4099
785 4162
785 4477
785 4669
785 4718
785 4755
785 4923
785 4927
786 1041
786 1123
786 1258
786 1440
786 1597
786 1792
786 2031
786 2054
786 2239
786 2350
786 2490
786 2551
786 2554
786 2574
786 2994
786 3183
786 3205
786 3560
786 3939
786 4019
786 4084
786 4233
786 4348
786 4438
786 4674
787 914
787 1124
787 1175
787 1267
787 1277
787 1301
787 1407
787 1419
787 1449
787 1466
787 1638
787 1896
787 2044
787 2081
787 2139
787 2148
787 2288
787 2487
787 2708
787 2971
787 3033
787 3110
787 3171
787 3339
787 3354
787 3416
787 4258
787 4292
787 4343
787 4634
787 4637
787 4656
787 4663
787 4704
787 4718
787 4796
788 1430
788 1734
788 1875
788 1905
788 1918
788 2238
788 2350
788 2610
788 2902
788 3137
788 3531
788 3822
788 4022
788 4119
788 4221
788 4333
788 4356
788 4830
788 4930
789 830
789 931
789 1075
789 1384
789 1474
789 1501
789 1589
789 1640
789 1883
789 1948
789 2023
789 2338
789 2592
789 2598
789 2658
789 2826
789 3124
789 3265
789 3700
789 3727
789 4089
789 4364
789 4560
789 4581
789 4617
789 4867
790 1315
790 1589
790 1633
790 1710
790 1726
790 1838
790 1855
790 1887
790 1970
790 2140
790 2179
790 2195
790 2375
790 2416
790 2421
790 2493
790 2938
790 2992
790 3063
790 3088
790 3204
790 3236
790 3617
790 3709
790 3722
790 3950
790 4141
790 4294
790 4350
790 4371
790 4614
790 4991
791 856
791 912
791 950
791 1194
791 1237
791 1290
791 1372
791 1702
791 1792
791 1813
791 1988
791 2037
791 2260
791 2287
791 2291
791 2340
791 2806
791 2930
791 3023
791 3167
791 3219
791 3687
791 3855
791 3991
791 4086
791 4237
791 4288
791 4685
791 4743
791 4845
791 4887
792 959
792 1238
792 1900
792 1901
792 2163
792 2197
792 2276
792 2320
792 2715
792 2935
792 3228
792 3248
792 3335
792 3585
792 3638
792 3845
792 4027
792 4259
792 4427
792 4571
792 4716
792 4860
793 1096
793 1123
793 1510
793 1523
793 2049
793 2486
793 2503
793 2869
793 3059
793 3167
793 3405
793 3610
793 3629
793 3824
793 3930
793 3991
793 4040
793 4101
793 4145
793 4157
793 4276
793 4315
793 4329
793 4391
793 4444
793 4487
793 4504
793 4599
793 4601
793 4760
793 4777
794 893
794 1095
794 1350
794 1640
794 1729
794 1854
794 2180
794 2182
794 2485
794 2796
794 2950
794 3116
794 3241
794 3275
794 3283
794 3361
794 3454
794 3464
794 3644
794 3763
794 3991
794 4072
794 4521
795 921
795 938
795 1023
795 1351
795 1883
795 1963
795 2218
795 2232
795 2268
795 2366
795 2368
795 2495
795 2620
795 2635
795 2937
795 3766
795 3941
795 4067
795 4190
795 4375
795 4379
795 4446
795 4591
795 4604
795 4641
795 4717
795 4809
795 4933
795 4970
796 945
796 1126
796 1203
796 1262
796 1280
796 1362
796 1739
796 1798
796 1962
796 2131
796 2164
796 2261
796 2416
796 2539
796 2683
796 2910
796 2987
796 3161
796 3813
796 3863
796 3901
796 4208
796 4332
796 4402
796 4417
796 4605
796 4753
797 913
797 1135
797 1376
797 1607
797 1628
797 1716
797 1744
797 1893
797 2098
797 2117
797 2167
797 2173
797 2215
797 2250
797 2300
797 3077
797 3202
797 3239
797 3457
797 3546
797 3685
797 3692
797 3840
797 4325
797 4500
797 4584
797 4606
797 4776
798 938
798 1157
798 1572
798 2202
798 2210
798 2363
798 2924
798 2954
798 2995
798 3108
798 3110
798 3324
798 3373
798 3580
798 3765
798 4188
798 4200
798 4470
798 4515
798 4804
799 838
799 1077
799 1238
799 1252
799 1254
799 1480
799 1542
799 1562
799 1976
799 2180
799 2201
799 2256
799 2331
799 2336
799 2785
799 2813
799 2814
799 2999
799 3048
799 3161
799 3586
799 3796
799 3835
799 4254
799 4342
799 4445
799 4520
799 4603
800 966
800 1132
800 1140
800 1201
800 1256
800 1360
800 1387
800 1748
800 2058
800 2091
800 2130
800 2139
800 2143
800 2148
800 2482
800 2643
800 2748
800 3149
800 3257
800 3408
800 3679
800 4226
800 4276
800 4930
801 814
801 1135
801 1203
801 1269
801 1320
801 1380
801 1666
801 2342
801 2385
801 2406
801 2547
801 2790
801 2831
801 3110
801 3114
801 3174
801 3217
801 3254
801 3384
801 3403
801 3443
801 3536
801 3769
801 4013
801 4018
801 4260
801 4302
801 4751
801 4996
802 1278
802 1288
802 1474
802 1513
802 1688
802 2289
802 2615
802 3132
802 3149
802 3486
802 3500
802 3756
802 3784
802 4209
802 4219
802 4281
802 4319
802 4333
802 4339
802 4396
802 4461
802 4501
802 4522
802 4887
802 4889
802 4938
803 807
803 935
803 986
803 1561
803 2082
803 2094
803 2142
803 2207
803 2258
803 2492
803 2674
803 2992
803 3283
803 3323
803 3483
803 3589
803 4102
803 4123
803 4193
803 4422
803 4434
803 4642
804 996
804 1160
804 1251
804 1542
804 1928
804 2040
804 2160
804 2331
804 2367
804 2476
804 3146
804 3355
804 3704
804 3846
804 3986
804 4068
804 4084
804 4174
804 4238
804 4554
804 4717
804 4949
805 908
805 1041
805 1070
805 1443
805 1650
805 2368
805 2606
805 2661
805 2992
805 3059
805 3104
805 3168
805 3317
805 3491
805 3593
805 3598
805 3794
805 3849
805 4324
805 4357
806 1031
806 1106
806 1317
806 1665
806 1700
806 1907
806 1997
806 2001
806 2322
806 2327
806 2385
806 2470
806 2520
806 2587
806 2685
806 3194
806 3280
806 3362
806 3684
806 3863
806 3985
806 4379
806 4849
806 4901
806 4910
806 4913
806 4937
807 823
807 872
807 1033
807 1077
807 1462
807 1514
807 1519
807 1693
807 2256
807 2758
807 2961
807 3008
807 3395
807 3625
807 3659
807 3999
807 4464
807 4467
807 4584
807 4915
808 1005
808 1011
808 1103
808 1145
808 1166
808 1215
808 1268
808 1336
808 1699
808 1724
808 1732
808 1922
808 2076
808 2673
808 3008
808 3455
808 3763
808 3941
808 3963
808 4068
808 4199
808 4575
808 4581
808 4656
808 4750
808 4788
808 4921
808 4957
809 861
809 1196
809 1199
809 1255
809 1504
809 1631
809 2064
809 2112
809 2122
809 2939
809 3227
809 3308
809 3391
809 3570
809 3843
809 4197
809 4399
809 4925
810 917
810 1357
810 1629
810 1686
810 1800
810 1892
810 1998
810 2229
810 2267
810 2466
810 2638
810 2727
810 2765
810 3049
810 3177
810 3322
810 3536
810 3759
810 4142
810 4275
810 4324
810 4330
810 4374
810 4418
810 4513
810 4756
810 4958
811 892
811 895
811 930
811 1028
811 1062
811 1064
811 1119
811 1563
811 1631
811 1668
811 1676
811 1812
811 1920
811 1953
811 1984
811 2053
811 2094
811 2192
811 2229
811 2595
811 2715
811 2889
811 2911
811 2916
811 3023
811 3104
811 3123
811 3380
811 3399
811 3401
811 3531
811 3600
811 3601
811 3625
811 3677
811 3862
811 4071
811 4368
811 4574
811 4645
811 4708
811 4817
811 4903
812 977
812 1220
812 1250
812 1275
812 1444
812 1446
812 1901
812 2560
812 2577
812 2969
812 2973
812 2999
812 3016
812 3132
812 3415
812 3730
812 3733
812 3784
812 3913
812 4073
812 4515
812 4902
812 4994
813 869
813 1036
813 1279
813 1314
813 1459
813 1820
813 1898
813 2352
813 2368
813 2447
813 2600
813 2625
813 3127
813 3259
813 3424
813 3481
813 3752
813 4128
813 4269
813 4361
813 4404
813 4825
814 863
814 1157
814 1164
814 1477
814 1594
814 1789
814 1814
814 1930
814 2077
814 2173
814 2365
814 2468
814 2495
814 2512
814 2525
814 2849
814 3261
814 3278
814 3356
814 3484
814 3487
814 3642
814 3647
814 3756
814 3771
814 3850
814 4044
814 4065
814 4110
814 4171
814 4652
814 4806
815 1202
815 1237
815 1313
815 1321
815 1400
815 1483
815 1658
815 1758
815 1950
815 2336
815 2394
815 2404
815 2683
815 2690
815 2779
815 2823
815 2864
815 2969
815 3060
815 3137
815 3167
815 3400
815 3641
815 3676
815 3788
815 4012
815 4195
815 4219
815 4309
815 4792
816 981
816 1199
816 1246
816 1451
816 1575
816 1611
816 1643
816 1809
816 1836
816 1978
816 2385
816 2523
816 2790
816 3012
816 3115
816 3136
816 3599
816 3796
816 3864
816 4199
816 4293
816 4302
816 4720
816 4733
817 827
817 923
817 939
817 1144
817 1241
817 1289
817 1298
817 1372
817 1846
817 1925
817 2118
817 2138
817 2253
817 2317
817 3359
817 3877
817 4074
817 4142
817 4244
817 4306
817 4497
817 4544
817 4607
817 4901
818 871
818 972
818 1002
818 1034
818 1435
818 1712
818 1834
818 1912
818 2173
818 2214
818 2355
818 2591
818 2665
818 2688
818 3191
818 3224
818 3246
818 3486
818 3520
818 3664
818 4143
818 4195
818 4313
818 4606
818 4625
818 4822
819 1117
819 1327
819 1557
819 1816
819 2095
819 2107
819 2180
819 2463
819 2693
819 2715
819 3125
819 3198
819 3381
819 3568
819 3587
819 3799
819 4081
819 4294
819 4595
820 873
820 1272
820 1319
820 1450
820 1459
820 1461
820 1631
820 1702
820 1894
820 2091
820 2180
820 2212
820 2519
820 2529
820 2750
820 2799
820 3159
820 3755
820 3799
820 3837
820 4027
820 4523
820 4524
820 4540
820 4581
820 4732
821 892
821 1039
821 1092
821 1436
821 1482
821 1526
821 1713
821 2010
821 2209
821 2391
821 2511
821 2529
821 2694
821 2916
821 3137
821 3209
821 3627
821 3849
821 3988
821 4381
821 4436
821 4470
821 4683
821 4756
821 4946
821 4995
822 921
822 1404
822 1632
822 1692
822 1719
822 1987
822 2062
822 2166
822 2327
822 2497
822 2549
822 2590
822 2785
822 2912
822 2988
822 3002
822 3226
822 3260
822 3340
822 3629
822 3776
822 3822
822 3891
822 4598
823 873
823 1135
823 1463
823 1515
823 1526
823 1537
823 1538
823 1567
823 1681
823 1739
823 1974
823 2342
823 2478
823 2571
823 2684
823 2708
823 2731
823 2774
823 2828
823 2934
823 2980
823 2992
823 3274
823 3314
823 3895
823 4109
823 4517
823 4672
823 4762
823 4772
824 983
824 1024
824 1284
824 1561
824 1759
824 1888
824 2093
824 2139
824 2232
824 2398
824 2678
824 2754
824 2994
824 3249
824 3589
824 3770
824 3776
824 3854
824 4228
824 4481
824 4598
824 4875
824 4936
824 4990
825 894
825 895
825 896
825 1311
825 1400
825 1425
825 1467
825 1859
825 1894
825 1937
825 2006
825 2172
825 2239
825 2623
825 2757
825 2811
825 2971
825 2978
825 3166
825 3444
825 3646
825 3655
825 4032
825 4035
825 4242
825 4526
825 4708
825 4908
826 957
826 988
826 990
826 1450
826 1633
826 1643
826 1720
826 1888
826 2190
826 2299
826 2446
826 2532
826 2865
826 3340
826 3454
826 3729
826 3892
826 3969
826 4232
826 4715
827 937
827 991
827 1187
827 1254
827 1402
827 1446
827 1512
827 1607
827 1728
827 1784
827 2530
827 2598
827 2901
827 3003
827 3069
827 3481
827 3580
827 3706
827 3807
827 3980
827 4070
827 4138
827 4245
827 4288
827 4348
827 4364
827 4410
827 4734
827 4756
827 4813
828 941
828 965
828 1213
828 1302
828 1343
828 1392
828 1453
828 1573
828 1696
828 1909
828 1924
828 2023
828 2377
828 2449
828 2881
828 3039
828 3085
828 3092
828 3269
828 3317
828 3465
828 3669
828 3760
828 4021
828 4284
828 4290
828 4503
828 4652
828 4706
828 4898
828 4995
829 1016
829 1035
829 1439
829 1559
829 2003
829 2011
829 2192
829 2218
829 2285
829 2525
829 2660
829 2864
829 2882
829 2991
829 3017
829 3076
829 3157
829 3221
829 3650
829 3770
829 4148
829 4352
829 4647
829 4753
829 4964
830 1118
830 1228
830 1500
830 1555
830 1599
830 1636
830 1748
830 1770
830 1826
830 1834
830 2244
830 2370
830 2398
830 2462
830 2807
830 2817
830 2836
830 3014
830 3222
830 3306
830 3389
830 3527
830 3599
830 4065
830 4086
830 4377
830 4722
830 4743
831 1112
831 1590
831 2081
831 2186
831 2308
831 2372
831 2377
831 2984
831 3037
831 3114
831 3417
831 3453
831 3985
831 4008
831 4050
831 4190
831 4297
831 4382
831 4502
831 4568
831 4631
832 1360
832 1954
832 1955
832 2111
832 2186
832 2550
832 2628
832 2656
832 2688
832 2755
832 2963
832 3144
832 3181
832 3271
832 3329
832 3528
832 3742
832 3777
832 3850
832 3886
832 3992
832 4317
832 4430
832 4568
832 4673
832 4843
832 4945
833 1091
833 1263
833 1594
833 1805
833 1924
833 1948
833 1977
833 2019
833 2089
833 2828
833 3044
833 3359
833 3446
833 3494
833 3544
833 3599
833 3765
833 3898
833 4123
833 4152
833 4155
833 4284
833 4536
833 4589
833 4769
833 4809
834 920
834 1109
834 1181
834 1363
834 1590
834 1723
834 1726
834 2068
834 2071
834 2316
834 2335
834 2362
834 3011
834 4022
834 4024
834 4191
834 4406
834 4496
834 4539
834 4553
834 4741
834 4794
834 4901
834 4907
834 4978
834 4997
835 919
835 1025
835 1385
835 1447
835 1741
835 1853
835 1858
835 1960
835 2099
835 2307
835 2658
835 2684
835 2811
835 2892
835 3018
835 4103
835 4178
835 4317
835 4517
835 4640
835 4833
836 985
836 1248
836 1277
836 1875
836 1941
836 2012
836 2129
836 2203
836 2281
836 2349
836 2522
836 2588
836 2711
836 3026
836 3232
836 3385
836 3858
836 3859
836 4108
836 4110
836 4489
836 4643
836 4757
836 4834
836 4919
837 1348
837 1399
837 1404
837 1611
837 1752
837 1758
837 2358
837 2554
837 2734
837 3092
837 3141
837 3163
837 3331
837 3664
837 3928
837 4081
837 4209
837 4218
837 4666
837 4673
837 4676
837 4750
837 4975
837 4994
838 951
838 960
838 1152
838 1272
838 1297
838 1780
838 1933
838 2509
838 2585
838 2630
838 2698
838 2738
838 2830
838 2841
838 3160
838 3470
838 3695
838 3703
838 3857
838 3999
838 4107
838 4192
838 4277
838 4440
838 4458
838 4482
838 4674
838 4676
838 4683
839 989
839 1270
839 1271
839 1291
839 1415
839 1419
839 1510
839 1693
839 1740
839 1859
839 2063
839 2193
839 2256
839 2743
839 2805
839 3044
839 3130
839 3168
839 3345
839 3704
839 4145
839 4154
839 4272
839 4389
839 4402
839 4421
839 4472
839 4592
839 4728
839 4786
839 4969
840 952
840 1090
840 1106
840 1169
840 1350
840 1370
840 1511
840 1567
840 1861
840 1973
840 1976
840 2229
840 2822
840 2859
840 3130
840 3142
840 3405
840 3431
840 3625
840 4012
840 4014
840 4305
840 4325
840 4773
840 4952
840 4981
841 935
841 946
841 988
841 1179
841 1446
841 1809
841 1905
841 2009
841 2262
841 2383
841 2611
841 2681
841 2726
841 3480
841 3683
841 3830
841 4500
841 4707
841 4729
841 4935
841 4957
842 1181
842 1661
842 2066
842 2106
842 2498
842 2817
842 3326
842 3577
842 3602
842 3675
842 3695
842 3731
842 3878
842 4007
842 4070
842 4111
842 4127
842 4250
842 4308
842 4435
842 4455
842 4485
842 4616
842 4625
842 4713
842 4922
842 4955
843 921
843 930
843 1469
843 1526
843 1575
843 1588
843 1621
843 1777
843 1868
843 2314
843 2446
843 2848
843 2923
843 2988
843 3052
843 3125
843 3505
843 3672
843 3678
843 3867
843 4159
843 4293
843 4610
843 4834
844 1046
844 1131
844 1223
844 1299
844 1310
844 1452
844 1654
844 1759
844 1849
844 2190
844 2648
844 2649
844 2840
844 3108
844 3345
844 3379
844 3439
844 3560
844 3694
844 3750
844 4056
844 4145
844 4451
844 4611
844 4904
845 869
845 1085
845 1440
845 1891
845 1904
845 1915
845 1925
845 2037
845 2121
845 2175
845 2342
845 3268
845 3360
845 3406
845 3490
845 3706
845 3847
845 3918
845 4053
845 4150
845 4199
845 4202
845 4395
845 4785
845 4841
846 1041
846 1057
846 1058
846 1194
846 1294
846 1312
846 1379
846 1408
846 1531
846 1538
846 1758
846 2139
846 2332
846 2914
846 3121
846 3262
846 3339
846 3971
846 4042
846 4053
846 4311
846 4330
846 4619
846 4883
847 860
847 966
847 1067
847 1456
847 1510
847 1630
847 1685
847 1943
847 1980
847 2101
847 2283
847 2461
847 2533
847 2573
847 2865
847 3182
847 3318
847 3345
847 3385
847 3433
847 3497
847 3534
847 3584
847 3673
847 4009
847 4128
847 4429
847 4450
847 4583
847 4675
847 4771
847 4797
848 992
848 1093
848 1163
848 1212
848 1279
848 1313
848 1466
848 1472
848 1813
848 1843
848 2511
848 2852
848 2853
848 2959
848 3324
848 3514
848 3571
848 3692
848 3709
848 4348
848 4388
848 4450
848 4531
848 4701
848 4787
849 1048
849 1066
849 1408
849 1488
849 1689
849 1807
849 1925
849 1944
849 2056
849 2126
849 2128
849 2201
849 2339
849 2714
849 2749
849 2758
849 2883
849 2910
849 3004
849 3858
849 4089
849 4392
849 4434
849 4540
849 4702
850 1072
850 1152
850 1352
850 1386
850 2439
850 2497
850 2519
850 2589
850 2787
850 2864
850 2962
850 2975
850 3051
850 3497
850 3619
850 3702
850 3861
850 3907
850 3915
850 3949
850 4109
850 4389
850 4558
850 4604
851 1204
851 1275
851 1302
851 1365
851 1392
851 1488
851 1507
851 1525
851 1917
851 1989
851 2348
851 2464
851 2589
851 2617
851 2938
851 3363
851 3561
851 3650
851 3953
851 4020
851 4092
851 4143
851 4473
852 878
852 953
852 1029
852 1352
852 2226
852 2655
852 2707
852 2839
852 2881
852 3323
852 3352
852 3745
852 3746
852 4087
852 4145
852 4361
852 4374
852 4388
852 4632
852 4688
852 4744
852 4877
853 909
853 1626
853 1754
853 1781
853 1821
853 1855
853 1917
853 2150
853 2153
853 2181
853 2206
853 2326
853 2484
853 2540
853 2764
853 2873
853 2903
853 3007
853 3791
853 3825
853 4106
853 4436
853 4597
853 4630
853 4818
853 4855
853 4925
854 1189
854 1302
854 1373
854 1602
854 1630
854 1929
854 2062
854 2101
854 2212
854 2277
854 2350
854 2513
854 2516
854 2573
854 2646
854 2966
854 3125
854 3887
854 3911
854 3925
854 4270
854 4278
854 4442
854 4558
854 4585
854 4702
854 4744
854 4801
854 4907
854 4946
855 945
855 1489
855 1621
855 2225
855 2263
855 2323
855 2581
855 2698
855 2986
855 3189
855 3267
855 3345
855 3447
855 3576
855 3720
855 3877
855 3940
855 3990
855 4027
855 4063
855 4164
855 4273
855 4359
855 4869
856 1163
856 1476
856 1690
856 1930
856 2441
856 2997
856 3280
856 3353
856 3437
856 3490
856 3974
856 3986
856 4512
856 4577
856 4633
856 4708
856 4783
856 4994
857 1002
857 1394
857 1406
857 1619
857 1949
857 2604
857 2788
857 3386
857 3426
857 3464
857 3709
857 3713
857 3915
857 4168
857 4228
857 4999
858 926
858 1807
858 1845
858 1956
858 2239
858 2323
858 2361
858 2536
858 2572
858 2794
858 2995
858 3215
858 3279
858 3283
858 3305
858 3337
858 3391
858 3583
858 3700
858 3721
858 3858
858 3876
858 3934
858 4560
858 4705
858 4971
859 874
859 928
859 983
859 1008
859 1018
859 1486
859 1547
859 1636
859 1822
859 1924
859 2432
859 2692
859 2780
859 2901
859 2966
859 2985
859 3003
859 3014
859 3126
859 3458
859 3795
859 3805
859 4020
859 4201
859 4351
859 4417
859 4493
859 4608
860 890
860 964
860 1020
860 1571
860 1643
860 2049
860 2119
860 2980
860 2990
860 3239
860 3255
860 3348
860 3415
860 3489
860 3500
860 4243
860 4608
860 4932
860 4939
861 1138
861 1278
861 1347
861 1389
861 1453
861 2156
861 2271
861 2440
861 2954
861 3006
861 3036
861 3135
861 3261
861 3270
861 3430
861 3551
861 3712
861 3717
861 3790
861 3938
861 3977
861 4936
862 883
862 924
862 1045
862 1367
862 1425
862 1491
862 1541
862 2131
862 2876
862 2913
862 3026
862 3172
862 3245
862 3721
862 3748
862 3749
862 3869
862 3977
862 4765
862 4777
862 4806
862 4827
863 943
863 1224
863 1594
863 1703
863 1704
863 2751
863 2826
863 2896
863 2995
863 4129
863 4483
863 4510
863 4828
863 4922
863 4928
863 4972
863 4992
864 1149
864 1496
864 1598
864 1963
864 2515
864 2788
864 2860
864 3075
864 3100
864 3168
864 3169
864 3391
864 3586
864 3694
864 3767
864 3801
864 3968
864 4097
864 4315
864 4357
864 4443
864 4578
864 4597
864 4625
864 4695
864 4773
864 4792
864 4852
864 4906
865 1012
865 1541
865 1680
865 2268
865 2390
865 2596
865 2869
865 2994
865 3628
865 3715
865 3751
865 3758
865 3796
865 3862
865 3958
865 4117
865 4121
865 4185
865 4224
865 4322
865 4518
865 4684
865 4818
865 4908
865 4927
866 1000
866 1015
866 1549
866 1875
866 1940
866 1997
866 2023
866 2223
866 2276
866 2389
866 2426
866 2529
866 2950
866 2998
866 3090
866 3137
866 3231
866 3308
866 3616
866 3649
866 3693
866 3696
866 3874
866 4079
866 4103
866 4615
866 4618
866 4770
866 4979
867 938
867 1005
867 1696
867 1701
867 1746
867 1867
867 2515
867 2693
867 2988
867 3195
867 3197
867 3484
867 3759
867 3881
867 4068
867 4810
867 4877
867 4891
868 873
868 965
868 1197
868 1636
868 1841
868 2035
868 2525
868 2930
868 2932
868 2978
868 3309
868 3519
868 3750
868 3846
868 4046
868 4110
868 4191
868 4192
868 4419
868 4479
868 4529
869 884
869 1064
869 1172
869 2026
869 2036
869 2174
869 2371
869 2432
869 2516
869 2740
869 2741
869 2747
869 2770
869 2837
869 3083
869 3235
869 3425
869 3533
869 4075
869 4078
869 4218
869 4287
869 4373
869 4532
869 4586
870 1041
870 1190
870 1496
870 1598
870 1605
870 1620
870 1793
870 2024
870 2215
870 2224
870 2321
870 2369
870 2718
870 2977
870 3493
870 3584
870 4258
870 4694
870 4984
871 897
871 1122
871 1215
871 1385
871 1538
871 1550
871 2054
871 2069
871 2364
871 2430
871 2848
871 2916
871 3170
871 3181
871 3430
871 3649
871 3701
871 3936
871 4344
871 4393
871 4407
872 934
872 1099
872 1381
872 1427
872 1692
872 1722
872 2230
872 2389
872 2508
872 2553
872 2588
872 2637
872 3153
872 3349
872 3494
872 3611
872 4048
872 4259
872 4385
872 4444
872 4600
872 4610
872 4774
872 4882
873 953
873 1076
873 1217
873 1262
873 1394
873 1511
873 1660
873 1884
873 2004
873 2253
873 2300
873 2495
873 2581
873 2623
873 2704
873 2790
873 2809
873 2823
873 3202
873 3204
873 3568
873 3600
873 3675
873 3932
873 4089
873 4157
873 4397
873 4655
874 1411
874 1463
874 1665
874 1736
874 2239
874 2374
874 2511
874 2729
874 2849
874 2878
874 2923
874 2925
874 2952
874 3342
874 3741
874 3764
874 3875
874 4005
874 4106
874 4311
874 4312
874 4422
874 4584
874 4788
874 4804
874 4876
875 1033
875 1269
875 1310
875 1329
875 1349
875 2133
875 2163
875 2373
875 2698
875 2880
875 2929
875 2969
875 3068
875 3148
875 3358
875 3396
875 3499
875 3507
875 3599
875 3737
875 3858
875 3873
875 4000
875 4002
875 4108
875 4203
875 4416
875 4740
875 4757
875 4970
876 879
876 1094
876 1188
876 1314
876 1427
876 1555
876 1795
876 2054
876 2392
876 2438
876 2610
876 2818
876 3388
876 3440
876 3457
876 3792
876 4001
876 4164
876 4396
876 4410
876 4418
876 4556
876 4904
877 955
877 1223
877 1340
877 1540
877 1806
877 2137
877 2146
877 2459
877 2557
877 3069
877 3183
877 3248
877 3336
877 3532
877 3572
877 3720
877 3766
877 3904
877 3971
877 4084
877 4139
877 4283
877 4421
877 4724
877 4914
878 965
878 971
878 1388
878 1548
878 1568
878 1751
878 1806
878 1871
878 2435
878 2740
878 2828
878 3100
878 3216
878 3716
878 3924
878 4021
878 4054
878 4130
878 4216
878 4282
878 4388
878 4672
878 4831
878 4885
879 939
879 1067
879 1360
879 1776
879 1915
879 2038
879 2044
879 2092
879 2315
879 2486
879 2670
879 2754
879 2820
879 2954
879 3665
879 3785
879 3880
879 3998
879 4028
879 4419
879 4453
879 4480
879 4510
879 4550
879 4682
880 1101
880 1133
880 1316
880 1449
880 1471
880 1536
880 1616
880 1827
880 1914
880 1949
880 2001
880 2143
880 2679
880 2876
880 2939
880 3101
880 3287
880 3349
880 3629
880 3638
880 3848
880 4423
880 4480
880 4509
880 4585
880 4590
880 4895
881 968
881 969
881 1076
881 1103
881 1136
881 1249
881 1304
881 1575
881 1863
881 2005
881 2247
881 2393
881 2846
881 2952
881 3070
881 3172
881 3280
881 3937
881 3942
881 3958
881 4097
881 4139
881 4278
881 4467
881 4872
882 992
882 1025
882 1385
882 1436
882 1455
882 1703
882 2021
882 2055
882 2555
882 2835
882 3098
882 3654
882 3788
882 3913
882 3940
882 4110
882 4200
882 4236
882 4399
882 4437
882 4489
883 1182
883 1195
883 1408
883 1531
883 1554
883 1565
883 1601
883 1667
883 1753
883 1917
883 1946
883 2089
883 2148
883 2248
883 2375
883 2486
883 2714
883 2798
883 3268
883 3583
883 3675
883 3936
883 3939
883 3950
883 4154
883 4316
883 4406
883 4767
884 1017
884 1284
884 1474
884 1557
884 1600
884 2071
884 2322
884 2417
884 2567
884 2757
884 3345
884 3480
884 3527
884 4070
884 4321
884 4587
884 4664
885 1025
885 1185
885 1320
885 1451
885 1535
885 1693
885 2192
885 2219
885 2358
885 2410
885 2776
885 2977
885 2986
885 3198
885 3520
885 3532
885 3622
885 3787
885 3922
885 4055
885 4510
885 4534
885 4805
886 938
886 1231
886 1809
886 2030
886 2082
886 2268
886 2445
886 2529
886 2823
886 3668
886 4031
886 4144
886 4260
886 4608
886 4855
886 4918
887 909
887 922
887 1139
887 1414
887 2135
887 2138
887 2188
887 2621
887 2928
887 3318
887 3527
887 3701
887 3768
887 3982
887 4021
887 4071
887 4083
887 4461
887 4622
887 4629
887 4712
888 1092
888 1232
888 1454
888 1517
888 1685
888 1868
888 1903
888 1922
888 1931
888 2013
888 2374
888 2609
888 2715
888 2754
888 2761
888 2809
888 2922
888 3296
888 3483
888 3620
888 3675
888 3874
888 4216
888 4279
888 4391
888 4520
888 4521
888 4659
888 4863
889 1285
889 1528
889 1610
889 1844
889 1887
889 1968
889 2241
889 2262
889 2431
889 2892
889 2957
889 3017
889 3420
889 3567
889 3835
889 3868
889 3925
889 4035
889 4199
889 4481
889 4672
889 4771
889 4967
890 1116
890 1195
890 1236
890 1596
890 1636
890 1644
890 1719
890 2042
890 2140
890 2197
890 2235
890 2450
890 2500
890 2574
890 2648
890 2736
890 2832
890 3054
890 3140
890 3196
890 3283
890 3482
890 3491
890 3628
890 3846
890 4258
890 4440
890 4684
890 4747
891 1053
891 1259
891 1303
891 1355
891 1417
891 1552
891 1733
891 1861
891 2013
891 2022
891 2732
891 3304
891 3340
891 3381
891 3614
891 3710
891 3741
891 4135
891 4203
891 4364
891 4464
891 4525
891 4535
891 4646
891 4751
891 4827
892 989
892 1152
892 1379
892 1610
892 1915
892 2122
892 2267
892 2291
892 2369
892 2436
892 2615
892 2663
892 2824
892 2875
892 2889
892 3035
892 3229
892 3366
892 3491
892 3511
892 3593
892 3602
892 3666
892 4102
892 4679
892 4789
892 4822
893 940
893 1033
893 1081
893 1119
893 1258
893 1290
893 1291
893 1973
893 2158
893 2186
893 2255
893 2334
893 2479
893 2958
893 3319
893 3577
893 3588
893 3684
893 3964
893 4379
893 4384
893 4774
893 4809
894 898
894 1001
894 1430
894 1786
894 2117
894 2213
894 2455
894 2706
894 2858
894 2955
894 3150
894 3226
894 3704
894 3838
894 3842
894 3844
894 3976
894 3996
894 4002
894 4006
894 4047
894 4071
894 4463
894 4975
895 971
895 1033
895 1183
895 1247
895 1259
895 1309
895 1329
895 1802
895 1830
895 1922
895 2224
895 2400
895 2413
895 2429
895 3377
895 3491
895 3717
895 4175
895 4202
895 4337
895 4655
896 942
896 1384
896 1549
896 1904
896 1956
896 1977
896 2002
896 2348
896 2405
896 2902
896 2916
896 3083
896 3554
896 3586
896 3626
896 3634
896 3829
896 3930
896 4003
896 4619
897 1409
897 1756
897 1913
897 2045
897 2393
897 2765
897 2886
897 2956
897 2976
897 3065
897 3095
897 3774
897 4022
897 4025
897 4174
897 4306
897 4412
897 4689
897 4756
898 1108
898 1135
898 1271
898 1676
898 1756
898 1799
898 1812
898 1851
898 2194
898 2389
898 2461
898 2550
898 2619
898 2667
898 2826
898 2871
898 2876
898 2914
898 2929
898 2958
898 3293
898 3533
898 3590
898 3687
898 3845
898 3946
898 4006
898 4285
898 4299
898 4471
898 4636
898 4685
898 4744
899 1383
899 1528
899 1784
899 1792
899 1794
899 1814
899 1906
899 2321
899 2385
899 2397
899 2465
899 2616
899 2628
899 2836
899 3102
899 3207
899 3234
899 3288
899 3610
899 3968
899 4225
899 4604
899 4780
899 4884
900 955
900 1001
900 1334
900 1417
900 1484
900 1866
900 1945
900 2033
900 2123
900 2374
900 2546
900 2612
900 2683
900 2909
900 2953
900 3637
900 3694
900 3840
900 3890
900 3995
900 4166
900 4205
901 1831
901 1935
901 2061
901 2234
901 2299
901 2485
901 2549
901 2554
901 2581
901 2787
901 2888
901 3420
901 3550
901 3809
901 3934
901 3975
901 3990
901 4019
901 4256
901 4344
901 4640
901 4796
902 1035
902 1038
902 1072
902 1280
902 1499
902 1604
902 2077
902 2092
902 2386
902 2397
902 2510
902 2586
902 2611
902 2722
902 2812
902 2911
902 3033
902 3048
902 3299
902 3345
902 3384
902 3603
902 3792
902 4111
902 4220
902 4292
902 4478
902 4653
902 4759
902 4837
902 4943
903 1188
903 1252
903 1450
903 1945
903 2064
903 2225
903 2241
903 2622
903 2757
903 2863
903 2905
903 3089
903 3414
903 3427
903 3724
903 3913
903 3946
903 3997
903 4003
903 4068
903 4207
903 4223
903 4772
904 1144
904 1211
904 1525
904 1650
904 2086
904 2480
904 2563
904 3136
904 3164
904 3230
904 3346
904 3422
904 3757
904 3843
904 3930
904 3957
904 4045
904 4100
904 4174
904 4277
904 4350
904 4413
904 4528
904 4576
904 4702
904 4764
905 1078
905 1347
905 1466
905 1728
905 1786
905 1812
905 1848
905 1915
905 2080
905 2246
905 2527
905 2574
905 2599
905 2701
905 2754
905 3326
905 3327
905 3363
905 3439
905 3744
905 3930
905 4149
905 4326
905 4521
905 4807
906 987
906 1367
906 1374
906 1460
906 1757
906 2026
906 2125
906 2209
906 2253
906 2307
906 2432
906 2546
906 2550
906 2696
906 2737
906 2767
906 2901
906 2906
906 2913
906 3240
906 3424
906 3557
906 3865
906 4237
906 4474
906 4497
906 4513
906 4916
906 4973
907 922
907 956
907 1088
907 1157
907 1252
907 1350
907 1578
907 1753
907 1972
907 2271
907 2282
907 2663
907 2804
907 3707
907 3951
907 4056
907 4082
907 4142
907 4729
907 4741
908 957
908 1077
908 1096
908 1195
908 2067
908 2310
908 2359
908 2458
908 2899
908 3064
908 3119
908 3225
908 3247
908 3274
908 3341
908 3437
908 3634
908 3696
908 4053
908 4106
908 4456
908 4543
908 4666
908 4750
908 4818
909 1012
909 1013
909 1068
909 1172
909 1249
909 1353
909 1617
909 1890
909 2122
909 2222
909 3149
909 3456
909 3618
909 3904
909 4071
909 4422
909 4947
910 1190
910 1264
910 1278
910 1540
910 1588
910 1672
910 1863
910 2344
910 2651
910 2818
910 2946
910 2955
910 3076
910 3166
910 3305
910 3344
910 3391
910 3468
910 3600
910 3687
910 3724
910 3755
910 3997
910 4445
910 4738
910 4829
910 4836
910 4896
911 915
911 961
911 970
911 1059
911 1351
911 1407
911 1442
911 1479
911 1744
911 1802
911 1822
911 1878
911 1933
911 2525
911 2708
911 2773
911 2944
911 3013
911 3091
911 3171
911 3172
911 3178
911 3656
911 3676
911 3710
911 3832
911 3933
912 1150
912 1151
912 1357
912 1360
912 1443
912 1867
912 1966
912 2030
912 2211
912 2251
912 2379
912 2441
912 2659
912 2853
912 3050
912 3081
912 3140
912 3181
912 3532
912 3560
912 3761
912 4019
912 4046
912 4256
912 4688
912 4702
912 4809
913 924
913 1017
913 1064
913 1200
913 1230
913 1401
913 1583
913 1695
913 1736
913 1766
913 1962
913 2003
913 2119
913 2638
913 2682
913 3019
913 3473
913 3524
913 3615
913 3887
913 4043
913 4189
913 4205
913 4485
913 4511
913 4590
913 4639
913 4719
913 4929
914 1080
914 1235
914 1341
914 1660
914 1723
914 2020
914 2253
914 2387
914 2889
914 3006
914 3112
914 3277
914 3659
914 3727
914 3904
914 4018
914 4350
914 4476
914 4718
914 4879
915 956
915 1474
915 1563
915 1605
915 1786
915 1795
915 1909
915 1910
915 1941
915 2161
915 2577
915 2612
915 3109
915 3152
915 3166
915 3182
915 3492
915 3604
915 3632
915 3694
915 3851
915 3885
915 3948
915 4106
915 4205
915 4386
915 4566
915 4694
915 4922
916 1008
916 1286
916 1420
916 1467
916 1475
916 1541
916 1582
916 1705
916 1875
916 2148
916 2353
916 2457
916 2938
916 3235
916 3283
916 3357
916 3671
916 3865
916 3948
916 4098
916 4102
916 4147
916 4268
916 4370
916 4483
916 4652
916 4655
916 4731
916 4748
916 4829
916 4970
917 921
917 978
917 1201
917 1259
917 1276
917 1541
917 1548
917 1613
917 1623
917 1849
917 2287
917 2511
917 2918
917 3120
917 3177
917 3388
917 3452
917 3700
917 3896
917 4398
917 4669
917 4793
917 4829
918 1163
918 1295
918 1341
918 1370
918 1493
918 1826
918 2086
918 2162
918 2298
918 2438
918 2520
918 2621
918 2977
918 3363
918 3367
918 3443
918 3502
918 3856
918 3941
918 4033
918 4325
918 4538
918 4543
918 4689
918 4720
918 4793
918 4936
919 1088
919 1144
919 1185
919 1445
919 1492
919 1707
919 2021
919 2261
919 2393
919 2463
919 2685
919 2892
919 2915
919 3615
919 3617
919 3672
919 3953
919 4136
919 4236
919 4353
919 4373
919 4427
919 4677
919 4775
919 4778
919 4794
919 4898
919 4930
920 985
920 1196
920 1411
920 1513
920 1571
920 1665
920 1677
920 1744
920 1849
920 1862
920 1948
920 2162
920 2185
920 2588
920 2636
920 2969
920 2983
920 3125
920 3277
920 3522
920 3658
920 3661
920 3950
920 4018
920 4257
920 4303
920 4398
920 4957
921 1004
921 1266
921 1305
921 1963
921 2251
921 2641
921 2962
921 3190
921 3499
921 3541
921 3555
921 3678
921 3911
921 4216
921 4217
921 4247
921 4284
921 4308
921 4338
921 4524
921 4584
921 4839
921 4924
921 4930
922 1119
922 1309
922 1381
922 1591
922 1603
922 1618
922 1658
922 2002
922 2258
922 2380
922 2416
922 2562
922 2594
922 2676
922 2729
922 2784
922 2802
922 2867
922 2962
922 2964
922 2989
922 3109
922 3182
922 3203
922 3660
922 4051
922 4670
922 4750
923 1045
923 1183
923 1571
923 1768
923 1880
923 1921
923 2070
923 2325
923 2340
923 2376
923 3077
923 3149
923 3418
923 3485
923 3589
923 3729
923 3770
923 3780
923 3845
923 3850
923 4492
924 958
924 1130
924 1302
924 1522
924 1552
924 1807
924 2738
924 2974
924 3123
924 3199
924 3218
924 3277
924 3335
924 3558
924 3594
924 3635
924 3649
924 3703
924 3792
924 3964
924 4161
924 4524
924 4693
924 4774
924 4855
924 4882
925 947
925 992
925 1113
925 1454
925 1460
925 1529
925 1836
925 2003
925 2019
925 2492
925 2563
925 2947
925 3047
925 3164
925 3662
925 3958
925 4046
925 4064
925 4353
925 4401
925 4488
925 4519
925 4705
925 4833
926 962
926 1010
926 1300
926 1432
926 1456
926 1639
926 1647
926 1897
926 1999
926 2131
926 2135
926 2176
926 2308
926 2501
926 2549
926 2734
926 3030
926 3335
926 3392
926 3783
926 4039
926 4045
926 4246
926 4248
926 4402
926 4412
926 4822
926 4982
927 1587
927 1605
927 1616
927 1941
927 1996
927 2062
927 2095
927 2112
927 2242
927 2517
927 2629
927 3230
927 3541
927 3744
927 3983
927 4140
927 4202
927 4214
927 4321
927 4559
927 4708
927 4731
927 4917
928 949
928 979
928 1104
928 1311
928 1648
928 2017
928 2100
928 2133
928 2134
928 2824
928 2974
928 3049
928 3662
928 3811
928 4092
928 4115
928 4247
928 4526
929 1045
929 1106
929 1156
929 1664
929 1826
929 2156
929 2260
929 2345
929 2639
929 2718
929 2938
929 2971
929 3146
929 3315
929 3688
929 4256
929 4319
929 4411
929 4706
929 4910
930 982
930 1064
930 1241
930 1496
930 1538
930 1666
930 1812
930 1847
930 1936
930 1953
930 2053
930 2087
930 2108
930 2132
930 2192
930 2229
930 2595
930 2767
930 2910
930 3023
930 3329
930 3380
930 3460
930 3600
930 3601
930 3621
930 3677
930 3885
930 3976
930 4074
930 4420
930 4574
930 4615
930 4645
930 4817
930 4968
931 984
931 997
931 1102
931 1184
931 1304
931 1532
931 1784
931 1906
931 1913
931 2249
931 2263
931 2362
931 2368
931 2379
931 2381
931 2555
931 2742
931 2816
931 2902
931 2908
931 2988
931 3019
931 3048
931 3454
931 3509
931 3514
931 3698
931 3752
931 4038
931 4059
931 4285
931 4670
931 4877
931 4893
932 959
932 1054
932 1212
932 1250
932 1397
932 1478
932 1856
932 2050
932 2096
932 2210
932 2330
932 2429
932 2494
932 2603
932 2640
932 2793
932 3606
932 3679
932 3874
932 3981
932 3984
932 4012
932 4122
932 4167
932 4193
932 4210
932 4302
932 4415
932 4474
932 4809
932 4844
933 995
933 1051
933 1068
933 1196
933 1211
933 1758
933 2036
933 2102
933 2111
933 2618
933 2657
933 2750
933 2861
933 3194
933 3204
933 3241
933 3447
933 3556
933 3630
933 3638
933 3684
933 4052
933 4132
933 4237
933 4307
933 4313
933 4325
933 4499
933 4733
933 4858
933 4921
934 1190
934 1320
934 1406
934 1463
934 1572
934 1738
934 2165
934 2192
934 2294
934 2644
934 3077
934 3252
934 3483
934 3633
934 4616
934 4697
934 4881
934 4934
935 1032
935 1305
935 1638
935 1755
935 1788
935 1815
935 1894
935 1921
935 2023
935 2178
935 2266
935 2324
935 2446
935 2724
935 2948
935 2964
935 3189
935 3219
935 3271
935 3313
935 3373
935 3403
935 3452
935 3598
935 4160
935 4251
935 4460
935 4975
936 1074
936 1343
936 1536
936 1678
936 1793
936 1825
936 2255
936 2640
936 2946
936 3731
936 3776
936 3797
936 3870
936 3913
936 4007
936 4130
936 4131
936 4248
936 4482
936 4507
936 4527
936 4542
936 4574
936 4858
936 4862
936 4928
937 1252
937 1382
937 1400
937 1555
937 2063
937 2763
937 2790
937 3067
937 3128
937 3518
937 3836
937 3969
937 3986
937 4165
937 4226
937 4247
937 4510
937 4537
937 4694
937 4720
937 4759
937 4794
937 4918
938 1224
938 1264
938 1371
938 1452
938 1587
938 1714
938 1894
938 2112
938 3609
938 3614
938 3689
938 3817
938 3855
938 3999
938 4057
938 4552
938 4580
938 4659
938 4844
939 1059
939 1420
939 1446
939 1652
939 1684
939 1962
939 2017
939 2150
939 2208
939 2449
939 2804
939 3002
939 3171
939 3379
939 3455
939 3844
939 4150
940 999
940 1046
940 1153
940 1164
940 1361
940 1829
940 1897
940 2006
940 2136
940 2424
940 2578
940 2754
940 2926
940 2985
940 3099
940 3232
940 3324
940 3732
940 4010
940 4085
940 4108
940 4420
940 4457
940 4822
940 4845
940 4939
941 979
941 1316
941 1446
941 1578
941 1740
941 1950
941 2191
941 2531
941 2569
941 2616
941 2766
941 2956
941 3123
941 3250
941 3481
941 3484
941 3732
941 3752
941 3764
941 3789
941 4002
941 4055
941 4173
941 4236
941 4331
941 4366
941 4564
941 4567
941 4592
941 4800
941 4907
942 944
942 1055
942 1256
942 1343
942 1399
942 1473
942 1685
942 1865
942 2030
942 2227
942 2855
942 2867
942 2879
942 2964
942 3179
942 3447
942 3514
942 3520
942 3649
942 3962
942 4102
942 4174
942 4177
942 4313
942 4427
942 4607
942 4853
943 1038
943 1130
943 1150
943 1673
943 1872
943 1903
943 2324
943 2380
943 2431
943 2475
943 2794
943 2942
943 2999
943 3031
943 3137
943 3140
943 3355
943 3669
943 3734
943 3931
943 3940
943 4367
943 4536
943 4719
944 1403
944 1451
944 1675
944 1981
944 2081
944 2109
944 2206
944 2235
944 2250
944 2514
944 2579
944 2595
944 2721
944 2759
944 2924
944 2951
944 3101
944 3253
944 3310
944 3890
944 3980
944 4033
944 4261
944 4609
944 4630
944 4695
944 4948
945 1141
945 1235
945 1372
945 1788
945 1805
945 2128
945 2136
945 2518
945 2882
945 3370
945 3645
945 3708
945 3728
945 4447
945 4451
945 4477
945 4821
945 4829
945 4838
945 4887
945 4968
946 1063
946 1164
946 1171
946 1238
946 1294
946 1874
946 2307
946 2513
946 2534
946 2616
946 2705
946 2956
946 3100
946 3366
946 3452
946 3941
946 3956
946 3962
946 4295
946 4323
946 4369
946 4498
946 4628
946 4915
946 4982
947 983
947 1161
947 1492
947 1597
947 1754
947 1942
947 2062
947 2069
947 2116
947 2211
947 2470
947 2561
947 3091
947 3348
947 3383
947 3433
947 3787
947 3867
947 4021
947 4411
947 4493
947 4546
947 4664
947 4686
947 4798
947 4854
947 4878
947 4924
947 4962
948 973
948 975
948 1063
948 1123
948 1380
948 1431
948 1522
948 1662
948 1765
948 1986
948 2082
948 2162
948 2211
948 2326
948 2466
948 2501
948 2731
948 2785
948 2943
948 2978
948 3178
948 3614
948 3896
948 3913
948 3980
948 3981
948 4021
948 4109
948 4133
948 4193
948 4230
948 4332
948 4554
948 4795
948 4915
949 1387
949 1395
949 1642
949 2182
949 2286
949 2385
949 2522
949 2527
949 2572
949 2763
949 3007
949 3017
949 3186
949 3195
949 3205
949 3288
949 3436
949 3484
949 3540
949 3665
949 3669
949 4070
949 4235
949 4347
949 4485
949 4687
950 1263
950 1285
950 1287
950 1376
950 1487
950 1498
950 1928
950 2063
950 2097
950 2114
950 2131
950 2520
950 3112
950 3161
950 3556
950 3853
950 4129
950 4179
950 4588
951 1204
951 1291
951 1375
951 1616
951 1652
951 1866
951 1922
951 1935
951 2041
951 2156
951 2206
951 2376
951 2415
951 2451
951 2654
951 3133
951 3257
951 3393
951 3425
951 3732
951 3792
951 3860
951 4206
951 4212
951 4282
951 4287
951 4501
951 4680
952 1023
952 1396
952 1698
952 1966
952 1968
952 2261
952 2263
952 2267
952 2447
952 2941
952 3065
952 3089
952 3268
952 3573
952 3593
952 3650
952 3668
952 4146
952 4206
952 4277
952 4455
952 4520
952 4697
953 1095
953 1288
953 1297
953 1356
953 1462
953 1618
953 1646
953 1794
953 2301
953 2399
953 2404
953 2480
953 2631
953 2632
953 2702
953 3051
953 3131
953 3225
953 3253
953 3386
953 3619
953 3977
953 4062
953 4175
953 4221
953 4613
953 4920
953 4950
953 4974
954 1045
954 1343
954 1396
954 1424
954 1494
954 1611
954 1712
954 2351
954 2383
954 2605
954 2719
954 3057
954 3095
954 3596
954 3795
954 3838
954 3915
954 4001
954 4099
954 4633
954 4709
954 4739
954 4886
955 1076
955 1338
955 1522
955 1894
955 2016
955 2089
955 2315
955 2363
955 2462
955 2516
955 2590
955 2994
955 3127
955 3763
955 3892
955 3942
955 4099
955 4248
955 4273
955 4433
955 4576
955 4653
955 4746
955 4805
956 1060
956 1192
956 1409
956 1624
956 1629
956 1740
956 2068
956 2101
956 2561
956 2779
956 2933
956 3312
956 3436
956 4188
956 4230
956 4243
956 4244
956 4361
956 4424
956 4622
957 971
957 1042
957 1089
957 1192
957 1500
957 1643
957 1656
957 1686
957 1742
957 1788
957 1877
957 2088
957 2139
957 2515
957 2933
957 3173
957 3177
957 3269
957 3400
957 3683
957 3736
957 3824
957 3888
957 4322
957 4630
957 4976
958 1091
958 1169
958 1227
958 1250
958 1793
958 1862
958 1955
958 1961
958 1976
958 2200
958 2212
958 2330
958 2418
958 2607
958 2659
958 2671
958 2885
958 2893
958 3077
958 3226
958 3608
958 3692
958 3808
958 3927
958 4072
958 4425
958 4732
959 1003
959 1022
959 1119
959 1238
959 1243
959 1252
959 1289
959 1364
959 2035
959 2274
959 2310
959 2482
959 2534
959 2678
959 3228
959 3408
959 3562
959 3787
959 4248
959 4364
959 4381
959 4636
959 4862
959 4949
960 1051
960 1089
960 1194
960 1305
960 1381
960 1732
960 1760
960 1861
960 1889
960 1934
960 1951
960 2103
960 2159
960 2194
960 2582
960 2828
960 3053
960 3461
960 3627
960 3643
960 3666
960 3707
960 3745
960 3768
960 4019
960 4137
960 4187
960 4253
960 4407
960 4639
960 4685
960 4904
961 1457
961 1494
961 1712
961 1739
961 1830
961 2307
961 2394
961 2451
961 2506
961 2723
961 2795
961 2930
961 3157
961 3228
961 3411
961 3423
961 3482
961 3644
961 3967
961 3988
961 4087
961 4333
961 4432
961 4453
961 4502
961 4518
961 4656
961 4834
962 976
962 1090
962 1846
962 1968
962 2591
962 2729
962 2737
962 2812
962 2830
962 3297
962 3384
962 3803
962 3987
962 4170
962 4524
962 4921
963 1034
963 1218
963 1238
963 1311
963 1654
963 1655
963 1874
963 1899
963 2097
963 2546
963 3227
963 3237
963 3318
963 3596
963 3955
963 4494
963 4513
963 4624
963 4811
963 4853
963 4865
964 1075
964 1485
964 1806
964 2028
964 2201
964 2546
964 2689
964 2951
964 3215
964 3316
964 3403
964 3555
964 3580
964 4031
964 4053
964 4208
964 4279
964 4280
964 4433
964 4461
964 4861
964 4879
964 4956
964 4987
965 1082
965 1382
965 1419
965 1612
965 1680
965 1715
965 1789
965 2250
965 2711
965 3936
965 3968
965 4001
965 4174
965 4237
965 4248
965 4293
965 4351
965 4540
965 4719
966 993
966 1175
966 1558
966 1737
966 1894
966 1953
966 2084
966 2137
966 2250
966 2355
966 2739
966 2757
966 2927
966 2939
966 3020
966 3274
966 3306
966 3416
966 3497
966 3659
966 3817
966 3873
966 3938
966 4155
966 4353
966 4594
966 4966
967 1138
967 1509
967 1550
967 2073
967 2261
967 2304
967 2384
967 2504
967 2603
967 2646
967 2648
967 2707
967 2803
967 2977
967 2986
967 2996
967 3437
967 3824
967 3884
967 3963
967 4078
967 4472
967 4507
967 4637
967 4870
968 1167
968 1309
968 1453
968 1688
968 1742
968 1980
968 2001
968 2210
968 2280
968 2322
968 2432
968 2468
968 2522
968 2652
968 2942
968 3056
968 3376
968 3564
968 3787
968 4552
968 4629
968 4634
968 4669
969 1035
969 1036
969 1255
969 1276
969 1454
969 1652
969 1725
969 1891
969 2381
969 2427
969 2695
969 2806
969 2891
969 3089
969 3372
969 3398
969 3441
969 3539
969 3570
969 3834
969 3946
969 4071
969 4374
969 4478
969 4583
969 4643
969 4856
969 4918
970 1152
970 1155
970 1158
970 1240
970 1321
970 1696
970 1896
970 1904
970 2023
970 2240
970 2397
970 2606
970 2907
970 2924
970 3223
970 3277
970 3393
970 3484
970 3633
970 4260
970 4293
970 4296
970 4387
970 4621
970 4778
971 1174
971 1232
971 1360
971 1428
971 1546
971 1633
971 1873
971 2066
971 2118
971 2193
971 2208
971 2455
971 2681
971 2685
971 3083
971 3568
971 3593
971 3834
971 3924
971 4034
971 4097
971 4098
971 4326
971 4559
971 4623
971 4894
972 1068
972 1291
972 1741
972 1764
972 1767
972 1843
972 2366
972 2389
972 2634
972 2688
972 2852
972 2927
972 2996
972 3165
972 3221
972 3511
972 3558
972 3705
972 3765
972 4016
972 4469
972 4491
972 4754
972 4973
973 1041
973 1198
973 1454
973 1629
973 1781
973 1849
973 2099
973 2116
973 2142
973 2382
973 2513
973 2521
973 2631
973 3063
973 3237
973 3339
973 3749
973 3824
973 3894
973 4624
973 4745
973 4770
974 1095
974 1204
974 1215
974 1261
974 1316
974 1668
974 1919
974 2169
974 2217
974 2340
974 2460
974 2549
974 2561
974 2658
974 2660
974 2679
974 2792
974 3191
974 3251
974 3419
974 3522
974 4010
974 4054
974 4331
974 4412
974 4544
975 1538
975 1621
975 1732
975 1856
975 2003
975 2498
975 2613
975 2619
975 2679
975 2733
975 2931
975 3146
975 3162
975 3205
975 3206
975 3214
975 3253
975 3444
975 3546
975 3732
975 3802
975 3819
975 3875
975 3924
975 4033
975 4270
975 4347
975 4451
975 4476
975 4635
975 4668
976 991
976 1136
976 1170
976 1194
976 1347
976 1366
976 1388
976 1587
976 1588
976 1856
976 2104
976 2137
976 2343
976 2509
976 2725
976 2986
976 3372
976 3429
976 3874
976 4123
976 4238
976 4461
976 4544
976 4676
976 4715
976 4763
977 1058
977 1357
977 1458
977 1554
977 1602
977 1840
977 2088
977 2265
977 2498
977 2660
977 2807
977 3040
977 3399
977 3516
977 3546
977 3568
977 3849
977 3850
977 3989
977 4196
977 4268
977 4328
977 4333
977 4635
977 4643
977 4863
977 4947
978 1060
978 1077
978 1621
978 1825
978 2828
978 2862
978 2993
978 3027
978 3088
978 3358
978 3474
978 3823
978 4161
978 4480
978 4547
978 4579
978 4710
978 4767
978 4815
978 4957
979 1003
979 1010
979 1066
979 1115
979 1223
979 1270
979 1328
979 1530
979 1626
979 1671
979 1710
979 1914
979 2238
979 2517
979 2612
979 2907
979 3093
979 3240
979 3244
979 3288
979 3431
979 3476
979 3611
979 3792
979 3801
979 3969
979 4295
979 4328
979 4412
979 4531
979 4612
979 4787
979 4883
980 1333
980 1403
980 1552
980 2048
980 2050
980 2133
980 2405
980 2413
980 2979
980 3066
980 3110
980 3166
980 3257
980 4051
980 4082
980 4094
980 4544
980 4552
980 4625
980 4753
980 4793
980 4811
980 4885
981 1060
981 1147
981 1439
981 1619
981 1805
981 2021
981 2171
981 2173
981 2327
981 2505
981 2564
981 2704
981 2720
981 2775
981 2872
981 3085
981 3392
981 3397
981 3437
981 3666
981 3672
981 3789
981 3837
981 3861
981 4138
981 4299
981 4510
982 1024
982 1204
982 1248
982 1316
982 1335
982 1395
982 1455
982 1499
982 1672
982 1673
982 1679
982 1715
982 1820
982 1909
982 2096
982 2209
982 2244
982 2496
982 2712
982 2744
982 2839
982 2889
982 3093
982 3498
982 3802
982 3869
982 4414
982 4609
982 4666
982 4949
982 4958
983 1242
983 1264
983 1707
983 1875
983 1940
983 1963
983 2016
983 2086
983 2144
983 2168
983 2191
983 2491
983 2497
983 2849
983 3529
983 3779
983 3785
983 4117
983 4225
983 4307
983 4338
983 4574
983 4663
983 4702
983 4943
984 1062
984 1292
984 1376
984 1398
984 1692
984 1788
984 1907
984 1989
984 2423
984 2678
984 2716
984 2732
984 2872
984 3050
984 3104
984 3384
984 3696
984 3803
984 3807
984 4016
984 4184
984 4442
984 4786
984 4936
985 1256
985 1413
985 1469
985 1585
985 1642
985 1657
985 1775
985 1932
985 2440
985 2502
985 2613
985 2696
985 2998
985 3140
985 3351
985 3367
985 3385
985 4104
985 4287
985 4602
985 4633
985 4664
985 4764
985 4816
985 4853
985 4856
985 4871
986 991
986 1430
986 1511
986 1652
986 1705
986 1725
986 1877
986 1929
986 2075
986 2155
986 2170
986 2301
986 2306
986 2338
986 2355
986 3024
986 3155
986 3235
986 3471
986 3794
986 3838
986 3881
986 3893
986 4164
986 4615
986 4640
986 4766
986 4875
987 1011
987 1181
987 1713
987 2047
987 2176
987 2280
987 2555
987 2702
987 2935
987 3091
987 3230
987 3247
987 3579
987 3633
987 4115
987 4160
987 4413
987 4538
987 4543
987 4580
987 4896
987 4996
988 1403
988 1612
988 1614
988 1717
988 1733
988 1862
988 1933
988 1948
988 2270
988 2347
988 2522
988 2632
988 2780
988 2929
988 2961
988 3459
988 3622
988 3733
988 3983
988 4046
988 4186
988 4199
988 4259
988 4283
988 4349
988 4371
988 4746
988 4793
988 4802
989 1098
989 1121
989 1164
989 1188
989 1715
989 1739
989 1998
989 2391
989 2441
989 3114
989 3360
989 3395
989 3728
989 3763
989 3794
989 3816
989 4462
989 4484
989 4673
989 4680
989 4712
989 4743
989 4746
989 4770
989 4850
990 1126
990 1205
990 1442
990 1501
990 1702
990 1865
990 2121
990 2177
990 2282
990 2335
990 2404
990 2776
990 2940
990 2943
990 3049
990 3058
990 3168
990 3709
990 3829
990 4270
990 4437
990 4525
990 4552
990 4808
990 4904
990 4945
990 4986
991 1089
991 1591
991 1592
991 1629
991 1635
991 1672
991 1760
991 1827
991 1884
991 2265
991 2365
991 2881
991 2945
991 3038
991 3050
991 3056
991 3074
991 3766
991 4068
991 4093
991 4352
991 4443
991 4593
991 4844
991 4935
992 1106
992 1252
992 1321
992 1494
992 1581
992 1606
992 2594
992 2669
992 2781
992 2859
992 3010
992 3131
992 3343
992 3525
992 3567
992 3747
992 3801
992 3927
992 3951
992 4084
992 4122
992 4216
992 4236
992 4345
992 4576
992 4590
992 4795
992 4901
992 4983
993 1035
993 1383
993 1660
993 1784
993 1940
993 2331
993 2393
993 2745
993 2867
993 2954
993 3352
993 3671
993 4032
993 4089
993 4474
993 4485
993 4495
993 4514
993 4728
993 4825
994 1006
994 1282
994 1349
994 1726
994 1835
994 1947
994 2032
994 2396
994 2426
994 2482
994 2527
994 2899
994 2942
994 2972
994 3086
994 3096
994 3144
994 3277
994 3466
994 3543
994 3639
994 3807
994 3953
994 4366
994 4374
994 4543
994 4658
995 1101
995 1103
995 1230
995 1765
995 1840
995 2022
995 2080
995 2347
995 2378
995 2533
995 2605
995 2924
995 3052
995 3465
995 3656
995 3755
995 4134
995 4147
995 4978
996 1092
996 1132
996 1212
996 1260
996 1356
996 1377
996 1440
996 1577
996 1940
996 1942
996 2112
996 2381
996 2494
996 2579
996 2676
996 2713
996 2715
996 2797
996 2821
996 2900
996 3047
996 3478
996 3661
996 3669
996 3697
996 3752
996 3768
996 3816
996 3943
996 4033
996 4099
996 4330
996 4340
996 4696
996 4890
997 1308
997 1717
997 1869
997 1930
997 1944
997 2288
997 2360
997 2417
997 2431
997 2455
997 2631
997 3311
997 3464
997 3481
997 3858
997 4043
997 4356
997 4389
997 4417
997 4760
997 4768
998 1138
998 1302
998 2309
998 2323
998 2339
998 2455
998 2831
998 2909
998 3163
998 3212
998 3489
998 3519
998 3612
998 3645
998 3705
998 3929
998 4290
998 4774
998 4876
998 4974
999 1002
999 1056
999 1367
999 1626
999 1926
999 2305
999 2346
999 2512
999 2699
999 2793
999 2975
999 3295
999 3296
999 3364
999 3602
999 3640
999 4056
999 4516
999 4653
999 4729
999 4923
1000 1278
1000 1336
1000 1354
1000 1471
1000 2167
1000 2209
1000 2279
1000 2337
1000 2553
1000 2581
1000 2672
1000 2735
1000 2745
1000 2776
1000 2838
1000 3167
1000 3537
1000 3589
1000 3755
1000 3852
1000 3925
1000 4053
1000 4181
1000 4330
1000 4569
1001 1198
1001 1213
1001 1232
1001 1634
1001 1721
1001 1772
1001 1971
1001 2257
1001 2493
1001 2608
1001 2639
1001 2728
1001 2864
1001 2990
1001 3347
1001 3527
1001 3554
1001 3675
1001 3698
1001 3720
1001 3886
1001 4047
1001 4051
1001 4477
1001 4612
1001 4998
1002 1158
1002 1303
1002 1515
1002 1646
1002 1658
1002 1792
1002 1982
1002 2075
1002 2294
1002 2688
1002 2699
1002 2888
1002 3315
1002 3501
1002 3684
1002 3686
1002 3895
1002 4058
1002 4218
1002 4283
1002 4294
1002 4440
1002 4457
1002 4784
1002 4831
1003 1175
1003 1281
1003 1502
1003 1676
1003 1934
1003 2225
1003 2305
1003 2443
1003 2614
1003 2686
1003 2749
1003 2837
1003 2963
1003 3431
1003 3703
1003 3873
1003 3926
1003 4222
1003 4284
1003 4373
1003 4431
1003 4567
1003 4633
1003 4720
1004 1066
1004 1070
1004 1654
1004 1718
1004 1948
1004 2095
1004 2119
1004 2271
1004 2289
1004 2477
1004 2611
1004 2801
1004 2834
1004 3087
1004 3145
1004 3359
1004 3753
1004 4635
1005 1167
1005 1490
1005 2085
1005 2252
1005 2385
1005 2387
1005 2592
1005 2668
1005 2744
1005 2772
1005 2842
1005 3170
1005 3238
1005 3262
1005 3425
1005 3735
1005 3838
1005 4056
1005 4067
1005 4173
1005 4192
1005 4404
1005 4425
1005 4644
1005 4893
1005 4922
1005 4948
1006 1012
1006 1363
1006 1866
1006 1870
1006 2049
1006 2444
1006 2593
1006 2638
1006 2839
1006 3289
1006 3557
1006 3565
1006 3620
1006 3682
1006 3695
1006 3753
1006 3802
1006 4204
1006 4250
1006 4460
1006 4482
1006 4523
1007 1348
1007 1677
1007 1938
1007 2126
1007 2261
1007 2379
1007 2518
1007 2704
1007 2737
1007 2996
1007 3093
1007 3105
1007 3233
1007 3397
1007 3632
1007 4035
1007 4060
1007 4108
1007 4135
1007 4226
1007 4247
1007 4289
1007 4710
1007 4891
1007 4937
1008 1159
1008 1326
1008 1357
1008 1568
1008 2002
1008 2098
1008 2323
1008 2335
1008 2355
1008 2444
1008 2781
1008 2849
1008 2999
1008 3464
1008 3630
1008 3778
1008 3870
1008 4153
1008 4303
1008 4381
1008 4451
1008 4822
1009 1166
1009 1511
1009 2074
1009 2408
1009 2492
1009 2663
1009 2689
1009 2752
1009 2968
1009 3157
1009 3187
1009 3270
1009 3359
1009 3408
1009 3449
1009 3495
1009 3722
1009 4365
1009 4478
1009 4538
1009 4656
1009 4752
1009 4999
1010 1233
1010 1311
1010 1359
1010 1540
1010 1580
1010 2073
1010 2246
1010 2316
1010 2612
1010 2654
1010 3080
1010 3450
1010 3725
1010 3779
1010 4009
1010 4249
1010 4304
1010 4448
1010 4527
1010 4682
1010 4706
1011 1219
1011 1689
1011 1857
1011 1929
1011 1982
1011 2019
1011 2123
1011 2129
1011 2194
1011 2364
1011 2443
1011 2488
1011 2831
1011 2990
1011 3206
1011 3222
1011 3271
1011 3311
1011 3608
1011 3635
1011 3780
1011 3925
1011 4082
1011 4128
1011 4131
1011 4261
1011 4666
1011 4797
1012 1710
1012 1778
1012 1892
1012 1965
1012 2187
1012 2459
1012 2464
1012 2561
1012 2834
1012 3111
1012 3529
1012 3573
1012 3682
1012 3808
1012 3814
1012 3985
1012 4143
1012 4210
1012 4499
1012 4759
1012 4913
1013 1050
1013 1096
1013 1325
1013 1383
1013 1616
1013 1805
1013 2016
1013 2254
1013 2258
1013 2629
1013 2631
1013 2693
1013 3089
1013 3361
1013 3564
1013 3827
1013 3916
1013 4217
1013 4530
1013 4556
1013 4671
1013 4856
1013 4900
1013 4917
1013 4970
1014 1126
1014 1244
1014 1940
1014 1979
1014 2066
1014 2123
1014 2144
1014 2193
1014 2195
1014 2477
1014 2483
1014 2671
1014 2739
1014 3013
1014 3763
1014 3966
1014 3990
1014 4067
1014 4436
1014 4537
1014 4555
1014 4946
1015 1154
1015 1239
1015 1272
1015 1343
1015 1423
1015 1453
1015 2065
1015 2187
1015 2412
1015 2439
1015 3648
1015 3764
1015 3783
1015 4008
1015 4166
1015 4186
1015 4519
1015 4561
1015 4972
1016 1215
1016 1219
1016 1257
1016 1432
1016 1797
1016 1943
1016 2060
1016 2249
1016 2344
1016 2351
1016 2384
1016 2694
1016 2788
1016 2869
1016 3276
1016 3618
1016 3686
1016 3861
1016 4192
1016 4264
1016 4387
1016 4566
1016 4603
1016 4997
1017 1097
1017 1183
1017 1775
1017 1828
1017 2090
1017 2234
1017 2652
1017 3267
1017 3510
1017 3601
1017 3705
1017 3742
1017 3748
1017 3928
1017 4186
1017 4244
1017 4350
1017 4535
1017 4956
1018 1171
1018 1173
1018 1414
1018 1511
1018 1532
1018 1540
1018 1607
1018 1694
1018 2018
1018 2033
1018 2287
1018 2325
1018 2333
1018 2695
1018 2924
1018 3049
1018 3160
1018 3377
1018 3411
1018 3419
1018 3554
1018 3772
1018 4283
1018 4371
1018 4853
1019 1303
1019 1483
1019 1493
1019 1779
1019 2030
1019 2067
1019 2091
1019 2418
1019 2556
1019 2635
1019 2788
1019 3066
1019 3218
1019 3231
1019 3391
1019 3819
1019 3849
1019 3871
1019 3952
1019 4133
1019 4382
1019 4539
1020 1130
1020 1199
1020 1205
1020 1470
1020 1537
1020 1558
1020 1780
1020 1808
1020 2247
1020 2312
1020 2333
1020 2606
1020 2658
1020 2964
1020 3096
1020 3257
1020 3501
1020 3512
1020 3643
1020 3663
1020 3674
1020 3768
1020 3943
1020 3994
1020 4283
1020 4287
1020 4542
1020 4585
1020 4686
1020 4951
1021 1022
1021 1056
1021 1065
1021 1186
1021 1217
1021 1586
1021 1888
1021 1960
1021 1976
1021 2202
1021 2205
1021 2280
1021 2435
1021 2635
1021 2650
1021 2859
1021 2907
1021 3282
1021 3599
1021 3984
1021 4247
1021 4261
1021 4432
1021 4668
1021 4940
1022 1141
1022 1194
1022 1245
1022 1263
1022 1393
1022 1483
1022 1660
1022 1705
1022 1954
1022 2193
1022 2284
1022 2604
1022 2618
1022 2763
1022 2799
1022 2811
1022 2833
1022 3326
1022 3335
1022 3584
1022 3806
1022 3975
1022 4058
1022 4079
1022 4090
1022 4425
1022 4453
1022 4661
1022 4694
1022 4804
1023 1188
1023 1297
1023 1392
1023 1464
1023 1704
1023 2163
1023 2244
1023 2466
1023 3349
1023 3442
1023 3467
1023 3468
1023 3480
1023 3517
1023 3518
1023 3634
1023 3650
1023 3957
1023 4136
1023 4205
1023 4283
1023 4500
1023 4962
1023 4998
1024 2745
1024 3018
1024 3289
1024 3440
1024 3481
1024 3529
1024 3693
1024 3743
1024 3791
1024 3819
1024 3862
1024 3873
1024 4132
1024 4187
1024 4206
1024 4253
1024 4471
1024 4700
1024 4746
1024 4839
1025 1066
1025 1122
1025 1153
1025 1399
1025 1774
1025 1958
1025 2223
1025 2269
1025 2482
1025 2866
1025 3250
1025 3276
1025 3748
1025 3840
1025 4099
1025 4274
1025 4461
1025 4791
1026 1082
1026 1291
1026 1489
1026 1513
1026 1792
1026 1911
1026 2442
1026 2478
1026 2486
1026 2520
1026 2871
1026 2875
1026 3161
1026 3612
1026 3791
1026 3829
1026 3945
1026 3950
1026 4037
1026 4700
1026 4791
1027 1079
1027 1329
1027 1360
1027 1453
1027 1456
1027 1511
1027 1565
1027 1981
1027 2120
1027 2413
1027 2675
1027 2695
1027 2850
1027 3041
1027 3173
1027 3403
1027 3728
1027 3770
1027 3794
1027 4176
1027 4198
1027 4343
1027 4418
1027 4628
1027 4717
1028 1226
1028 1320
1028 1910
1028 2111
1028 2140
1028 2329
1028 2524
1028 2576
1028 2604
1028 2964
1028 3017
1028 3216
1028 3266
1028 3417
1028 3481
1028 3540
1028 3551
1028 3569
1028 3577
1028 3659
1028 3802
1028 3864
1028 4279
1028 4289
1028 4585
1028 4625
1029 1034
1029 1035
1029 1048
1029 1296
1029 1320
1029 1510
1029 1526
1029 1725
1029 1843
1029 2205
1029 2314
1029 2360
1029 2488
1029 2582
1029 2634
1029 2709
1029 3225
1029 3505
1029 3693
1029 3848
1029 4085
1029 4095
1029 4154
1029 4214
1029 4243
1029 4291
1029 4628
1030 1088
1030 1165
1030 1287
1030 1489
1030 1543
1030 1578
1030 1623
1030 1655
1030 1729
1030 1752
1030 1996
1030 2204
1030 2310
1030 2481
1030 2569
1030 2813
1030 2828
1030 3189
1030 3389
1030 3397
1030 3451
1030 3453
1030 3496
1030 3692
1030 4206
1030 4323
1030 4404
1030 4416
1030 4638
1030 4775
1030 4890
1031 1300
1031 1417
1031 1556
1031 1885
1031 1954
1031 2102
1031 2235
1031 2489
1031 2532
1031 2635
1031 2776
1031 3245
1031 3261
1031 3362
1031 3424
1031 3592
1031 3622
1031 4122
1031 4272
1031 4294
1031 4468
1031 4632
1032 1094
1032 1171
1032 1296
1032 1448
1032 1550
1032 1659
1032 2274
1032 2483
1032 2531
1032 2555
1032 2734
1032 2900
1032 3110
1032 3476
1032 3534
1032 3910
1032 4094
1032 4267
1032 4412
1032 4544
1032 4629
1032 4953
1033 1088
1033 1100
1033 1420
1033 1447
1033 1548
1033 1789
1033 1941
1033 1961
1033 2360
1033 2565
1033 2966
1033 2985
1033 3025
1033 3187
1033 3202
1033 3493
1033 3987
1033 4050
1033 4249
1033 4398
1033 4515
1033 4921
1034 1431
1034 1947
1034 1970
1034 2160
1034 2204
1034 2236
1034 2442
1034 2691
1034 2869
1034 3129
1034 3237
1034 3311
1034 3432
1034 3499
1034 3657
1034 3880
1034 3954
1034 3962
1034 4087
1034 4095
1034 4235
1034 4252
1034 4300
1034 4409
1034 4591
1034 4635
1034 4640
1034 4872
1034 4883
1034 4950
1035 1057
1035 1305
1035 1554
1035 1595
1035 1818
1035 2029
1035 2099
1035 2154
1035 2218
1035 2289
1035 2336
1035 2569
1035 2836
1035 2979
1035 2988
1035 3683
1035 3832
1035 4199
1035 4213
1035 4215
1035 4258
1035 4670
1035 4874
1035 4916
1036 1054
1036 1189
1036 1463
1036 1521
1036 1566
1036 1679
1036 1749
1036 2093
1036 2185
1036 2300
1036 2802
1036 2848
1036 3278
1036 3289
1036 3520
1036 3809
1036 3823
1036 4200
1036 4537
1036 4908
1037 1483
1037 1496
1037 1522
1037 1614
1037 1749
1037 1989
1037 2099
1037 2151
1037 2416
1037 2552
1037 2570
1037 2618
1037 2748
1037 3030
1037 3328
1037 3376
1037 3434
1037 3444
1037 3716
1037 3964
1037 4114
1037 4201
1037 4265
1037 4281
1037 4365
1037 4373
1037 4416
1037 4509
1037 4997
1038 1094
1038 1100
1038 1155
1038 1601
1038 1957
1038 2001
1038 2098
1038 2160
1038 2175
1038 2297
1038 2333
1038 2592
1038 2608
1038 2655
1038 2772
1038 2858
1038 2865
1038 2898
1038 3021
1038 3124
1038 3330
1038 4014
1038 4119
1038 4194
1038 4202
1038 4426
1038 4581
1038 4759
1038 4786
1038 4901
1039 1112
1039 1129
1039 1143
1039 1215
1039 1274
1039 1277
1039 1665
1039 2233
1039 2684
1039 2708
1039 2718
1039 3141
1039 3144
1039 3215
1039 3372
1039 3527
1039 3618
1039 3795
1039 3909
1039 4088
1039 4120
1039 4183
1039 4212
1039 4529
1039 4612
1039 4642
1040 1058
1040 1108
1040 1295
1040 1419
1040 1440
1040 1654
1040 1860
1040 2098
1040 2459
1040 3344
1040 3567
1040 3573
1040 3577
1040 3856
1040 4177
1040 4262
1040 4396
1040 4450
1040 4492
1040 4602
1040 4659
1040 4689
1040 4723
1040 4856
1041 1068
1041 1482
1041 1543
1041 1697
1041 2034
1041 2064
1041 2108
1041 2228
1041 2344
1041 2350
1041 2439
1041 2705
1041 2990
1041 3202
1041 3205
1041 3249
1041 3312
1041 3348
1041 3410
1041 3522
1041 4530
1041 4571
1041 4575
1041 4700
1041 4797
1041 4835
1042 1305
1042 1490
1042 1548
1042 1670
1042 1871
1042 1999
1042 2083
1042 2117
1042 2142
1042 2242
1042 2273
1042 2393
1042 2611
1042 2621
1042 2676
1042 2873
1042 3015
1042 3163
1042 3206
1042 3231
1042 3293
1042 3306
1042 3409
1042 3936
1042 4074
1042 4180
1042 4526
1042 4559
1043 1066
1043 1238
1043 1828
1043 1830
1043 1877
1043 2436
1043 2463
1043 2596
1043 2725
1043 2906
1043 3091
1043 3122
1043 3516
1043 3655
1043 3659
1043 3750
1043 4062
1043 4217
1043 4264
1043 4547
1043 4582
1043 4900
1043 4962
1044 1127
1044 1217
1044 1394
1044 1711
1044 1813
1044 1890
1044 2102
1044 2406
1044 2581
1044 2632
1044 2685
1044 2773
1044 2858
1044 3119
1044 3461
1044 3569
1044 3699
1044 3760
1044 3843
1044 3869
1044 4060
1044 4176
1044 4249
1044 4319
1044 4331
1044 4416
1044 4647
1045 1112
1045 1690
1045 1753
1045 1780
1045 1981
1045 2094
1045 2315
1045 2423
1045 2560
1045 3107
1045 3132
1045 3186
1045 3378
1045 3664
1045 3748
1045 3980
1045 4025
1045 4026
1045 4192
1045 4284
1045 4587
1045 4728
1045 4974
1046 1128
1046 1155
1046 1216
1046 1317
1046 1448
1046 1564
1046 1725
1046 1730
1046 1810
1046 1921
1046 1933
1046 2285
1046 2528
1046 2643
1046 2645
1046 2650
1046 2797
1046 3294
1046 3370
1046 3436
1046 3573
1046 3742
1046 3865
1046 3867
1046 4101
1046 4249
1046 4565
1046 4631
1046 4941
1047 1194
1047 1552
1047 1555
1047 1891
1047 2021
1047 2069
1047 2305
1047 2437
1047 2454
1047 2531
1047 3397
1047 3783
1047 3949
1047 4002
1047 4371
1047 4440
1047 4790
1047 4859
1047 4887
1047 4991
1048 1379
1048 1392
1048 1863
1048 2136
1048 2439
1048 2528
1048 2702
1048 2833
1048 3437
1048 3510
1048 3608
1048 3990
1048 4067
1048 4193
1048 4742
1049 1242
1049 1327
1049 1696
1049 1895
1049 1979
1049 1980
1049 2027
1049 2057
1049 2163
1049 2246
1049 2277
1049 2555
1049 2747
1049 2865
1049 3196
1049 3309
1049 3467
1049 3472
1049 3820
1049 3947
1049 4380
1049 4787
1050 1114
1050 1161
1050 1330
1050 1542
1050 1559
1050 1763
1050 2046
1050 2564
1050 2802
1050 2959
1050 3030
1050 3199
1050 3249
1050 3546
1050 3817
1050 4084
1050 4268
1050 4316
1050 4349
1050 4467
1050 4531
1050 4569
1050 4635
1050 4677
1050 4785
1051 1106
1051 1683
1051 1760
1051 1797
1051 1851
1051 1885
1051 1940
1051 1947
1051 2198
1051 2490
1051 2612
1051 2622
1051 2628
1051 2882
1051 3290
1051 3854
1051 4110
1051 4302
1051 4317
1051 4500
1051 4503
1051 4524
1052 1065
1052 1273
1052 1512
1052 1841
1052 2133
1052 2184
1052 2685
1052 2765
1052 2813
1052 3025
1052 3079
1052 3128
1052 3252
1052 3358
1052 3593
1052 3652
1052 3811
1052 3816
1052 3866
1052 3908
1052 3933
1052 4180
1052 4276
1052 4321
1052 4402
1052 4529
1052 4761
1053 1131
1053 1215
1053 1243
1053 1363
1053 1613
1053 1719
1053 1759
1053 2070
1053 2182
1053 2198
1053 2477
1053 2519
1053 2701
1053 2759
1053 3293
1053 3349
1053 3804
1053 3841
1053 3952
1053 4172
1053 4473
1053 4502
1053 4572
1054 1067
1054 1268
1054 1383
1054 1419
1054 1460
1054 1532
1054 1972
1054 2051
1054 2181
1054 2192
1054 2274
1054 2411
1054 2619
1054 2729
1054 2872
1054 2986
1054 3161
1054 3173
1054 3559
1054 4341
1054 4369
1054 4799
1054 4910
1055 1075
1055 1088
1055 1120
1055 1126
1055 1416
1055 1461
1055 1649
1055 1756
1055 1804
1055 1878
1055 2014
1055 2294
1055 2430
1055 2503
1055 2565
1055 2854
1055 3237
1055 3328
1055 3355
1055 3466
1055 3503
1055 3721
1055 4427
1055 4861
1055 4994
1056 1110
1056 1148
1056 1205
1056 1213
1056 1515
1056 2304
1056 2515
1056 2570
1056 2603
1056 2703
1056 2744
1056 3040
1056 3102
1056 3150
1056 3263
1056 3625
1056 3975
1056 4099
1056 4136
1056 4271
1056 4325
1056 4331
1056 4408
1056 4483
1056 4578
1056 4822
1057 1166
1057 1217
1057 1247
1057 1324
1057 1564
1057 1585
1057 1814
1057 2437
1057 2492
1057 2618
1057 2681
1057 2700
1057 2842
1057 3237
1057 3589
1057 3643
1057 3787
1057 4279
1057 4454
1057 4655
1057 4665
1057 4942
1058 1392
1058 1447
1058 1485
1058 1500
1058 1553
1058 1609
1058 1746
1058 1891
1058 2000
1058 2575
1058 2627
1058 2816
1058 2850
1058 2877
1058 2939
1058 3101
1058 3126
1058 4229
1058 4368
1058 4555
1058 4677
1058 4829
1058 4944
1059 1300
1059 1442
1059 1614
1059 1668
1059 1853
1059 2442
1059 2591
1059 2749
1059 2814
1059 2839
1059 2959
1059 2972
1059 3311
1059 3425
1059 3747
1059 3893
1059 3929
1059 4070
1059 4244
1059 4439
1059 4570
1059 4660
1059 4770
1059 4967
1060 1207
1060 1586
1060 1633
1060 1802
1060 1815
1060 1875
1060 2267
1060 2286
1060 2332
1060 2355
1060 2528
1060 2571
1060 2822
1060 2889
1060 2957
1060 3200
1060 3291
1060 3301
1060 3392
1060 3669
1060 3813
1060 4351
1060 4399
1060 4673
1060 4675
1060 4691
1061 1074
1061 1087
1061 1174
1061 1229
1061 1826
1061 2048
1061 2189
1061 2236
1061 2314
1061 2423
1061 2502
1061 2588
1061 2813
1061 2816
1061 3040
1061 3388
1061 3467
1061 3547
1061 3558
1061 3601
1061 4047
1061 4179
1061 4419
1061 4481
1061 4599
1061 4908
1062 1978
1062 2171
1062 2286
1062 2290
1062 2569
1062 2609
1062 2711
1062 2714
1062 2730
1062 3095
1062 3145
1062 3173
1062 3442
1062 3692
1062 3991
1062 4008
1062 4023
1062 4092
1062 4335
1062 4435
1062 4644
1062 4780
1062 4796
1063 1507
1063 1552
1063 1656
1063 1840
1063 2275
1063 2597
1063 2661
1063 2993
1063 3184
1063 3297
1063 3775
1063 3867
1063 3933
1063 4253
1063 4262
1063 4402
1063 4423
1063 4432
1063 4541
1063 4575
1063 4588
1063 4747
1063 4769
1063 4878
1064 1068
1064 1099
1064 1328
1064 1372
1064 1495
1064 1532
1064 1680
1064 1712
1064 1802
1064 1812
1064 1917
1064 1953
1064 2053
1064 2192
1064 2229
1064 2306
1064 2595
1064 2670
1064 2868
1064 2956
1064 3023
1064 3256
1064 3278
1064 3380
1064 3430
1064 3477
1064 3600
1064 3601
1064 3677
1064 3766
1064 3973
1064 4523
1064 4574
1064 4645
1064 4817
1065 1093
1065 1148
1065 1195
1065 1476
1065 1501
1065 1522
1065 1594
1065 1632
1065 1763
1065 1914
1065 1920
1065 2390
1065 2401
1065 2550
1065 2729
1065 2786
1065 2809
1065 2906
1065 3518
1065 3657
1065 3662
1065 3977
1065 4010
1065 4212
1065 4530
1065 4534
1065 4636
1065 4909
1065 4997
1066 1129
1066 1156
1066 1239
1066 1584
1066 1734
1066 1739
1066 2416
1066 3036
1066 3448
1066 4131
1066 4323
1066 4329
1066 4578
1066 4683
1066 4712
1066 4870
1066 4922
1066 4947
1066 4998
1067 1122
1067 1194
1067 1223
1067 1298
1067 1551
1067 1646
1067 1662
1067 1985
1067 2018
1067 2097
1067 2249
1067 2426
1067 2475
1067 2601
1067 3209
1067 3523
1067 3808
1067 3836
1067 3988
1067 4001
1067 4385
1067 4500
1067 4556
1067 4687
1068 1175
1068 1576
1068 1601
1068 1722
1068 1832
1068 1986
1068 2677
1068 2854
1068 3318
1068 3415
1068 3545
1068 3580
1068 3844
1068 4244
1068 4286
1068 4333
1068 4402
1068 4540
1068 4613
1069 1157
1069 1179
1069 1205
1069 1257
1069 1332
1069 1423
1069 1571
1069 1644
1069 1806
1069 1821
1069 1901
1069 2070
1069 2114
1069 2121
1069 2711
1069 2841
1069 3189
1069 3810
1069 4456
1069 4478
1069 4563
1069 4634
1069 4642
1069 4711
1070 1506
1070 1634
1070 1746
1070 1833
1070 1974
1070 2398
1070 2772
1070 2835
1070 3155
1070 3247
1070 3384
1070 3503
1070 3562
1070 3685
1070 3951
1070 3987
1070 4014
1070 4068
1070 4250
1070 4475
1070 4560
1070 4627
1070 4773
1070 4776
1070 4837
1070 4889
1070 4906
1071 1179
1071 1213
1071 1337
1071 1578
1071 1694
1071 1728
1071 1788
1071 2020
1071 2250
1071 2271
1071 2424
1071 2544
1071 2772
1071 2991
1071 3059
1071 3116
1071 3385
1071 3666
1071 3796
1071 3822
1071 3831
1071 4069
1071 4082
1071 4089
1071 4226
1071 4359
1071 4599
1071 4818
1072 1216
1072 1688
1072 2047
1072 2075
1072 2656
1072 2831
1072 2840
1072 2847
1072 2854
1072 2973
1072 3196
1072 3214
1072 3252
1072 3493
1072 3589
1072 3695
1072 3762
1072 4179
1072 4230
1072 4329
1072 4334
1072 4637
1072 4923
1072 4995
1073 1096
1073 1358
1073 1448
1073 1504
1073 1506
1073 1605
1073 2043
1073 2197
1073 2862
1073 3051
1073 3156
1073 3177
1073 3225
1073 3268
1073 3295
1073 3683
1073 3708
1073 3726
1073 3980
1073 3983
1073 4078
1073 4107
1073 4343
1073 4374
1073 4979
1074 1191
1074 1666
1074 1710
1074 1773
1074 1883
1074 1920
1074 2173
1074 2194
1074 2221
1074 2334
1074 2650
1074 2688
1074 2870
1074 2949
1074 3325
1074 3530
1074 3575
1074 4180
1074 4203
1074 4328
1074 4417
1074 4577
1075 1526
1075 1960
1075 2086
1075 2365
1075 2622
1075 2721
1075 2989
1075 3257
1075 3704
1075 3774
1075 3960
1075 4117
1075 4161
1075 4453
1075 4506
1075 4613
1075 4707
1075 4908
1075 4915
1075 4929
1076 1149
1076 1572
1076 1775
1076 1897
1076 1942
1076 2069
1076 2137
1076 2181
1076 2733
1076 2787
1076 2840
1076 3338
1076 3402
1076 3594
1076 3753
1076 4186
1076 4275
1076 4791
1077 1244
1077 1344
1077 1423
1077 1472
1077 1623
1077 2090
1077 2252
1077 2265
1077 2269
1077 2374
1077 3069
1077 3211
1077 3360
1077 3394
1077 3456
1077 3852
1077 3859
1077 3992
1077 4115
1077 4143
1077 4321
1077 4720
1077 4728
1078 1285
1078 1391
1078 1453
1078 1475
1078 1739
1078 1850
1078 2368
1078 2400
1078 2483
1078 2510
1078 2592
1078 2743
1078 2851
1078 3241
1078 3270
1078 3406
1078 3416
1078 3456
1078 3481
1078 3665
1078 3952
1078 3957
1078 4124
1078 4138
1078 4346
1078 4551
1078 4559
1078 4611
1078 4950
1078 4980
1079 1279
1079 1337
1079 1397
1079 1439
1079 1682
1079 1809
1079 1880
1079 1967
1079 1998
1079 2151
1079 2216
1079 2239
1079 2248
1079 2322
1079 2587
1079 3696
1079 3711
1079 3819
1079 3864
1079 4605
1079 4783
1079 4792
1080 1192
1080 1268
1080 1295
1080 1442
1080 1617
1080 1735
1080 1791
1080 1802
1080 1834
1080 1847
1080 2058
1080 2064
1080 2642
1080 2852
1080 2966
1080 2996
1080 3015
1080 3065
1080 3129
1080 3219
1080 3842
1080 4048
1080 4192
1080 4559
1080 4701
1081 1806
1081 1879
1081 1886
1081 2333
1081 2430
1081 2446
1081 2600
1081 2684
1081 2716
1081 3447
1081 3471
1081 3521
1081 3608
1081 3750
1081 4015
1081 4019
1081 4023
1081 4083
1081 4233
1081 4411
1081 4468
1081 4595
1081 4934
1081 4977
1082 1236
1082 1363
1082 1441
1082 1836
1082 2002
1082 2003
1082 2075
1082 2092
1082 2158
1082 2240
1082 2692
1082 2699
1082 2734
1082 2833
1082 3009
1082 3458
1082 3552
1082 3578
1082 3636
1082 3690
1082 3736
1082 4003
1082 4330
1082 4461
1082 4480
1082 4992
1083 1451
1083 1650
1083 1710
1083 1744
1083 2309
1083 2460
1083 2589
1083 2636
1083 2698
1083 3356
1083 3480
1083 3499
1083 3537
1083 3846
1083 4076
1083 4685
1083 4997
1084 1301
1084 1363
1084 1710
1084 1831
1084 1832
1084 1853
1084 1955
1084 3782
1084 3807
1084 3941
1084 4061
1084 4329
1084 4381
1084 4735
1085 1291
1085 1547
1085 1632
1085 1972
1085 2072
1085 2129
1085 2271
1085 2421
1085 2429
1085 2677
1085 2768
1085 2856
1085 3380
1085 3430
1085 3694
1085 3763
1085 3827
1085 3866
1085 3957
1085 4557
1085 4640
1085 4714
1086 1329
1086 1663
1086 1697
1086 1734
1086 1870
1086 1990
1086 1996
1086 2598
1086 2639
1086 3161
1086 3515
1086 3734
1086 4115
1086 4170
1086 4240
1086 4290
1086 4504
1086 4627
1086 4638
1086 4773
1086 4885
1086 4934
1087 1124
1087 1805
1087 2236
1087 2309
1087 2684
1087 2992
1087 3201
1087 3309
1087 3441
1087 3726
1087 3865
1087 3896
1087 3975
1087 4071
1087 4113
1087 4595
1087 4638
1087 4913
1087 4931
1087 4953
1087 4977
1088 1194
1088 1204
1088 1280
1088 1285
1088 1756
1088 2110
1088 2134
1088 2730
1088 2897
1088 3304
1088 3307
1088 3672
1088 3782
1088 4222
1088 4336
1088 4614
1088 4637
1088 4737
1088 4744
1088 4878
1089 1185
1089 1268
1089 1605
1089 1721
1089 1865
1089 1942
1089 1985
1089 2000
1089 2021
1089 2023
1089 2250
1089 2512
1089 2539
1089 2543
1089 2668
1089 3277
1089 3420
1089 3670
1089 3703
1089 3910
1089 4250
1089 4436
1089 4651
1089 4691
1089 4696
1089 4801
1089 4952
1090 1121
1090 1366
1090 1479
1090 1562
1090 1626
1090 1759
1090 1787
1090 1828
1090 2145
1090 2168
1090 2431
1090 2514
1090 2607
1090 2802
1090 2819
1090 2895
1090 2961
1090 3031
1090 3272
1090 3731
1090 3963
1090 3977
1090 4581
1091 1152
1091 1239
1091 1361
1091 1962
1091 2009
1091 2207
1091 2494
1091 2600
1091 2755
1091 2794
1091 2973
1091 3187
1091 3428
1091 3541
1091 4046
1091 4229
1091 4599
1091 4731
1091 4764
1091 4863
1091 4991
1092 1177
1092 1423
1092 1915
1092 1929
1092 1957
1092 1989
1092 1994
1092 2103
1092 2140
1092 2477
1092 2563
1092 2609
1092 2768
1092 2950
1092 3125
1092 3136
1092 3189
1092 3372
1092 3641
1092 3677
1092 3679
1092 4459
1092 4710
1092 4867
1093 1109
1093 1243
1093 1500
1093 1841
1093 1960
1093 2065
1093 2452
1093 2641
1093 2649
1093 2761
1093 2899
1093 3165
1093 3184
1093 3317
1093 3432
1093 3490
1093 3492
1093 3505
1093 3553
1093 3691
1093 3996
1093 4030
1093 4041
1093 4122
1093 4218
1093 4741
1094 1232
1094 1547
1094 1565
1094 1698
1094 1736
1094 1773
1094 2334
1094 2362
1094 2597
1094 2673
1094 2996
1094 2999
1094 3111
1094 3202
1094 3535
1094 3781
1094 4223
1094 4429
1094 4512
1094 4695
1094 4774
1094 4936
1095 1147
1095 1171
1095 1388
1095 1480
1095 2045
1095 2148
1095 2227
1095 2415
1095 2463
1095 2850
1095 3137
1095 3139
1095 3167
1095 3236
1095 3418
1095 3710
1095 4160
1095 4284
1095 4413
1095 4708
1096 1178
1096 1199
1096 1500
1096 1713
1096 1847
1096 1963
1096 2159
1096 2249
1096 2425
1096 2640
1096 3078
1096 3131
1096 3284
1096 3351
1096 3444
1096 3461
1096 3667
1096 3733
1096 3876
1096 3917
1096 4590
1096 4691
1096 4697
1096 4781
1096 4944
1097 1296
1097 1347
1097 1454
1097 1471
1097 1544
1097 1771
1097 1832
1097 1841
1097 2470
1097 2598
1097 2846
1097 2857
1097 3044
1097 4721
1097 4728
1097 4872
1097 4973
1097 4986
1098 1384
1098 1748
1098 2017
1098 2075
1098 2307
1098 2414
1098 2448
1098 2566
1098 2645
1098 2688
1098 2736
1098 2765
1098 2937
1098 3168
1098 3320
1098 3443
1098 3593
1098 3603
1098 3936
1098 4237
1098 4244
1098 4969
1099 1147
1099 1317
1099 1438
1099 1645
1099 1883
1099 2053
1099 2289
1099 2325
1099 2362
1099 2801
1099 2843
1099 2880
1099 2979
1099 3182
1099 3362
1099 3988
1099 4049
1099 4187
1099 4217
1099 4395
1099 4518
1099 4595
1099 4628
1099 4649
1099 4730
1099 4842
1100 1171
1100 1310
1100 1406
1100 1802
1100 2061
1100 2126
1100 2172
1100 2204
1100 2214
1100 2319
1100 2330
1100 2478
1100 2596
1100 2629
1100 2852
1100 2942
1100 3833
1100 3950
1100 3978
1100 4124
1100 4161
1100 4166
1100 4366
1100 4458
1100 4766
1100 4898
1100 4927
1101 1742
1101 1787
1101 1850
1101 2067
1101 2235
1101 2729
1101 2814
1101 3186
1101 3525
1101 3572
1101 3596
1101 3867
1101 3926
1101 4083
1101 4139
1101 4214
1101 4803
1101 4832
1102 1119
1102 1160
1102 1391
1102 1637
1102 1844
1102 2072
1102 2077
1102 2652
1102 2663
1102 2948
1102 3165
1102 3260
1102 3356
1102 3539
1102 3945
1102 4023
1102 4134
1102 4153
1102 4223
1102 4532
1102 4725
1102 4829
1103 1333
1103 1366
1103 1512
1103 2065
1103 2236
1103 2294
1103 2427
1103 2446
1103 2632
1103 3078
1103 3147
1103 3509
1103 3557
1103 3656
1103 4227
1103 4324
1103 4531
1103 4795
1103 4821
1103 4937
1104 1137
1104 1153
1104 1187
1104 1515
1104 1837
1104 1859
1104 1972
1104 2038
1104 2387
1104 2609
1104 2626
1104 2741
1104 2792
1104 2814
1104 3456
1104 3515
1104 3675
1104 3730
1104 3771
1104 3927
1104 4021
1104 4064
1104 4579
1104 4721
1104 4961
1105 1409
1105 1788
1105 1921
1105 2074
1105 2094
1105 2098
1105 2574
1105 2732
1105 2760
1105 2820
1105 3016
1105 3076
1105 3101
1105 3739
1105 4034
1105 4129
1105 4219
1105 4398
1105 4422
1105 4717
1105 4820
1105 4905
1106 1342
1106 1394
1106 1744
1106 1785
1106 1985
1106 2116
1106 2152
1106 2196
1106 2212
1106 2220
1106 2361
1106 2363
1106 2516
1106 2605
1106 3108
1106 3135
1106 3542
1106 3814
1106 4039
1106 4145
1106 4569
1106 4694
1107 1481
1107 1729
1107 1812
1107 1818
1107 1920
1107 2035
1107 2159
1107 2198
1107 2270
1107 2421
1107 2490
1107 3177
1107 3207
1107 3347
1107 3613
1107 3630
1107 3715
1107 4002
1107 4029
1107 4077
1107 4209
1107 4231
1107 4850
1108 2143
1108 2157
1108 2254
1108 2258
1108 2361
1108 2378
1108 2384
1108 2410
1108 2740
1108 2865
1108 2903
1108 2908
1108 2975
1108 3481
1108 3482
1108 3761
1108 3920
1108 3964
1108 3967
1108 4124
1108 4385
1108 4696
1108 4750
1108 4755
1109 1163
1109 1258
1109 1421
1109 1855
1109 1947
1109 1979
1109 2081
1109 2516
1109 2949
1109 3091
1109 3168
1109 3188
1109 3409
1109 3578
1109 3713
1109 3943
1109 4197
1109 4201
1109 4233
1109 4342
1109 4837
1109 4839
1109 4916
1109 4961
1109 4965
1110 1137
1110 1416
1110 1520
1110 1571
1110 1783
1110 1965
1110 2514
1110 2588
1110 2876
1110 2883
1110 2923
1110 3306
1110 3320
1110 3379
1110 3451
1110 3553
1110 3737
1110 3920
1110 3972
1110 4125
1110 4466
1110 4572
1110 4698
1110 4706
1111 1168
1111 1184
1111 1498
1111 1824
1111 1999
1111 2211
1111 2423
1111 2541
1111 2563
1111 2761
1111 3003
1111 3087
1111 3359
1111 3419
1111 3674
1111 3881
1111 4030
1111 4368
1111 4522
1111 4672
1111 4794
1111 4854
1112 1603
1112 1689
1112 1795
1112 1824
1112 2302
1112 2373
1112 2440
1112 2459
1112 2511
1112 2513
1112 2841
1112 3240
1112 3392
1112 3411
1112 3702
1112 3968
1112 4082
1112 4205
1112 4473
1112 4848
1112 4963
1112 4992
1113 1140
1113 1205
1113 1294
1113 1442
1113 1663
1113 1803
1113 1807
1113 1851
1113 1869
1113 2065
1113 2147
1113 2292
1113 2459
1113 2462
1113 2984
1113 2998
1113 3003
1113 3195
1113 3238
1113 3491
1113 3515
1113 3738
1113 3784
1113 3885
1113 4597
1113 4741
1113 4889
1114 1247
1114 1853
1114 1918
1114 1969
1114 2079
1114 2234
1114 2235
1114 2413
1114 2589
1114 2901
1114 2924
1114 3121
1114 3147
1114 3196
1114 3427
1114 3452
1114 3619
1114 3661
1114 3675
1114 3854
1114 4034
1114 4211
1114 4283
1114 4420
1114 4534
1114 4608
1114 4777
1115 1227
1115 1452
1115 1505
1115 1742
1115 1938
1115 2250
1115 2774
1115 2796
1115 2913
1115 3854
1115 3931
1115 3984
1115 4275
1115 4348
1115 4365
1115 4617
1115 4625
1115 4758
1115 4949
1116 1212
1116 1452
1116 1516
1116 1863
1116 1951
1116 1965
1116 2004
1116 2273
1116 2779
1116 2889
1116 3009
1116 3027
1116 3180
1116 3399
1116 3961
1116 4042
1116 4112
1116 4137
1116 4372
1116 4646
1116 4760
1116 4799
1117 1315
1117 1333
1117 1941
1117 2215
1117 2280
1117 2288
1117 2546
1117 3281
1117 3688
1117 3825
1117 3918
1117 3946
1117 4253
1117 4405
1117 4416
1117 4554
1117 4846
1118 1313
1118 1353
1118 1459
1118 1478
1118 1500
1118 1612
1118 1820
1118 1946
1118 2493
1118 2525
1118 2561
1118 2563
1118 2716
1118 3028
1118 3334
1118 3432
1118 3433
1118 3462
1118 3734
1118 3936
1118 3965
1118 4393
1118 4580
1118 4709
1118 4949
1118 4990
1119 1149
1119 1200
1119 1312
1119 1518
1119 1614
1119 1869
1119 1939
1119 1975
1119 2185
1119 2197
1119 2319
1119 2342
1119 2447
1119 2612
1119 2791
1119 2843
1119 3112
1119 3558
1119 3814
1119 4298
1119 4318
1119 4552
1119 4768
1120 1454
1120 1570
1120 1591
1120 1610
1120 1771
1120 1803
1120 1883
1120 1921
1120 2209
1120 2261
1120 2325
1120 2438
1120 2715
1120 2861
1120 2874
1120 3186
1120 3284
1120 3340
1120 3378
1120 3483
1120 3521
1120 3648
1120 4206
1120 4993
1121 1819
1121 2009
1121 2010
1121 2057
1121 2155
1121 2384
1121 2517
1121 2544
1121 2686
1121 2770
1121 3010
1121 3040
1121 3089
1121 3608
1121 3737
1121 4109
1121 4448
1121 4549
1121 4755
1121 4771
1122 1200
1122 1217
1122 1803
1122 2115
1122 2231
1122 2676
1122 2834
1122 2883
1122 2925
1122 3144
1122 3335
1122 3379
1122 3468
1122 3719
1122 3857
1122 3860
1122 4056
1122 4218
1122 4269
1123 1287
1123 1644
1123 2537
1123 2667
1123 2872
1123 2917
1123 3094
1123 4053
1123 4247
1123 4380
1123 4395
1123 4553
1123 4565
1123 4754
1124 1207
1124 1576
1124 1678
1124 2276
1124 2403
1124 2474
1124 2693
1124 2796
1124 3175
1124 3205
1124 3460
1124 3543
1124 3599
1124 3786
1124 3802
1124 3881
1124 3976
1124 3978
1124 4354
1124 4445
1124 4476
1124 4779
1124 4924
1124 4954
1124 4957
1125 1255
1125 1258
1125 1347
1125 1608
1125 1827
1125 1872
1125 2225
1125 2252
1125 2291
1125 2545
1125 2689
1125 2819
1125 2915
1125 2964
1125 3111
1125 3490
1125 3493
1125 3496
1125 3671
1125 3723
1125 3785
1125 3898
1125 3966
1125 4577
1125 4593
1125 4664
1125 4676
1125 4772
1125 4785
1125 4788
1125 4822
1126 1168
1126 1174
1126 1533
1126 1654
1126 1855
1126 2101
1126 2147
1126 2218
1126 2692
1126 2703
1126 2993
1126 3539
1126 3626
1126 3637
1126 3797
1126 3861
1126 4162
1126 4249
1126 4676
1126 4842
1126 4899
1126 4995
1127 1179
1127 1419
1127 1459
1127 1688
1127 1721
1127 1914
1127 2351
1127 2538
1127 2671
1127 2874
1127 3627
1127 3663
1127 3757
1127 3882
1127 3910
1127 4026
1127 4063
1127 4361
1127 4561
1127 4655
1127 4793
1127 4953
1128 1257
1128 2130
1128 2169
1128 2231
1128 2544
1128 2588
1128 2745
1128 2815
1128 2843
1128 2879
1128 3099
1128 3151
1128 3438
1128 3800
1128 4045
1128 4081
1128 4136
1128 4195
1128 4236
1128 4294
1128 4529
1128 4628
1128 4892
1128 4957
1129 1331
1129 1441
1129 1508
1129 1552
1129 1565
1129 1747
1129 1750
1129 1756
1129 1808
1129 1894
1129 2096
1129 2131
1129 2261
1129 2669
1129 2767
1129 2838
1129 3029
1129 3045
1129 3259
1129 3275
1129 3310
1129 3393
1129 3562
1129 3623
1129 4100
1129 4432
1129 4553
1129 4573
1129 4687
1129 4714
1129 4760
1129 4762
1129 4845
1129 4859
1130 1193
1130 1240
1130 1267
1130 1371
1130 1938
1130 2383
1130 2788
1130 3191
1130 3230
1130 3493
1130 3528
1130 3830
1130 3889
1130 4001
1130 4021
1130 4335
1130 4403
1130 4436
1130 4454
1130 4458
1130 4601
1130 4613
1130 4821
1130 4942
1131 1492
1131 1521
1131 1561
1131 1588
1131 1647
1131 2087
1131 2535
1131 2737
1131 2747
1131 2766
1131 2819
1131 3182
1131 3289
1131 3330
1131 3368
1131 3417
1131 3677
1131 3751
1131 4594
1132 1196
1132 1335
1132 1454
1132 1655
1132 1660
1132 1765
1132 1776
1132 1921
1132 1989
1132 2073
1132 2089
1132 2162
1132 2228
1132 2320
1132 2905
1132 3341
1132 3514
1132 3569
1132 3778
1132 3881
1132 3936
1132 4149
1132 4217
1133 1562
1133 1581
1133 1694
1133 1830
1133 1855
1133 1924
1133 2146
1133 2223
1133 2233
1133 2270
1133 2387
1133 2414
1133 2452
1133 2733
1133 2830
1133 3315
1133 3541
1133 3747
1133 3788
1133 3839
1133 4087
1133 4152
1133 4268
1133 4296
1133 4343
1133 4411
1133 4668
1133 4842
1133 4859
1133 4882
1133 4997
1134 1318
1134 1506
1134 1749
1134 2326
1134 2420
1134 2531
1134 2696
1134 2795
1134 2833
1134 2978
1134 3090
1134 3132
1134 3151
1134 3179
1134 3309
1134 3360
1134 3654
1134 4084
1134 4253
1134 4324
1134 4376
1135 1372
1135 1410
1135 1518
1135 2022
1135 2380
1135 2418
1135 2715
1135 2775
1135 2858
1135 3596
1135 3678
1135 3836
1135 4034
1135 4777
1135 4979
1136 1347
1136 1736
1136 2289
1136 2410
1136 2550
1136 2768
1136 2789
1136 2815
1136 2882
1136 2925
1136 2967
1136 3059
1136 3076
1136 3570
1136 3960
1136 4004
1136 4100
1136 4436
1136 4823
1136 4902
1137 1142
1137 1322
1137 1738
1137 1833
1137 1868
1137 2057
1137 2109
1137 2452
1137 2476
1137 2937
1137 3029
1137 3129
1137 3180
1137 4086
1137 4094
1137 4218
1137 4519
1137 4658
1137 4667
1137 4816
1138 1167
1138 1285
1138 1365
1138 1390
1138 1539
1138 1605
1138 1739
1138 1930
1138 2080
1138 2160
1138 2417
1138 2548
1138 2802
1138 3039
1138 3395
1138 3479
1138 3515
1138 3827
1138 3939
1138 3940
1138 4198
1138 4288
1138 4627
1139 1234
1139 1674
1139 1676
1139 1690
1139 2196
1139 2201
1139 2338
1139 2500
1139 2635
1139 2695
1139 2706
1139 2958
1139 3111
1139 3130
1139 3264
1139 3359
1139 3464
1139 3806
1139 3905
1139 4010
1139 4053
1139 4154
1139 4490
1139 4681
1139 4852
1139 4881
1139 4946
1140 1297
1140 1423
1140 1764
1140 1853
1140 2009
1140 2155
1140 2238
1140 2562
1140 2627
1140 2664
1140 2761
1140 2804
1140 2900
1140 2913
1140 3255
1140 3607
1140 3891
1140 4439
1140 4531
1140 4809
1140 4822
1140 4957
1141 1188
1141 1194
1141 1279
1141 1350
1141 1686
1141 1714
1141 1759
1141 1799
1141 2196
1141 2448
1141 2631
1141 2657
1141 2834
1141 3305
1141 3320
1141 3376
1141 3418
1141 3645
1141 3896
1141 3940
1141 3995
1141 4355
1141 4466
1141 4518
1141 4529
1141 4639
1141 4675
1141 4756
1141 4905
1141 4914
1141 4991
1142 1159
1142 1168
1142 1177
1142 1274
1142 1409
1142 1469
1142 1502
1142 1647
1142 1754
1142 1923
1142 2025
1142 2040
1142 2067
1142 2629
1142 3091
1142 3298
1142 3397
1142 3500
1142 3751
1142 3984
1142 4368
1142 4613
1142 4767
1142 4920
1142 4972
1142 4978
1143 1209
1143 1270
1143 1331
1143 1707
1143 1752
1143 1829
1143 1948
1143 2018
1143 2059
1143 2097
1143 2245
1143 2336
1143 2495
1143 2872
1143 2958
1143 3154
1143 3232
1143 3252
1143 3306
1143 3375
1143 3497
1143 3710
1143 4134
1143 4253
1143 4266
1143 4639
1143 4697
1143 4946
1144 1156
1144 1272
1144 1389
1144 1579
1144 1585
1144 1595
1144 1847
1144 2250
1144 3130
1144 3200
1144 3212
1144 3400
1144 3695
1144 3845
1144 4104
1144 4453
1144 4681
1144 4955
1145 1157
1145 1438
1145 1897
1145 1997
1145 2283
1145 2429
1145 2433
1145 2506
1145 2577
1145 2631
1145 2642
1145 2706
1145 2730
1145 2766
1145 2898
1145 3112
1145 3136
1145 3435
1145 3484
1145 3708
1145 3827
1145 4027
1145 4133
1145 4300
1145 4580
1145 4595
1145 4655
1145 4713
1146 1307
1146 1439
1146 1477
1146 1586
1146 1847
1146 2102
1146 2259
1146 2517
1146 2816
1146 2925
1146 2990
1146 3708
1146 3716
1146 3785
1146 3790
1146 3929
1146 4268
1146 4353
1146 4466
1146 4814
1147 1359
1147 1361
1147 1785
1147 1839
1147 1884
1147 1903
1147 2152
1147 2338
1147 2599
1147 2721
1147 2729
1147 3010
1147 3062
1147 3075
1147 3576
1147 3880
1147 3919
1147 4007
1147 4386
1147 4608
1147 4618
1147 4790
1147 4894
1148 1276
1148 1309
1148 1587
1148 1951
1148 2044
1148 2327
1148 2375
1148 2518
1148 2729
1148 2761
1148 2764
1148 2869
1148 3096
1148 3452
1148 3567
1148 3625
1148 3776
1148 3826
1148 3884
1148 3971
1148 4075
1148 4253
1148 4283
1148 4377
1148 4379
1148 4401
1148 4533
1148 4955
1149 1153
1149 1154
1149 1203
1149 1251
1149 1375
1149 1406
1149 1765
1149 2066
1149 2225
1149 2367
1149 2954
1149 3032
1149 3062
1149 3157
1149 3299
1149 3313
1149 3343
1149 3368
1149 3427
1149 3738
1149 4617
1149 4627
1149 4667
1149 4724
1149 4928
1149 4972
1150 1500
1150 1756
1150 1759
1150 1785
1150 2271
1150 2511
1150 2698
1150 2724
1150 2732
1150 2800
1150 2839
1150 3156
1150 3394
1150 3483
1150 3772
1150 3961
1150 4115
1150 4220
1150 4565
1150 4825
1150 4906
1151 1575
1151 1618
1151 2016
1151 2034
1151 2057
1151 2277
1151 2406
1151 2717
1151 3032
1151 3184
1151 3191
1151 3217
1151 3699
1151 3801
1151 4043
1151 4091
1151 4304
1151 4772
1152 1249
1152 1319
1152 1525
1152 1532
1152 1806
1152 1986
1152 3197
1152 3254
1152 3285
1152 3460
1152 3732
1152 3767
1152 3771
1152 3970
1152 3977
1152 4229
1152 4456
1152 4758
1153 1218
1153 1626
1153 1652
1153 1746
1153 1843
1153 1935
1153 1973
1153 2149
1153 2188
1153 2503
1153 2873
1153 3332
1153 3574
1153 3602
1153 3651
1153 3801
1153 4101
1153 4145
1153 4228
1153 4416
1153 4419
1153 4512
1153 4666
1153 4847
1153 4906
1154 1267
1154 1847
1154 1849
1154 2004
1154 2496
1154 2697
1154 2806
1154 2949
1154 3137
1154 3153
1154 3370
1154 3458
1154 3487
1154 3675
1154 3820
1154 3877
1154 3901
1154 4076
1154 4132
1154 4335
1154 4433
1154 4843
1154 4947
1155 1519
1155 1608
1155 1936
1155 1937
1155 2051
1155 2186
1155 2378
1155 2456
1155 2572
1155 2582
1155 2828
1155 2920
1155 3146
1155 3152
1155 3669
1155 3940
1155 4135
1155 4284
1155 4287
1155 4668
1155 4703
1155 4704
1155 4793
1155 4844
1155 4895
1156 1252
1156 1423
1156 1736
1156 2088
1156 2091
1156 2247
1156 2364
1156 2463
1156 2747
1156 3001
1156 3673
1156 3816
1156 4127
1156 4170
1156 4490
1156 4667
1156 4821
1156 4889
1157 1274
1157 1880
1157 2346
1157 2352
1157 2449
1157 3289
1157 3342
1157 3409
1157 3422
1157 3490
1157 3522
1157 3659
1157 3769
1157 4028
1157 4551
1157 4647
1157 4832
1157 4960
1158 1215
1158 1401
1158 1991
1158 2134
1158 2481
1158 2562
1158 3034
1158 3128
1158 3182
1158 3270
1158 3381
1158 3455
1158 3518
1158 3695
1158 3709
1158 3839
1158 3940
1158 4328
1158 4337
1158 4405
1158 4499
1158 4586
1158 4603
1158 4734
1158 4765
1159 1291
1159 1378
1159 1417
1159 1478
1159 1749
1159 1898
1159 1946
1159 2140
1159 2188
1159 2228
1159 2296
1159 2444
1159 2629
1159 2752
1159 2893
1159 2924
1159 2940
1159 3124
1159 3217
1159 3369
1159 3370
1159 3932
1159 4286
1159 4299
1159 4498
1159 4781
1159 4817
1160 1295
1160 1402
1160 1442
1160 1506
1160 1537
1160 1718
1160 1805
1160 1966
1160 2001
1160 2278
1160 2337
1160 2345
1160 2470
1160 2490
1160 2520
1160 2918
1160 2924
1160 2964
1160 3301
1160 3391
1160 3506
1160 3972
1160 4259
1160 4455
1160 4614
1160 4712
1160 4842
1160 4878
1161 1228
1161 1232
1161 1454
1161 1696
1161 1754
1161 1965
1161 2056
1161 2116
1161 2231
1161 2247
1161 2471
1161 2614
1161 2644
1161 2793
1161 2834
1161 3060
1161 3185
1161 3431
1161 3507
1161 3557
1161 3633
1161 4180
1161 4560
1162 1281
1162 1466
1162 1672
1162 1861
1162 2042
1162 2062
1162 2413
1162 2607
1162 2709
1162 2757
1162 3009
1162 3058
1162 3290
1162 3468
1162 3539
1162 3603
1162 3679
1162 3714
1162 3718
1162 4086
1162 4136
1162 4452
1162 4615
1162 4874
1162 4900
1163 1585
1163 1595
1163 2072
1163 2241
1163 2748
1163 2851
1163 2912
1163 3072
1163 3162
1163 3204
1163 3342
1163 3783
1163 3875
1163 3918
1163 4004
1163 4078
1163 4102
1163 4106
1163 4210
1163 4295
1163 4302
1163 4339
1163 4640
1163 4737
1163 4989
1164 1595
1164 1886
1164 2910
1164 3460
1164 3611
1164 3653
1164 3681
1164 3711
1164 3846
1164 3908
1164 4192
1164 4253
1164 4261
1164 4265
1164 4298
1164 4309
1164 4452
1164 4664
1164 4738
1164 4742
1164 4874
1164 4906
1165 1376
1165 1744
1165 1827
1165 1905
1165 2037
1165 2109
1165 2692
1165 3153
1165 3229
1165 3451
1165 3579
1165 3633
1165 3814
1165 4755
1165 4791
1165 4802
1165 4893
1165 4998
1166 1178
1166 1312
1166 1448
1166 1592
1166 1620
1166 1777
1166 2116
1166 2233
1166 2364
1166 2466
1166 2505
1166 2703
1166 3018
1166 3085
1166 3258
1166 3291
1166 3378
1166 3624
1166 3643
1166 3690
1166 3794
1166 4407
1166 4417
1166 4559
1166 4582
1166 4779
1167 1344
1167 1553
1167 1941
1167 1987
1167 2045
1167 2103
1167 2120
1167 2310
1167 2433
1167 2505
1167 3084
1167 3354
1167 3481
1167 3643
1167 3713
1167 3756
1167 3761
1167 3907
1167 4331
1167 4481
1167 4563
1167 4581
1167 4584
1167 4598
1167 4773
1167 4796
1167 4866
1167 4874
1168 1251
1168 1274
1168 1418
1168 1478
1168 1543
1168 1548
1168 1611
1168 1732
1168 1833
1168 2029
1168 2217
1168 2310
1168 2443
1168 2599
1168 2833
1168 2997
1168 3164
1168 3418
1168 3464
1168 3538
1168 3565
1168 3608
1168 3982
1168 4129
1168 4145
1168 4305
1168 4601
1168 4614
1168 4641
1168 4947
1168 4992
1169 1204
1169 1228
1169 1546
1169 1689
1169 1906
1169 2071
1169 2243
1169 2637
1169 2831
1169 2863
1169 3094
1169 3348
1169 3398
1169 3436
1169 3605
1169 3955
1169 4175
1169 4360
1169 4808
1169 4880
1169 4941
1170 1189
1170 1249
1170 1399
1170 1752
1170 1857
1170 1870
1170 1914
1170 1978
1170 2183
1170 2371
1170 2374
1170 3131
1170 3436
1170 3816
1170 4070
1170 4096
1170 4686
1170 4694
1170 4849
1170 4955
1171 1714
1171 1826
1171 2077
1171 2081
1171 2398
1171 2791
1171 2945
1171 3281
1171 3443
1171 3564
1171 3882
1171 3970
1171 4219
1171 4507
1171 4543
1171 4663
1171 4814
1172 1273
1172 1319
1172 1526
1172 1713
1172 1844
1172 2098
1172 2196
1172 2211
1172 2365
1172 2506
1172 2798
1172 2860
1172 2916
1172 3405
1172 3448
1172 3622
1172 3782
1172 3858
1172 4051
1172 4128
1172 4236
1172 4456
1172 4885
1173 1652
1173 1743
1173 1925
1173 2140
1173 2272
1173 2320
1173 2336
1173 2390
1173 2410
1173 2930
1173 3193
1173 3216
1173 3251
1173 3276
1173 3505
1173 3541
1173 3713
1173 4013
1173 4137
1173 4662
1173 4724
1173 4837
1173 4926
1174 1221
1174 1293
1174 1306
1174 1501
1174 1538
1174 2145
1174 2590
1174 2632
1174 2635
1174 2690
1174 3084
1174 3349
1174 3363
1174 3784
1174 3791
1174 4210
1174 4333
1174 4379
1174 4447
1174 4749
1174 4836
1174 4990
1175 1479
1175 1566
1175 1630
1175 1666
1175 1743
1175 1820
1175 1893
1175 1963
1175 2080
1175 2682
1175 2690
1175 3012
1175 3327
1175 3339
1175 3381
1175 3410
1175 3677
1175 3833
1175 4204
1175 4240
1175 4263
1175 4491
1175 4835
1175 4848
1176 1311
1176 1950
1176 1954
1176 2206
1176 2287
1176 2427
1176 2438
1176 2499
1176 2539
1176 2761
1176 2878
1176 3333
1176 3370
1176 3412
1176 3478
1176 3647
1176 3758
1176 4101
1176 4169
1176 4299
1176 4446
1177 1197
1177 1323
1177 1326
1177 1387
1177 1769
1177 1789
1177 2586
1177 2671
1177 2773
1177 3267
1177 3578
1177 3979
1177 4265
1177 4386
1177 4602
1177 4614
1177 4702
1177 4771
1177 4943
1178 1425
1178 1617
1178 1678
1178 1740
1178 2030
1178 2067
1178 2165
1178 2199
1178 2301
1178 2347
1178 2424
1178 2588
1178 2877
1178 2912
1178 3124
1178 3138
1178 3308
1178 3329
1178 3440
1178 3850
1178 4184
1178 4507
1178 4860
1179 1194
1179 1409
1179 1420
1179 1513
1179 1560
1179 1610
1179 1806
1179 1906
1179 1978
1179 2176
1179 2271
1179 2675
1179 2722
1179 2956
1179 3437
1179 3659
1179 3690
1179 3775
1179 3938
1179 4029
1179 4279
1179 4316
1179 4324
1179 4418
1179 4471
1179 4516
1179 4709
1179 4844
1179 4846
1179 4873
1180 1211
1180 1415
1180 1460
1180 1530
1180 1627
1180 1878
1180 2089
1180 2102
1180 2493
1180 2505
1180 2557
1180 2876
1180 3075
1180 3296
1180 3539
1180 3715
1180 3847
1180 3920
1180 3989
1180 4080
1180 4128
1180 4353
1180 4377
1180 4722
1180 4729
1181 1194
1181 1239
1181 1739
1181 1814
1181 2003
1181 2140
1181 2884
1181 2899
1181 3215
1181 3242
1181 3348
1181 3440
1181 4018
1181 4183
1181 4204
1181 4317
1181 4650
1181 4860
1182 1513
1182 1541
1182 1595
1182 1741
1182 1988
1182 2325
1182 2464
1182 2667
1182 2868
1182 2920
1182 2947
1182 3200
1182 3205
1182 3357
1182 3481
1182 3666
1182 3688
1182 3746
1182 3844
1182 4081
1182 4344
1182 4789
1182 4906
1183 1247
1183 1592
1183 1721
1183 1980
1183 1996
1183 2684
1183 2714
1183 2972
1183 3547
1183 3632
1183 3775
1183 4040
1183 4144
1183 4309
1183 4399
1183 4687
1183 4792
1183 4865
1183 4884
1183 4935
1184 1191
1184 1457
1184 1595
1184 1688
1184 1699
1184 1763
1184 2058
1184 2087
1184 2112
1184 2180
1184 2187
1184 2418
1184 2654
1184 2852
1184 2991
1184 3000
1184 3093
1184 3288
1184 3428
1184 3724
1184 3853
1184 4091
1184 4213
1184 4316
1184 4330
1184 4621
1184 4710
1184 4928
1185 1323
1185 1358
1185 1513
1185 1746
1185 1767
1185 2017
1185 2397
1185 2637
1185 2638
1185 2711
1185 3173
1185 3364
1185 3566
1185 3615
1185 3666
1185 4079
1185 4082
1185 4315
1185 4383
1185 4849
1186 1262
1186 1367
1186 1405
1186 1431
1186 1527
1186 1639
1186 1933
1186 2522
1186 2556
1186 2663
1186 2819
1186 2878
1186 3100
1186 3116
1186 3207
1186 3307
1186 3431
1186 3487
1186 3488
1186 3569
1186 3697
1186 4052
1186 4440
1186 4533
1186 4785
1186 4847
1186 4998
1187 1229
1187 1319
1187 1681
1187 1702
1187 1779
1187 1780
1187 1999
1187 2327
1187 2817
1187 2890
1187 3125
1187 3177
1187 3430
1187 3491
1187 3509
1187 3547
1187 3599
1187 3768
1187 3924
1187 3927
1187 3975
1187 4017
1187 4071
1187 4104
1187 4707
1188 1197
1188 1316
1188 1389
1188 1554
1188 1566
1188 1683
1188 2107
1188 2281
1188 2301
1188 2544
1188 2728
1188 2766
1188 2849
1188 2917
1188 2984
1188 3001
1188 3154
1188 3175
1188 3727
1188 3749
1188 4000
1188 4196
1188 4215
1188 4443
1188 4491
1188 4494
1188 4901
1189 1192
1189 1284
1189 1357
1189 1851
1189 2169
1189 2284
1189 2397
1189 2459
1189 2696
1189 2720
1189 2752
1189 2798
1189 3094
1189 3293
1189 3315
1189 3441
1189 3584
1189 4307
1189 4332
1189 4566
1189 4674
1189 4747
1189 4948
1190 1216
1190 1224
1190 1283
1190 1333
1190 1385
1190 1648
1190 1724
1190 2008
1190 2972
1190 3027
1190 3784
1190 3830
1190 3946
1190 4027
1190 4120
1190 4329
1190 4537
1190 4799
1190 4803
1190 4959
1190 4964
1191 1307
1191 1874
1191 2284
1191 2561
1191 2599
1191 2757
1191 2985
1191 3179
1191 3283
1191 3864
1191 3991
1191 4067
1191 4235
1191 4248
1191 4315
1191 4348
1191 4360
1191 4362
1191 4398
1191 4462
1191 4657
1191 4699
1191 4997
1192 1208
1192 1984
1192 2059
1192 2139
1192 2285
1192 2444
1192 3058
1192 3204
1192 3242
1192 3499
1192 3651
1192 3746
1192 3927
1192 4046
1192 4180
1192 4216
1192 4268
1192 4512
1192 4572
1192 4705
1192 4826
1192 4871
1193 1218
1193 1460
1193 1532
1193 1806
1193 2018
1193 2190
1193 2236
1193 2315
1193 2498
1193 2511
1193 2512
1193 2522
1193 2618
1193 2701
1193 2902
1193 3016
1193 3083
1193 3202
1193 3382
1193 3448
1193 3568
1193 3794
1193 4004
1193 4240
1193 4381
1193 4569
1193 4698
1193 4732
1193 4842
1194 1263
1194 1466
1194 1469
1194 1493
1194 1610
1194 1630
1194 1782
1194 1803
1194 1820
1194 2569
1194 2615
1194 2853
1194 3034
1194 3319
1194 3575
1194 3928
1194 3997
1194 4187
1194 4229
1194 4395
1194 4883
1194 4970
1195 1308
1195 1365
1195 1473
1195 1515
1195 1606
1195 1816
1195 2033
1195 2110
1195 2143
1195 2436
1195 2466
1195 2484
1195 2550
1195 3061
1195 3244
1195 3308
1195 3627
1195 3761
1195 3809
1195 3875
1195 4180
1195 4373
1195 4390
1195 4420
1195 4458
1195 4467
1195 4852
1196 1275
1196 1338
1196 1703
1196 1768
1196 1828
1196 1871
1196 1956
1196 2027
1196 2059
1196 2346
1196 2420
1196 2477
1196 2551
1196 2557
1196 3324
1196 3332
1196 3629
1196 3751
1196 4067
1196 4182
1196 4446
1196 4612
1196 4971
1197 1581
1197 1885
1197 1983
1197 1988
1197 2404
1197 2502
1197 2550
1197 2721
1197 2741
1197 2810
1197 2820
1197 2837
1197 2911
1197 3081
1197 3103
1197 3328
1197 3334
1197 3589
1197 4156
1197 4237
1197 4362
1197 4433
1197 4584
1197 4790
1197 4873
1198 1369
1198 1573
1198 1845
1198 1943
1198 2109
1198 2233
1198 2328
1198 2722
1198 2998
1198 3521
1198 3558
1198 3680
1198 3883
1198 3901
1198 3902
1198 4483
1198 4592
1198 4742
1198 4988
1199 1344
1199 1810
1199 1897
1199 2040
1199 2185
1199 2496
1199 2948
1199 3088
1199 3595
1199 3663
1199 3691
1199 3699
1199 3950
1199 3974
1199 4060
1199 4222
1199 4617
1199 4843
1200 1220
1200 1257
1200 1632
1200 1639
1200 1661
1200 1812
1200 1953
1200 2054
1200 2171
1200 2349
1200 2744
1200 2922
1200 3025
1200 3048
1200 3218
1200 3258
1200 3419
1200 3966
1200 4020
1200 4127
1200 4200
1200 4843
1201 1266
1201 1310
1201 1566
1201 1648
1201 2094
1201 2181
1201 2577
1201 2584
1201 2905
1201 2944
1201 2993
1201 3119
1201 3262
1201 3298
1201 3351
1201 3637
1201 3847
1201 4364
1201 4699
1201 4759
1201 4879
1201 4919
1202 1321
1202 1542
1202 1685
1202 1841
1202 1911
1202 1934
1202 2222
1202 2278
1202 2533
1202 2711
1202 2754
1202 2761
1202 2841
1202 2953
1202 3158
1202 3353
1202 3521
1202 3581
1202 3642
1202 3663
1202 4184
1202 4213
1203 1289
1203 1349
1203 1740
1203 1775
1203 1928
1203 2592
1203 2681
1203 2696
1203 2707
1203 2803
1203 3164
1203 3414
1203 3879
1203 4181
1203 4194
1203 4632
1203 4692
1204 1280
1204 1518
1204 1686
1204 1954
1204 2154
1204 2180
1204 2217
1204 2243
1204 2280
1204 2533
1204 2778
1204 2882
1204 3110
1204 3185
1204 3300
1204 3366
1204 3399
1204 3500
1204 3607
1204 3651
1204 3822
1204 3986
1204 4937
1205 1820
1205 1952
1205 2068
1205 2469
1205 2732
1205 2773
1205 2950
1205 3120
1205 3325
1205 3405
1205 3506
1205 3839
1205 4097
1205 4110
1205 4615
1205 4722
1205 4858
1205 4930
1206 1213
1206 1340
1206 1411
1206 1822
1206 1978
1206 2116
1206 2160
1206 2194
1206 2372
1206 2563
1206 2775
1206 2800
1206 2984
1206 3001
1206 3337
1206 3372
1206 3501
1206 3512
1206 3614
1206 4076
1206 4102
1206 4359
1206 4401
1206 4624
1206 4842
1206 4962
1207 1265
1207 1484
1207 1671
1207 1681
1207 1853
1207 2151
1207 2449
1207 2936
1207 3165
1207 3284
1207 3611
1207 3653
1207 3762
1207 3804
1207 4082
1207 4237
1207 4380
1207 4759
1207 4819
1207 4886
1208 1412
1208 1453
1208 1517
1208 1609
1208 1621
1208 2039
1208 2184
1208 2201
1208 2467
1208 2502
1208 2527
1208 3514
1208 3677
1208 3873
1208 4453
1208 4456
1208 4564
1208 4566
1208 4644
1208 4721
1208 4755
1208 4852
1208 4853
1209 1411
1209 1427
1209 1440
1209 1545
1209 2100
1209 2110
1209 2191
1209 2327
1209 2498
1209 2564
1209 2833
1209 2880
1209 3150
1209 3253
1209 3307
1209 3355
1209 3509
1209 3568
1209 3880
1209 3950
1209 4259
1209 4292
1209 4452
1209 4461
1209 4628
1209 4907
1210 1607
1210 1753
1210 2146
1210 2281
1210 2375
1210 2433
1210 2505
1210 2579
1210 3041
1210 3180
1210 3346
1210 3466
1210 3625
1210 3803
1210 3957
1210 3997
1210 4340
1210 4413
1210 4610
1210 4815
1211 1442
1211 1711
1211 2208
1211 2241
1211 2342
1211 2636
1211 2745
1211 3379
1211 3417
1211 3483
1211 3596
1211 3935
1211 3995
1211 4450
1211 4762
1211 4919
1212 1389
1212 2034
1212 2078
1212 2102
1212 2262
1212 2389
1212 2475
1212 2502
1212 2626
1212 2866
1212 2986
1212 3222
1212 3675
1212 3705
1212 3769
1212 3900
1212 4400
1212 4422
1212 4496
1212 4836
1212 4902
1213 1288
1213 2057
1213 2138
1213 2534
1213 2617
1213 2633
1213 2743
1213 2834
1213 3205
1213 3463
1213 3675
1213 3950
1213 3996
1213 4008
1213 4170
1213 4696
1213 4736
1213 4922
1214 1365
1214 1483
1214 1771
1214 1854
1214 1915
1214 2025
1214 2178
1214 2209
1214 2758
1214 2824
1214 2955
1214 3104
1214 3724
1214 3924
1214 4113
1214 4121
1214 4281
1214 4462
1215 1340
1215 1437
1215 1619
1215 1624
1215 1887
1215 2097
1215 2124
1215 2389
1215 2397
1215 2753
1215 3028
1215 3090
1215 3442
1215 3476
1215 3839
1215 3953
1215 4115
1215 4229
1215 4587
1216 1237
1216 1652
1216 1727
1216 2108
1216 2150
1216 2174
1216 2184
1216 2193
1216 2206
1216 2259
1216 2301
1216 2570
1216 2661
1216 2693
1216 2789
1216 3008
1216 3081
1216 3348
1216 3528
1216 3642
1216 3879
1216 4242
1216 4755
1216 4878
1216 4936
1217 1482
1217 1501
1217 2127
1217 2253
1217 2294
1217 2429
1217 2446
1217 2483
1217 2548
1217 2637
1217 2769
1217 2908
1217 2917
1217 3113
1217 3223
1217 3483
1217 3572
1217 3625
1217 4776
1217 4834
1217 4986
1218 1403
1218 1458
1218 1497
1218 1988
1218 2055
1218 2350
1218 2454
1218 2812
1218 3134
1218 3269
1218 3504
1218 3624
1218 3877
1218 3920
1218 4018
1218 4073
1218 4177
1218 4638
1218 4761
1218 4767
1219 1242
1219 1273
1219 1451
1219 1719
1219 2368
1219 2420
1219 2527
1219 2535
1219 2609
1219 2815
1219 2892
1219 2896
1219 2908
1219 3196
1219 3568
1219 3627
1219 3764
1219 3787
1219 3874
1219 4048
1219 4914
1220 1812
1220 1858
1220 1885
1220 1985
1220 2206
1220 2211
1220 2453
1220 2590
1220 2809
1220 3213
1220 3327
1220 3328
1220 3673
1220 3761
1220 3914
1220 4164
1220 4664
1220 4862
1220 4956
1220 4984
1221 1410
1221 1506
1221 1518
1221 1926
1221 2103
1221 2173
1221 2396
1221 2507
1221 2621
1221 2731
1221 3094
1221 3600
1221 3793
1221 3816
1221 3891
1221 3898
1221 3997
1221 4394
1221 4661
1222 1349
1222 1456
1222 1524
1222 1527
1222 1643
1222 2129
1222 2357
1222 2626
1222 2947
1222 3014
1222 3031
1222 3144
1222 3260
1222 3369
1222 3565
1222 3578
1222 3767
1222 4026
1222 4229
1222 4391
1222 4706
1222 4896
1223 1354
1223 1593
1223 1948
1223 2199
1223 2217
1223 2373
1223 2376
1223 2483
1223 2494
1223 2613
1223 3260
1223 3266
1223 3272
1223 3642
1223 3757
1223 4194
1223 4343
1223 4391
1223 4439
1223 4570
1223 4853
1223 4899
1224 1251
1224 1398
1224 1541
1224 1640
1224 2014
1224 2518
1224 2562
1224 2770
1224 2811
1224 3310
1224 3564
1224 3617
1224 3634
1224 3728
1224 4220
1224 4568
1224 4617
1224 4653
1224 4785
1224 4909
1225 1298
1225 1300
1225 1513
1225 1554
1225 1657
1225 2049
1225 2064
1225 2091
1225 2353
1225 2604
1225 2642
1225 2820
1225 2916
1225 3169
1225 3301
1225 3473
1225 3596
1225 3734
1225 3884
1225 4029
1225 4045
1225 4660
1225 4686
1225 4828
1225 4898
1225 4952
1226 1305
1226 1495
1226 1770
1226 2357
1226 2583
1226 2718
1226 2821
1226 2923
1226 2929
1226 2985
1226 3163
1226 3334
1226 3367
1226 3443
1226 3553
1226 3725
1226 3784
1226 4291
1226 4436
1226 4503
1226 4571
1226 4611
1226 4618
1227 1617
1227 1722
1227 1851
1227 1854
1227 1972
1227 2036
1227 2104
1227 2189
1227 2313
1227 2387
1227 2538
1227 2700
1227 2810
1227 2904
1227 2959
1227 3114
1227 3256
1227 3669
1227 3968
1227 4030
1227 4269
1227 4513
1227 4744
1227 4826
1228 1322
1228 1836
1228 1940
1228 1953
1228 2064
1228 2092
1228 2535
1228 2607
1228 3009
1228 3202
1228 3263
1228 3612
1228 3799
1228 4181
1228 4294
1228 4452
1228 4457
1228 4509
1228 4757
1228 4809
1228 4997
1229 1772
1229 1963
1229 1990
1229 2005
1229 2600
1229 2656
1229 2945
1229 3106
1229 3210
1229 3474
1229 3533
1229 3585
1229 4051
1229 4203
1229 4351
1229 4372
1229 4376
1229 4394
1229 4579
1229 4776
1229 4852
1229 4959
1230 1349
1230 1354
1230 1474
1230 1515
1230 1587
1230 1711
1230 2100
1230 2248
1230 2325
1230 2460
1230 2493
1230 2678
1230 2726
1230 3105
1230 3147
1230 3289
1230 3522
1230 3636
1230 3712
1230 3788
1230 3948
1230 4038
1230 4154
1230 4211
1230 4357
1230 4512
1230 4520
1230 4533
1230 4622
1231 1281
1231 1665
1231 1844
1231 1857
1231 1934
1231 2239
1231 2307
1231 2329
1231 2629
1231 2650
1231 2730
1231 2740
1231 2764
1231 3112
1231 3144
1231 3255
1231 3486
1231 3531
1231 3551
1231 3569
1231 3791
1231 3953
1231 3974
1231 4056
1231 4097
1231 4119
1231 4244
1231 4330
1231 4505
1231 4619
1231 4816
1232 1239
1232 1352
1232 1373
1232 1451
1232 1472
1232 1730
1232 2065
1232 2077
1232 2320
1232 2432
1232 2675
1232 2901
1232 2989
1232 3138
1232 3230
1232 4285
1232 4469
1232 4820
1233 1408
1233 1842
1233 1853
1233 2034
1233 2037
1233 2118
1233 2259
1233 2441
1233 2660
1233 2720
1233 2859
1233 3725
1233 3779
1233 4056
1233 4098
1233 4253
1233 4369
1233 4508
1233 4792
1234 1647
1234 1805
1234 2097
1234 2106
1234 2370
1234 2529
1234 2575
1234 2879
1234 2978
1234 3016
1234 3161
1234 3170
1234 3248
1234 3306
1234 3336
1234 3520
1234 4149
1234 4194
1234 4636
1234 4652
1234 4727
1234 4806
1234 4816
1234 4863
1234 4903
1235 1851
1235 2089
1235 2195
1235 2502
1235 2563
1235 2601
1235 2611
1235 2917
1235 2974
1235 3003
1235 3122
1235 3484
1235 3541
1235 3615
1235 4054
1235 4241
1235 4437
1235 4931
1236 1551
1236 1662
1236 1745
1236 2068
1236 2168
1236 2303
1236 2450
1236 2543
1236 2592
1236 2663
1236 2675
1236 2683
1236 2752
1236 2803
1236 2837
1236 2891
1236 2917
1236 3262
1236 3476
1236 3488
1236 3684
1236 3768
1236 3833
1236 3844
1236 3874
1236 4258
1236 4349
1236 4370
1236 4391
1236 4485
1236 4563
1236 4832
1236 4858
1236 4997
1237 1317
1237 1355
1237 1508
1237 1819
1237 1969
1237 1988
1237 2136
1237 2793
1237 3179
1237 3299
1237 3476
1237 3534
1237 3848
1237 3897
1237 4107
1237 4604
1237 4644
1237 4697
1238 1479
1238 1693
1238 2311
1238 2442
1238 2455
1238 2682
1238 2845
1238 3182
1238 3618
1238 3759
1238 3820
1238 3878
1238 3925
1238 4063
1238 4083
1238 4224
1238 4390
1238 4562
1238 4879
1239 1293
1239 1300
1239 1486
1239 1795
1239 1901
1239 2036
1239 2130
1239 2143
1239 2867
1239 2883
1239 2928
1239 2950
1239 2983
1239 3207
1239 3363
1239 3496
1239 3873
1239 3937
1239 4186
1239 4246
1239 4476
1239 4932
1240 1278
1240 1323
1240 1404
1240 1467
1240 1508
1240 1617
1240 1911
1240 1962
1240 2083
1240 2181
1240 2259
1240 2499
1240 2602
1240 2662
1240 2764
1240 3075
1240 3156
1240 3194
1240 3284
1240 3410
1240 3464
1240 3669
1240 3753
1240 3867
1240 4474
1240 4491
1240 4936
1240 4960
1240 4977
1241 1250
1241 1288
1241 1344
1241 1786
1241 1806
1241 1860
1241 1928
1241 2030
1241 2076
1241 2494
1241 2942
1241 3076
1241 3257
1241 4038
1241 4279
1241 4411
1241 4615
1241 4906
1242 1252
1242 1260
1242 1283
1242 1585
1242 1681
1242 2152
1242 2262
1242 2341
1242 2412
1242 2492
1242 2591
1242 3105
1242 3116
1242 3291
1242 3307
1242 3343
1242 4099
1242 4243
1242 4258
1242 4389
1242 4462
1242 4466
1242 4884
1243 1248
1243 1254
1243 1661
1243 1802
1243 1919
1243 2105
1243 2109
1243 2150
1243 2211
1243 2253
1243 2582
1243 2843
1243 2947
1243 3074
1243 3087
1243 3388
1243 3399
1243 3419
1243 3575
1243 3602
1243 3681
1243 3798
1243 3940
1243 4477
1243 4769
1243 4846
1244 1492
1244 1658
1244 1921
1244 1931
1244 2033
1244 2342
1244 2419
1244 2542
1244 2565
1244 2601
1244 2812
1244 2889
1244 3203
1244 3373
1244 3417
1244 3467
1244 3511
1244 3620
1244 3782
1244 3888
1244 4060
1244 4089
1244 4107
1244 4339
1244 4491
1244 4732
1244 4774
1244 4862
1244 4991
1245 1355
1245 1503
1245 1537
1245 1870
1245 2040
1245 2054
1245 2323
1245 2463
1245 2719
1245 3073
1245 3080
1245 3158
1245 3214
1245 3288
1245 4362
1245 4520
1245 4578
1245 4699
1245 4942
1246 1372
1246 1538
1246 1547
1246 2090
1246 2244
1246 2591
1246 2612
1246 2682
1246 2724
1246 2780
1246 2866
1246 3405
1246 3553
1246 3708
1246 3719
1246 3735
1246 3757
1246 3833
1246 3844
1246 3850
1246 3896
1246 4246
1246 4459
1246 4688
1246 4798
1247 1308
1247 1337
1247 1407
1247 1507
1247 2536
1247 2948
1247 2949
1247 2969
1247 3164
1247 3524
1247 3541
1247 3697
1247 4354
1247 4404
1247 4573
1247 4742
1247 4944
1247 4945
1248 1323
1248 1513
1248 1744
1248 2020
1248 2183
1248 2893
1248 3172
1248 3701
1248 3951
1248 4189
1248 4204
1248 4573
1248 4616
1248 4677
1248 4754
1248 4997
1249 1421
1249 1428
1249 1777
1249 1844
1249 2005
1249 2094
1249 2178
1249 2269
1249 2342
1249 2408
1249 2643
1249 2695
1249 2728
1249 3105
1249 3128
1249 3400
1249 3882
1249 4066
1249 4144
1249 4266
1249 4378
1249 4412
1249 4458
1249 4919
1250 1942
1250 2032
1250 2169
1250 2329
1250 2363
1250 2635
1250 2796
1250 2921
1250 2936
1250 3222
1250 3424
1250 3527
1250 3725
1250 3915
1250 3923
1250 3961
1250 3981
1250 4299
1250 4547
1250 4651
1250 4802
1251 1349
1251 1516
1251 2167
1251 2190
1251 2262
1251 2286
1251 2416
1251 2434
1251 2484
1251 2563
1251 2570
1251 2636
1251 2735
1251 3011
1251 3098
1251 3458
1251 3624
1251 3742
1251 4067
1251 4146
1251 4235
1251 4408
1251 4754
1251 4932
1252 1688
1252 1694
1252 1781
1252 2619
1252 2871
1252 3096
1252 3304
1252 3399
1252 3474
1252 3921
1252 4013
1252 4120
1252 4466
1252 4794
1252 4975
1253 1694
1253 1741
1253 1936
1253 2017
1253 2258
1253 2426
1253 2463
1253 2481
1253 2491
1253 2596
1253 2809
1253 2893
1253 3190
1253 3206
1253 3546
1253 3836
1253 4101
1253 4269
1253 4505
1253 4555
1253 4837
1253 4881
1254 1470
1254 1527
1254 1931
1254 1945
1254 2105
1254 2258
1254 2483
1254 2581
1254 2790
1254 2808
1254 2903
1254 3189
1254 3262
1254 3571
1254 3579
1254 3656
1254 3659
1254 3688
1254 4130
1254 4256
1254 4562
1254 4873
1255 1385
1255 1395
1255 1479
1255 1714
1255 1933
1255 2078
1255 2100
1255 2214
1255 2276
1255 2297
1255 2377
1255 2401
1255 2408
1255 2519
1255 2664
1255 2822
1255 3024
1255 3123
1255 3198
1255 3356
1255 3530
1255 3659
1255 3890
1255 4434
1255 4706
1256 1449
1256 1540
1256 1662
1256 1695
1256 1737
1256 1845
1256 1967
1256 2171
1256 2471
1256 2590
1256 2690
1256 3171
1256 3354
1256 3379
1256 4085
1256 4136
1256 4156
1256 4298
1256 4327
1256 4380
1256 4508
1256 4522
1256 4533
1256 4970
1256 4994
1257 1452
1257 1486
1257 1537
1257 1635
1257 1670
1257 1797
1257 2065
1257 2110
1257 2134
1257 2256
1257 2421
1257 2544
1257 2661
1257 2671
1257 2866
1257 3314
1257 3480
1257 3876
1257 4279
1257 4333
1257 4338
1257 4355
1257 4600
1257 4815
1258 1530
1258 1542
1258 1728
1258 1750
1258 1876
1258 2074
1258 2177
1258 2265
1258 2462
1258 2543
1258 2617
1258 2668
1258 2784
1258 3015
1258 3098
1258 3269
1258 3581
1258 3735
1258 3949
1258 4830
1258 4959
1259 1599
1259 1888
1259 2342
1259 2474
1259 2509
1259 2593
1259 2735
1259 2890
1259 2984
1259 3118
1259 3383
1259 3868
1259 3870
1259 3985
1259 4149
1259 4155
1259 4436
1259 4504
1259 4525
1259 4613
1259 4834
1259 4910
1260 1421
1260 1433
1260 2226
1260 2332
1260 2407
1260 2530
1260 2823
1260 2834
1260 2962
1260 3107
1260 3330
1260 3612
1260 3916
1260 4043
1260 4135
1260 4240
1260 4244
1260 4342
1260 4540
1260 4670
1260 4934
1261 1493
1261 1513
1261 1715
1261 1729
1261 2099
1261 2167
1261 2334
1261 2736
1261 2825
1261 2996
1261 3009
1261 4110
1261 4385
1261 4390
1261 4593
1261 4702
1261 4895
1262 1265
1262 1600
1262 1855
1262 2256
1262 2492
1262 2540
1262 2739
1262 2757
1262 3100
1262 3294
1262 3306
1262 3307
1262 3438
1262 3602
1262 3614
1262 3810
1262 4014
1262 4078
1262 4312
1262 4458
1262 4755
1262 4877
1263 1874
1263 1926
1263 1941
1263 2042
1263 2167
1263 2179
1263 2360
1263 2371
1263 2890
1263 3273
1263 3363
1263 3411
1263 3428
1263 3482
1263 3538
1263 3578
1263 3799
1263 3816
1263 3942
1263 3981
1263 4140
1263 4283
1263 4407
1263 4452
1263 4601
1263 4616
1263 4799
1264 1324
1264 1346
1264 1462
1264 1725
1264 1783
1264 2139
1264 2148
1264 2383
1264 2650
1264 2668
1264 3610
1264 3800
1264 3882
1264 3928
1264 4262
1264 4318
1264 4431
1264 4645
1264 4892
1265 1637
1265 1705
1265 1877
1265 2041
1265 2479
1265 2518
1265 2642
1265 2885
1265 3016
1265 3042
1265 3171
1265 3452
1265 3609
1265 3956
1265 4022
1265 4033
1265 4367
1265 4387
1265 4450
1265 4485
1265 4686
1265 4857
1265 4996
1266 1431
1266 1990
1266 2007
1266 2055
1266 2059
1266 2195
1266 2421
1266 2495
1266 2764
1266 2776
1266 2791
1266 2977
1266 3060
1266 3221
1266 3223
1266 3622
1266 4072
1266 4427
1266 4553
1266 4813
1267 1306
1267 1511
1267 1553
1267 1626
1267 1960
1267 2058
1267 2200
1267 2228
1267 2332
1267 2505
1267 2524
1267 2636
1267 2836
1267 2880
1267 2897
1267 2965
1267 3006
1267 3048
1267 3053
1267 3369
1267 3568
1267 3634
1267 4029
1267 4111
1267 4139
1267 4141
1267 4186
1267 4493
1267 4586
1267 4979
1268 1401
1268 1486
1268 1628
1268 1815
1268 1896
1268 2109
1268 2127
1268 2560
1268 3012
1268 3270
1268 3603
1268 3665
1268 3728
1268 3974
1268 4067
1268 4127
1268 4391
1268 4501
1268 4598
1268 4679
1269 1411
1269 1453
1269 1572
1269 1745
1269 1902
1269 2005
1269 2171
1269 2339
1269 2437
1269 2647
1269 2670
1269 2740
1269 2861
1269 2935
1269 2977
1269 3416
1269 3453
1269 3699
1269 4006
1269 4076
1269 4116
1269 4310
1269 4478
1269 4555
1269 4630
1269 4720
1269 4743
1269 4781
1269 4875
1269 4910
1269 4925
1270 1346
1270 1519
1270 1705
1270 1759
1270 2487
1270 2511
1270 3249
1270 3358
1270 3924
1270 4238
1270 4290
1270 4346
1270 4394
1270 4410
1270 4412
1270 4415
1270 4419
1270 4506
1270 4585
1270 4734
1270 4879
1270 4933
1271 1546
1271 1547
1271 2039
1271 2290
1271 2411
1271 2493
1271 2560
1271 2668
1271 3060
1271 3107
1271 3339
1271 3365
1271 3465
1271 3570
1271 3979
1271 4119
1271 4222
1271 4250
1271 4458
1271 4805
1272 1531
1272 1569
1272 1706
1272 1754
1272 1845
1272 1856
1272 2227
1272 2282
1272 2497
1272 2521
1272 2672
1272 2796
1272 2920
1272 3069
1272 3337
1272 3424
1272 3477
1272 3531
1272 3641
1272 3804
1272 3826
1272 4156
1272 4188
1272 4493
1272 4604
1272 4657
1272 4981
1273 1402
1273 1518
1273 1787
1273 1831
1273 1902
1273 2060
1273 2087
1273 2089
1273 2349
1273 2382
1273 2451
1273 2788
1273 3008
1273 3043
1273 3384
1273 3449
1273 3541
1273 3668
1273 3736
1273 3824
1273 4112
1273 4187
1273 4236
1273 4462
1273 4627
1273 4685
1273 4894
1274 1299
1274 1372
1274 1533
1274 1634
1274 1773
1274 1837
1274 1846
1274 2156
1274 2284
1274 2320
1274 2551
1274 3169
1274 3407
1274 3430
1274 3579
1274 3743
1274 3781
1274 3813
1274 4607
1274 4820
1274 4920
1275 1590
1275 2063
1275 2277
1275 2331
1275 2740
1275 2822
1275 2855
1275 3083
1275 3170
1275 3181
1275 3274
1275 3848
1275 3902
1275 3952
1275 3970
1275 3992
1275 4191
1275 4198
1275 4389
1275 4469
1275 4534
1275 4549
1275 4665
1275 4767
1276 1313
1276 1405
1276 1739
1276 1853
1276 1910
1276 2135
1276 2264
1276 2359
1276 2506
1276 2545
1276 2585
1276 2866
1276 2947
1276 2974
1276 3128
1276 3462
1276 3509
1276 3631
1276 3639
1276 3740
1276 3780
1276 4440
1276 4642
1276 4744
1276 4981
1277 1461
1277 1568
1277 1927
1277 2136
1277 2261
1277 2307
1277 2392
1277 2458
1277 2505
1277 2975
1277 2983
1277 2994
1277 3208
1277 3347
1277 3464
1277 3550
1277 3979
1277 4188
1277 4264
1277 4268
1277 4837
1277 4917
1277 4931
1278 1818
1278 1926
1278 2075
1278 2372
1278 2425
1278 2719
1278 2755
1278 3078
1278 3144
1278 3278
1278 3363
1278 3418
1278 3867
1278 3886
1278 4224
1278 4619
1278 4882
1278 4961
1279 1425
1279 1433
1279 1535
1279 1725
1279 1810
1279 2229
1279 2356
1279 2493
1279 2675
1279 2799
1279 3020
1279 3451
1279 3566
1279 3616
1279 3758
1279 3777
1279 3963
1279 4050
1279 4251
1279 4278
1279 4590
1279 4881
1279 4963
1279 4971
1280 1343
1280 1575
1280 1714
1280 2056
1280 2183
1280 2301
1280 2817
1280 2986
1280 3153
1280 3177
1280 3255
1280 3477
1280 3596
1280 3684
1280 3803
1280 4267
1280 4419
1280 4466
1280 4514
1280 4784
1281 1503
1281 1643
1281 1911
1281 1986
1281 2046
1281 2703
1281 2742
1281 2861
1281 3093
1281 3326
1281 3550
1281 3767
1281 4250
1281 4304
1281 4346
1281 4703
1281 4765
1281 4804
1282 1294
1282 1465
1282 1599
1282 1735
1282 1812
1282 2321
1282 2368
1282 2694
1282 2709
1282 2742
1282 2824
1282 2892
1282 2958
1282 3124
1282 3385
1282 3900
1282 4197
1282 4252
1283 1694
1283 1991
1283 2226
1283 2309
1283 2530
1283 2667
1283 2861
1283 2884
1283 3005
1283 3012
1283 3406
1283 3481
1283 3511
1283 3758
1283 3965
1283 4438
1283 4658
1284 1374
1284 1487
1284 1536
1284 1855
1284 1950
1284 1969
1284 2500
1284 2571
1284 2736
1284 3028
1284 3740
1284 3851
1284 4195
1284 4335
1284 4470
1284 4475
1284 4571
1284 4591
1284 4868
1284 4956
1285 1373
1285 1608
1285 1683
1285 1749
1285 2090
1285 2095
1285 2213
1285 2299
1285 2334
1285 2549
1285 2578
1285 3091
1285 3242
1285 3333
1285 3941
1285 4235
1285 4361
1285 4372
1285 4589
1285 4887
1286 1448
1286 1627
1286 1801
1286 1868
1286 2111
1286 2227
1286 2279
1286 2302
1286 2478
1286 2658
1286 3160
1286 3442
1286 3587
1286 3619
1286 3747
1286 3788
1286 3835
1286 4186
1286 4225
1286 4460
1286 4471
1286 4550
1286 4752
1286 4758
1287 1303
1287 1440
1287 1622
1287 1633
1287 1737
1287 1981
1287 2284
1287 2383
1287 2396
1287 2624
1287 2655
1287 2807
1287 3051
1287 3113
1287 3349
1287 3424
1287 3447
1287 3587
1287 3801
1287 3978
1287 4382
1287 4515
1287 4567
1287 4633
1287 4645
1287 4665
1288 1552
1288 1612
1288 1640
1288 1855
1288 2275
1288 2327
1288 2415
1288 2442
1288 2504
1288 2508
1288 2620
1288 2628
1288 2868
1288 2908
1288 2920
1288 3106
1288 3636
1288 3930
1288 3995
1288 4473
1288 4581
1289 1570
1289 1783
1289 1836
1289 1973
1289 2454
1289 2459
1289 2827
1289 2944
1289 3038
1289 3123
1289 3136
1289 3148
1289 3177
1289 3277
1289 3494
1289 3504
1289 3548
1289 3931
1289 3971
1289 3991
1289 4017
1289 4467
1289 4486
1289 4497
1289 4577
1290 1489
1290 1739
1290 1748
1290 2013
1290 2516
1290 2745
1290 2827
1290 2840
1290 3013
1290 3352
1290 3401
1290 3658
1290 3672
1290 3721
1290 3968
1290 4254
1290 4450
1290 4546
1290 4672
1290 4680
1290 4688
1290 4908
1291 1597
1291 1866
1291 2046
1291 2469
1291 2975
1291 3277
1291 3331
1291 3380
1291 3664
1291 4145
1291 4245
1291 4278
1291 4408
1291 4798
1292 1419
1292 1683
1292 1806
1292 2040
1292 2259
1292 2536
1292 2857
1292 2963
1292 3088
1292 3196
1292 3387
1292 3520
1292 3522
1292 3962
1292 3998
1292 4115
1292 4209
1292 4406
1292 4550
1292 4606
1292 4706
1292 4888
1293 1426
1293 1427
1293 1579
1293 1715
1293 2168
1293 2181
1293 2219
1293 2224
1293 2495
1293 2523
1293 2650
1293 2690
1293 2730
1293 2783
1293 3108
1293 3216
1293 3263
1293 3502
1293 3660
1293 3666
1293 3916
1293 3952
1293 3970
1293 4371
1293 4383
1293 4946
1293 4978
1294 1497
1294 1916
1294 1969
1294 2351
1294 2371
1294 2536
1294 2795
1294 2846
1294 2873
1294 3141
1294 3394
1294 3467
1294 3753
1294 3913
1294 4089
1294 4222
1294 4305
1294 4343
1294 4387
1294 4443
1294 4497
1294 4546
1294 4672
1295 1362
1295 1496
1295 1545
1295 1705
1295 1896
1295 1897
1295 1954
1295 2095
1295 2140
1295 2333
1295 2765
1295 2778
1295 3039
1295 3339
1295 3404
1295 3448
1295 3514
1295 3637
1295 3759
1295 3837
1295 4006
1295 4121
1295 4290
1295 4302
1295 4591
1295 4812
1295 4838
1296 1525
1296 1550
1296 1558
1296 2266
1296 2441
1296 2468
1296 2519
1296 2813
1296 2849
1296 3012
1296 3335
1296 3361
1296 3379
1296 3764
1296 3807
1296 3811
1296 3956
1296 3990
1296 4040
1296 4044
1296 4060
1296 4158
1296 4424
1296 4530
1296 4596
1296 4933
1297 1501
1297 1628
1297 1973
1297 2372
1297 2374
1297 2384
1297 2409
1297 2433
1297 2539
1297 2564
1297 2710
1297 2842
1297 2935
1297 3359
1297 3382
1297 3419
1297 3557
1297 3740
1297 3846
1297 4036
1297 4283
1297 4745
1298 1455
1298 1652
1298 1679
1298 1703
1298 1803
1298 1889
1298 1915
1298 2070
1298 2188
1298 2414
1298 2879
1298 3025
1298 3442
1298 3731
1298 4203
1298 4727
1298 4791
1298 4876
1298 4899
1298 4929
1298 4948
1299 1478
1299 1840
1299 2075
1299 2501
1299 2712
1299 2912
1299 2955
1299 3034
1299 3193
1299 3214
1299 3352
1299 3402
1299 3433
1299 3465
1299 3481
1299 3499
1299 4308
1299 4591
1299 4736
1299 4874
1300 1374
1300 1662
1300 1823
1300 1847
1300 2134
1300 2192
1300 2325
1300 2440
1300 2450
1300 2755
1300 2795
1300 2822
1300 3063
1300 3277
1300 3675
1300 4138
1300 4417
1300 4577
1300 4620
1300 4746
1301 1543
1301 1572
1301 1581
1301 1829
1301 1924
1301 1935
1301 2162
1301 2227
1301 2672
1301 2738
1301 3046
1301 3195
1301 3655
1301 4073
1301 4348
1301 4420
1301 4541
1301 4670
1301 4859
1302 1451
1302 1701
1302 1801
1302 1809
1302 2263
1302 2328
1302 2348
1302 2465
1302 2492
1302 2959
1302 3176
1302 3283
1302 3475
1302 3754
1302 3868
1302 3980
1302 4051
1302 4211
1302 4308
1302 4402
1302 4523
1302 4545
1302 4656
1302 4698
1302 4728
1302 4781
1302 4980
1303 1792
1303 1797
1303 1932
1303 1995
1303 2067
1303 2086
1303 2433
1303 3413
1303 3463
1303 3546
1303 3718
1303 4210
1303 4266
1303 4355
1303 4652
1303 4815
1303 4857
1304 1322
1304 1413
1304 1428
1304 1533
1304 1694
1304 1718
1304 2007
1304 2107
1304 2221
1304 2404
1304 2516
1304 2579
1304 2681
1304 2767
1304 2920
1304 3206
1304 3272
1304 3699
1304 3762
1304 3995
1304 4009
1304 4264
1304 4349
1304 4602
1305 1324
1305 1555
1305 1679
1305 2013
1305 2153
1305 2253
1305 2858
1305 3240
1305 3445
1305 3587
1305 3816
1305 3845
1305 3861
1305 4366
1305 4557
1305 4643
1305 4749
1305 4767
1306 1363
1306 1467
1306 1643
1306 1670
1306 1818
1306 1981
1306 2056
1306 2912
1306 3000
1306 3082
1306 3352
1306 3462
1306 4254
1306 4362
1306 4391
1306 4859
1307 1311
1307 1341
1307 1379
1307 1724
1307 1755
1307 1820
1307 1894
1307 2014
1307 2421
1307 3146
1307 3492
1307 3632
1307 3874
1307 4328
1307 4371
1307 4412
1307 4443
1307 4545
1307 4905
1307 4973
1308 1576
1308 1756
1308 1820
1308 1957
1308 2241
1308 2654
1308 2763
1308 2777
1308 2903
1308 3016
1308 3288
1308 3771
1308 4032
1308 4449
1308 4505
1308 4708
1308 4760
1308 4839
1309 1431
1309 1585
1309 1636
1309 1738
1309 1958
1309 2004
1309 2153
1309 2162
1309 2174
1309 2298
1309 2417
1309 2618
1309 2718
1309 2739
1309 2797
1309 2812
1309 2928
1309 3063
1309 3094
1309 3293
1309 3746
1309 4327
1309 4392
1309 4824
1310 1342
1310 1400
1310 1520
1310 1826
1310 1920
1310 2048
1310 2314
1310 2997
1310 3024
1310 3228
1310 3272
1310 3556
1310 3719
1310 3985
1310 4033
1310 4155
1310 4295
1310 4381
1310 4469
1310 4511
1310 4689
1311 1314
1311 1527
1311 1627
1311 1701
1311 1955
1311 1980
1311 2113
1311 2471
1311 2717
1311 2789
1311 3094
1311 3506
1311 3661
1311 3689
1311 3746
1311 3918
1311 4072
1311 4291
1311 4431
1311 4463
1312 1584
1312 1901
1312 2211
1312 2254
1312 2789
1312 3289
1312 3297
1312 3492
1312 3744
1312 4022
1312 4064
1312 4299
1312 4329
1312 4402
1312 4426
1312 4644
1312 4714
1312 4889
1313 1477
1313 1509
1313 1573
1313 2289
1313 2311
1313 2407
1313 2473
1313 2474
1313 3036
1313 3319
1313 3668
1313 3965
1313 4032
1313 4244
1313 4399
1313 4758
1313 4831
1314 1385
1314 1408
1314 1498
1314 1562
1314 1713
1314 2331
1314 2380
1314 2835
1314 2843
1314 3164
1314 3247
1314 3461
1314 3512
1314 3761
1314 3886
1314 3923
1314 4148
1314 4370
1314 4471
1315 1527
1315 1602
1315 1864
1315 2008
1315 2183
1315 2250
1315 2433
1315 2510
1315 2512
1315 2515
1315 3126
1315 3160
1315 3307
1315 3729
1315 3735
1315 3748
1315 3754
1315 3772
1315 3952
1315 3985
1315 4046
1315 4248
1315 4561
1315 4854
1316 1403
1316 1545
1316 1553
1316 1636
1316 1810
1316 1945
1316 1953
1316 2265
1316 2341
1316 2405
1316 2410
1316 2543
1316 2599
1316 2735
1316 2798
1316 2832
1316 2928
1316 3006
1316 3017
1316 3445
1316 3512
1316 3645
1316 3729
1316 3808
1316 4063
1316 4165
1316 4271
1316 4378
1316 4419
1316 4500
1316 4770
1317 1494
1317 1523
1317 1567
1317 1577
1317 1701
1317 1754
1317 1815
1317 1844
1317 2125
1317 2212
1317 2430
1317 2739
1317 3508
1317 3669
1317 3817
1317 3841
1317 4013
1317 4145
1317 4183
1317 4188
1317 4304
1317 4376
1317 4637
1317 4769
1318 1381
1318 1562
1318 1563
1318 1704
1318 1957
1318 2024
1318 2041
1318 2203
1318 2362
1318 3011
1318 3015
1318 3285
1318 3708
1318 3783
1318 3873
1318 4087
1318 4333
1318 4344
1318 4521
1318 4979
1319 1321
1319 1355
1319 1483
1319 2009
1319 2337
1319 2370
1319 2580
1319 2803
1319 2935
1319 2949
1319 3138
1319 3163
1319 3188
1319 3264
1319 3598
1319 3629
1319 4446
1319 4527
1319 4581
1319 4873
1319 4969
1320 1436
1320 1630
1320 1778
1320 1808
1320 1854
1320 1870
1320 1888
1320 2099
1320 2494
1320 3337
1320 3445
1320 4015
1320 4295
1320 4386
1320 4703
1320 4854
1320 4860
1321 1361
1321 1468
1321 2011
1321 2171
1321 2258
1321 2659
1321 3126
1321 3255
1321 3273
1321 3284
1321 3316
1321 3396
1321 3817
1321 3923
1321 3934
1321 4113
1321 4172
1321 4634
1321 4808
1322 1481
1322 1499
1322 1574
1322 1659
1322 1757
1322 2074
1322 2499
1322 2901
1322 3284
1322 3357
1322 3429
1322 3430
1322 3778
1322 3828
1322 4048
1322 4207
1322 4339
1322 4458
1322 4832
1323 1477
1323 1623
1323 1910
1323 2118
1323 2360
1323 2845
1323 2973
1323 3052
1323 3330
1323 3474
1323 3780
1323 3836
1323 4140
1323 4156
1323 4235
1323 4610
1323 4679
1324 1422
1324 1487
1324 1810
1324 1907
1324 1972
1324 2138
1324 2232
1324 2454
1324 2539
1324 2622
1324 2681
1324 3048
1324 3107
1324 3283
1324 3524
1324 3563
1324 3656
1324 3736
1324 3822
1324 3968
1324 4001
1324 4030
1324 4275
1324 4297
1324 4465
1324 4484
1324 4791
1324 4958
1325 1584
1325 1711
1325 2218
1325 2409
1325 2472
1325 2546
1325 2689
1325 2868
1325 3066
1325 3337
1325 3371
1325 3870
1325 4119
1325 4290
1325 4303
1325 4545
1325 4690
1325 4813
1326 1427
1326 1577
1326 2324
1326 2541
1326 2841
1326 2900
1326 2962
1326 3600
1326 4091
1326 4110
1326 4422
1326 4505
1326 4578
1326 4580
1326 4636
1326 4823
1326 4873
1326 4904
1327 1363
1327 1397
1327 1439
1327 1465
1327 1778
1327 1819
1327 2115
1327 2199
1327 2550
1327 2640
1327 2707
1327 2944
1327 3219
1327 3553
1327 4069
1327 4129
1327 4418
1327 4510
1327 4956
1328 1715
1328 1731
1328 1983
1328 2071
1328 2116
1328 2169
1328 2304
1328 2353
1328 2701
1328 2897
1328 3241
1328 3338
1328 3380
1328 3413
1328 3418
1328 3442
1328 3538
1328 3665
1328 3790
1328 4072
1328 4148
1328 4425
1328 4526
1328 4582
1328 4594
1328 4729
1329 1334
1329 1465
1329 1469
1329 1554
1329 1573
1329 1650
1329 1813
1329 1910
1329 1988
1329 2123
1329 2168
1329 2217
1329 2225
1329 2327
1329 2440
1329 2741
1329 2762
1329 2964
1329 3142
1329 3395
1329 3722
1329 3730
1329 3923
1329 4020
1329 4154
1329 4368
1329 4485
1329 4679
1330 1634
1330 1652
1330 1656
1330 1731
1330 2390
1330 2438
1330 2848
1330 2930
1330 3191
1330 3244
1330 3418
1330 3549
1330 3860
1330 4128
1330 4439
1330 4514
1330 4605
1331 1562
1331 2094
1331 2208
1331 2212
1331 2287
1331 2303
1331 2411
1331 2590
1331 2674
1331 2845
1331 2853
1331 2980
1331 3067
1331 3106
1331 3552
1331 3579
1331 3987
1331 3989
1331 4289
1331 4368
1331 4460
1331 4653
1332 1450
1332 1491
1332 1660
1332 1664
1332 1746
1332 1777
1332 1784
1332 1898
1332 2020
1332 2176
1332 2222
1332 2358
1332 2537
1332 2550
1332 2620
1332 2771
1332 2842
1332 2993
1332 3346
1332 3349
1332 3728
1332 3740
1332 3760
1332 4095
1332 4096
1332 4755
1332 4868
1333 1380
1333 1965
1333 2323
1333 2392
1333 2605
1333 2765
1333 2838
1333 3133
1333 3199
1333 4071
1333 4117
1333 4398
1333 4412
1333 4423
1333 4435
1333 4700
1333 4762
1334 1522
1334 1671
1334 1783
1334 1897
1334 2077
1334 2169
1334 2250
1334 2554
1334 2578
1334 2875
1334 3061
1334 3283
1334 3565
1334 3682
1334 3728
1334 3778
1334 3790
1334 4060
1334 4270
1334 4346
1334 4483
1334 4641
1334 4712
1334 4957
1335 1511
1335 1539
1335 1616
1335 1812
1335 2143
1335 3076
1335 3278
1335 3617
1335 3666
1335 3728
1335 3811
1335 3963
1335 4052
1335 4250
1335 4279
1335 4372
1335 4422
1335 4861
1336 1450
1336 1650
1336 1714
1336 2166
1336 2343
1336 2574
1336 2769
1336 2816
1336 3111
1336 3160
1336 3322
1336 3694
1336 3706
1336 3754
1336 4236
1336 4435
1336 4477
1336 4618
1336 4795
1337 1453
1337 1583
1337 1851
1337 2000
1337 2181
1337 2197
1337 2216
1337 2457
1337 2667
1337 2689
1337 2896
1337 3346
1337 3515
1337 3563
1337 3709
1337 3778
1337 3878
1337 3955
1337 4088
1337 4253
1337 4254
1337 4347
1337 4599
1337 4630
1337 4701
1337 4765
1338 1464
1338 1718
1338 1771
1338 2022
1338 2087
1338 2136
1338 2320
1338 2389
1338 2529
1338 2586
1338 2804
1338 2948
1338 3228
1338 3443
1338 3667
1338 4037
1338 4309
1338 4445
1338 4590
1338 4786
1338 4954
1339 1608
1339 1629
1339 1659
1339 1700
1339 1961
1339 2324
1339 2545
1339 2633
1339 2702
1339 3418
1339 3916
1339 3985
1339 4000
1339 4003
1339 4071
1339 4302
1339 4418
1339 4470
1339 4481
1339 4567
1339 4586
1339 4711
1340 1491
1340 1559
1340 1624
1340 2070
1340 2167
1340 2353
1340 2380
1340 2427
1340 2740
1340 2867
1340 2902
1340 3063
1340 3163
1340 3226
1340 3361
1340 3503
1340 3972
1340 4146
1340 4218
1340 4434
1340 4468
1340 4556
1340 4616
1340 4830
1341 1569
1341 1588
1341 1605
1341 1631
1341 1694
1341 1749
1341 1773
1341 1932
1341 2095
1341 2156
1341 2281
1341 2386
1341 3328
1341 3429
1341 3530
1341 3785
1341 4413
1341 4424
1341 4936
1342 1406
1342 1590
1342 1674
1342 1718
1342 1743
1342 2203
1342 2207
1342 2787
1342 2877
1342 2984
1342 2985
1342 3499
1342 3538
1342 3589
1342 3667
1342 3695
1342 3765
1342 3850
1342 3903
1342 3916
1342 4031
1342 4311
1342 4407
1342 4511
1342 4748
1342 4824
1342 4877
1342 4899
1343 1441
1343 1742
1343 1841
1343 2079
1343 2668
1343 3001
1343 3039
1343 3135
1343 3177
1343 3197
1343 3951
1343 4407
1343 4486
1343 4518
1343 4580
1343 4590
1343 4660
1343 4798
1343 4835
1344 1359
1344 1434
1344 1587
1344 1909
1344 2028
1344 2118
1344 2122
1344 2181
1344 2295
1344 2501
1344 2703
1344 2727
1344 2856
1344 3326
1344 3564
1344 3617
1344 4005
1344 4491
1344 4497
1344 4623
1344 4748
1344 4934
1344 4935
1345 1421
1345 1427
1345 1664
1345 1780
1345 1784
1345 2027
1345 2090
1345 2185
1345 2376
1345 2560
1345 2572
1345 2973
1345 3131
1345 3387
1345 3418
1345 3469
1345 3567
1345 3959
1345 4124
1345 4215
1345 4222
1345 4247
1345 4331
1345 4538
1345 4603
1345 4881
1345 4932
1346 1403
1346 1494
1346 1602
1346 1896
1346 2044
1346 2157
1346 2311
1346 2432
1346 2630
1346 2662
1346 3056
1346 3151
1346 3197
1346 3253
1346 3352
1346 3391
1346 3451
1346 3654
1346 3882
1346 4216
1346 4221
1346 4361
1346 4823
1346 4993
1347 1390
1347 1416
1347 1860
1347 1888
1347 2163
1347 2437
1347 2495
1347 2739
1347 2744
1347 2963
1347 3018
1347 3329
1347 3792
1347 3933
1347 4015
1347 4701
1347 4708
1347 4834
1347 4924
1348 1553
1348 2298
1348 2335
1348 2396
1348 2446
1348 2623
1348 2798
1348 2848
1348 3079
1348 3137
1348 3579
1348 3689
1348 3861
1348 3925
1348 3952
1348 3967
1348 4022
1348 4173
1348 4421
1348 4618
1348 4733
1348 4941
1349 1562
1349 1738
1349 1819
1349 1847
1349 1976
1349 2096
1349 2223
1349 2314
1349 2335
1349 2631
1349 2635
1349 3289
1349 3366
1349 3544
1349 3816
1349 4123
1349 4210
1349 4316
1349 4385
1349 4525
1349 4748
1349 4996
1350 1614
1350 1811
1350 1855
1350 1942
1350 2171
1350 2203
1350 2616
1350 2625
1350 2877
1350 2953
1350 3017
1350 3282
1350 3302
1350 3516
1350 3541
1350 3624
1350 3657
1350 3675
1350 3905
1350 4063
1350 4074
1350 4473
1350 4961
1351 1408
1351 1558
1351 1981
1351 2230
1351 2327
1351 2422
1351 2443
1351 2818
1351 2849
1351 2913
1351 3021
1351 3079
1351 3321
1351 3651
1351 3686
1351 3754
1351 3846
1351 3991
1351 4085
1351 4194
1351 4264
1351 4871
1351 4934
1352 1697
1352 1699
1352 1703
1352 1907
1352 2035
1352 2038
1352 2061
1352 2404
1352 2506
1352 2607
1352 2629
1352 3591
1352 3639
1352 3650
1352 3721
1352 4043
1352 4147
1352 4231
1352 4470
1352 4481
1352 4669
1353 1729
1353 1769
1353 2108
1353 2115
1353 2254
1353 2374
1353 2514
1353 2554
1353 3298
1353 3579
1353 3741
1353 4060
1353 4230
1353 4388
1353 4412
1353 4466
1353 4666
1353 4702
1353 4935
1354 1429
1354 1453
1354 1616
1354 1812
1354 1832
1354 1927
1354 2141
1354 2222
1354 2251
1354 2344
1354 2560
1354 2591
1354 2777
1354 2988
1354 3085
1354 3142
1354 3197
1354 3559
1354 3566
1354 4002
1354 4059
1354 4150
1354 4280
1354 4589
1354 4944
1355 2040
1355 2124
1355 2565
1355 3130
1355 3523
1355 3593
1355 3679
1355 3813
1355 4035
1355 4063
1355 4163
1355 4393
1355 4406
1355 4428
1356 1361
1356 1598
1356 1734
1356 1812
1356 1854
1356 1907
1356 1960
1356 2139
1356 2352
1356 2647
1356 2757
1356 2932
1356 3018
1356 3037
1356 3046
1356 3085
1356 3107
1356 3395
1356 3513
1356 4255
1356 4642
1357 1376
1357 1446
1357 1480
1357 1547
1357 1737
1357 1794
1357 2125
1357 2238
1357 2358
1357 2432
1357 2663
1357 3019
1357 3095
1357 3158
1357 3298
1357 3423
1357 3502
1357 3725
1357 3752
1357 4188
1357 4448
1357 4561
1357 4742
1358 1615
1358 1638
1358 1662
1358 2346
1358 2562
1358 2661
1358 2710
1358 2860
1358 3034
1358 3319
1358 3460
1358 3642
1358 4082
1358 4173
1358 4227
1358 4320
1358 4368
1358 4440
1358 4477
1358 4643
1358 4824
1358 4902
1358 4936
1359 1407
1359 1821
1359 2033
1359 2178
1359 2187
1359 2528
1359 2656
1359 2740
1359 2813
1359 3321
1359 3355
1359 3456
1359 3885
1359 4202
1359 4282
1359 4339
1359 4340
1359 4344
1359 4526
1359 4684
1359 4926
1360 1377
1360 1385
1360 1746
1360 1812
1360 1853
1360 1908
1360 2248
1360 2331
1360 2526
1360 2546
1360 2617
1360 2702
1360 3075
1360 3175
1360 3178
1360 3192
1360 3466
1360 3769
1360 3970
1360 4007
1360 4064
1360 4242
1360 4700
1360 4871
1361 1383
1361 1628
1361 1723
1361 1758
1361 1911
1361 1979
1361 2026
1361 2150
1361 2293
1361 2334
1361 2588
1361 2681
1361 2728
1361 2792
1361 2846
1361 2975
1361 3297
1361 3479
1361 3628
1361 3959
1361 4079
1361 4181
1361 4198
1361 4519
1361 4859
1362 1444
1362 1510
1362 1601
1362 1878
1362 1914
1362 1941
1362 1958
1362 1970
1362 2145
1362 2533
1362 2863
1362 2966
1362 3030
1362 3042
1362 3218
1362 3225
1362 3539
1362 3888
1362 3889
1362 3897
1362 3988
1362 4076
1362 4376
1362 4509
1362 4585
1362 4645
1363 1576
1363 1605
1363 2022
1363 2143
1363 2341
1363 2879
1363 3085
1363 3163
1363 3322
1363 3660
1363 4008
1363 4132
1363 4461
1363 4586
1364 1385
1364 1551
1364 1684
1364 1727
1364 1832
1364 1965
1364 2068
1364 2104
1364 2186
1364 2354
1364 2730
1364 3156
1364 3531
1364 3582
1364 3961
1364 4122
1364 4257
1364 4306
1364 4413
1364 4611
1364 4741
1364 4744
1364 4774
1364 4801
1365 1381
1365 1455
1365 1574
1365 2021
1365 2038
1365 2150
1365 2449
1365 2595
1365 3257
1365 3451
1365 3603
1365 3772
1365 3836
1365 3991
1365 4251
1365 4758
1365 4821
1366 1434
1366 1715
1366 1748
1366 1818
1366 2133
1366 2386
1366 2400
1366 2449
1366 2581
1366 2933
1366 2980
1366 3145
1366 3282
1366 3525
1366 3663
1366 3878
1366 4084
1366 4341
1366 4515
1366 4981
1367 1612
1367 1676
1367 1711
1367 2023
1367 2144
1367 2390
1367 2580
1367 2650
1367 2676
1367 2840
1367 2963
1367 3106
1367 3137
1367 3139
1367 3181
1367 3289
1367 3336
1367 3350
1367 3844
1367 3870
1367 4082
1367 4160
1367 4302
1367 4328
1367 4863
1367 4893
1367 4994
1368 1390
1368 1560
1368 1588
1368 1799
1368 1815
1368 1957
1368 1964
1368 2386
1368 2615
1368 2656
1368 2846
1368 2901
1368 3210
1368 3546
1368 3803
1368 3929
1368 4133
1368 4507
1368 4580
1368 4675
1368 4916
1369 1435
1369 1483
1369 1521
1369 1976
1369 2045
1369 2130
1369 2147
1369 2154
1369 2478
1369 2664
1369 2872
1369 3101
1369 3192
1369 3350
1369 3371
1369 3427
1369 3619
1369 3645
1369 3666
1369 3698
1369 4168
1369 4636
1369 4654
1369 4660
1369 4748
1369 4779
1370 1931
1370 2267
1370 2507
1370 2573
1370 2599
1370 2840
1370 2946
1370 3068
1370 3105
1370 3205
1370 3408
1370 3469
1370 3533
1370 3547
1370 3549
1370 3676
1370 3720
1370 3797
1370 3826
1370 3961
1370 4336
1370 4862
1370 4941
1371 1559
1371 1570
1371 1917
1371 1925
1371 2189
1371 2251
1371 2477
1371 2520
1371 2594
1371 2598
1371 2957
1371 2961
1371 3547
1371 3719
1371 3957
1371 4008
1371 4161
1371 4357
1371 4362
1371 4676
1371 4705
1371 4783
1371 4983
1372 1791
1372 1837
1372 1876
1372 2461
1372 2503
1372 2535
1372 2559
1372 2566
1372 2579
1372 2581
1372 3068
1372 3348
1372 3641
1372 3702
1372 4207
1372 4374
1372 4483
1372 4872
1372 4964
1373 1611
1373 1660
1373 1707
1373 1724
1373 1827
1373 1843
1373 1888
1373 2048
1373 2198
1373 2202
1373 2220
1373 2517
1373 2619
1373 2678
1373 2906
1373 3129
1373 3471
1373 3503
1373 3816
1373 3927
1373 4060
1373 4196
1373 4237
1373 4534
1373 4900
1373 4912
1374 1525
1374 1878
1374 2290
1374 3041
1374 3211
1374 3693
1374 3820
1374 3903
1374 3986
1374 4112
1374 4138
1374 4261
1374 4475
1374 4768
1374 4808
1374 4827
1374 4848
1374 4946
1374 4952
1375 1425
1375 1463
1375 1555
1375 1701
1375 2002
1375 2163
1375 2244
1375 2286
1375 2442
1375 2504
1375 2633
1375 2785
1375 2966
1375 3431
1375 3504
1375 3613
1375 4409
1375 4486
1375 4637
1375 4844
1375 4945
1376 1399
1376 2016
1376 2101
1376 2251
1376 2412
1376 2502
1376 2981
1376 3585
1376 3608
1376 3628
1376 3634
1376 3835
1376 3977
1376 3978
1376 3992
1376 4085
1376 4238
1376 4301
1376 4329
1376 4654
1377 1533
1377 1537
1377 1725
1377 1726
1377 1728
1377 1848
1377 2587
1377 2866
1377 2926
1377 2966
1377 3016
1377 3206
1377 3323
1377 3449
1377 3536
1377 3864
1377 4152
1377 4171
1377 4221
1377 4416
1377 4540
1378 1523
1378 1636
1378 1730
1378 1779
1378 1805
1378 1902
1378 2059
1378 2109
1378 2303
1378 2416
1378 2453
1378 2461
1378 2505
1378 2641
1378 2769
1378 3021
1378 3659
1378 3694
1378 3866
1378 3899
1378 3962
1378 4004
1378 4681
1378 4719
1378 4882
1379 1551
1379 1571
1379 1608
1379 1859
1379 1890
1379 2082
1379 2213
1379 2285
1379 2716
1379 2765
1379 2985
1379 3043
1379 3235
1379 3338
1379 3638
1379 3976
1379 4038
1379 4427
1379 4501
1379 4536
1379 4555
1379 4570
1379 4596
1379 4636
1379 4894
1379 4951
1379 4971
1380 1396
1380 1589
1380 1611
1380 1679
1380 1862
1380 2083
1380 2118
1380 2651
1380 3077
1380 3154
1380 3726
1380 3775
1380 4030
1380 4096
1380 4440
1380 4524
1380 4626
1380 4629
1380 4771
1380 4932
1381 1833
1381 1888
1381 1952
1381 2171
1381 2499
1381 2631
1381 2967
1381 3134
1381 3441
1381 3494
1381 3922
1381 3934
1381 4324
1381 4339
1382 1418
1382 1598
1382 1853
1382 1967
1382 2296
1382 2476
1382 2531
1382 2542
1382 2655
1382 2800
1382 2816
1382 2858
1382 3106
1382 3339
1382 3364
1382 3941
1382 3996
1382 4457
1382 4626
1382 4635
1382 4810
1382 4833
1383 1427
1383 1481
1383 1609
1383 1738
1383 1750
1383 1808
1383 2197
1383 2505
1383 2545
1383 3581
1383 3850
1383 3874
1383 3942
1383 4112
1383 4154
1383 4184
1383 4190
1383 4249
1383 4332
1383 4341
1384 1466
1384 1684
1384 1945
1384 1961
1384 2043
1384 2278
1384 2544
1384 2659
1384 2864
1384 2936
1384 3130
1384 3208
1384 3239
1384 3379
1384 3653
1384 3687
1384 4108
1384 4174
1384 4366
1384 4446
1385 1539
1385 1607
1385 2236
1385 2514
1385 2608
1385 2612
1385 2623
1385 2707
1385 2855
1385 2971
1385 3577
1385 3579
1385 3865
1385 3980
1385 4471
1385 4780
1385 4822
1386 1530
1386 1726
1386 1901
1386 2004
1386 2380
1386 2403
1386 2459
1386 2549
1386 2891
1386 3005
1386 3452
1386 3468
1386 3669
1386 3973
1386 4009
1386 4023
1386 4083
1386 4183
1386 4252
1386 4380
1386 4429
1386 4576
1386 4666
1387 1514
1387 1773
1387 2447
1387 2460
1387 2518
1387 2634
1387 3158
1387 3253
1387 3499
1387 3652
1387 3671
1387 3768
1387 3891
1387 4006
1387 4303
1387 4308
1387 4768
1387 4909
1388 1407
1388 1542
1388 1681
1388 1764
1388 2105
1388 2287
1388 2503
1388 2555
1388 2889
1388 3647
1388 3667
1388 3749
1388 3963
1388 4040
1388 4062
1388 4407
1388 4435
1388 4608
1388 4870
1389 1474
1389 1624
1389 1626
1389 1763
1389 2168
1389 2291
1389 2569
1389 2861
1389 3016
1389 3113
1389 3289
1389 3365
1389 3412
1389 3753
1389 3905
1389 3925
1389 4065
1389 4201
1389 4466
1389 4487
1389 4552
1389 4684
1389 4870
1389 4893
1390 1391
1390 1417
1390 1425
1390 1632
1390 1754
1390 1940
1390 2132
1390 2189
1390 2287
1390 2350
1390 2387
1390 2408
1390 2474
1390 2564
1390 2919
1390 3335
1390 3470
1390 3559
1390 3617
1390 3651
1390 3732
1390 3819
1390 3875
1390 4156
1390 4201
1390 4373
1390 4534
1390 4637
1391 1811
1391 1949
1391 2395
1391 2565
1391 2833
1391 2838
1391 3298
1391 3401
1391 3643
1391 3766
1391 3920
1391 4027
1391 4138
1391 4187
1391 4273
1391 4700
1391 4995
1392 1424
1392 1863
1392 1951
1392 1963
1392 2030
1392 2136
1392 2145
1392 2293
1392 2327
1392 2449
1392 2466
1392 2476
1392 2553
1392 2660
1392 2709
1392 2716
1392 2749
1392 2922
1392 3523
1392 3703
1392 4495
1392 4994
1393 1850
1393 1945
1393 2218
1393 2493
1393 2509
1393 2567
1393 2738
1393 2842
1393 3151
1393 3265
1393 3522
1393 3654
1393 3853
1393 4065
1393 4135
1393 4322
1393 4400
1393 4731
1393 4766
1393 4773
1394 1681
1394 1936
1394 2664
1394 2671
1394 2916
1394 3217
1394 3494
1394 3509
1394 3609
1394 3631
1394 3681
1394 3726
1394 4120
1394 4126
1394 4187
1394 4327
1394 4460
1394 4713
1394 4805
1395 1470
1395 1478
1395 1660
1395 1877
1395 1923
1395 2139
1395 2629
1395 2899
1395 3491
1395 3650
1395 3721
1395 3813
1395 4137
1395 4166
1395 4175
1395 4212
1395 4274
1395 4380
1395 4671
1395 4743
1395 4899
1395 4939
1396 1416
1396 1441
1396 1475
1396 1483
1396 1861
1396 2149
1396 2219
1396 2292
1396 2302
1396 2363
1396 2984
1396 3225
1396 3325
1396 3593
1396 3713
1396 4063
1396 4482
1396 4700
1397 1506
1397 1593
1397 1607
1397 1626
1397 1669
1397 1747
1397 1750
1397 1797
1397 1978
1397 2000
1397 2251
1397 2563
1397 2763
1397 2772
1397 2788
1397 2840
1397 2881
1397 3257
1397 3425
1397 3489
1397 3730
1397 3736
1397 3793
1397 3937
1397 4231
1397 4406
1397 4666
1397 4834
1397 4969
1398 1516
1398 1553
1398 1785
1398 1923
1398 2025
1398 2391
1398 2573
1398 2779
1398 2887
1398 3048
1398 3263
1398 3286
1398 3486
1398 3722
1398 3729
1398 3957
1398 4015
1398 4134
1398 4269
1398 4272
1398 4468
1398 4914
1398 4940
1399 1602
1399 1858
1399 1866
1399 1992
1399 2281
1399 2297
1399 2306
1399 3186
1399 3246
1399 3274
1399 3561
1399 3824
1399 3898
1399 3937
1399 4159
1399 4291
1399 4318
1399 4325
1399 4395
1399 4462
1399 4578
1399 4695
1399 4744
1399 4815
1400 1407
1400 1498
1400 1629
1400 1716
1400 1720
1400 1934
1400 1963
1400 1992
1400 1994
1400 2053
1400 2317
1400 2545
1400 2803
1400 3068
1400 3146
1400 3257
1400 3279
1400 3464
1400 3506
1400 3511
1400 3540
1400 3622
1400 3750
1400 4460
1400 4706
1400 4722
1400 4784
1400 4874
1400 4955
1401 1444
1401 1497
1401 1906
1401 2652
1401 2808
1401 2863
1401 2939
1401 3112
1401 3231
1401 3402
1401 3601
1401 3606
1401 4139
1401 4267
1401 4489
1401 4681
1401 4941
1402 1473
1402 1548
1402 1606
1402 1754
1402 1810
1402 1882
1402 1890
1402 1980
1402 2134
1402 2531
1402 2537
1402 2564
1402 2566
1402 2577
1402 2600
1402 2632
1402 2774
1402 2883
1402 2922
1402 3388
1402 3727
1402 3898
1402 4127
1402 4141
1402 4454
1402 4554
1403 1639
1403 1957
1403 2031
1403 2167
1403 2477
1403 2504
1403 2571
1403 2995
1403 3000
1403 3146
1403 3201
1403 3259
1403 3283
1403 3318
1403 3698
1403 3862
1403 4055
1403 4214
1403 4276
1404 1487
1404 1730
1404 1779
1404 2140
1404 2258
1404 2335
1404 2406
1404 2645
1404 2885
1404 2977
1404 3026
1404 3253
1404 3401
1404 3970
1404 4033
1404 4042
1404 4402
1404 4619
1404 4702
1404 4712
1404 4751
1404 4851
1404 4927
1405 1615
1405 1679
1405 1698
1405 2185
1405 2334
1405 2785
1405 2835
1405 3455
1405 3465
1405 3475
1405 3753
1405 3820
1405 3842
1405 3934
1405 4184
1405 4362
1405 4803
1406 1497
1406 1544
1406 1590
1406 1601
1406 1779
1406 1844
1406 1902
1406 1980
1406 1989
1406 2962
1406 3165
1406 3328
1406 3356
1406 3671
1406 3743
1406 3888
1406 4108
1406 4168
1406 4432
1406 4535
1406 4547
1406 4735
1406 4852
1406 4913
1407 2004
1407 2932
1407 3224
1407 3404
1407 3446
1407 3546
1407 3558
1407 3597
1407 3760
1407 3871
1407 3964
1407 3986
1407 4116
1407 4159
1407 4174
1407 4322
1407 4717
1407 4816
1407 4839
1407 4977
1407 4998
1408 1990
1408 2425
1408 2479
1408 2544
1408 3210
1408 3321
1408 3745
1408 3755
1408 3830
1408 3940
1408 3969
1408 4035
1408 4604
1408 4688
1408 4846
1409 1601
1409 1802
1409 1807
1409 1876
1409 1928
1409 2607
1409 2627
1409 2859
1409 3270
1409 3355
1409 3412
1409 3490
1409 3718
1409 4162
1409 4271
1409 4278
1409 4296
1409 4759
1409 4793
1409 4832
1409 4844
1409 4876
1410 1520
1410 1996
1410 2121
1410 2176
1410 2235
1410 2268
1410 2301
1410 2399
1410 2667
1410 3077
1410 3194
1410 3521
1410 3552
1410 3789
1410 3872
1410 4017
1410 4050
1410 4100
1410 4295
1410 4402
1410 4605
1410 4618
1411 1417
1411 1657
1411 1667
1411 2503
1411 3194
1411 3298
1411 3330
1411 3399
1411 3635
1411 3840
1411 4115
1411 4192
1411 4266
1411 4828
1412 1472
1412 1502
1412 2053
1412 2081
1412 2142
1412 2174
1412 2261
1412 2514
1412 2519
1412 2708
1412 2930
1412 3174
1412 3235
1412 3304
1412 3328
1412 3772
1412 4025
1412 4035
1412 4112
1412 4494
1412 4719
1412 4865
1412 4887
1412 4942
1413 1684
1413 2009
1413 2407
1413 2420
1413 2636
1413 2701
1413 2972
1413 3303
1413 3467
1413 3548
1413 3560
1413 3648
1413 3854
1413 3856
1413 3912
1413 3925
1413 3958
1413 4075
1413 4392
1413 4497
1413 4799
1413 4903
1414 1788
1414 1839
1414 2039
1414 2142
1414 2164
1414 2509
1414 2718
1414 3215
1414 3453
1414 3610
1414 4154
1414 4396
1414 4446
1414 4477
1414 4543
1415 1502
1415 1582
1415 1651
1415 1652
1415 1670
1415 1861
1415 1909
1415 2060
1415 2087
1415 2187
1415 2267
1415 2597
1415 2670
1415 2691
1415 2882
1415 3178
1415 3277
1415 3457
1415 3681
1415 3709
1415 3759
1415 4223
1415 4934
1415 4967
1416 2221
1416 2330
1416 2564
1416 2673
1416 2833
1416 2877
1416 3144
1416 3377
1416 3386
1416 3391
1416 3395
1416 3685
1416 3817
1416 3853
1416 4095
1416 4124
1416 4526
1416 4569
1416 4620
1416 4668
1416 4671
1416 4674
1416 4836
1417 1635
1417 1901
1417 2030
1417 2284
1417 2687
1417 2739
1417 2996
1417 3020
1417 3141
1417 3296
1417 3350
1417 3553
1417 3611
1417 3730
1417 3958
1417 4019
1417 4189
1417 4473
1417 4580
1417 4627
1417 4672
1417 4731
1417 4918
1417 4983
1418 1457
1418 1567
1418 1604
1418 2153
1418 2388
1418 2507
1418 3070
1418 3355
1418 3422
1418 3556
1418 3585
1418 3691
1418 3701
1418 3819
1418 3901
1418 4131
1418 4157
1418 4187
1418 4498
1418 4756
1418 4911
1418 4932
1418 4980
1418 4986
1419 1521
1419 1684
1419 2031
1419 2161
1419 2315
1419 2318
1419 2475
1419 2656
1419 2801
1419 2957
1419 2977
1419 3116
1419 3235
1419 3279
1419 3863
1419 3872
1419 3893
1419 3986
1419 4296
1419 4432
1419 4471
1419 4755
1420 1587
1420 1707
1420 1806
1420 1834
1420 2181
1420 2321
1420 2439
1420 2894
1420 3273
1420 3275
1420 3392
1420 3482
1420 3714
1420 4589
1420 4727
1421 1531
1421 1552
1421 1837
1421 1976
1421 2426
1421 2471
1421 2521
1421 2567
1421 3015
1421 3389
1421 3492
1421 3604
1421 3650
1421 3740
1421 4185
1421 4563
1421 4679
1421 4875
1422 1479
1422 1542
1422 1578
1422 1637
1422 1810
1422 1825
1422 2154
1422 2184
1422 2374
1422 2616
1422 2754
1422 3317
1422 3385
1422 3420
1422 4331
1422 4334
1422 4337
1422 4586
1422 4653
1422 4827
1423 1432
1423 1606
1423 1732
1423 2035
1423 2072
1423 2246
1423 2520
1423 2767
1423 2841
1423 3278
1423 3373
1423 4332
1423 4586
1423 4691
1423 4871
1424 1528
1424 1576
1424 1812
1424 1930
1424 2093
1424 2410
1424 2499
1424 2669
1424 2676
1424 2834
1424 3034
1424 3440
1424 3776
1424 3970
1424 4015
1424 4021
1424 4054
1424 4093
1424 4152
1424 4282
1424 4376
1425 1474
1425 1611
1425 1692
1425 1815
1425 2117
1425 2294
1425 2575
1425 2718
1425 3622
1425 3752
1425 3921
1425 4054
1425 4065
1425 4206
1425 4434
1425 4457
1425 4834
1425 4895
1426 1607
1426 2099
1426 2104
1426 2357
1426 2386
1426 2755
1426 2780
1426 2852
1426 2873
1426 3011
1426 3048
1426 3451
1426 3686
1426 3872
1426 3914
1426 4068
1426 4259
1426 4355
1426 4589
1426 4597
1426 4672
1426 4885
1426 4920
1426 4967
1426 4991
1427 1718
1427 1792
1427 1835
1427 1909
1427 2228
1427 2349
1427 2581
1427 2676
1427 2743
1427 2945
1427 3272
1427 3564
1427 3738
1427 3998
1427 4084
1427 4274
1427 4557
1427 4847
1427 4857
1427 4869
1427 4893
1427 4917
1428 1462
1428 1793
1428 2129
1428 2283
1428 2376
1428 2627
1428 2677
1428 2679
1428 2983
1428 3484
1428 3516
1428 3532
1428 3638
1428 3810
1428 3952
1428 3975
1428 4011
1428 4137
1428 4173
1428 4274
1428 4400
1428 4743
1428 4755
1428 4886
1428 4979
1429 1561
1429 1762
1429 1984
1429 2330
1429 2344
1429 2352
1429 2541
1429 2572
1429 2945
1429 3407
1429 3459
1429 3512
1429 3615
1429 3640
1429 3770
1429 3790
1429 3805
1429 3894
1429 3960
1429 4121
1429 4167
1429 4218
1429 4751
1429 4969
1430 1453
1430 1481
1430 1816
1430 1860
1430 2087
1430 2170
1430 2210
1430 2513
1430 2878
1430 2916
1430 3047
1430 3087
1430 3234
1430 3305
1430 3431
1430 3510
1430 3652
1430 4059
1430 4114
1430 4465
1430 4652
1430 4656
1430 4682
1430 4744
1430 4748
1430 4792
1430 4891
1431 1493
1431 1709
1431 1852
1431 2053
1431 2130
1431 2148
1431 2182
1431 2201
1431 2448
1431 2504
1431 2863
1431 2925
1431 3382
1431 3413
1431 3981
1431 4156
1431 4428
1431 4640
1431 4861
1431 4892
1431 4932
1431 4947
1432 1613
1432 1850
1432 2159
1432 2330
1432 2374
1432 2417
1432 2548
1432 2659
1432 2668
1432 2878
1432 3105
1432 3166
1432 3920
1432 4031
1432 4075
1432 4506
1432 4717
1432 4737
1432 4758
1432 4986
1433 1650
1433 1804
1433 1914
1433 2020
1433 2133
1433 2179
1433 2320
1433 2402
1433 2605
1433 2632
1433 2849
1433 3877
1433 3977
1433 4071
1433 4168
1433 4176
1433 4237
1433 4386
1433 4617
1433 4842
1433 4962
1434 1600
1434 1626
1434 1843
1434 1918
1434 1986
1434 2070
1434 2100
1434 2289
1434 2326
1434 3062
1434 3136
1434 3195
1434 3317
1434 3603
1434 3747
1434 3979
1434 4078
1434 4368
1434 4490
1434 4601
1434 4964
1435 1521
1435 1544
1435 1567
1435 1632
1435 1730
1435 1764
1435 1800
1435 1843
1435 1846
1435 1995
1435 2049
1435 2137
1435 2693
1435 2853
1435 2900
1435 3049
1435 3056
1435 3358
1435 3360
1435 3617
1435 3716
1435 4093
1435 4211
1435 4283
1435 4322
1435 4336
1435 4660
1436 1561
1436 1737
1436 1840
1436 1884
1436 2195
1436 2340
1436 2376
1436 2454
1436 2500
1436 2506
1436 2529
1436 2913
1436 2923
1436 3121
1436 3370
1436 3767
1436 3790
1436 3839
1436 4254
1436 4317
1436 4347
1436 4410
1436 4535
1436 4720
1436 4798
1436 4900
1437 1456
1437 1767
1437 1839
1437 1864
1437 1954
1437 2406
1437 2506
1437 2805
1437 3189
1437 3587
1437 3640
1437 3803
1437 3843
1437 3935
1437 3938
1437 4265
1437 4379
1437 4515
1437 4741
1437 4870
1437 4922
1437 4951
1438 2202
1438 2248
1438 2352
1438 2358
1438 2378
1438 2549
1438 2686
1438 2896
1438 3106
1438 3189
1438 3245
1438 3408
1438 3747
1438 3784
1438 3904
1438 4453
1438 4515
1438 4764
1438 4876
1438 4931
1439 2006
1439 2311
1439 2489
1439 2769
1439 2832
1439 3008
1439 3069
1439 3197
1439 3679
1439 3818
1439 3830
1439 3843
1439 3915
1439 4052
1439 4132
1439 4205
1439 4365
1439 4629
1439 4693
1439 4749
1439 4827
1440 1625
1440 1690
1440 1891
1440 2162
1440 2248
1440 2820
1440 2909
1440 3128
1440 3188
1440 3328
1440 3410
1440 3516
1440 3636
1440 3661
1440 3755
1440 3810
1440 3890
1440 4023
1440 4224
1440 4385
1440 4768
1440 4915
1441 1474
1441 1817
1441 1831
1441 1881
1441 2203
1441 2265
1441 2574
1441 2866
1441 3885
1441 4671
1441 4926
1442 1477
1442 1598
1442 1637
1442 1715
1442 2308
1442 2750
1442 2984
1442 3215
1442 3283
1442 3302
1442 3332
1442 3390
1442 3645
1442 3742
1442 3777
1442 4017
1442 4185
1442 4317
1442 4507
1442 4929
1443 1585
1443 1775
1443 1979
1443 2008
1443 2346
1443 2453
1443 2471
1443 2746
1443 2809
1443 3026
1443 3214
1443 3497
1443 3602
1443 3635
1443 3677
1443 3795
1443 4010
1443 4081
1443 4177
1443 4447
1443 4689
1443 4693
1443 4746
1444 1558
1444 1789
1444 1799
1444 1946
1444 2101
1444 2539
1444 3296
1444 3495
1444 3548
1444 3674
1444 3937
1444 4115
1444 4138
1444 4237
1444 4525
1444 4680
1444 4727
1444 4892
1445 1488
1445 2049
1445 2160
1445 2251
1445 2508
1445 2616
1445 2631
1445 2777
1445 2805
1445 3074
1445 3379
1445 3811
1445 4149
1445 4205
1445 4226
1445 4291
1445 4399
1445 4530
1445 4833
1445 4857
1446 1772
1446 1996
1446 2242
1446 2596
1446 2794
1446 2878
1446 2947
1446 3429
1446 3723
1446 3811
1446 3873
1446 4032
1446 4226
1446 4286
1446 4383
1446 4403
1446 4436
1446 4705
1446 4926
1447 1539
1447 1566
1447 1770
1447 2411
1447 2978
1447 3292
1447 3370
1447 3434
1447 4195
1447 4317
1447 4330
1447 4397
1447 4649
1447 4715
1447 4776
1447 4859
1448 1630
1448 1667
1448 1816
1448 1909
1448 2281
1448 2570
1448 2728
1448 3049
1448 3153
1448 3249
1448 3274
1448 3428
1448 3509
1448 3557
1448 3742
1448 4353
1448 4390
1448 4445
1448 4696
1448 4961
1449 1474
1449 2211
1449 2567
1449 3067
1449 3486
1449 3608
1449 3692
1449 3723
1449 3993
1449 4191
1449 4301
1449 4430
1449 4456
1449 4735
1449 4842
1449 4867
1449 4889
1450 1457
1450 1619
1450 1898
1450 2018
1450 2031
1450 2147
1450 2177
1450 2295
1450 2327
1450 2390
1450 2399
1450 2457
1450 2624
1450 2666
1450 2841
1450 2857
1450 2973
1450 3481
1450 3548
1450 3582
1450 3623
1450 3674
1450 3706
1450 4443
1450 4522
1450 4558
1450 4626
1450 4724
1450 4729
1450 4895
1450 4960
1450 4967
1451 1475
1451 1752
1451 2015
1451 2574
1451 2633
1451 2634
1451 2659
1451 2864
1451 3283
1451 3402
1451 3405
1451 3795
1451 3900
1451 4056
1451 4329
1451 4373
1452 1542
1452 1612
1452 1741
1452 1863
1452 1881
1452 2173
1452 2347
1452 2603
1452 2714
1452 3217
1452 3570
1452 3968
1452 4287
1452 4362
1452 4392
1452 4926
1452 4974
1453 1530
1453 1604
1453 1712
1453 1943
1453 2049
1453 2390
1453 2410
1453 3079
1453 3121
1453 3131
1453 3455
1453 3709
1453 4075
1453 4274
1453 4293
1453 4305
1453 4397
1453 4486
1453 4490
1453 4742
1453 4825
1453 4910
1454 1761
1454 2085
1454 2193
1454 2299
1454 2558
1454 2869
1454 3134
1454 3351
1454 3467
1454 3711
1454 3771
1454 3961
1454 4043
1454 4129
1454 4296
1454 4354
1454 4670
1454 4933
1455 1812
1455 2016
1455 2546
1455 2708
1455 2975
1455 3009
1455 3160
1455 3184
1455 3295
1455 3530
1455 4066
1455 4069
1455 4278
1455 4431
1455 4483
1455 4888
1456 1636
1456 1744
1456 1960
1456 2037
1456 2136
1456 2342
1456 2470
1456 2668
1456 2687
1456 2788
1456 3229
1456 3405
1456 3475
1456 3782
1456 4162
1456 4220
1456 4307
1456 4361
1456 4681
1456 4786
1456 4805
1456 4897
1456 4898
1456 4975
1457 1602
1457 1623
1457 1727
1457 1770
1457 2007
1457 2600
1457 2602
1457 2723
1457 2951
1457 3143
1457 3260
1457 3734
1457 3855
1457 3886
1457 4032
1457 4070
1457 4160
1457 4163
1457 4231
1457 4279
1457 4702
1457 4730
1457 4973
1458 1584
1458 1744
1458 1895
1458 2050
1458 2051
1458 2129
1458 2353
1458 2616
1458 2627
1458 2695
1458 2759
1458 3031
1458 3226
1458 3285
1458 3350
1458 3538
1458 3815
1458 3937
1458 3963
1458 4017
1458 4171
1458 4422
1458 4470
1458 4749
1458 4766
1458 4843
1458 4944
1459 1469
1459 1659
1459 1885
1459 1953
1459 2020
1459 2360
1459 2407
1459 2717
1459 2856
1459 2970
1459 2996
1459 3081
1459 3100
1459 3125
1459 3506
1459 3588
1459 3938
1459 4034
1459 4381
1459 4531
1459 4605
1459 4676
1459 4948
1460 1498
1460 1638
1460 1694
1460 1883
1460 1983
1460 2007
1460 2106
1460 2116
1460 2311
1460 2320
1460 2560
1460 2960
1460 3174
1460 3262
1460 3588
1460 3590
1460 3747
1460 3816
1460 3837
1460 3854
1460 3924
1460 3969
1460 4136
1460 4262
1460 4515
1460 4925
1461 1587
1461 1725
1461 1779
1461 1808
1461 1821
1461 2007
1461 2306
1461 2435
1461 2632
1461 2770
1461 2980
1461 2988
1461 2995
1461 3203
1461 3258
1461 3274
1461 3508
1461 3525
1461 3641
1461 3752
1461 4064
1461 4199
1461 4469
1461 4768
1461 4883
1461 4901
1462 1534
1462 1577
1462 1790
1462 1903
1462 2015
1462 2078
1462 2182
1462 2387
1462 2555
1462 2581
1462 3064
1462 3073
1462 3260
1462 3344
1462 3582
1462 3842
1462 3970
1462 4013
1462 4422
1462 4673
1462 4814
1463 1539
1463 1648
1463 1673
1463 2176
1463 2190
1463 2288
1463 2397
1463 2476
1463 2490
1463 2625
1463 2682
1463 2702
1463 2842
1463 2907
1463 2947
1463 3033
1463 3156
1463 3400
1463 3460
1463 3769
1463 3820
1463 3918
1463 4155
1463 4215
1463 4316
1463 4349
1463 4353
1463 4937
1464 1909
1464 2141
1464 2323
1464 2395
1464 2465
1464 2926
1464 2952
1464 3052
1464 3165
1464 3490
1464 3501
1464 3524
1464 3825
1464 3847
1464 3941
1464 4028
1464 4067
1464 4395
1464 4519
1464 4799
1464 4813
1465 1527
1465 1543
1465 1763
1465 2031
1465 2155
1465 2179
1465 2207
1465 2419
1465 2495
1465 2728
1465 2805
1465 2961
1465 3345
1465 3400
1465 3443
1465 3487
1465 3516
1465 3566
1465 3571
1465 3605
1465 3810
1465 3828
1465 3834
1465 4020
1465 4089
1465 4221
1465 4311
1465 4328
1465 4568
1466 1488
1466 1614
1466 1795
1466 1801
1466 1808
1466 2537
1466 2586
1466 2744
1466 2892
1466 2948
1466 2972
1466 3049
1466 3157
1466 3253
1466 3484
1466 3636
1466 3859
1466 4570
1466 4678
1467 1516
1467 1612
1467 1655
1467 1831
1467 2319
1467 2755
1467 3066
1467 3086
1467 3092
1467 3136
1467 3339
1467 3360
1467 3411
1467 3555
1467 3885
1467 4128
1467 4415
1467 4645
1468 1573
1468 1693
1468 1701
1468 1721
1468 1861
1468 2202
1468 2422
1468 2887
1468 2888
1468 2965
1468 3032
1468 3073
1468 3111
1468 3300
1468 3428
1468 3704
1468 3761
1468 3960
1468 4063
1468 4506
1468 4543
1468 4602
1468 4740
1468 4854
1469 1554
1469 1623
1469 1754
1469 1929
1469 2223
1469 2498
1469 2751
1469 3444
1469 3507
1469 3519
1469 3738
1469 3884
1469 4040
1469 4086
1469 4384
1469 4575
1469 4748
1470 1632
1470 2449
1470 2576
1470 2944
1470 2981
1470 3187
1470 3488
1470 3681
1470 3862
1470 4130
1470 4173
1470 4559
1470 4842
1470 4958
1470 4987
1471 1797
1471 1806
1471 1809
1471 1852
1471 2058
1471 2260
1471 2415
1471 2440
1471 2593
1471 2668
1471 2690
1471 3318
1471 3389
1471 3477
1471 3865
1471 4076
1471 4348
1471 4511
1471 4580
1471 4740
1471 4976
1472 1961
1472 2062
1472 2129
1472 2475
1472 2664
1472 2676
1472 2684
1472 2740
1472 2747
1472 2888
1472 3090
1472 3426
1472 3583
1472 3728
1472 3912
1472 3949
1472 4376
1472 4812
1472 4907
1473 1899
1473 1977
1473 2083
1473 2109
1473 2181
1473 2270
1473 2306
1473 2392
1473 2596
1473 2778
1473 2831
1473 2887
1473 3335
1473 3388
1473 3436
1473 3541
1473 3641
1473 3668
1473 4118
1473 4271
1473 4376
1473 4377
1473 4756
1473 4884
1474 1713
1474 1758
1474 1765
1474 2610
1474 2632
1474 2675
1474 2980
1474 3739
1474 3880
1474 4024
1474 4056
1474 4341
1474 4451
1474 4557
1474 4955
1475 1513
1475 1596
1475 1602
1475 1663
1475 1973
1475 1995
1475 2071
1475 2156
1475 2385
1475 2742
1475 2936
1475 3295
1475 3549
1475 3809
1475 3873
1475 3942
1475 3954
1475 4124
1475 4130
1475 4209
1475 4244
1475 4466
1475 4776
1476 1679
1476 1726
1476 1755
1476 1793
1476 1857
1476 2026
1476 2084
1476 2111
1476 2146
1476 2229
1476 2673
1476 2755
1476 2992
1476 3464
1476 3662
1476 3729
1476 4085
1476 4638
1476 4737
1476 4794
1477 1560
1477 1611
1477 2139
1477 2190
1477 2411
1477 2498
1477 3066
1477 3171
1477 3200
1477 3213
1477 3996
1477 4003
1477 4131
1477 4284
1477 4338
1477 4384
1477 4538
1477 4684
1478 1670
1478 1955
1478 2165
1478 2540
1478 2548
1478 2797
1478 3629
1478 3695
1478 4025
1478 4102
1478 4248
1478 4320
1478 4341
1478 4404
1478 4434
1478 4540
1478 4695
1478 4743
1479 1678
1479 1694
1479 1951
1479 1981
1479 2238
1479 2313
1479 2667
1479 2713
1479 2919
1479 2937
1479 3155
1479 3216
1479 3500
1479 3795
1479 3856
1479 3879
1479 3888
1479 3929
1479 4491
1479 4494
1479 4527
1480 1482
1480 1491
1480 1620
1480 1795
1480 2064
1480 2069
1480 2078
1480 2178
1480 2270
1480 2295
1480 2387
1480 2393
1480 2520
1480 2885
1480 2889
1480 3236
1480 3325
1480 3633
1480 3842
1480 3911
1480 4042
1480 4077
1480 4302
1480 4389
1480 4574
1481 1944
1481 2752
1481 2830
1481 2977
1481 3101
1481 3216
1481 3343
1481 3389
1481 3592
1481 3865
1481 4302
1481 4441
1481 4733
1481 4860
1482 1515
1482 1663
1482 1764
1482 2079
1482 2082
1482 2281
1482 2905
1482 3135
1482 3620
1482 3623
1482 3983
1482 4174
1482 4386
1482 4485
1482 4661
1482 4722
1482 4788
1482 4871
1483 1513
1483 1900
1483 1968
1483 1988
1483 2072
1483 2602
1483 3023
1483 3114
1483 3309
1483 3393
1483 3397
1483 3637
1483 3789
1483 3830
1483 3846
1483 3856
1483 4253
1483 4640
1484 1692
1484 1728
1484 1935
1484 2026
1484 2243
1484 2432
1484 2563
1484 2644
1484 2857
1484 2965
1484 3083
1484 3226
1484 3552
1484 3593
1484 3720
1484 3841
1484 3957
1484 3969
1484 4076
1484 4109
1484 4118
1484 4325
1484 4920
1484 4948
1485 1551
1485 1581
1485 1815
1485 1843
1485 1925
1485 1928
1485 2004
1485 2014
1485 2059
1485 2335
1485 2424
1485 2536
1485 2549
1485 2645
1485 2968
1485 3143
1485 3483
1485 3575
1485 3706
1485 3859
1485 4377
1485 4389
1485 4600
1485 4805
1486 1510
1486 1719
1486 1768
1486 1915
1486 1941
1486 1979
1486 2372
1486 2394
1486 2694
1486 2696
1486 2804
1486 3281
1486 3529
1486 3694
1486 3778
1486 3791
1486 4050
1486 4560
1486 4864
1487 1580
1487 1752
1487 2129
1487 2298
1487 2370
1487 2606
1487 3000
1487 3639
1487 3658
1487 3800
1487 4212
1487 4559
1487 4631
1487 4654
1488 1762
1488 1776
1488 1799
1488 2039
1488 2214
1488 2322
1488 2362
1488 2808
1488 2827
1488 3067
1488 3110
1488 3152
1488 3154
1488 3403
1488 3657
1488 3682
1488 3746
1488 4010
1488 4134
1488 4298
1488 4315
1489 1616
1489 1649
1489 1654
1489 1796
1489 1888
1489 1921
1489 1982
1489 2161
1489 2240
1489 2254
1489 2462
1489 2631
1489 2926
1489 2932
1489 3054
1489 3144
1489 3450
1489 3496
1489 3522
1489 3540
1489 3550
1489 3728
1489 3918
1489 4025
1489 4066
1489 4096
1489 4648
1489 4673
1489 4954
1489 4966
1490 1729
1490 1790
1490 2033
1490 2425
1490 2533
1490 2606
1490 2866
1490 3236
1490 3315
1490 3477
1490 3795
1490 3806
1490 4017
1490 4059
1490 4144
1490 4281
1490 4415
1490 4602
1490 4622
1490 4699
1490 4909
1491 1506
1491 1560
1491 1599
1491 1620
1491 1630
1491 1718
1491 1761
1491 1801
1491 1874
1491 2084
1491 2200
1491 2343
1491 2950
1491 3230
1491 3247
1491 3339
1491 3426
1491 3856
1491 3961
1491 4003
1491 4156
1491 4280
1491 4380
1491 4674
1491 4971
1491 4991
1492 1526
1492 1568
1492 1637
1492 1966
1492 2487
1492 2710
1492 2779
1492 2910
1492 2978
1492 3468
1492 3539
1492 3749
1492 3820
1492 3954
1492 3998
1492 4155
1492 4296
1492 4739
1493 1622
1493 1733
1493 1953
1493 1985
1493 2374
1493 2597
1493 2644
1493 2767
1493 2894
1493 2964
1493 3043
1493 3057
1493 3158
1493 3632
1493 3953
1493 4031
1493 4415
1493 4482
1493 4539
1493 4611
1493 4907
1493 4912
1494 1587
1494 1845
1494 2040
1494 2080
1494 2397
1494 2405
1494 2438
1494 2636
1494 2642
1494 2681
1494 3272
1494 3346
1494 3348
1494 3476
1494 3487
1494 3504
1494 3526
1494 3580
1494 3706
1494 3791
1494 3980
1494 4405
1494 4501
1494 4871
1494 4925
1494 4932
1495 1561
1495 2093
1495 2299
1495 2354
1495 2363
1495 2451
1495 2654
1495 2731
1495 2793
1495 3543
1495 3610
1495 3785
1495 4365
1495 4416
1495 4990
1496 1654
1496 2079
1496 2201
1496 2367
1496 2526
1496 2548
1496 2629
1496 2827
1496 2855
1496 2956
1496 3084
1496 3172
1496 3423
1496 3445
1496 3602
1496 4062
1496 4149
1496 4503
1496 4878
1496 4918
1496 4982
1497 1693
1497 1808
1497 1830
1497 2548
1497 2682
1497 2888
1497 2892
1497 3101
1497 3107
1497 3164
1497 3533
1497 3843
1497 3877
1497 3963
1497 4034
1497 4069
1497 4589
1497 4623
1498 1832
1498 2189
1498 2200
1498 2605
1498 2689
1498 3201
1498 3222
1498 3223
1498 3436
1498 3660
1498 3686
1498 3826
1498 4200
1498 4641
1498 4675
1498 4803
1498 4911
1499 2149
1499 2336
1499 2358
1499 2366
1499 2381
1499 2555
1499 2757
1499 3099
1499 3665
1499 3669
1499 3783
1499 3817
1499 3886
1499 3892
1499 3941
1499 4065
1499 4207
1499 4296
1499 4348
1499 4477
1499 4949
1500 1569
1500 1765
1500 1773
1500 1984
1500 2139
1500 2375
1500 2577
1500 2666
1500 2808
1500 2852
1500 3348
1500 3483
1500 3572
1500 3708
1500 4042
1500 4304
1500 4324
1500 4395
1500 4486
1500 4947
1501 1534
1501 1547
1501 1657
1501 1934
1501 2184
1501 2508
1501 3266
1501 3291
1501 3510
1501 3537
1501 3896
1501 3957
1501 4026
1501 4067
1501 4085
1501 4116
1501 4653
1501 4987
1502 1534
1502 1729
1502 1797
1502 1943
1502 2070
1502 2142
1502 2811
1502 2935
1502 3031
1502 3240
1502 3492
1502 3513
1502 3754
1502 3825
1502 4155
1502 4233
1502 4366
1502 4516
1502 4676
1502 4696
1502 4842
1502 4859
1503 1626
1503 1632
1503 1668
1503 1993
1503 2365
1503 2477
1503 2754
1503 2779
1503 2847
1503 2860
1503 2870
1503 2945
1503 2950
1503 3348
1503 3748
1503 4265
1503 4374
1503 4585
1503 4820
1504 2669
1504 2705
1504 2832
1504 2848
1504 2906
1504 3131
1504 3155
1504 3166
1504 3214
1504 3220
1504 3633
1504 3933
1504 4022
1504 4166
1504 4825
1504 4846
1504 4932
1505 1524
1505 1676
1505 1748
1505 1773
1505 1780
1505 2268
1505 2364
1505 2583
1505 2833
1505 2977
1505 3041
1505 3682
1505 3692
1505 3729
1505 3853
1505 3891
1505 3924
1505 4432
1505 4492
1505 4537
1505 4564
1505 4773
1506 1515
1506 1550
1506 1815
1506 2118
1506 2341
1506 2526
1506 3231
1506 3480
1506 3585
1506 4442
1506 4489
1506 4520
1506 4529
1506 4741
1506 4865
1506 4900
1507 1629
1507 1811
1507 2213
1507 2379
1507 2398
1507 2529
1507 2534
1507 2596
1507 2807
1507 2916
1507 2988
1507 3206
1507 3412
1507 3419
1507 3622
1507 3643
1507 3805
1507 3930
1507 3968
1507 4167
1507 4210
1507 4422
1508 1581
1508 1594
1508 1600
1508 1830
1508 1879
1508 1969
1508 2366
1508 2464
1508 2797
1508 2882
1508 2982
1508 3115
1508 3240
1508 3371
1508 3584
1508 3690
1508 3762
1508 3775
1508 3781
1508 4031
1508 4491
1508 4556
1508 4570
1508 4637
1508 4664
1508 4783
1508 4959
1508 4992
1509 1600
1509 1707
1509 2088
1509 2245
1509 2338
1509 2420
1509 2542
1509 2600
1509 2894
1509 3319
1509 3391
1509 3488
1509 3695
1509 3706
1509 3743
1509 3880
1509 4079
1509 4260
1509 4471
1509 4628
1509 4864
1509 4868
1510 1528
1510 1659
1510 1834
1510 2434
1510 3236
1510 3524
1510 3527
1510 3750
1510 3829
1510 3854
1510 3855
1510 4145
1510 4321
1510 4602
1510 4612
1510 4760
1510 4787
1511 1581
1511 1698
1511 1959
1511 2119
1511 2206
1511 2233
1511 2259
1511 2418
1511 2453
1511 2799
1511 3131
1511 3153
1511 3235
1511 3242
1511 3849
1511 4093
1511 4107
1511 4711
1511 4947
1511 4971
1512 2398
1512 2604
1512 2697
1512 2868
1512 3148
1512 3205
1512 3211
1512 3538
1512 3813
1512 3990
1512 3999
1512 4078
1512 4131
1512 4215
1512 4431
1512 4677
1512 4792
1512 4959
1513 1520
1513 1665
1513 1862
1513 1912
1513 2193
1513 2203
1513 2480
1513 2859
1513 2980
1513 3038
1513 3074
1513 3377
1513 3498
1513 3579
1513 3619
1513 3673
1513 3760
1513 3996
1513 4223
1513 4471
1513 4713
1513 4951
1514 1558
1514 2136
1514 2383
1514 2437
1514 2542
1514 2709
1514 2744
1514 2748
1514 2774
1514 2800
1514 2867
1514 2904
1514 3220
1514 3461
1514 3606
1514 3914
1514 4023
1514 4062
1514 4292
1514 4376
1514 4514
1514 4886
1514 4939
1515 1610
1515 1645
1515 1664
1515 1785
1515 1823
1515 1893
1515 2263
1515 2567
1515 2652
1515 3034
1515 3247
1515 3844
1515 4179
1515 4183
1515 4528
1515 4624
1515 4732
1515 4756
1515 4836
1516 1596
1516 1689
1516 1841
1516 1946
1516 2154
1516 2172
1516 2562
1516 2631
1516 2795
1516 2876
1516 3081
1516 3118
1516 3120
1516 3561
1516 4538
1516 4558
1516 4605
1516 4622
1517 1588
1517 1635
1517 1638
1517 2376
1517 2511
1517 2534
1517 2577
1517 2851
1517 2886
1517 2912
1517 2965
1517 3068
1517 3089
1517 3401
1517 3471
1517 3576
1517 3592
1517 3697
1517 3827
1517 4032
1517 4181
1517 4219
1517 4720
1517 4722
1517 4827
1517 4861
1518 1553
1518 1620
1518 1708
1518 1820
1518 1868
1518 1906
1518 2009
1518 2135
1518 2173
1518 2507
1518 2552
1518 2717
1518 2932
1518 3057
1518 3077
1518 3091
1518 3149
1518 3457
1518 3526
1518 3564
1518 3609
1518 3631
1518 4127
1518 4324
1518 4437
1518 4473
1518 4826
1518 4909
1519 1870
1519 1896
1519 2260
1519 2504
1519 2597
1519 2642
1519 2661
1519 2676
1519 2726
1519 2798
1519 2801
1519 2970
1519 3031
1519 3312
1519 3485
1519 3972
1519 4153
1519 4294
1519 4368
1519 4678
1519 4733
1520 1594
1520 2094
1520 2360
1520 2688
1520 2944
1520 3043
1520 3145
1520 3446
1520 3590
1520 3789
1520 3856
1520 3885
1520 4061
1520 4077
1520 4125
1520 4157
1520 4289
1520 4612
1520 4644
1520 4689
1521 1600
1521 1905
1521 1991
1521 2166
1521 2306
1521 2308
1521 2866
1521 3051
1521 3208
1521 3415
1521 3957
1521 4018
1521 4296
1521 4437
1521 4739
1521 4795
1521 4898
1521 4994
1522 1809
1522 1941
1522 2192
1522 2278
1522 2465
1522 2595
1522 2800
1522 3113
1522 3140
1522 3378
1522 3537
1522 3672
1522 3867
1522 3975
1522 4228
1522 4534
1522 4611
1522 4627
1523 1529
1523 1564
1523 1770
1523 1890
1523 2391
1523 2399
1523 2751
1523 2803
1523 3303
1523 3314
1523 3369
1523 3470
1523 3496
1523 3520
1523 3876
1523 3910
1523 3932
1523 4100
1523 4165
1523 4179
1523 4331
1523 4423
1523 4777
1524 1569
1524 1680
1524 1720
1524 2005
1524 2134
1524 2394
1524 2440
1524 2501
1524 2773
1524 2808
1524 2879
1524 2881
1524 3174
1524 3247
1524 3414
1524 3697
1524 3912
1524 3923
1524 4015
1524 4143
1524 4161
1524 4193
1524 4211
1524 4321
1524 4633
1524 4679
1524 4770
1525 1567
1525 1709
1525 1935
1525 2074
1525 2104
1525 2149
1525 2322
1525 2454
1525 2499
1525 3794
1525 3885
1525 3966
1525 3996
1525 4076
1525 4884
1526 1650
1526 1713
1526 1804
1526 2231
1526 2298
1526 2322
1526 2650
1526 3270
1526 3403
1526 3461
1526 3754
1526 3764
1526 4055
1526 4186
1526 4382
1526 4626
1526 4825
1527 1628
1527 2176
1527 2250
1527 2591
1527 2711
1527 3126
1527 3334
1527 3479
1527 3789
1527 4105
1527 4179
1527 4234
1527 4249
1527 4322
1527 4412
1527 4529
1527 4574
1528 2275
1528 2282
1528 2357
1528 2468
1528 2685
1528 2698
1528 2940
1528 2979
1528 3004
1528 3295
1528 3401
1528 3584
1528 3627
1528 3773
1528 3852
1528 3878
1528 3949
1528 4138
1528 4173
1528 4243
1528 4281
1528 4564
1528 4609
1528 4739
1529 1717
1529 1718
1529 2054
1529 2057
1529 2406
1529 2916
1529 3275
1529 3548
1529 3600
1529 3820
1529 3953
1529 4192
1529 4238
1529 4245
1529 4687
1529 4757
1529 4795
1529 4801
1530 1658
1530 2172
1530 2173
1530 2614
1530 2715
1530 2850
1530 2851
1530 2994
1530 3150
1530 3536
1530 3557
1530 3631
1530 3784
1530 3887
1530 3919
1530 4234
1530 4244
1530 4248
1530 4564
1530 4883
1531 1586
1531 1704
1531 1872
1531 2033
1531 2345
1531 2381
1531 2522
1531 2524
1531 2705
1531 2766
1531 2982
1531 3045
1531 3115
1531 3121
1531 3245
1531 3335
1531 3423
1531 3465
1531 3741
1531 3764
1531 4160
1531 4165
1531 4357
1531 4382
1531 4551
1531 4567
1531 4578
1531 4753
1531 4998
1532 1545
1532 1569
1532 1889
1532 1977
1532 1987
1532 2301
1532 2333
1532 2464
1532 2708
1532 2890
1532 3007
1532 3035
1532 3587
1532 3802
1532 3846
1532 4113
1532 4117
1532 4158
1532 4203
1532 4262
1532 4281
1532 4344
1532 4395
1532 4616
1532 4690
1532 4720
1533 1678
1533 1769
1533 2213
1533 2343
1533 2540
1533 2575
1533 3494
1533 3643
1533 3654
1533 3735
1533 3876
1533 4185
1533 4344
1533 4617
1533 4719
1533 4863
1533 4879
1534 1749
1534 2096
1534 2470
1534 2690
1534 2731
1534 2744
1534 2914
1534 3412
1534 3419
1534 3535
1534 3704
1534 3921
1534 3945
1534 4007
1534 4034
1534 4279
1534 4427
1535 1859
1535 2036
1535 2120
1535 2250
1535 2279
1535 2540
1535 2569
1535 2590
1535 2678
1535 2828
1535 3021
1535 3211
1535 3217
1535 3291
1535 3478
1535 3873
1535 3944
1535 4129
1535 4412
1535 4515
1535 4801
1536 1604
1536 1680
1536 1737
1536 2168
1536 2497
1536 2557
1536 2613
1536 2763
1536 2918
1536 3135
1536 3433
1536 3581
1536 3618
1536 3682
1536 3729
1536 4780
1536 4835
1536 4841
1537 1583
1537 1607
1537 1620
1537 1633
1537 1942
1537 2143
1537 2208
1537 2399
1537 2450
1537 2458
1537 2565
1537 2866
1537 2948
1537 2969
1537 3048
1537 3632
1537 3652
1537 3656
1537 3815
1537 3955
1537 4025
1537 4579
1537 4719
1537 4951
1537 4952
1538 1726
1538 2556
1538 2740
1538 2744
1538 2745
1538 2892
1538 2956
1538 3123
1538 3477
1538 3534
1538 3574
1538 3718
1538 3914
1538 4108
1538 4121
1538 4275
1538 4322
1538 4537
1538 4628
1539 1793
1539 1797
1539 1814
1539 1820
1539 1829
1539 1959
1539 2074
1539 2241
1539 2434
1539 2448
1539 2586
1539 2622
1539 2625
1539 2802
1539 3220
1539 3226
1539 3461
1539 3570
1539 3697
1539 3849
1539 4104
1539 4224
1539 4552
1540 1679
1540 2061
1540 2203
1540 2281
1540 2519
1540 2697
1540 2832
1540 3094
1540 3157
1540 3264
1540 3361
1540 3414
1540 3470
1540 4321
1540 4427
1540 4544
1541 1861
1541 1910
1541 2065
1541 2128
1541 2471
1541 2670
1541 2700
1541 2915
1541 2951
1541 2983
1541 3337
1541 3375
1541 3511
1541 3551
1541 3633
1541 3652
1541 3655
1541 3961
1541 4225
1541 4240
1541 4333
1541 4464
1541 4496
1541 4689
1542 1548
1542 1648
1542 1801
1542 1921
1542 2063
1542 2128
1542 2176
1542 2506
1542 2541
1542 3071
1542 3243
1542 3289
1542 3641
1542 3795
1542 3924
1542 3980
1542 4048
1542 4183
1542 4364
1542 4794
1542 4821
1542 4931
1543 1670
1543 1874
1543 2010
1543 2017
1543 2099
1543 2159
1543 2474
1543 2490
1543 2546
1543 2550
1543 2752
1543 2922
1543 3089
1543 3401
1543 3408
1543 3480
1543 3629
1543 3946
1543 4292
1543 4538
1543 4764
1543 4996
1544 1716
1544 1908
1544 1917
1544 1920
1544 1941
1544 2158
1544 2251
1544 2707
1544 2838
1544 2846
1544 2993
1544 3576
1544 4025
1544 4483
1544 4589
1544 4683
1544 4707
1544 4773
1544 4798
1544 4865
1545 1554
1545 1717
1545 1901
1545 1985
1545 2144
1545 2309
1545 2362
1545 2671
1545 3074
1545 3347
1545 3404
1545 3654
1545 3678
1545 3695
1545 3898
1545 4014
1545 4124
1545 4359
1545 4402
1545 4410
1545 4518
1545 4600
1545 4821
1545 4996
1546 1576
1546 1686
1546 1922
1546 2116
1546 2225
1546 2411
1546 2856
1546 2915
1546 3239
1546 3385
1546 3606
1546 3760
1546 3962
1546 3987
1546 3997
1546 4079
1546 4549
1546 4613
1546 4693
1546 4957
1546 4978
1547 1813
1547 2063
1547 2317
1547 2521
1547 2555
1547 2588
1547 2823
1547 2906
1547 3298
1547 3415
1547 3501
1547 3759
1547 3999
1547 4042
1547 4044
1547 4060
1547 4163
1547 4271
1547 4365
1547 4494
1547 4588
1547 4792
1547 4861
1548 1618
1548 1680
1548 1698
1548 1718
1548 1826
1548 2213
1548 2265
1548 2311
1548 2482
1548 2597
1548 3418
1548 3667
1548 3722
1548 3990
1548 4090
1548 4095
1548 4301
1548 4890
1548 4986
1549 1560
1549 1597
1549 1668
1549 1768
1549 1769
1549 2364
1549 2391
1549 2492
1549 2690
1549 2799
1549 2810
1549 3418
1549 3693
1549 3745
1549 3821
1549 3869
1549 4055
1549 4473
1549 4850
1549 4947
1549 4960
1550 1875
1550 2128
1550 2477
1550 2617
1550 2755
1550 2954
1550 3775
1550 3892
1550 3902
1550 4069
1550 4204
1550 4432
1550 4534
1550 4805
1550 4854
1550 4897
1550 4904
1551 1705
1551 1779
1551 2083
1551 2184
1551 2517
1551 2961
1551 3223
1551 3412
1551 3615
1551 3751
1551 4048
1551 4113
1551 4437
1551 4462
1551 4792
1551 4816
1551 4925
1552 1877
1552 1927
1552 2011
1552 2132
1552 2300
1552 2546
1552 2709
1552 2855
1552 3176
1552 3352
1552 3432
1552 3755
1552 3941
1552 4008
1552 4064
1552 4214
1552 4225
1552 4276
1552 4323
1552 4397
1552 4433
1552 4539
1552 4682
1552 4740
1553 1635
1553 1649
1553 1747
1553 1771
1553 1940
1553 1973
1553 2298
1553 2476
1553 2581
1553 2785
1553 3204
1553 3208
1553 3428
1553 4405
1553 4528
1554 1648
1554 1764
1554 1896
1554 2105
1554 2138
1554 2283
1554 2510
1554 2588
1554 2697
1554 2813
1554 3044
1554 3464
1554 3542
1554 3550
1554 4112
1554 4308
1554 4312
1554 4680
1554 4707
1554 4763
1554 4893
1555 1613
1555 1635
1555 1752
1555 2109
1555 2141
1555 2468
1555 2535
1555 2578
1555 2679
1555 2808
1555 3146
1555 3578
1555 3789
1555 3794
1555 3897
1555 4043
1555 4111
1555 4428
1555 4728
1555 4765
1555 4808
1555 4899
1556 1898
1556 2047
1556 2164
1556 2382
1556 2467
1556 2499
1556 2573
1556 2743
1556 3117
1556 3124
1556 3219
1556 3313
1556 3394
1556 3471
1556 3587
1556 3666
1556 3714
1556 3734
1556 3882
1556 4258
1556 4289
1556 4306
1556 4332
1556 4413
1556 4506
1556 4575
1556 4583
1556 4640
1556 4928
1557 1712
1557 1874
1557 2211
1557 2746
1557 2947
1557 2996
1557 3034
1557 3165
1557 3390
1557 3396
1557 3443
1557 3954
1557 4004
1557 4193
1557 4234
1557 4272
1557 4408
1557 4677
1557 4792
1557 4835
1558 1645
1558 1958
1558 2215
1558 2312
1558 2392
1558 2441
1558 2490
1558 2797
1558 2827
1558 2927
1558 2942
1558 3343
1558 3393
1558 4583
1558 4601
1558 4753
1559 1584
1559 1651
1559 2040
1559 2216
1559 2292
1559 2295
1559 2857
1559 2918
1559 3113
1559 3117
1559 3146
1559 3215
1559 3291
1559 3455
1559 3477
1559 3597
1559 3600
1559 3624
1559 3721
1559 3775
1559 4030
1559 4131
1559 4156
1559 4236
1559 4545
1559 4568
1559 4662
1559 4990
1560 1772
1560 1795
1560 2637
1560 2980
1560 3058
1560 3144
1560 3386
1560 3451
1560 3725
1560 3781
1560 3824
1560 3905
1560 4081
1560 4181
1560 4439
1560 4455
1560 4502
1560 4594
1560 4684
1560 4931
1560 4938
1561 1720
1561 1828
1561 1863
1561 2119
1561 2166
1561 2791
1561 3183
1561 3244
1561 3326
1561 3661
1561 3979
1561 4086
1561 4488
1561 4489
1561 4539
1561 4654
1561 4917
1562 1755
1562 1837
1562 1856
1562 1923
1562 1948
1562 2148
1562 2321
1562 2515
1562 2949
1562 3013
1562 3114
1562 3221
1562 3238
1562 3268
1562 3568
1562 3707
1562 3778
1562 3805
1562 3814
1562 4139
1562 4147
1562 4471
1562 4991
1563 1808
1563 1882
1563 2246
1563 2449
1563 2518
1563 2756
1563 2857
1563 3057
1563 3100
1563 3149
1563 3411
1563 3419
1563 3448
1563 3452
1563 3627
1563 3728
1563 4201
1563 4465
1563 4530
1563 4630
1563 4655
1563 4751
1563 4824
1563 4942
1563 4996
1564 1679
1564 1735
1564 1739
1564 1810
1564 1916
1564 2570
1564 2964
1564 3167
1564 3283
1564 3297
1564 3335
1564 3366
1564 3525
1564 3640
1564 3755
1564 3915
1564 4104
1564 4151
1564 4491
1564 4647
1564 4883
1565 1610
1565 1625
1565 1743
1565 1878
1565 2082
1565 2638
1565 2703
1565 2716
1565 2886
1565 2976
1565 3036
1565 3059
1565 3087
1565 3342
1565 3459
1565 3564
1565 4148
1565 4259
1565 4309
1565 4440
1565 4517
1566 1613
1566 1764
1566 2199
1566 2310
1566 2369
1566 2502
1566 2507
1566 2509
1566 2530
1566 2619
1566 2646
1566 2773
1566 3022
1566 3269
1566 3402
1566 3542
1566 3578
1566 3589
1566 3757
1566 3888
1566 4114
1566 4250
1566 4322
1566 4349
1566 4542
1566 4552
1566 4610
1566 4915
1567 1696
1567 1712
1567 1762
1567 1843
1567 1869
1567 2248
1567 2318
1567 2487
1567 2614
1567 2644
1567 2996
1567 3122
1567 3150
1567 3276
1567 3352
1567 3557
1567 3714
1567 3897
1567 3940
1567 3960
1567 4017
1567 4045
1567 4205
1567 4243
1567 4631
1567 4632
1567 4988
1567 4994
1568 1624
1568 1860
1568 2000
1568 2009
1568 2385
1568 2393
1568 2733
1568 3176
1568 3251
1568 3424
1568 3446
1568 3718
1568 3745
1568 3763
1568 3779
1568 3831
1568 3961
1568 4390
1568 4924
1569 1617
1569 1865
1569 1968
1569 2163
1569 2261
1569 2566
1569 2867
1569 3026
1569 3313
1569 3488
1569 3492
1569 3493
1569 3561
1569 3657
1569 3840
1569 3851
1569 4075
1569 4480
1569 4550
1569 4640
1569 4645
1569 4648
1570 1653
1570 1701
1570 1763
1570 2080
1570 2218
1570 2399
1570 2432
1570 2772
1570 2914
1570 3203
1570 3215
1570 3238
1570 3654
1570 3742
1570 3769
1570 4107
1570 4166
1570 4267
1570 4708
1571 1686
1571 1840
1571 1959
1571 2007
1571 2111
1571 2414
1571 2439
1571 2691
1571 2727
1571 3074
1571 3109
1571 3418
1571 3495
1571 3567
1571 3715
1571 3720
1571 3825
1571 4084
1571 4546
1571 4675
1571 4957
1571 4964
1571 4984
1572 1631
1572 1699
1572 1819
1572 1889
1572 2002
1572 2238
1572 2402
1572 2513
1572 2557
1572 2574
1572 2783
1572 3006
1572 3528
1572 4157
1572 4516
1572 4845
1572 4847
1572 4970
1573 1645
1573 1979
1573 2127
1573 2382
1573 2427
1573 2854
1573 2870
1573 2926
1573 3085
1573 3505
1573 3663
1573 3664
1573 3786
1573 3805
1573 4528
1573 4675
1573 4753
1574 1599
1574 1695
1574 1708
1574 1787
1574 1825
1574 1882
1574 2068
1574 2458
1574 3124
1574 3160
1574 3258
1574 3265
1574 3307
1574 3353
1574 3369
1574 3428
1574 3679
1574 3717
1574 3796
1574 4075
1574 4240
1574 4398
1574 4728
1575 1617
1575 1691
1575 1782
1575 1889
1575 2531
1575 2579
1575 2946
1575 3020
1575 3204
1575 3321
1575 3872
1575 4202
1575 4341
1575 4362
1575 4385
1575 4852
1576 1583
1576 1769
1576 1781
1576 1825
1576 1940
1576 1959
1576 1966
1576 2249
1576 2280
1576 2298
1576 2424
1576 2563
1576 2756
1576 2810
1576 3466
1576 3879
1576 3912
1576 4004
1576 4013
1576 4145
1576 4243
1576 4369
1576 4414
1576 4459
1576 4594
1576 4598
1576 4640
1576 4645
1576 4763
1576 4786
1576 4917
1577 1662
1577 1680
1577 2388
1577 2408
1577 2467
1577 2559
1577 2629
1577 2667
1577 2978
1577 3117
1577 3214
1577 3297
1577 3671
1577 3794
1577 4070
1577 4458
1577 4483
1577 4780
1577 4828
1578 1990
1578 2241
1578 2313
1578 2559
1578 2576
1578 2828
1578 2985
1578 3285
1578 3347
1578 3521
1578 3604
1578 3934
1578 4042
1578 4130
1578 4168
1578 4344
1578 4368
1578 4387
1578 4496
1578 4693
1578 4763
1579 1659
1579 1702
1579 1760
1579 1784
1579 1818
1579 2272
1579 2508
1579 2531
1579 2637
1579 2949
1579 2957
1579 3062
1579 3064
1579 3138
1579 3285
1579 3295
1579 3492
1579 3524
1579 3541
1579 3892
1579 3922
1579 3944
1579 4196
1579 4270
1579 4284
1579 4528
1579 4539
1579 4701
1579 4769
1580 1912
1580 2450
1580 2528
1580 2561
1580 3031
1580 3207
1580 3233
1580 3236
1580 3355
1580 3421
1580 3459
1580 3590
1580 3778
1580 3785
1580 4275
1580 4528
1580 4576
1580 4683
1580 4691
1580 4972
1580 4989
1581 1727
1581 1887
1581 2089
1581 2199
1581 2247
1581 2316
1581 2345
1581 2374
1581 2432
1581 2458
1581 2465
1581 2639
1581 2725
1581 2845
1581 3124
1581 3142
1581 3243
1581 3349
1581 3440
1581 3449
1581 3688
1581 4112
1581 4507
1581 4613
1581 4970
1582 1654
1582 1811
1582 1922
1582 2098
1582 2180
1582 2327
1582 2455
1582 2649
1582 2826
1582 2890
1582 3007
1582 3309
1582 3462
1582 3617
1582 3644
1582 3688
1582 3907
1582 3931
1582 4000
1582 4059
1582 4061
1582 4091
1582 4113
1582 4219
1582 4317
1582 4327
1582 4416
1582 4461
1582 4719
1582 4809
1582 4817
1582 4892
1582 4896
1583 1830
1583 1860
1583 2009
1583 2154
1583 2188
1583 2426
1583 2544
1583 2571
1583 2576
1583 2600
1583 3340
1583 3378
1583 3381
1583 3431
1583 3809
1583 3881
1583 3948
1583 4194
1583 4324
1583 4350
1583 4385
1583 4566
1583 4630
1583 4698
1583 4881
1584 1602
1584 1859
1584 1941
1584 1976
1584 2315
1584 2785
1584 3041
1584 3283
1584 3315
1584 3453
1584 3470
1584 3861
1584 4127
1584 4453
1584 4574
1584 4752
1584 4941
1584 4985
1585 1605
1585 1613
1585 1784
1585 2016
1585 2031
1585 2074
1585 2319
1585 2396
1585 2632
1585 2873
1585 2948
1585 3137
1585 3222
1585 3243
1585 3253
1585 3380
1585 3464
1585 3545
1585 3862
1585 3936
1585 4068
1585 4074
1585 4191
1585 4274
1585 4521
1585 4554
1585 4798
1585 4862
1586 1963
1586 1985
1586 2299
1586 2446
1586 2616
1586 2827
1586 2962
1586 3065
1586 3107
1586 3164
1586 3654
1586 3670
1586 3870
1586 3994
1586 4538
1586 4661
1586 4889
1587 1830
1587 1932
1587 1991
1587 2181
1587 2234
1587 2357
1587 2692
1587 3094
1587 3122
1587 3178
1587 3432
1587 3648
1587 4262
1587 4264
1587 4332
1587 4478
1587 4794
1587 4980
1587 4987
1588 1630
1588 1757
1588 1998
1588 2437
1588 2607
1588 2685
1588 3213
1588 3403
1588 3515
1588 3521
1588 3646
1588 3724
1588 3937
1588 4013
1588 4046
1588 4718
1588 4800
1588 4892
1588 4895
1588 4909
1588 4955
1589 1755
1589 1787
1589 1967
1589 2308
1589 2422
1589 2786
1589 3068
1589 3134
1589 3584
1589 3660
1589 3794
1589 3908
1589 4159
1589 4223
1589 4538
1589 4986
1589 4989
1590 1646
1590 1807
1590 1818
1590 1954
1590 2466
1590 2496
1590 2653
1590 2856
1590 3084
1590 3114
1590 3357
1590 3423
1590 3551
1590 3569
1590 3870
1590 4139
1590 4357
1590 4375
1590 4554
1590 4621
1590 4941
1591 1639
1591 1790
1591 2216
1591 2417
1591 2458
1591 2519
1591 2528
1591 2603
1591 2812
1591 2894
1591 3356
1591 3506
1591 4119
1591 4137
1591 4327
1591 4372
1591 4422
1591 4549
1591 4643
1591 4645
1591 4853
1592 1683
1592 1685
1592 1736
1592 1909
1592 2022
1592 2266
1592 2336
1592 2482
1592 2647
1592 3072
1592 3314
1592 3654
1592 3974
1592 4083
1592 4113
1592 4149
1592 4177
1592 4272
1592 4497
1592 4633
1592 4650
1592 4658
1592 4770
1592 4962
1593 1614
1593 1629
1593 1672
1593 1980
1593 2002
1593 2252
1593 2461
1593 2465
1593 2586
1593 2660
1593 2694
1593 3383
1593 3523
1593 3729
1593 3733
1593 4096
1593 4116
1593 4316
1593 4433
1593 4708
1593 4757
1593 4765
1593 4952
1593 4979
1594 1694
1594 1706
1594 1810
1594 1870
1594 2643
1594 2730
1594 2733
1594 3145
1594 3400
1594 3719
1594 3791
1594 4017
1594 4063
1594 4382
1594 4493
1594 4876
1595 1759
1595 1909
1595 2062
1595 2128
1595 2303
1595 2447
1595 2777
1595 2824
1595 2937
1595 2970
1595 3128
1595 3265
1595 3298
1595 3442
1595 3741
1595 3836
1595 3955
1595 4314
1595 4346
1595 4463
1595 4475
1595 4882
1595 4963
1596 1673
1596 2319
1596 2656
1596 2997
1596 3039
1596 3171
1596 3248
1596 3371
1596 3566
1596 3616
1596 3764
1596 4107
1596 4114
1596 4344
1596 4798
1596 4862
1596 4892
1596 4961
1596 4988
1597 1964
1597 2085
1597 2087
1597 2203
1597 2266
1597 2335
1597 2596
1597 2753
1597 3410
1597 3780
1597 3972
1597 3995
1597 4157
1597 4318
1597 4372
1597 4385
1597 4416
1597 4480
1597 4948
1598 1605
1598 1821
1598 2034
1598 2364
1598 2574
1598 2896
1598 2981
1598 2997
1598 3077
1598 3288
1598 3393
1598 3416
1598 3431
1598 3643
1598 3692
1598 3699
1598 4043
1598 4454
1598 4974
1599 2292
1599 2868
1599 2889
1599 3074
1599 3304
1599 3579
1599 3649
1599 3666
1599 3975
1599 4273
1599 4358
1599 4377
1599 4408
1599 4525
1599 4726
1599 4926
1600 1666
1600 1886
1600 1925
1600 2363
1600 2472
1600 3328
1600 3388
1600 3443
1600 3495
1600 3531
1600 3541
1600 3586
1600 3588
1600 3697
1600 4189
1600 4329
1600 4372
1600 4441
1600 4494
1600 4694
1600 4879
1600 4882
1600 4886
1601 1846
1601 1921
1601 1922
1601 1939
1601 2262
1601 2382
1601 2625
1601 3177
1601 3301
1601 3312
1601 3673
1601 3725
1601 3832
1601 3839
1601 3956
1601 4083
1601 4444
1601 4675
1602 1763
1602 2015
1602 2116
1602 2222
1602 2277
1602 2638
1602 2642
1602 2743
1602 2957
1602 3076
1602 3182
1602 3323
1602 3499
1602 3743
1602 3949
1602 4115
1602 4224
1602 4705
1602 4773
1602 4890
1603 1752
1603 1994
1603 2170
1603 2311
1603 2580
1603 2948
1603 3025
1603 3151
1603 3221
1603 3371
1603 3905
1603 3940
1603 3998
1603 4082
1603 4436
1603 4531
1603 4647
1603 4797
1603 4809
1603 4866
1604 1852
1604 2333
1604 2403
1604 2497
1604 2800
1604 2979
1604 3005
1604 3253
1604 3287
1604 3375
1604 3425
1604 3469
1604 3615
1604 3827
1604 3947
1604 4069
1604 4192
1604 4682
1604 4752
1604 4924
1605 1726
1605 2220
1605 2631
1605 3074
1605 3200
1605 3298
1605 3504
1605 3556
1605 3567
1605 4151
1605 4472
1605 4643
1605 4888
1605 4997
1606 1627
1606 1674
1606 1779
1606 1884
1606 2287
1606 2633
1606 2653
1606 2744
1606 2785
1606 2813
1606 2970
1606 3114
1606 3161
1606 3210
1606 3267
1606 3346
1606 3423
1606 3475
1606 3733
1606 3989
1606 4257
1606 4282
1606 4618
1606 4920
1607 1817
1607 1963
1607 2071
1607 2209
1607 2664
1607 2888
1607 3101
1607 3356
1607 3810
1607 3859
1607 3964
1607 4075
1607 4128
1607 4213
1607 4338
1607 4451
1607 4456
1607 4549
1607 4556
1607 4599
1607 4915
1608 1835
1608 1864
1608 1893
1608 2057
1608 2177
1608 2260
1608 2344
1608 2485
1608 2589
1608 2950
1608 2994
1608 3024
1608 3427
1608 3588
1608 3644
1608 4014
1608 4091
1608 4261
1608 4376
1608 4840
1609 1839
1609 2028
1609 2343
1609 2514
1609 2650
1609 3063
1609 3228
1609 3252
1609 3285
1609 3295
1609 3759
1609 4374
1609 4803
1609 4896
1610 1726
1610 1905
1610 2124
1610 2263
1610 2456
1610 2549
1610 2638
1610 2732
1610 2771
1610 2972
1610 3160
1610 3381
1610 3511
1610 3804
1610 3871
1610 4005
1610 4234
1610 4559
1610 4600
1610 4733
1610 4815
1610 4915
1611 1632
1611 1892
1611 2088
1611 2166
1611 2335
1611 2586
1611 2852
1611 3360
1611 3431
1611 4358
1611 4500
1611 4634
1612 1699
1612 1822
1612 1933
1612 2267
1612 2527
1612 2712
1612 3080
1612 3381
1612 3458
1612 3491
1612 3533
1612 3667
1612 3704
1612 3743
1612 4009
1612 4676
1612 4708
1612 4832
1613 1858
1613 1861
1613 2521
1613 2646
1613 2795
1613 2837
1613 3094
1613 3407
1613 3435
1613 3571
1613 3639
1613 3875
1613 3996
1613 4620
1613 4660
1613 4821
1613 4918
1614 1766
1614 1786
1614 1887
1614 1925
1614 2697
1614 2719
1614 2762
1614 2776
1614 3200
1614 3232
1614 3374
1614 3784
1614 4024
1614 4134
1614 4161
1614 4538
1614 4810
1614 4819
1614 4985
1615 2024
1615 2211
1615 2938
1615 3204
1615 3235
1615 3250
1615 3640
1615 3800
1615 4057
1615 4106
1615 4370
1615 4454
1615 4693
1616 1795
1616 2011
1616 2186
1616 2299
1616 2638
1616 2639
1616 2706
1616 2986
1616 4075
1616 4131
1616 4226
1616 4533
1616 4620
1616 4734
1616 4826
1616 4861
1617 1819
1617 1937
1617 2261
1617 2420
1617 2454
1617 2471
1617 2871
1617 3032
1617 3039
1617 3722
1617 4166
1617 4291
1617 4403
1617 4774
1617 4956
1618 1625
1618 2013
1618 2015
1618 2122
1618 2135
1618 2284
1618 2356
1618 2465
1618 2715
1618 2902
1618 3703
1618 3743
1618 3897
1618 4101
1618 4128
1618 4217
1618 4225
1618 4537
1619 1639
1619 1779
1619 2204
1619 2238
1619 2498
1619 2792
1619 2947
1619 3052
1619 3134
1619 3196
1619 3578
1619 4020
1619 4328
1619 4488
1619 4907
1619 4926
1619 4953
1620 1674
1620 1692
1620 1823
1620 1881
1620 1935
1620 1966
1620 2575
1620 2740
1620 2763
1620 2772
1620 2995
1620 3008
1620 3011
1620 3154
1620 3304
1620 3342
1620 3399
1620 3545
1620 3737
1620 4053
1620 4068
1620 4200
1620 4374
1620 4376
1620 4672
1620 4784
1620 4850
1621 1885
1621 1907
1621 2053
1621 2375
1621 2611
1621 2889
1621 2898
1621 2931
1621 2963
1621 3206
1621 3391
1621 3683
1621 3960
1621 4062
1621 4064
1621 4319
1621 4499
1621 4546
1621 4813
1621 4909
1622 1639
1622 1656
1622 1977
1622 2218
1622 2377
1622 2684
1622 2739
1622 2795
1622 2834
1622 2852
1622 2872
1622 2898
1622 3239
1622 3284
1622 3386
1622 3594
1622 3599
1622 3800
1622 3823
1622 3883
1622 3897
1622 3923
1622 4126
1622 4208
1622 4241
1622 4468
1622 4744
1623 1664
1623 1701
1623 1843
1623 1887
1623 1990
1623 2060
1623 2460
1623 2704
1623 2855
1623 2888
1623 2902
1623 2912
1623 3022
1623 3264
1623 3287
1623 3655
1623 3818
1623 3879
1623 4088
1623 4165
1623 4284
1623 4301
1623 4424
1623 4532
1624 1808
1624 1833
1624 2595
1624 2604
1624 3008
1624 3123
1624 3218
1624 3260
1624 3478
1624 3532
1624 3566
1624 3796
1624 3797
1624 4266
1624 4420
1624 4589
1624 4822
1624 4873
1624 4941
1625 1670
1625 2166
1625 2513
1625 2527
1625 3245
1625 3317
1625 3580
1625 3717
1625 4130
1625 4334
1625 4838
1625 4908
1626 1706
1626 1929
1626 2426
1626 2587
1626 2707
1626 2708
1626 2942
1626 3031
1626 3196
1626 3607
1626 3629
1626 3632
1626 4095
1626 4274
1626 4395
1626 4934
1627 1805
1627 1950
1627 1971
1627 2238
1627 2266
1627 2390
1627 2693
1627 2951
1627 3236
1627 3412
1627 3536
1627 3567
1627 3696
1627 3734
1627 3912
1627 4070
1627 4122
1627 4243
1627 4365
1627 4408
1627 4887
1628 1947
1628 2135
1628 2248
1628 2302
1628 2398
1628 2418
1628 2458
1628 2748
1628 2813
1628 2866
1628 3238
1628 3275
1628 3332
1628 3485
1628 3569
1628 3921
1628 4673
1628 4731
1629 1775
1629 1868
1629 2398
1629 2539
1629 2804
1629 2966
1629 3105
1629 3116
1629 3186
1629 3238
1629 3658
1629 3790
1629 3894
1629 3917
1629 4175
1629 4272
1629 4325
1629 4952
1629 4976
1629 4984
1630 1696
1630 1790
1630 1886
1630 1991
1630 2127
1630 2297
1630 2348
1630 2528
1630 2600
1630 2638
1630 2647
1630 2704
1630 2839
1630 2909
1630 3035
1630 3423
1630 3445
1630 3629
1630 3689
1630 3837
1630 4202
1630 4244
1630 4312
1630 4417
1631 1813
1631 2073
1631 2279
1631 2347
1631 2352
1631 2411
1631 2484
1631 2556
1631 2583
1631 2807
1631 2808
1631 2857
1631 3089
1631 3139
1631 3173
1631 3382
1631 3393
1631 3652
1631 3702
1631 3878
1631 3989
1631 4008
1631 4429
1631 4472
1632 2114
1632 2183
1632 2642
1632 2696
1632 3497
1632 3801
1632 3813
1632 3830
1632 3999
1632 4005
1632 4010
1632 4149
1632 4258
1632 4353
1632 4575
1632 4837
1632 4989
1633 1709
1633 1776
1633 2138
1633 2181
1633 2214
1633 2609
1633 2893
1633 2915
1633 3387
1633 3426
1633 3639
1633 3920
1633 4107
1633 4116
1633 4132
1633 4266
1633 4296
1633 4642
1633 4731
1633 4779
1633 4897
1633 4917
1634 1701
1634 1741
1634 2034
1634 2076
1634 2077
1634 2744
1634 2940
1634 3114
1634 3136
1634 3344
1634 3594
1634 3602
1634 3974
1634 4018
1634 4083
1634 4732
1634 4968
1635 2020
1635 2119
1635 2249
1635 2420
1635 2497
1635 2513
1635 2583
1635 2878
1635 3086
1635 3499
1635 3509
1635 3670
1635 4150
1635 4544
1635 4681
1636 1686
1636 1757
1636 1866
1636 1888
1636 2064
1636 2270
1636 2273
1636 2463
1636 3132
1636 3142
1636 3462
1636 3501
1636 3897
1636 4140
1636 4389
1636 4449
1636 4580
1636 4618
1636 4870
1636 4987
1637 2361
1637 2471
1637 2583
1637 2644
1637 2650
1637 3207
1637 3421
1637 3519
1637 3559
1637 3623
1637 3889
1637 4227
1637 4231
1637 4360
1637 4421
1637 4538
1637 4638
1637 4857
1638 1719
1638 1877
1638 2482
1638 2487
1638 2514
1638 2555
1638 2688
1638 2702
1638 2991
1638 3050
1638 3309
1638 3447
1638 3544
1638 3727
1638 3933
1638 4035
1638 4061
1638 4635
1638 4652
1638 4664
1638 4894
1639 1704
1639 2104
1639 2212
1639 2257
1639 2426
1639 2510
1639 2603
1639 2691
1639 2760
1639 2782
1639 3620
1639 3772
1639 4244
1639 4780
1639 4881
1640 1648
1640 1674
1640 2147
1640 2184
1640 2358
1640 2478
1640 2634
1640 2757
1640 2862
1640 2871
1640 3220
1640 3260
1640 3596
1640 3734
1640 3970
1640 4062
1640 4070
1640 4565
1640 4582
1640 4713
1640 4901
1641 1687
1641 1843
1641 2416
1641 2637
1641 2918
1641 3106
1641 3200
1641 3489
1641 3619
1641 3632
1641 3786
1641 4049
1641 4053
1641 4145
1641 4163
1641 4601
1642 1900
1642 2031
1642 2044
1642 2155
1642 2241
1642 2243
1642 2424
1642 2515
1642 2642
1642 2826
1642 2893
1642 3015
1642 3354
1642 3586
1642 4113
1642 4391
1642 4665
1642 4774
1642 4836
1642 4931
1643 1665
1643 1666
1643 2119
1643 2142
1643 2158
1643 2534
1643 2559
1643 2973
1643 3670
1643 3673
1643 3974
1643 4010
1643 4355
1643 4709
1643 4714
1643 4751
1643 4867
1644 1696
1644 1709
1644 1845
1644 2203
1644 2343
1644 2386
1644 2461
1644 2596
1644 2605
1644 2609
1644 2761
1644 2896
1644 3022
1644 3076
1644 3099
1644 3443
1644 3449
1644 3677
1644 3726
1644 3825
1644 4502
1644 4569
1644 4581
1645 1690
1645 1757
1645 1790
1645 2154
1645 2283
1645 2305
1645 2437
1645 2481
1645 2713
1645 2743
1645 2945
1645 3029
1645 3264
1645 3457
1645 3543
1645 3788
1645 3798
1645 3870
1645 3876
1645 3917
1645 3967
1645 4873
1645 4891
1645 4935
1646 1744
1646 1753
1646 1939
1646 1989
1646 2022
1646 2197
1646 2447
1646 2687
1646 2733
1646 2740
1646 3023
1646 3297
1646 3495
1646 3550
1646 3556
1646 3659
1646 3755
1646 3821
1646 3936
1646 3962
1646 4121
1646 4203
1646 4373
1646 4415
1646 4429
1647 1786
1647 2296
1647 2359
1647 2543
1647 2605
1647 2934
1647 3046
1647 3327
1647 3336
1647 3999
1647 4006
1647 4066
1647 4146
1647 4326
1647 4414
1647 4434
1647 4585
1647 4591
1647 4737
1648 1661
1648 2272
1648 2392
1648 2578
1648 3388
1648 3562
1648 3659
1648 3784
1648 3909
1648 4062
1648 4176
1648 4187
1648 4316
1648 4541
1648 4628
1649 1847
1649 2086
1649 2283
1649 2664
1649 2690
1649 2747
1649 2936
1649 3718
1649 3841
1649 3895
1649 3909
1649 4040
1649 4198
1649 4213
1649 4610
1649 4699
1649 4881
1649 4958
1650 1694
1650 1761
1650 1935
1650 2172
1650 2283
1650 2410
1650 2788
1650 2868
1650 2961
1650 3647
1650 3857
1650 4011
1650 4112
1650 4154
1650 4459
1650 4514
1650 4565
1650 4646
1650 4954
1651 1653
1651 2071
1651 2243
1651 2268
1651 2347
1651 2399
1651 2413
1651 2428
1651 2456
1651 2884
1651 2947
1651 2992
1651 3293
1651 3348
1651 3975
1651 4234
1651 4263
1651 4713
1652 1790
1652 1832
1652 1843
1652 2071
1652 2276
1652 2395
1652 2448
1652 2501
1652 2579
1652 2658
1652 2674
1652 2939
1652 3240
1652 3417
1652 3467
1652 3538
1652 3559
1652 3703
1652 3706
1652 3789
1652 3927
1652 4113
1652 4242
1652 4347
1652 4353
1652 4533
1652 4650
1652 4747
1652 4780
1652 4975
1653 1892
1653 2054
1653 2130
1653 2152
1653 2189
1653 2249
1653 2282
1653 2407
1653 2754
1653 3068
1653 3418
1653 3537
1653 3569
1653 3967
1653 4000
1653 4251
1653 4416
1653 4752
1653 4914
1653 4945
1653 4987
1654 1740
1654 1966
1654 2044
1654 2139
1654 2560
1654 2631
1654 2755
1654 2984
1654 3325
1654 3659
1654 3820
1654 3859
1654 3944
1654 4117
1654 4126
1654 4220
1654 4269
1654 4393
1654 4536
1654 4622
1654 4700
1654 4756
1654 4842
1655 1839
1655 1883
1655 1949
1655 2023
1655 2104
1655 2116
1655 2200
1655 2236
1655 2448
1655 2547
1655 2792
1655 2951
1655 3228
1655 3295
1655 3610
1655 3663
1655 3894
1655 3955
1655 4483
1655 4596
1655 4863
1655 4900
1656 1792
1656 1832
1656 1988
1656 2295
1656 3108
1656 3197
1656 3442
1656 3459
1656 3615
1656 3966
1656 4151
1656 4271
1656 4400
1656 4456
1656 4917
1656 4931
1656 4979
1657 1851
1657 1952
1657 2126
1657 2639
1657 2686
1657 2786
1657 2803
1657 2918
1657 3223
1657 3300
1657 3314
1657 3644
1657 3649
1657 3787
1657 3793
1657 3877
1657 4038
1657 4261
1657 4280
1657 4389
1657 4884
1657 4949
1657 4976
1658 2214
1658 2509
1658 2549
1658 2628
1658 2822
1658 2913
1658 2960
1658 3130
1658 3306
1658 3404
1658 4151
1658 4268
1658 4588
1658 4662
1658 4668
1658 4695
1658 4956
1658 4971
1659 1844
1659 2146
1659 2247
1659 2262
1659 2409
1659 2500
1659 2853
1659 3129
1659 3210
1659 3530
1659 3640
1659 3851
1659 4198
1659 4221
1659 4249
1659 4291
1659 4498
1659 4577
1659 4717
1659 4847
1659 4959
1660 1667
1660 2203
1660 2308
1660 2327
1660 2465
1660 2765
1660 3772
1660 4008
1660 4166
1660 4304
1660 4327
1660 4435
1660 4481
1660 4647
1661 1696
1661 1846
1661 2121
1661 2195
1661 2282
1661 2844
1661 3131
1661 3363
1661 3375
1661 3583
1661 3622
1661 3653
1661 3734
1661 3827
1661 3880
1661 4374
1661 4392
1661 4428
1661 4708
1661 4726
1661 4738
1661 4765
1661 4851
1661 4888
1661 4903
1661 4996
1662 1862
1662 1965
1662 2044
1662 2431
1662 2488
1662 2540
1662 2652
1662 3294
1662 3378
1662 3513
1662 3831
1662 3838
1662 3865
1662 4110
1662 4991
1663 1677
1663 1689
1663 1699
1663 1815
1663 1991
1663 2098
1663 2231
1663 2279
1663 2498
1663 2739
1663 3082
1663 3260
1663 3399
1663 3400
1663 3508
1663 3641
1663 3731
1663 3771
1663 3877
1663 4560
1663 4882
1663 4910
1663 4914
1663 4941
1663 4979
1664 1841
1664 1961
1664 1979
1664 2217
1664 2405
1664 2436
1664 2482
1664 2669
1664 2716
1664 2853
1664 2884
1664 2903
1664 3190
1664 3307
1664 3604
1664 3656
1664 3728
1664 4106
1664 4252
1664 4525
1664 4581
1664 4617
1665 2012
1665 2528
1665 3013
1665 3079
1665 3846
1665 3905
1665 3953
1665 4303
1665 4410
1665 4572
1665 4664
1665 4789
1666 1686
1666 1744
1666 1823
1666 1850
1666 2163
1666 2497
1666 2829
1666 2975
1666 3071
1666 3544
1666 4038
1666 4210
1666 4328
1666 4360
1666 4604
1666 4708
1667 1710
1667 1875
1667 2009
1667 2341
1667 2501
1667 2526
1667 2803
1667 2969
1667 3147
1667 3301
1667 3950
1667 3957
1667 3958
1667 4028
1667 4112
1667 4235
1667 4240
1667 4376
1667 4541
1667 4569
1667 4684
1668 1731
1668 1874
1668 1917
1668 2328
1668 2511
1668 2724
1668 2881
1668 2992
1668 2995
1668 3116
1668 3542
1668 3680
1668 3705
1668 3804
1668 4027
1668 4096
1668 4459
1668 4483
1668 4491
1668 4551
1668 4736
1668 4953
1669 1695
1669 2018
1669 2098
1669 2242
1669 2681
1669 2817
1669 2880
1669 2908
1669 3110
1669 3146
1669 3261
1669 3354
1669 3397
1669 3558
1669 3742
1669 3758
1669 4357
1669 4494
1669 4697
1669 4739
1669 4949
1669 4967
1670 1812
1670 1872
1670 1880
1670 2006
1670 2158
1670 2190
1670 2252
1670 2679
1670 2904
1670 2938
1670 3296
1670 3481
1670 3584
1670 3601
1670 3689
1670 3868
1670 4341
1670 4366
1670 4407
1670 4411
1670 4551
1670 4557
1670 4567
1671 1874
1671 1876
1671 1960
1671 1995
1671 2018
1671 2142
1671 2190
1671 2380
1671 2635
1671 2931
1671 3304
1671 3564
1671 3657
1671 3790
1671 3791
1671 4090
1671 4635
1671 4753
1671 4794
1672 2340
1672 2375
1672 2395
1672 2565
1672 3238
1672 3489
1672 3868
1672 3954
1672 4121
1672 4151
1672 4220
1672 4384
1672 4482
1672 4487
1672 4574
1673 1862
1673 1959
1673 2120
1673 2269
1673 2416
1673 2417
1673 2461
1673 2547
1673 2612
1673 2645
1673 2693
1673 2751
1673 2760
1673 3329
1673 3360
1673 3491
1673 3740
1673 3789
1673 4056
1673 4214
1673 4290
1673 4356
1673 4370
1673 4396
1673 4399
1673 4438
1673 4505
1673 4608
1673 4615
1674 1691
1674 1744
1674 1815
1674 2063
1674 2382
1674 2541
1674 2557
1674 2685
1674 2778
1674 2783
1674 2839
1674 3169
1674 3226
1674 3260
1674 3359
1674 3367
1674 3461
1674 3529
1674 3665
1674 3946
1674 4067
1674 4072
1674 4345
1674 4551
1674 4889
1675 1904
1675 2025
1675 2273
1675 2593
1675 2734
1675 2832
1675 2949
1675 2992
1675 3037
1675 3045
1675 3201
1675 3258
1675 3446
1675 3591
1675 3675
1675 4102
1675 4161
1675 4435
1675 4684
1675 4731
1675 4985
1676 1842
1676 1859
1676 1868
1676 1980
1676 2182
1676 2574
1676 2658
1676 3344
1676 3541
1676 3674
1676 4131
1676 4261
1676 4430
1676 4927
1676 4993
1677 1739
1677 1782
1677 2311
1677 2510
1677 2525
1677 2651
1677 2903
1677 3024
1677 3101
1677 3127
1677 3169
1677 3256
1677 3558
1677 3835
1677 3852
1677 4003
1677 4455
1677 4504
1677 4589
1677 4635
1677 4744
1677 4761
1678 1718
1678 2746
1678 2847
1678 3029
1678 3162
1678 3239
1678 3362
1678 3443
1678 3466
1678 3556
1678 3626
1678 3856
1678 3925
1678 4259
1678 4320
1678 4632
1678 4773
1678 4794
1678 4927
1679 1801
1679 1871
1679 1875
1679 2081
1679 2114
1679 2429
1679 2450
1679 2504
1679 2697
1679 2733
1679 3300
1679 3482
1679 3505
1679 4096
1679 4444
1679 4623
1679 4797
1679 4871
1679 4916
1679 4993
1680 1806
1680 1996
1680 2028
1680 2233
1680 2261
1680 2346
1680 2396
1680 2500
1680 2836
1680 2837
1680 2977
1680 3587
1680 4265
1680 4372
1680 4417
1680 4505
1680 4860
1680 4952
1681 1734
1681 1837
1681 1867
1681 1958
1681 2000
1681 2034
1681 2102
1681 2383
1681 2403
1681 2856
1681 3509
1681 3655
1681 3698
1681 3708
1681 3857
1681 3958
1681 4023
1681 4247
1681 4382
1681 4384
1681 4431
1681 4484
1681 4953
1682 1733
1682 1841
1682 1854
1682 2095
1682 2356
1682 2470
1682 2518
1682 2717
1682 2884
1682 3364
1682 3379
1682 3554
1682 3591
1682 4059
1682 4296
1682 4425
1682 4846
1683 1793
1683 1799
1683 1874
1683 1969
1683 2444
1683 2860
1683 2873
1683 2987
1683 3116
1683 3140
1683 3207
1683 3434
1683 3468
1683 3478
1683 4511
1683 4632
1683 4694
1683 4715
1683 4923
1684 2457
1684 2698
1684 2700
1684 2711
1684 2828
1684 2973
1684 3006
1684 3069
1684 3135
1684 3504
1684 3639
1684 3896
1684 3936
1684 4173
1684 4226
1684 4453
1684 4549
1684 4892
1685 1800
1685 1859
1685 1929
1685 1999
1685 2026
1685 2487
1685 2681
1685 2960
1685 3081
1685 3175
1685 3407
1685 3849
1685 3973
1685 4273
1685 4538
1685 4571
1685 4668
1685 4790
1686 1736
1686 2044
1686 2075
1686 2518
1686 2796
1686 2819
1686 2867
1686 3503
1686 3629
1686 3845
1686 4646
1686 4813
1686 4877
1687 1823
1687 1883
1687 2124
1687 2837
1687 3178
1687 3268
1687 3353
1687 3405
1687 3480
1687 3493
1687 3685
1687 4136
1687 4147
1687 4225
1687 4245
1687 4330
1687 4822
1687 4932
1687 4948
1688 1727
1688 1781
1688 1800
1688 1894
1688 1900
1688 2268
1688 2507
1688 2708
1688 2712
1688 2875
1688 2969
1688 3088
1688 4011
1688 4165
1688 4369
1688 4689
1688 4802
1688 4847
1689 1737
1689 1871
1689 1919
1689 2132
1689 2547
1689 2745
1689 2821
1689 2875
1689 2878
1689 2942
1689 3174
1689 3239
1689 3386
1689 3647
1689 3691
1689 4233
1689 4238
1689 4461
1689 4660
1689 4669
1689 4691
1689 4723
1690 1798
1690 2012
1690 2656
1690 2906
1690 3021
1690 3203
1690 3272
1690 3351
1690 3638
1690 4110
1690 4628
1690 4692
1690 4853
1690 4976
1691 1709
1691 1942
1691 1949
1691 2067
1691 2353
1691 2418
1691 2509
1691 2877
1691 2897
1691 2919
1691 3195
1691 3268
1691 3278
1691 3343
1691 3347
1691 3430
1691 3602
1691 3854
1691 3866
1691 4781
1691 4853
1692 2618
1692 2642
1692 2696
1692 2817
1692 2916
1692 3026
1692 3102
1692 3306
1692 3545
1692 3732
1692 4011
1692 4105
1692 4179
1692 4242
1692 4495
1692 4898
1692 4902
1692 4978
1693 1697
1693 1732
1693 1756
1693 1758
1693 1912
1693 1980
1693 2388
1693 2458
1693 2461
1693 2608
1693 2838
1693 2891
1693 2909
1693 3023
1693 3085
1693 3162
1693 3708
1693 3925
1693 4224
1693 4302
1693 4423
1694 1813
1694 1987
1694 2075
1694 2150
1694 2198
1694 2337
1694 2580
1694 2844
1694 2916
1694 2971
1694 3014
1694 3858
1694 3884
1694 4087
1694 4130
1694 4704
1694 4859
1695 1943
1695 1973
1695 2102
1695 2430
1695 2646
1695 2777
1695 2807
1695 2895
1695 2934
1695 2959
1695 2977
1695 3190
1695 3218
1695 3407
1695 3736
1695 3741
1695 3769
1695 4330
1695 4337
1695 4419
1695 4481
1695 4585
1695 4592
1695 4647
1695 4695
1695 4733
1696 1815
1696 1957
1696 1978
1696 2182
1696 2216
1696 2442
1696 2726
1696 3102
1696 3334
1696 3664
1696 3738
1696 3878
1696 3917
1696 3931
1696 4194
1696 4336
1696 4884
1697 1973
1697 2017
1697 2174
1697 2434
1697 2602
1697 2805
1697 2811
1697 2865
1697 3154
1697 3202
1697 3318
1697 3342
1697 3532
1697 3694
1697 3746
1697 4035
1697 4321
1697 4403
1697 4405
1697 4695
1697 4702
1697 4757
1697 4790
1698 1881
1698 1883
1698 1941
1698 2151
1698 2693
1698 2877
1698 3172
1698 3673
1698 3719
1698 3742
1698 3935
1698 4011
1698 4208
1698 4252
1698 4286
1698 4455
1698 4486
1698 4681
1698 4838
1699 1802
1699 1868
1699 2217
1699 2262
1699 2325
1699 2666
1699 2764
1699 2918
1699 3379
1699 3499
1699 3673
1699 3692
1699 3936
1699 4050
1699 4151
1699 4510
1699 4838
1699 4867
1699 4939
1699 4993
1699 4994
1700 1875
1700 2145
1700 2156
1700 2299
1700 2544
1700 2842
1700 3086
1700 3160
1700 3761
1700 3793
1700 4127
1700 4237
1700 4496
1700 4521
1700 4593
1700 4669
1700 4672
1700 4714
1700 4745
1700 4901
1701 1873
1701 2552
1701 2617
1701 3136
1701 3296
1701 3345
1701 3374
1701 3392
1701 3713
1701 4048
1701 4084
1701 4268
1701 4455
1701 4592
1701 4838
1701 4841
1701 4886
1701 4925
1702 1789
1702 1825
1702 1948
1702 2322
1702 2556
1702 2610
1702 2687
1702 3035
1702 3135
1702 3331
1702 3627
1702 3676
1702 4134
1702 4144
1702 4650
1703 1820
1703 1870
1703 2057
1703 2235
1703 2395
1703 2467
1703 2529
1703 2722
1703 2932
1703 3019
1703 3035
1703 3642
1703 3650
1703 3843
1703 4286
1703 4341
1703 4406
1703 4543
1703 4581
1703 4877
1703 4933
1704 1747
1704 1819
1704 1974
1704 2076
1704 2690
1704 2710
1704 2724
1704 2827
1704 3865
1704 3895
1704 4068
1704 4381
1704 4404
1704 4419
1704 4538
1704 4560
1704 4633
1704 4659
1704 4871
1704 4902
1705 1709
1705 1986
1705 2892
1705 3057
1705 3284
1705 3909
1705 4032
1705 4064
1705 4171
1705 4321
1705 4547
1705 4816
1705 4845
1705 4846
1706 1828
1706 1988
1706 2035
1706 2471
1706 2669
1706 2801
1706 2945
1706 2957
1706 3114
1706 3241
1706 3316
1706 3408
1706 3544
1706 3680
1706 3695
1706 3764
1706 3776
1706 3880
1706 4290
1706 4621
1706 4717
1706 4850
1706 4860
1706 4871
1706 4908
1706 4954
1706 4961
1707 1862
1707 1891
1707 1997
1707 2280
1707 2381
1707 2423
1707 2740
1707 3017
1707 3069
1707 3072
1707 3397
1707 3720
1707 3861
1707 3967
1707 4054
1707 4072
1707 4083
1707 4137
1707 4242
1707 4375
1707 4409
1707 4418
1707 4614
1707 4914
1708 1759
1708 1817
1708 1856
1708 1915
1708 2019
1708 2059
1708 2170
1708 2312
1708 2381
1708 2382
1708 2410
1708 2613
1708 2710
1708 2857
1708 3031
1708 3110
1708 3187
1708 3449
1708 4317
1708 4464
1708 4507
1708 4979
1709 1980
1709 1987
1709 2005
1709 2020
1709 2080
1709 2315
1709 2769
1709 3238
1709 3521
1709 3803
1709 3823
1709 3840
1709 3985
1709 4057
1709 4289
1709 4508
1709 4514
1709 4713
1709 4786
1709 4790
1710 2161
1710 2326
1710 2345
1710 2677
1710 2759
1710 2790
1710 2848
1710 2867
1710 3028
1710 3252
1710 3796
1710 3911
1710 4059
1710 4334
1710 4578
1710 4647
1710 4761
1710 4913
1711 1748
1711 2137
1711 2264
1711 2714
1711 2862
1711 3204
1711 3413
1711 3416
1711 3650
1711 4064
1711 4157
1711 4188
1711 4199
1711 4292
1711 4482
1711 4674
1711 4712
1711 4875
1711 4945
1712 1781
1712 1794
1712 1952
1712 2479
1712 2814
1712 3014
1712 3055
1712 3598
1712 3643
1712 3771
1712 3797
1712 3928
1712 4041
1712 4195
1712 4229
1712 4307
1712 4365
1712 4432
1712 4641
1712 4909
1713 1879
1713 1909
1713 1988
1713 2190
1713 2232
1713 2344
1713 2468
1713 2645
1713 2793
1713 2821
1713 2976
1713 3272
1713 3407
1713 3778
1713 3855
1713 4092
1713 4104
1713 4193
1713 4397
1713 4405
1713 4542
1713 4579
1713 4764
1713 4846
1714 1768
1714 2054
1714 2235
1714 2423
1714 2616
1714 2617
1714 3006
1714 3108
1714 3373
1714 3472
1714 3569
1714 3696
1714 4009
1714 4420
1714 4423
1714 4633
1715 1816
1715 1935
1715 2094
1715 2116
1715 2612
1715 2886
1715 2951
1715 3316
1715 3634
1715 3948
1715 4005
1715 4106
1715 4373
1715 4684
1715 4766
1715 4872
1715 4882
1716 2670
1716 2679
1716 2762
1716 3058
1716 3099
1716 3130
1716 3165
1716 3331
1716 3374
1716 3394
1716 3577
1716 3594
1716 3687
1716 4395
1716 4409
1716 4428
1716 4701
1716 4744
1716 4837
1716 4951
1717 1847
1717 1934
1717 2174
1717 2356
1717 2511
1717 2995
1717 3010
1717 3160
1717 3200
1717 3319
1717 3655
1717 3928
1717 4080
1717 4179
1717 4253
1717 4300
1717 4473
1717 4603
1718 1744
1718 2790
1718 2846
1718 3108
1718 3172
1718 3316
1718 3558
1718 3661
1718 3698
1718 3760
1718 3822
1718 4142
1718 4148
1718 4388
1718 4396
1718 4424
1718 4492
1718 4582
1718 4618
1718 4725
1718 4860
1719 1846
1719 1853
1719 1879
1719 2026
1719 2032
1719 2508
1719 2539
1719 2732
1719 2746
1719 2768
1719 2824
1719 2931
1719 2990
1719 3243
1719 3354
1719 3374
1719 3939
1719 3941
1719 4125
1719 4474
1719 4561
1719 4677
1719 4889
1720 2139
1720 2316
1720 2387
1720 2564
1720 2755
1720 2822
1720 2992
1720 3163
1720 3192
1720 3788
1720 3801
1720 4042
1720 4064
1720 4229
1720 4519
1721 1793
1721 1860
1721 2059
1721 2147
1721 2249
1721 2323
1721 2345
1721 2433
1721 2581
1721 2891
1721 2972
1721 3396
1721 3600
1721 3743
1721 3763
1721 4017
1721 4151
1721 4409
1721 4439
1721 4604
1721 4646
1721 4981
1721 4990
1722 1787
1722 2020
1722 2433
1722 2483
1722 2597
1722 2640
1722 2674
1722 2811
1722 2834
1722 2913
1722 3206
1722 3251
1722 3336
1722 3484
1722 3833
1722 3942
1722 3981
1722 4167
1722 4318
1722 4370
1722 4499
1722 4596
1722 4752
1723 1736
1723 1915
1723 2084
1723 2122
1723 2346
1723 2535
1723 2731
1723 2768
1723 2927
1723 2929
1723 3062
1723 3176
1723 3246
1723 3759
1723 3798
1723 3836
1723 3940
1723 4145
1723 4253
1723 4276
1723 4316
1723 4735
1723 4923
1724 1966
1724 2024
1724 2445
1724 2746
1724 2792
1724 3262
1724 3270
1724 3410
1724 3642
1724 3693
1724 3752
1724 3849
1724 4088
1724 4173
1724 4231
1724 4320
1724 4469
1724 4479
1724 4691
1724 4697
1724 4866
1724 4888
1724 4962
1725 1866
1725 2125
1725 2487
1725 2489
1725 2723
1725 3121
1725 3188
1725 3630
1725 3685
1725 3712
1725 4041
1725 4632
1725 4845
1725 4893
1726 1764
1726 2162
1726 2418
1726 2423
1726 2498
1726 2611
1726 2795
1726 2872
1726 2928
1726 3004
1726 3042
1726 3310
1726 3444
1726 3483
1726 3524
1726 3809
1726 3886
1726 3937
1726 4000
1726 4056
1726 4403
1726 4471
1726 4762
1726 4913
1726 4918
1727 1829
1727 2016
1727 2119
1727 2675
1727 2711
1727 2776
1727 3273
1727 3327
1727 3367
1727 3405
1727 3779
1727 4167
1727 4269
1727 4298
1727 4439
1727 4860
1727 4959
1728 1879
1728 1892
1728 1959
1728 1982
1728 2021
1728 2369
1728 2885
1728 2912
1728 3143
1728 3953
1728 4029
1728 4287
1728 4410
1728 4584
1728 4752
1728 4928
1729 1739
1729 1931
1729 1958
1729 2085
1729 2157
1729 2367
1729 2452
1729 3004
1729 3143
1729 3156
1729 3354
1729 3414
1729 3992
1729 4000
1729 4102
1729 4299
1729 4361
1729 4558
1730 1770
1730 1771
1730 1894
1730 1976
1730 1985
1730 2300
1730 2388
1730 2750
1730 2820
1730 2860
1730 3055
1730 3189
1730 3190
1730 3202
1730 3650
1730 3667
1730 3716
1730 3887
1730 3964
1730 4025
1730 4067
1730 4213
1731 1976
1731 2013
1731 2044
1731 2147
1731 2379
1731 2978
1731 3145
1731 3200
1731 3204
1731 3266
1731 3320
1731 3780
1731 3809
1731 3918
1731 3967
1731 4601
1731 4733
1731 4744
1731 4933
1731 4935
1732 2329
1732 2371
1732 2845
1732 2940
1732 2946
1732 3062
1732 3147
1732 3158
1732 3551
1732 3575
1732 4087
1732 4211
1732 4281
1732 4488
1733 1763
1733 1926
1733 1947
1733 2132
1733 2139
1733 2252
1733 2322
1733 2645
1733 2776
1733 3048
1733 3315
1733 3364
1733 3432
1733 3434
1733 3567
1733 3698
1733 3859
1733 4177
1733 4216
1733 4761
1733 4997
1734 2244
1734 2294
1734 2326
1734 2368
1734 2641
1734 3255
1734 3486
1734 3506
1734 3750
1734 4067
1734 4090
1734 4227
1734 4303
1734 4431
1734 4542
1734 4745
1734 4788
1735 1740
1735 1764
1735 1832
1735 1935
1735 1941
1735 2023
1735 2058
1735 2212
1735 2301
1735 2467
1735 2625
1735 2726
1735 2874
1735 3044
1735 3513
1735 3666
1735 3776
1735 4480
1735 4520
1736 1910
1736 2158
1736 2353
1736 2640
1736 2653
1736 2866
1736 2976
1736 3059
1736 3094
1736 3477
1736 3583
1736 3905
1736 3971
1736 4049
1736 4140
1736 4399
1736 4962
1737 1856
1737 2074
1737 2218
1737 2475
1737 2633
1737 3244
1737 3472
1737 3979
1737 4050
1737 4245
1737 4305
1737 4386
1737 4397
1737 4521
1737 4559
1737 4937
1738 1854
1738 2175
1738 2251
1738 2333
1738 2378
1738 2440
1738 2664
1738 2720
1738 2948
1738 3001
1738 3132
1738 3148
1738 3298
1738 3426
1738 3554
1738 3561
1738 3647
1738 3800
1738 3879
1738 4165
1738 4167
1738 4407
1738 4540
1738 4555
1739 1788
1739 1813
1739 1909
1739 1943
1739 2183
1739 2504
1739 3535
1739 3810
1739 3923
1739 4087
1739 4187
1739 4801
1739 4846
1739 4995
1740 1824
1740 1876
1740 1917
1740 2232
1740 2441
1740 2666
1740 2737
1740 2837
1740 2950
1740 3119
1740 3387
1740 3402
1740 3426
1740 3551
1740 3902
1740 4711
1740 4794
1741 1838
1741 1946
1741 1953
1741 2044
1741 2071
1741 2913
1741 3287
1741 3323
1741 3389
1741 3497
1741 3637
1741 3822
1741 3879
1741 4049
1741 4246
1741 4247
1741 4253
1741 4296
1741 4633
1741 4764
1742 1842
1742 1882
1742 1937
1742 2477
1742 2547
1742 2898
1742 2945
1742 2981
1742 3106
1742 3297
1742 3360
1742 3612
1742 3706
1742 4122
1742 4175
1742 4295
1742 4422
1742 4933
1743 1871
1743 1888
1743 2034
1743 2099
1743 2117
1743 2455
1743 2510
1743 2655
1743 2738
1743 2984
1743 3053
1743 3290
1743 3527
1743 3538
1743 3718
1743 3813
1743 4012
1743 4116
1743 4363
1743 4539
1743 4947
1744 1891
1744 2035
1744 2139
1744 2202
1744 2222
1744 2276
1744 2503
1744 2527
1744 2552
1744 2708
1744 2995
1744 3142
1744 3320
1744 3433
1744 3662
1744 4053
1744 4068
1744 4725
1745 1829
1745 1888
1745 1935
1745 2011
1745 2027
1745 2218
1745 2269
1745 2288
1745 2366
1745 2656
1745 2984
1745 2988
1745 3147
1745 3167
1745 3210
1745 3340
1745 3571
1745 3905
1745 3945
1745 4353
1745 4414
1745 4633
1745 4677
1745 4704
1745 4708
1745 4855
1745 4875
1746 1767
1746 1951
1746 2356
1746 2787
1746 2896
1746 2993
1746 3172
1746 3492
1746 3685
1746 4227
1746 4352
1746 4492
1746 4759
1747 1778
1747 1895
1747 2014
1747 2030
1747 2460
1747 2493
1747 2549
1747 3074
1747 3311
1747 3398
1747 3544
1747 3582
1747 3645
1747 3689
1747 3694
1747 3717
1747 3761
1747 3877
1747 3968
1747 4030
1747 4039
1747 4369
1747 4689
1747 4804
1747 4867
1748 1768
1748 2054
1748 2089
1748 2335
1748 2531
1748 2727
1748 3153
1748 3391
1748 3475
1748 3585
1748 3600
1748 3626
1748 3938
1748 3965
1748 4096
1748 4451
1748 4630
1749 1866
1749 1949
1749 2073
1749 2359
1749 2883
1749 2928
1749 3154
1749 3426
1749 3620
1749 3857
1749 4228
1749 4450
1749 4599
1749 4725
1749 4757
1749 4872
1749 4943
1750 1751
1750 1940
1750 2017
1750 2073
1750 2078
1750 2122
1750 2292
1750 2337
1750 2416
1750 2576
1750 2667
1750 2808
1750 2839
1750 2881
1750 3222
1750 3248
1750 3386
1750 3887
1750 4135
1750 4386
1750 4628
1750 4907
1751 1802
1751 2050
1751 2199
1751 2381
1751 2569
1751 2848
1751 3247
1751 3421
1751 3471
1751 3579
1751 3837
1751 4016
1751 4096
1751 4307
1751 4321
1751 4352
1751 4818
1752 1755
1752 1795
1752 1832
1752 2086
1752 2134
1752 2176
1752 2376
1752 2685
1752 2755
1752 2952
1752 3068
1752 3149
1752 3197
1752 3378
1752 3701
1752 4401
1753 1887
1753 2028
1753 2138
1753 2307
1753 2441
1753 2759
1753 2940
1753 2966
1753 3426
1753 3783
1753 4134
1753 4480
1753 4595
1753 4738
1753 4775
1753 4843
1754 1828
1754 2035
1754 2481
1754 2520
1754 2738
1754 2812
1754 2901
1754 2983
1754 3117
1754 3168
1754 3315
1754 3381
1754 3537
1754 3638
1754 4293
1754 4470
1754 4561
1755 1924
1755 1950
1755 2089
1755 2092
1755 2236
1755 2324
1755 2332
1755 2440
1755 2572
1755 2883
1755 2896
1755 3495
1755 3658
1755 3985
1755 4090
1755 4406
1755 4663
1755 4866
1755 4991
1756 1838
1756 2304
1756 2350
1756 2562
1756 2639
1756 3039
1756 3291
1756 3799
1756 4141
1756 4268
1756 4365
1756 4466
1756 4469
1756 4576
1756 4723
1756 4767
1756 4888
1756 4898
1756 4976
1757 2129
1757 2357
1757 2529
1757 2700
1757 2710
1757 2792
1757 3470
1757 3730
1757 3967
1757 4003
1757 4385
1757 4827
1757 4968
1758 1931
1758 2037
1758 2138
1758 2854
1758 3134
1758 3186
1758 3187
1758 3289
1758 3441
1758 3517
1758 3592
1758 3823
1758 3979
1758 3996
1758 4082
1758 4262
1758 4379
1758 4841
1759 2181
1759 2804
1759 2870
1759 2908
1759 3237
1759 3589
1759 4118
1759 4147
1759 4288
1759 4467
1759 4543
1759 4800
1759 4934
1760 1810
1760 1920
1760 1938
1760 2124
1760 2447
1760 2673
1760 2773
1760 2810
1760 2871
1760 3077
1760 3550
1760 3628
1760 3643
1760 3648
1760 3741
1760 3834
1760 3902
1760 4240
1760 4482
1760 4676
1761 1843
1761 1864
1761 1987
1761 2579
1761 3020
1761 3119
1761 3249
1761 3292
1761 3830
1761 3910
1761 3941
1761 4336
1761 4420
1761 4440
1761 4466
1761 4578
1761 4660
1761 4685
1761 4908
1762 2105
1762 2199
1762 2255
1762 2394
1762 2477
1762 2509
1762 2640
1762 2999
1762 3521
1762 3629
1762 3919
1762 4044
1762 4133
1762 4195
1762 4474
1762 4505
1762 4850
1762 4976
1763 1826
1763 1869
1763 1873
1763 2135
1763 2951
1763 3354
1763 3679
1763 3723
1763 3770
1763 3925
1763 3932
1763 3991
1763 4108
1763 4689
1763 4809
1763 4811
1763 4840
1764 1797
1764 1915
1764 2156
1764 2461
1764 2498
1764 2548
1764 2595
1764 2781
1764 2992
1764 3472
1764 3504
1764 3691
1764 3821
1764 3901
1764 3976
1764 3990
1764 4091
1764 4306
1764 4898
1764 4947
1765 1788
1765 1820
1765 2023
1765 2267
1765 2330
1765 2378
1765 2521
1765 2729
1765 2836
1765 2877
1765 3225
1765 3721
1765 3903
1765 3976
1765 4409
1766 1837
1766 2339
1766 2417
1766 2542
1766 2630
1766 2723
1766 2826
1766 2908
1766 3280
1766 3990
1766 3992
1766 3995
1766 3996
1766 4040
1766 4197
1766 4251
1766 4273
1766 4374
1766 4675
1766 4739
1766 4744
1766 4854
1766 4940
1767 1791
1767 1911
1767 2084
1767 2813
1767 2815
1767 2820
1767 2988
1767 3021
1767 3179
1767 3241
1767 3415
1767 3673
1767 3695
1767 3814
1767 3921
1767 4356
1767 4448
1767 4519
1767 4548
1767 4583
1767 4683
1767 4699
1767 4900
1767 4971
1768 2010
1768 2044
1768 2058
1768 2283
1768 2370
1768 2478
1768 2630
1768 2694
1768 3055
1768 3870
1768 4023
1768 4224
1768 4352
1768 4553
1768 4583
1768 4678
1768 4688
1768 4858
1769 1842
1769 1943
1769 2039
1769 2131
1769 2163
1769 2300
1769 2410
1769 2457
1769 3199
1769 3475
1769 3571
1769 3579
1769 3650
1769 3747
1769 3838
1769 3860
1769 3886
1769 3918
1769 3950
1769 4261
1769 4268
1769 4307
1769 4324
1769 4341
1769 4403
1769 4630
1769 4864
1770 1973
1770 2440
1770 2546
1770 2784
1770 2845
1770 3013
1770 3337
1770 3420
1770 3467
1770 3640
1770 3710
1770 4158
1770 4415
1770 4619
1770 4766
1770 4970
1770 4986
1771 1812
1771 2162
1771 2176
1771 2186
1771 2373
1771 2422
1771 2432
1771 2714
1771 3205
1771 3322
1771 3485
1771 3548
1771 3601
1771 4328
1771 4490
1771 4492
1771 4960
1772 2069
1772 2541
1772 2604
1772 2787
1772 2925
1772 2955
1772 3154
1772 3290
1772 3372
1772 3391
1772 3926
1772 4510
1772 4660
1772 4888
1772 4906
1773 1909
1773 2020
1773 2027
1773 2121
1773 2122
1773 2362
1773 2585
1773 2603
1773 2782
1773 2785
1773 2941
1773 3075
1773 3216
1773 3376
1773 3614
1773 3869
1773 3932
1773 4126
1773 4263
1773 4324
1773 4699
1773 4764
1773 4840
1773 4909
1773 4933
1774 1852
1774 1960
1774 2192
1774 2712
1774 2968
1774 2980
1774 3006
1774 3332
1774 3357
1774 3479
1774 3492
1774 3535
1774 3780
1774 3929
1774 3976
1774 4065
1774 4226
1774 4416
1775 2233
1775 2456
1775 2541
1775 2630
1775 2936
1775 2955
1775 3253
1775 3410
1775 3505
1775 3593
1775 3605
1775 3663
1775 3874
1775 4144
1775 4206
1775 4364
1775 4483
1775 4634
1775 4825
1776 1924
1776 2327
1776 2345
1776 2516
1776 2602
1776 2670
1776 2691
1776 2788
1776 3134
1776 3202
1776 3324
1776 3386
1776 3481
1776 3759
1776 4609
1776 4797
1776 4963
1777 1847
1777 1894
1777 1937
1777 2078
1777 2133
1777 2316
1777 2433
1777 2635
1777 2827
1777 3314
1777 3321
1777 3524
1777 3945
1777 4211
1777 4568
1777 4579
1777 4759
1777 4978
1778 1872
1778 2032
1778 2289
1778 2432
1778 2479
1778 2998
1778 3112
1778 3262
1778 3447
1778 3572
1778 3722
1778 4155
1778 4480
1778 4484
1778 4514
1778 4616
1778 4676
1778 4979
1779 2302
1779 2556
1779 3178
1779 3228
1779 3244
1779 3420
1779 3487
1779 3507
1779 3604
1779 3917
1779 3918
1779 4123
1779 4297
1779 4403
1779 4423
1779 4803
1780 1892
1780 1928
1780 2230
1780 2331
1780 2848
1780 2861
1780 2921
1780 3102
1780 3243
1780 3256
1780 3627
1780 3732
1780 3825
1780 3944
1780 4341
1780 4586
1780 4587
1780 4624
1780 4626
1780 4948
1781 1789
1781 1825
1781 1854
1781 1870
1781 1965
1781 1975
1781 2151
1781 2783
1781 3069
1781 3236
1781 3246
1781 3517
1781 3546
1781 3756
1781 4109
1781 4286
1781 4463
1781 4558
1781 4768
1781 4794
1782 1865
1782 1991
1782 2023
1782 2050
1782 2097
1782 2275
1782 2405
1782 2449
1782 2544
1782 2946
1782 2959
1782 3212
1782 3314
1782 3395
1782 3619
1782 3683
1782 4145
1782 4173
1782 4184
1782 4274
1782 4404
1782 4455
1782 4490
1782 4514
1782 4726
1783 1887
1783 1999
1783 2071
1783 2130
1783 2157
1783 2554
1783 2708
1783 3199
1783 3290
1783 3306
1783 3319
1783 3439
1783 3656
1783 3762
1783 3845
1783 3849
1783 3950
1783 4180
1783 4312
1783 4398
1783 4492
1783 4714
1783 4971
1784 2024
1784 2554
1784 2588
1784 3020
1784 3073
1784 3299
1784 3495
1784 3496
1784 3562
1784 3754
1784 3775
1784 3844
1784 3886
1784 4111
1784 4540
1784 4657
1784 4958
1785 1812
1785 1854
1785 2299
1785 2301
1785 2339
1785 2502
1785 2660
1785 2671
1785 3148
1785 3233
1785 3305
1785 3460
1785 3580
1785 3679
1785 3832
1785 3858
1785 4003
1785 4029
1785 4128
1785 4256
1785 4508
1785 4821
1785 4969
1785 4977
1785 4991
1786 1820
1786 1943
1786 1995
1786 2291
1786 2301
1786 2437
1786 3174
1786 3628
1786 3753
1786 3765
1786 4003
1786 4346
1786 4353
1786 4418
1786 4471
1786 4901
1787 2045
1787 2092
1787 2334
1787 2373
1787 2496
1787 2543
1787 2766
1787 2955
1787 3386
1787 3562
1787 3617
1787 3672
1787 3703
1787 4158
1787 4382
1787 4390
1787 4455
1787 4530
1787 4610
1788 1849
1788 1889
1788 2050
1788 2101
1788 2434
1788 2612
1788 2727
1788 2801
1788 2908
1788 2909
1788 2998
1788 3102
1788 3286
1788 3289
1788 3642
1788 3884
1788 4246
1788 4379
1788 4647
1789 2078
1789 2083
1789 2237
1789 2402
1789 2504
1789 2519
1789 2582
1789 2767
1789 3076
1789 3169
1789 3428
1789 3466
1789 3572
1789 4143
1789 4533
1790 1927
1790 2200
1790 2561
1790 2858
1790 2899
1790 3005
1790 3116
1790 3184
1790 3294
1790 3346
1790 3387
1790 3458
1790 3707
1790 3900
1790 4000
1790 4261
1790 4406
1790 4890
1791 2219
1791 2316
1791 2523
1791 2786
1791 2910
1791 3092
1791 3567
1791 3699
1791 3778
1791 4116
1791 4282
1791 4452
1791 4522
1791 4559
1791 4654
1791 4788
1791 4792
1791 4820
1792 1808
1792 1919
1792 1964
1792 2228
1792 2483
1792 2625
1792 2716
1792 2915
1792 3006
1792 3419
1792 3526
1792 3543
1792 3796
1792 3844
1792 3952
1792 4083
1792 4264
1792 4344
1792 4459
1792 4484
1792 4650
1792 4740
1793 1938
1793 1949
1793 1965
1793 1997
1793 2043
1793 2248
1793 2382
1793 2663
1793 2681
1793 2918
1793 2944
1793 3063
1793 3606
1793 3617
1793 4035
1793 4065
1793 4080
1793 4149
1793 4396
1793 4474
1793 4603
1793 4785
1794 1910
1794 1949
1794 2238
1794 2379
1794 2505
1794 2641
1794 2916
1794 3180
1794 3283
1794 3516
1794 3996
1794 4061
1794 4112
1794 4130
1794 4150
1794 4334
1794 4738
1794 4824
1794 4868
1794 4960
1795 1810
1795 2021
1795 2111
1795 2841
1795 2908
1795 3167
1795 3304
1795 3353
1795 3494
1795 3573
1795 3645
1795 4963
1795 4990
1795 4999
1796 2039
1796 2054
1796 2162
1796 2175
1796 2411
1796 2907
1796 3075
1796 3286
1796 3480
1796 3681
1796 3718
1796 3902
1796 4346
1796 4389
1796 4405
1796 4427
1796 4429
1796 4759
1797 1958
1797 2064
1797 2131
1797 2207
1797 2281
1797 2465
1797 2665
1797 3190
1797 3304
1797 3417
1797 3602
1797 3683
1797 3971
1797 4107
1797 4178
1797 4192
1797 4206
1797 4747
1797 4987
1798 1859
1798 2254
1798 2295
1798 2370
1798 2382
1798 2433
1798 2584
1798 2619
1798 2657
1798 2811
1798 2994
1798 3010
1798 3334
1798 3459
1798 4017
1798 4083
1798 4223
1798 4255
1798 4397
1798 4632
1798 4717
1799 1853
1799 2063
1799 2220
1799 2542
1799 2623
1799 2755
1799 2800
1799 2996
1799 3052
1799 3123
1799 3318
1799 3588
1799 3800
1799 3845
1799 3919
1799 4092
1799 4126
1799 4355
1799 4368
1799 4393
1799 4621
1799 4656
1799 4757
1799 4950
1800 1902
1800 1916
1800 1928
1800 2049
1800 2170
1800 2206
1800 2301
1800 2318
1800 2780
1800 2877
1800 3610
1800 3660
1800 3754
1800 3803
1800 3936
1800 4189
1800 4262
1800 4280
1800 4374
1800 4391
1800 4425
1800 4489
1800 4554
1800 4661
1800 4937
1800 4943
1801 1982
1801 2378
1801 2407
1801 2432
1801 2693
1801 3047
1801 3092
1801 3141
1801 3465
1801 3580
1801 3617
1801 3793
1801 3836
1801 4085
1801 4147
1801 4199
1801 4356
1802 2000
1802 2159
1802 2616
1802 2775
1802 2987
1802 3523
1802 3524
1802 3982
1802 4202
1802 4214
1802 4673
1802 4784
1802 4878
1803 2141
1803 2175
1803 2419
1803 2440
1803 2608
1803 2773
1803 2796
1803 2876
1803 2910
1803 3132
1803 3186
1803 3929
1803 4392
1803 4858
1803 4890
1803 4901
1804 1843
1804 1945
1804 2030
1804 2061
1804 2170
1804 2199
1804 2287
1804 2462
1804 2531
1804 2849
1804 2997
1804 3095
1804 3165
1804 3166
1804 3288
1804 3724
1804 3859
1804 4370
1804 4414
1804 4980
1805 1837
1805 1849
1805 2041
1805 2209
1805 2279
1805 2991
1805 3092
1805 3106
1805 3264
1805 3268
1805 3303
1805 3595
1805 3682
1805 3802
1805 3807
1805 4202
1805 4256
1805 4414
1805 4868
1805 4878
1806 2148
1806 2340
1806 2415
1806 2441
1806 2749
1806 3135
1806 3252
1806 3557
1806 3677
1806 3806
1806 4051
1806 4093
1806 4104
1806 4366
1806 4453
1806 4464
1806 4736
1807 1817
1807 1853
1807 2186
1807 2347
1807 2353
1807 2693
1807 2852
1807 3270
1807 3605
1807 3746
1807 3826
1807 3885
1807 4027
1807 4096
1807 4143
1807 4173
1807 4394
1807 4582
1807 4741
1807 4743
1807 4772
1807 4812
1808 2416
1808 2678
1808 2789
1808 2794
1808 2826
1808 2848
1808 3179
1808 3279
1808 3337
1808 3393
1808 3495
1808 3576
1808 3582
1808 3596
1808 3772
1808 3804
1808 3822
1808 4036
1808 4186
1808 4700
1808 4782
1808 4884
1809 1945
1809 2650
1809 2672
1809 2900
1809 3086
1809 3173
1809 3199
1809 3431
1809 3559
1809 3979
1809 4494
1809 4667
1809 4707
1809 4855
1809 4911
1809 4998
1810 1870
1810 2137
1810 2302
1810 2332
1810 2502
1810 2869
1810 3103
1810 3110
1810 3145
1810 3247
1810 3726
1810 3765
1810 3777
1810 3840
1810 4002
1810 4326
1810 4415
1810 4572
1810 4676
1810 4811
1811 1878
1811 2067
1811 2085
1811 2122
1811 2201
1811 2211
1811 2360
1811 2407
1811 2544
1811 2822
1811 2831
1811 3105
1811 3661
1811 3807
1811 4036
1811 4404
1811 4803
1811 4966
1811 4976
1812 1928
1812 1933
1812 1953
1812 2053
1812 2192
1812 2229
1812 2455
1812 2595
1812 2950
1812 3023
1812 3047
1812 3106
1812 3260
1812 3330
1812 3380
1812 3593
1812 3600
1812 3601
1812 3655
1812 3677
1812 3782
1812 3800
1812 3932
1812 4158
1812 4164
1812 4365
1812 4574
1812 4645
1812 4734
1812 4817
1813 2352
1813 2397
1813 2591
1813 2887
1813 2895
1813 3003
1813 3065
1813 3185
1813 3215
1813 3257
1813 3371
1813 3603
1813 3609
1813 3741
1813 3763
1813 4023
1813 4138
1813 4658
1813 4711
1813 4836
1813 4900
1814 1899
1814 1927
1814 2377
1814 2430
1814 2525
1814 2749
1814 2828
1814 3440
1814 3485
1814 3582
1814 3765
1814 3926
1814 4048
1814 4071
1814 4081
1814 4203
1814 4216
1814 4242
1814 4276
1814 4391
1814 4478
1814 4535
1814 4592
1814 4673
1815 1856
1815 2088
1815 2108
1815 2160
1815 2405
1815 2759
1815 2879
1815 3061
1815 3423
1815 3437
1815 3634
1815 3676
1815 4069
1815 4239
1815 4335
1815 4343
1815 4423
1815 4709
1815 4879
1815 4930
1815 4958
1816 1859
1816 2087
1816 2136
1816 2170
1816 2265
1816 2347
1816 2575
1816 2623
1816 2690
1816 2719
1816 2902
1816 3005
1816 3053
1816 3245
1816 3307
1816 3425
1816 3596
1816 4139
1816 4209
1816 4258
1816 4651
1816 4883
1817 1977
1817 3100
1817 3340
1817 3350
1817 3367
1817 3479
1817 3754
1817 4010
1817 4435
1817 4704
1817 4911
1817 4947
1818 1858
1818 1954
1818 1956
1818 2053
1818 2229
1818 2709
1818 3174
1818 3257
1818 3364
1818 3578
1818 3647
1818 3658
1818 3796
1818 3799
1818 4174
1818 4406
1818 4521
1818 4610
1818 4784
1818 4843
1818 4848
1819 1850
1819 1893
1819 2182
1819 2201
1819 2281
1819 2519
1819 2522
1819 3160
1819 3204
1819 3463
1819 3603
1819 3628
1819 3684
1819 3825
1819 3895
1819 4066
1819 4362
1819 4394
1819 4433
1819 4953
1820 2124
1820 2219
1820 2550
1820 2752
1820 2820
1820 2952
1820 3176
1820 3887
1820 3899
1820 3903
1820 3994
1820 4014
1820 4039
1820 4086
1820 4093
1820 4362
1820 4389
1820 4415
1820 4687
1820 4837
1821 1940
1821 2090
1821 2217
1821 2455
1821 2745
1821 2931
1821 2953
1821 3283
1821 3378
1821 3508
1821 3559
1821 3645
1821 3728
1821 3742
1821 3862
1821 3908
1821 3984
1821 4330
1821 4868
1821 4959
1821 4975
1821 4976
1822 1825
1822 2010
1822 2137
1822 2234
1822 2328
1822 2492
1822 2638
1822 2788
1822 2834
1822 2949
1822 3116
1822 3153
1822 3330
1822 3604
1822 3926
1822 3990
1822 4160
1822 4491
1822 4869
1823 1983
1823 1989
1823 2006
1823 2098
1823 2133
1823 2146
1823 2195
1823 2257
1823 2298
1823 2401
1823 2598
1823 2677
1823 3577
1823 3595
1823 3618
1823 3798
1823 3993
1823 4016
1823 4121
1823 4140
1823 4484
1823 4522
1823 4649
1823 4706
1823 4807
1823 4888
1824 1885
1824 2092
1824 2361
1824 2533
1824 2767
1824 2840
1824 2904
1824 2992
1824 2996
1824 3030
1824 3163
1824 3479
1824 3803
1824 3884
1824 3935
1824 4171
1824 4273
1824 4512
1824 4634
1824 4714
1824 4753
1824 4776
1824 4817
1825 2347
1825 2396
1825 2456
1825 2510
1825 2847
1825 3012
1825 3037
1825 3114
1825 3219
1825 3246
1825 3266
1825 3516
1825 3609
1825 3784
1825 4079
1825 4545
1825 4572
1825 4960
1825 4977
1826 2329
1826 2349
1826 2554
1826 2783
1826 2821
1826 2870
1826 2883
1826 2908
1826 2921
1826 2929
1826 2995
1826 3115
1826 3404
1826 3411
1826 3633
1826 3919
1826 4102
1826 4327
1826 4551
1826 4552
1826 4607
1826 4747
1826 4790
1827 2095
1827 2381
1827 2882
1827 2887
1827 2928
1827 3154
1827 4186
1827 4268
1827 4346
1827 4498
1827 4621
1827 4952
1828 1982
1828 1989
1828 2212
1828 2376
1828 2469
1828 2480
1828 2574
1828 2829
1828 2983
1828 3221
1828 3478
1828 3911
1828 3924
1828 4178
1828 4363
1828 4365
1828 4642
1828 4788
1828 4982
1829 1930
1829 2046
1829 2160
1829 2238
1829 2246
1829 2519
1829 2853
1829 3055
1829 3253
1829 3577
1829 3966
1829 4264
1829 4303
1829 4363
1829 4446
1829 4913
1829 4952
1830 1870
1830 2080
1830 2322
1830 2434
1830 2520
1830 2574
1830 2709
1830 2878
1830 3330
1830 3466
1830 3804
1830 4304
1830 4344
1830 4550
1830 4565
1830 4699
1830 4737
1830 4830
1831 1906
1831 1931
1831 1941
1831 2534
1831 2704
1831 2849
1831 2969
1831 2983
1831 3072
1831 3083
1831 3197
1831 3421
1831 3806
1831 3927
1831 3958
1831 4007
1831 4035
1831 4514
1831 4601
1831 4919
1831 4947
1832 1860
1832 1888
1832 1996
1832 2051
1832 2180
1832 2244
1832 2315
1832 2580
1832 2889
1832 2941
1832 3192
1832 3209
1832 3296
1832 3461
1832 3469
1832 3730
1832 3935
1832 3958
1832 4146
1832 4222
1832 4243
1832 4301
1832 4817
1832 4961
1833 1995
1833 2140
1833 2160
1833 2618
1833 2694
1833 2944
1833 3159
1833 3179
1833 3735
1833 3827
1833 3918
1833 3939
1833 4358
1833 4405
1833 4471
1833 4605
1833 4694
1833 4695
1833 4907
1833 4923
1833 4954
1833 4997
1834 2049
1834 2168
1834 2462
1834 2548
1834 2593
1834 2809
1834 3073
1834 3134
1834 3283
1834 3376
1834 3749
1834 4152
1834 4245
1834 4650
1834 4773
1834 4860
1835 2000
1835 2266
1835 2269
1835 2519
1835 2545
1835 2714
1835 2961
1835 2973
1835 3163
1835 3511
1835 3638
1835 3723
1835 3806
1835 4008
1835 4094
1835 4181
1835 4817
1835 4915
1835 4953
1835 4971
1835 4985
1836 2305
1836 2383
1836 2614
1836 2902
1836 2981
1836 3128
1836 3209
1836 3273
1836 3937
1836 4048
1836 4543
1836 4586
1836 4591
1836 4854
1836 4858
1836 4881
1836 4897
1837 1939
1837 2143
1837 2147
1837 2381
1837 2528
1837 2608
1837 2663
1837 2667
1837 2850
1837 3163
1837 3416
1837 3451
1837 3614
1837 4112
1837 4313
1837 4444
1837 4584
1837 4676
1837 4721
1837 4753
1838 1855
1838 1884
1838 1889
1838 2148
1838 2157
1838 2403
1838 2673
1838 3077
1838 3099
1838 3223
1838 3469
1838 3619
1838 3635
1838 3725
1838 3749
1838 4149
1838 4159
1838 4266
1838 4275
1838 4283
1838 4296
1838 4664
1839 1848
1839 2005
1839 2338
1839 2647
1839 3007
1839 3330
1839 3350
1839 3442
1839 3499
1839 3843
1839 3875
1839 3920
1839 3924
1839 4123
1839 4384
1839 4498
1839 4574
1839 4613
1839 4705
1839 4846
1839 4864
1839 4865
1839 4943
1840 2157
1840 2299
1840 2367
1840 2696
1840 2860
1840 3137
1840 3575
1840 3770
1840 3992
1840 4260
1840 4284
1840 4285
1840 4402
1840 4789
1840 4964
1841 1883
1841 1940
1841 1955
1841 2501
1841 3005
1841 3228
1841 3334
1841 3356
1841 3510
1841 3529
1841 3717
1841 3957
1841 4120
1841 4214
1841 4604
1841 4713
1841 4807
1841 4932
1842 1997
1842 2078
1842 2181
1842 2207
1842 2535
1842 2568
1842 2635
1842 2762
1842 2787
1842 3227
1842 3284
1842 3605
1842 3985
1842 4043
1842 4091
1842 4280
1842 4396
1842 4572
1842 4827
1843 2025
1843 2316
1843 2433
1843 2752
1843 2962
1843 2965
1843 3085
1843 3133
1843 4743
1843 4881
1843 4930
1843 4971
1844 1909
1844 2098
1844 2119
1844 2355
1844 2438
1844 2447
1844 2483
1844 2842
1844 2854
1844 2900
1844 3025
1844 3058
1844 3122
1844 3246
1844 3645
1844 3822
1844 3976
1844 4110
1844 4111
1844 4315
1844 4354
1844 4745
1844 4810
1845 1976
1845 2032
1845 2511
1845 2526
1845 2562
1845 2675
1845 2766
1845 3117
1845 3202
1845 3333
1845 3568
1845 3630
1845 3641
1845 3827
1845 3975
1845 4129
1845 4167
1845 4225
1845 4300
1845 4472
1845 4782
1846 1957
1846 1992
1846 2013
1846 2022
1846 2090
1846 2422
1846 2439
1846 2463
1846 2558
1846 2756
1846 2818
1846 2828
1846 2840
1846 3124
1846 3624
1846 3811
1846 4158
1846 4703
1846 4746
1846 4795
1846 4800
1847 2111
1847 2268
1847 2469
1847 2542
1847 2608
1847 3076
1847 3222
1847 3546
1847 3736
1847 3844
1847 4015
1847 4875
1847 4886
1847 4929
1848 1897
1848 1953
1848 2218
1848 2233
1848 2338
1848 2420
1848 2700
1848 3087
1848 3218
1848 3256
1848 3314
1848 3405
1848 3700
1848 3796
1848 3828
1848 4018
1848 4114
1848 4212
1848 4297
1848 4411
1848 4533
1848 4611
1848 4760
1848 4770
1849 1864
1849 1957
1849 2027
1849 2035
1849 2203
1849 2259
1849 2347
1849 2350
1849 2402
1849 2741
1849 2796
1849 2876
1849 3162
1849 3285
1849 3310
1849 3403
1849 3570
1849 3587
1849 3824
1849 4241
1849 4501
1849 4637
1849 4641
1849 4915
1850 2158
1850 2270
1850 2383
1850 2444
1850 2451
1850 2752
1850 2901
1850 3111
1850 3186
1850 3316
1850 3679
1850 3703
1850 3989
1850 4005
1850 4015
1850 4321
1850 4391
1850 4850
1850 4876
1850 4877
1850 4890
1850 4892
1850 4984
1850 4995
1851 2357
1851 2488
1851 2649
1851 2873
1851 3269
1851 3610
1851 3688
1851 4002
1851 4053
1851 4245
1851 4406
1851 4895
1851 4923
1852 2144
1852 2239
1852 2289
1852 2545
1852 2680
1852 2753
1852 2811
1852 3545
1852 3587
1852 3656
1852 3913
1852 4147
1852 4250
1852 4375
1852 4376
1852 4486
1852 4605
1852 4682
1852 4783
1852 4844
1853 1926
1853 2035
1853 2092
1853 3168
1853 3644
1853 4040
1853 4057
1853 4073
1853 4083
1853 4139
1853 4770
1854 1894
1854 1965
1854 2249
1854 2768
1854 2880
1854 3288
1854 3301
1854 3328
1854 3348
1854 3828
1854 3962
1854 4046
1854 4276
1854 4751
1854 4922
1854 4968
1855 1886
1855 2393
1855 2491
1855 2719
1855 2740
1855 2885
1855 3145
1855 3180
1855 3290
1855 3333
1855 3466
1855 3744
1855 3812
1855 3890
1855 3972
1855 4082
1855 4330
1855 4401
1855 4523
1855 4856
1856 2086
1856 2095
1856 2375
1856 2511
1856 2674
1856 2813
1856 3271
1856 3289
1856 3300
1856 3352
1856 3702
1856 4022
1856 4310
1856 4531
1856 4712
1857 1997
1857 2091
1857 2507
1857 2605
1857 2681
1857 2742
1857 2866
1857 2890
1857 3149
1857 3196
1857 3353
1857 3402
1857 3683
1857 3758
1857 3783
1857 4051
1857 4229
1857 4343
1857 4427
1857 4588
1857 4620
1857 4711
1857 4825
1857 4841
1858 1910
1858 1935
1858 2006
1858 2277
1858 2472
1858 2626
1858 2695
1858 2788
1858 2796
1858 2867
1858 3338
1858 3357
1858 3759
1858 3899
1858 3912
1858 4063
1858 4267
1858 4501
1858 4758
1859 2199
1859 2207
1859 2292
1859 2388
1859 2727
1859 2735
1859 3065
1859 3071
1859 3226
1859 3403
1859 3435
1859 3438
1859 3581
1859 3885
1859 4165
1859 4215
1859 4250
1859 4376
1859 4484
1859 4589
1859 4759
1860 2101
1860 2224
1860 2255
1860 2461
1860 2574
1860 2951
1860 3182
1860 3224
1860 3333
1860 3339
1860 3373
1860 3657
1860 4214
1860 4531
1860 4540
1860 4686
1861 1867
1861 1943
1861 1975
1861 2205
1861 2674
1861 2743
1861 2753
1861 2767
1861 2956
1861 3022
1861 3037
1861 3047
1861 3579
1861 3661
1861 3721
1861 3751
1861 4349
1861 4732
1861 4852
1861 4990
1862 2155
1862 2460
1862 2540
1862 2649
1862 2762
1862 3115
1862 3284
1862 3339
1862 3635
1862 3823
1862 3850
1862 3961
1862 4052
1862 4486
1862 4501
1862 4633
1862 4670
1862 4933
1863 1993
1863 2044
1863 2266
1863 2409
1863 2524
1863 2861
1863 2886
1863 3071
1863 3336
1863 3441
1863 3898
1863 3992
1863 4224
1863 4303
1863 4373
1863 4376
1863 4457
1863 4579
1863 4639
1863 4735
1863 4754
1863 4901
1864 2203
1864 2229
1864 2341
1864 2496
1864 2516
1864 2535
1864 2939
1864 3023
1864 3117
1864 3196
1864 3448
1864 3654
1864 3852
1864 4127
1864 4270
1864 4536
1864 4590
1864 4592
1864 4646
1864 4670
1864 4768
1864 4805
1865 1948
1865 2135
1865 2216
1865 2302
1865 2926
1865 3084
1865 3110
1865 3461
1865 3923
1865 4069
1865 4135
1865 4147
1865 4156
1865 4202
1865 4291
1865 4384
1865 4809
1865 4877
1865 4986
1866 1910
1866 2620
1866 2639
1866 2685
1866 2887
1866 3000
1866 3342
1866 3379
1866 3650
1866 4153
1866 4404
1866 4411
1866 4601
1866 4930
1867 2485
1867 2698
1867 2875
1867 2926
1867 2984
1867 3035
1867 3148
1867 3173
1867 3180
1867 3847
1867 4345
1867 4460
1867 4925
1868 2074
1868 2196
1868 2423
1868 2449
1868 2601
1868 2640
1868 2650
1868 3006
1868 3100
1868 3122
1868 3196
1868 3266
1868 3454
1868 4270
1868 4308
1868 4442
1868 4443
1868 4689
1869 1938
1869 1964
1869 1969
1869 2127
1869 2205
1869 2249
1869 2728
1869 2770
1869 2855
1869 3306
1869 3958
1869 4021
1869 4204
1869 4246
1869 4255
1869 4699
1869 4765
1869 4955
1870 2456
1870 2770
1870 2890
1870 2983
1870 3024
1870 3147
1870 3339
1870 3564
1870 4167
1870 4207
1870 4218
1870 4247
1870 4523
1870 4759
1870 4778
1870 4886
1870 4988
1871 1892
1871 2015
1871 2079
1871 2137
1871 2195
1871 2350
1871 2477
1871 3388
1871 3402
1871 3666
1871 3773
1871 3815
1871 3946
1871 4078
1871 4099
1871 4271
1871 4807
1872 1904
1872 2012
1872 2267
1872 2365
1872 2440
1872 2444
1872 2491
1872 2646
1872 2667
1872 3033
1872 3394
1872 3498
1872 3800
1872 3973
1872 4461
1872 4467
1872 4489
1872 4496
1872 4691
1872 4693
1872 4862
1872 4879
1873 1914
1873 1992
1873 2537
1873 2644
1873 2738
1873 2749
1873 3074
1873 3091
1873 3103
1873 3231
1873 3389
1873 3821
1873 4063
1873 4066
1873 4089
1873 4138
1873 4287
1873 4377
1873 4982
1874 2017
1874 2054
1874 2346
1874 2585
1874 2777
1874 3220
1874 3415
1874 3435
1874 3884
1874 4171
1874 4190
1874 4305
1874 4609
1874 4630
1874 4785
1875 2263
1875 2323
1875 2407
1875 2424
1875 2456
1875 2675
1875 2878
1875 2933
1875 3030
1875 3085
1875 3558
1875 3723
1875 3918
1875 4163
1875 4531
1875 4535
1875 4832
1876 2110
1876 2259
1876 2298
1876 2363
1876 2442
1876 2611
1876 2636
1876 3033
1876 3100
1876 3263
1876 3497
1876 3699
1876 3712
1876 3735
1876 3767
1876 3860
1876 4280
1876 4912
1876 4963
1877 1884
1877 1923
1877 2448
1877 2653
1877 2684
1877 2694
1877 2753
1877 3245
1877 3260
1877 3404
1877 3718
1877 4008
1877 4186
1877 4268
1877 4315
1877 4381
1877 4452
1877 4497
1877 4662
1877 4997
1878 1890
1878 2049
1878 2105
1878 2207
1878 2458
1878 2497
1878 2514
1878 2609
1878 2666
1878 2748
1878 2971
1878 3563
1878 3986
1878 4171
1878 4192
1878 4390
1878 4534
1878 4876
1878 4879
1878 4970
1878 4999
1879 1983
1879 1987
1879 2038
1879 2098
1879 2184
1879 2306
1879 2348
1879 2676
1879 3451
1879 3855
1879 4546
1879 4640
1879 4662
1879 4729
1879 4755
1879 4769
1879 4846
1880 2128
1880 2141
1880 2463
1880 2509
1880 2656
1880 2827
1880 2856
1880 2983
1880 3092
1880 3225
1880 3455
1880 3949
1880 3980
1880 4113
1880 4260
1880 4317
1880 4761
1880 4809
1881 1970
1881 2139
1881 2142
1881 2253
1881 2339
1881 2733
1881 2777
1881 2799
1881 2870
1881 3270
1881 3340
1881 3341
1881 3527
1881 3675
1881 3847
1881 3857
1881 4456
1881 4541
1881 4780
1881 4846
1882 2009
1882 2030
1882 2349
1882 2479
1882 3027
1882 3156
1882 3398
1882 3595
1882 3617
1882 3796
1882 3981
1882 3984
1882 3996
1882 4025
1882 4376
1882 4666
1882 4734
1882 4789
1882 4888
1882 4920
1883 1910
1883 2097
1883 2185
1883 2259
1883 2449
1883 3135
1883 3272
1883 3518
1883 3658
1883 3912
1883 4386
1883 4437
1883 4545
1883 4566
1883 4825
1884 1941
1884 1952
1884 2290
1884 2309
1884 2853
1884 2902
1884 3589
1884 3656
1884 3680
1884 3727
1884 3788
1884 3811
1884 4444
1884 4645
1884 4907
1885 2059
1885 2258
1885 2328
1885 2445
1885 2460
1885 2796
1885 2948
1885 3226
1885 3273
1885 3399
1885 3436
1885 3513
1885 3823
1885 3926
1885 4128
1885 4165
1885 4615
1885 4765
1885 4989
1886 1923
1886 2056
1886 2223
1886 2382
1886 2659
1886 2958
1886 3244
1886 3560
1886 3608
1886 3658
1886 3795
1886 3988
1886 4097
1886 4361
1886 4400
1886 4491
1886 4674
1886 4961
1886 4974
1887 2068
1887 2220
1887 2246
1887 2299
1887 2414
1887 2588
1887 2601
1887 2619
1887 2800
1887 2895
1887 2932
1887 3080
1887 3276
1887 3669
1887 3791
1887 4098
1887 4146
1887 4712
1887 4734
1888 2129
1888 2147
1888 2518
1888 2651
1888 2754
1888 2814
1888 3198
1888 3979
1888 4045
1888 4251
1888 4253
1888 4257
1888 4358
1888 4966
1889 1940
1889 2167
1889 2175
1889 2370
1889 2471
1889 2609
1889 2811
1889 2991
1889 3224
1889 3332
1889 3353
1889 3735
1889 3791
1889 4006
1889 4229
1889 4259
1889 4435
1889 4807
1889 4873
1890 1929
1890 2000
1890 2122
1890 2126
1890 2201
1890 2257
1890 2274
1890 2334
1890 2614
1890 2667
1890 2790
1890 2980
1890 3055
1890 3334
1890 3541
1890 3665
1890 3713
1890 3767
1890 3843
1890 4267
1890 4274
1890 4442
1890 4711
1890 4721
1890 4908
1890 4920
1890 4938
1890 4944
1891 1905
1891 1942
1891 2128
1891 2309
1891 2408
1891 2499
1891 2515
1891 2542
1891 2709
1891 2974
1891 3107
1891 3533
1891 3889
1891 3948
1891 4164
1891 4415
1891 4484
1891 4647
1891 4920
1892 2016
1892 2432
1892 2549
1892 2681
1892 2948
1892 2996
1892 3130
1892 3879
1892 4108
1892 4114
1892 4123
1892 4342
1892 4541
1892 4632
1892 4717
1893 1965
1893 2363
1893 2499
1893 2796
1893 2971
1893 3035
1893 3038
1893 3083
1893 3387
1893 3461
1893 3686
1893 4136
1893 4294
1893 4385
1893 4489
1893 4537
1893 4794
1894 2000
1894 2108
1894 2157
1894 2225
1894 2241
1894 2357
1894 2430
1894 2507
1894 3048
1894 3407
1894 3520
1894 3565
1894 3814
1894 4150
1894 4197
1894 4448
1894 4531
1894 4755
1894 4800
1895 1957
1895 2005
1895 2901
1895 3295
1895 3647
1895 3720
1895 3788
1895 3829
1895 3953
1895 3962
1895 3994
1895 4028
1895 4056
1895 4182
1895 4192
1895 4214
1895 4594
1895 4622
1895 4711
1895 4774
1895 4850
1895 4896
1895 4925
1896 2096
1896 2134
1896 2294
1896 2412
1896 2417
1896 2641
1896 2654
1896 2767
1896 3272
1896 3278
1896 3315
1896 3418
1896 3454
1896 3487
1896 3496
1896 3628
1896 3739
1896 3931
1896 3960
1896 4397
1896 4727
1897 1912
1897 2139
1897 2177
1897 2481
1897 2527
1897 2529
1897 2634
1897 2648
1897 2755
1897 2965
1897 3344
1897 3380
1897 3461
1897 3518
1897 3772
1897 3931
1897 3987
1897 4325
1897 4463
1897 4556
1897 4612
1897 4844
1897 4967
1898 1983
1898 2192
1898 2216
1898 2226
1898 2360
1898 2443
1898 2497
1898 2545
1898 2702
1898 3079
1898 3638
1898 3689
1898 4353
1898 4431
1898 4453
1898 4505
1898 4821
1899 2032
1899 2126
1899 2156
1899 2180
1899 2269
1899 3058
1899 3355
1899 3363
1899 3412
1899 3427
1899 3697
1899 3781
1899 3922
1899 4073
1899 4089
1899 4187
1899 4201
1899 4674
1899 4723
1900 2082
1900 2171
1900 2485
1900 2623
1900 2948
1900 3026
1900 3177
1900 3328
1900 3474
1900 3603
1900 3664
1900 3674
1900 3835
1900 3882
1900 3975
1900 4181
1900 4323
1900 4324
1900 4385
1900 4396
1900 4461
1900 4491
1900 4519
1900 4660
1900 4735
1901 2000
1901 2033
1901 2083
1901 2280
1901 2740
1901 2848
1901 2878
1901 2948
1901 3188
1901 3328
1901 3597
1901 3698
1901 4222
1901 4272
1901 4645
1901 4669
1901 4961
1901 4970
1901 4996
1902 2242
1902 2244
1902 2388
1902 2565
1902 2635
1902 2880
1902 2893
1902 3293
1902 3434
1902 3627
1902 3921
1902 4017
1902 4493
1902 4498
1902 4638
1902 4662
1903 2235
1903 2300
1903 2429
1903 2492
1903 2550
1903 2605
1903 2617
1903 2761
1903 2903
1903 2973
1903 3086
1903 3141
1903 3363
1903 3511
1903 3626
1903 3680
1903 3761
1903 4025
1903 4203
1903 4239
1903 4277
1903 4424
1903 4591
1903 4840
1903 4997
1904 1922
1904 1990
1904 2002
1904 2031
1904 2212
1904 2440
1904 2622
1904 3062
1904 3152
1904 3264
1904 3492
1904 4242
1904 4356
1904 4589
1904 4679
1905 2012
1905 2106
1905 2170
1905 2252
1905 2413
1905 2464
1905 2551
1905 3229
1905 3238
1905 3243
1905 3349
1905 3567
1905 3871
1905 4126
1905 4127
1905 4278
1905 4606
1905 4651
1905 4739
1905 4828
1906 2113
1906 2116
1906 2207
1906 2230
1906 2413
1906 2540
1906 2595
1906 2694
1906 3132
1906 3175
1906 3262
1906 3299
1906 3313
1906 3714
1906 3928
1906 3999
1906 4067
1906 4071
1906 4673
1906 4686
1906 4706
1906 4721
1906 4785
1906 4840
1906 4919
1907 2296
1907 2327
1907 2661
1907 2729
1907 3151
1907 3211
1907 3368
1907 3378
1907 3534
1907 3742
1907 3771
1907 4116
1907 4233
1907 4317
1907 4319
1907 4584
1907 4620
1907 4629
1908 1998
1908 2173
1908 2248
1908 2301
1908 2673
1908 2756
1908 2916
1908 3008
1908 3536
1908 3749
1908 3876
1908 3970
1908 3998
1908 4083
1908 4109
1908 4174
1908 4301
1908 4715
1908 4765
1908 4913
1909 2032
1909 2093
1909 2226
1909 2285
1909 2328
1909 2604
1909 2686
1909 2706
1909 3399
1909 3514
1909 3575
1909 3604
1909 3605
1909 3619
1909 3680
1909 3852
1909 3885
1909 3950
1909 4122
1909 4196
1909 4252
1909 4688
1909 4830
1909 4933
1909 4938
1910 2062
1910 2076
1910 2182
1910 2438
1910 2619
1910 2795
1910 2982
1910 3006
1910 3165
1910 3530
1910 3815
1910 4315
1910 4379
1910 4441
1910 4514
1910 4670
1910 4792
1910 4810
1910 4923
1911 2111
1911 2349
1911 2641
1911 2934
1911 3207
1911 3276
1911 3367
1911 3438
1911 3520
1911 3856
1911 3966
1911 4106
1911 4189
1911 4199
1911 4330
1911 4659
1911 4755
1911 4858
1911 4902
1912 2175
1912 2229
1912 2345
1912 2361
1912 2452
1912 2676
1912 3009
1912 3058
1912 3103
1912 3562
1912 3623
1912 3814
1912 4786
1912 4969
1913 1916
1913 1974
1913 1996
1913 2247
1913 2453
1913 2581
1913 3086
1913 3217
1913 3302
1913 3406
1913 3556
1913 3579
1913 3979
1913 4355
1913 4390
1913 4453
1913 4454
1913 4959
1914 2518
1914 2556
1914 2658
1914 2984
1914 3023
1914 3144
1914 3412
1914 3559
1914 3691
1914 3807
1914 3860
1914 4396
1914 4427
1914 4563
1914 4760
1914 4887
1915 2618
1915 2634
1915 2647
1915 2939
1915 3013
1915 3297
1915 3396
1915 3568
1915 3648
1915 3683
1915 3859
1915 4051
1915 4215
1915 4486
1915 4496
1915 4523
1915 4662
1915 4954
1916 2057
1916 2203
1916 2527
1916 2633
1916 2739
1916 2997
1916 3109
1916 3140
1916 3409
1916 3673
1916 4017
1916 4019
1916 4376
1916 4422
1916 4566
1916 4680
1916 4790
1916 4995
1917 2144
1917 2296
1917 2302
1917 2327
1917 2414
1917 2419
1917 2447
1917 2489
1917 2689
1917 2843
1917 3026
1917 3091
1917 3092
1917 3109
1917 3251
1917 3528
1917 3564
1917 4007
1917 4116
1917 4153
1917 4158
1917 4276
1917 4560
1917 4775
1917 4940
1918 1968
1918 2059
1918 2101
1918 2125
1918 2163
1918 2239
1918 2357
1918 2665
1918 2942
1918 2965
1918 2974
1918 3111
1918 3306
1918 3514
1918 3657
1918 3933
1918 4171
1918 4174
1918 4677
1918 4931
1918 4941
1919 1948
1919 1997
1919 2071
1919 2393
1919 2509
1919 2582
1919 2721
1919 2820
1919 3223
1919 3316
1919 3934
1919 4085
1919 4150
1919 4495
1919 4702
1919 4716
1919 4782
1920 2066
1920 2189
1920 2243
1920 2456
1920 2537
1920 3021
1920 3260
1920 3310
1920 3339
1920 3408
1920 3570
1920 3785
1920 3825
1920 3861
1920 4017
1920 4504
1920 4584
1920 4872
1920 4972
1921 2118
1921 2171
1921 2211
1921 2355
1921 2414
1921 2627
1921 2711
1921 2971
1921 3103
1921 3217
1921 3240
1921 3262
1921 3296
1921 3649
1921 3871
1921 4353
1921 4437
1921 4453
1921 4597
1921 4798
1921 4893
1922 2012
1922 2679
1922 2767
1922 2952
1922 3034
1922 3104
1922 3229
1922 3624
1922 3686
1922 3706
1922 3802
1922 4202
1922 4223
1922 4360
1922 4385
1922 4407
1922 4736
1923 1936
1923 1981
1923 2060
1923 2355
1923 2389
1923 2455
1923 2730
1923 3099
1923 3159
1923 3339
1923 3538
1923 3544
1923 3713
1923 4209
1923 4250
1923 4286
1923 4373
1923 4646
1923 4766
1923 4772
1923 4800
1923 4867
1923 4877
1923 4908
1924 2263
1924 2329
1924 2686
1924 2777
1924 2881
1924 2886
1924 2990
1924 3142
1924 3243
1924 3362
1924 3399
1924 3458
1924 3470
1924 3711
1924 3808
1924 4297
1924 4489
1924 4532
1924 4565
1924 4594
1924 4740
1924 4743
1925 1986
1925 2287
1925 2509
1925 2755
1925 2771
1925 2863
1925 3082
1925 3456
1925 3582
1925 3742
1925 3773
1925 3836
1925 4102
1925 4351
1925 4411
1925 4760
1925 4895
1925 4898
1925 4945
1926 2052
1926 2118
1926 2225
1926 2468
1926 2721
1926 2858
1926 2873
1926 2988
1926 3034
1926 3330
1926 3567
1926 4064
1926 4199
1926 4468
1926 4477
1926 4478
1926 4489
1926 4788
1926 4915
1926 4963
1927 2133
1927 2308
1927 2346
1927 2453
1927 2919
1927 3021
1927 3054
1927 3230
1927 3540
1927 3614
1927 3616
1927 3677
1927 3890
1927 4072
1927 4523
1927 4616
1927 4938
1928 1946
1928 2382
1928 2557
1928 2915
1928 2967
1928 3171
1928 3630
1928 3886
1928 3941
1928 3978
1928 4181
1928 4300
1928 4368
1928 4641
1928 4717
1928 4732
1928 4755
1928 4762
1928 4877
1929 2073
1929 2170
1929 2403
1929 2424
1929 2456
1929 2505
1929 2994
1929 3173
1929 3292
1929 3851
1929 4195
1929 4198
1929 4582
1929 4589
1929 4785
1930 1945
1930 2213
1930 2281
1930 2338
1930 2774
1930 2818
1930 2860
1930 3194
1930 3435
1930 3718
1930 3794
1930 3907
1930 4645
1930 4799
1931 2371
1931 2887
1931 2895
1931 2941
1931 3019
1931 3608
1931 3662
1931 3752
1931 3888
1931 3910
1931 3979
1931 4105
1931 4222
1931 4337
1931 4416
1931 4631
1931 4712
1931 4777
1931 4881
1931 4967
1932 1944
1932 2034
1932 2285
1932 2321
1932 2541
1932 2690
1932 3251
1932 3526
1932 3545
1932 3569
1932 3718
1932 3755
1932 3821
1932 3944
1932 4006
1932 4091
1932 4113
1932 4138
1932 4411
1932 4616
1932 4641
1932 4682
1932 4958
1933 2084
1933 2234
1933 2414
1933 2479
1933 2583
1933 2765
1933 3299
1933 3693
1933 3725
1933 3762
1933 3846
1933 3872
1933 3918
1933 4002
1933 4033
1933 4096
1933 4530
1933 4867
1933 4966
1934 2247
1934 2253
1934 2440
1934 2606
1934 2760
1934 2847
1934 3581
1934 3629
1934 3637
1934 4043
1934 4257
1934 4277
1934 4671
1934 4737
1934 4796
1934 4963
1935 1993
1935 2008
1935 2049
1935 2283
1935 2607
1935 2786
1935 2800
1935 3105
1935 3317
1935 3374
1935 3723
1935 3742
1935 3842
1935 3870
1935 3975
1935 4000
1935 4128
1935 4316
1935 4381
1935 4404
1935 4621
1935 4662
1936 2108
1936 2243
1936 2271
1936 2726
1936 2867
1936 2948
1936 3001
1936 3291
1936 3317
1936 3469
1936 3562
1936 3673
1936 3769
1936 3851
1936 3870
1936 4164
1936 4393
1936 4469
1936 4869
1936 4907
1936 4949
1937 2346
1937 2424
1937 2734
1937 2883
1937 2950
1937 3107
1937 3108
1937 3165
1937 3267
1937 3278
1937 3318
1937 3335
1937 3427
1937 3430
1937 3437
1937 3601
1937 3748
1937 3835
1937 3884
1937 3917
1937 3938
1937 4270
1937 4507
1938 1957
1938 2212
1938 2250
1938 2308
1938 2575
1938 2603
1938 2635
1938 3022
1938 3216
1938 3221
1938 3315
1938 3398
1938 3487
1938 3609
1938 3615
1938 3959
1938 3965
1938 3968
1938 4126
1938 4155
1938 4171
1938 4377
1938 4400
1938 4421
1939 2050
1939 2065
1939 2121
1939 2327
1939 2491
1939 3346
1939 3493
1939 3763
1939 3768
1939 3820
1939 3955
1939 4146
1939 4463
1939 4608
1939 4933
1940 2004
1940 2099
1940 2249
1940 2266
1940 2282
1940 2822
1940 2840
1940 3043
1940 3130
1940 3140
1940 3327
1940 3478
1940 3487
1940 3506
1940 3721
1940 3813
1940 4142
1940 4259
1940 4495
1941 2256
1941 2323
1941 2828
1941 2915
1941 3099
1941 3499
1941 3639
1941 3642
1941 3662
1941 3732
1941 3988
1941 4348
1941 4352
1941 4374
1941 4840
1942 1959
1942 2022
1942 2154
1942 2317
1942 2681
1942 2969
1942 3389
1942 3583
1942 3716
1942 3981
1942 4208
1942 4372
1942 4563
1942 4598
1942 4606
1942 4730
1943 2354
1943 2745
1943 2860
1943 2873
1943 2985
1943 3104
1943 3637
1943 3686
1943 3718
1943 3812
1943 4068
1943 4128
1943 4266
1943 4381
1943 4557
1943 4638
1943 4770
1943 4774
1943 4967
1944 2004
1944 2192
1944 2303
1944 2359
1944 2403
1944 2672
1944 2917
1944 3038
1944 3480
1944 3582
1944 3672
1944 3795
1944 3806
1944 4033
1944 4040
1944 4160
1944 4327
1944 4373
1944 4428
1945 1961
1945 2101
1945 2129
1945 2285
1945 2605
1945 2736
1945 2806
1945 2905
1945 3045
1945 3178
1945 3230
1945 3400
1945 3522
1945 4093
1945 4245
1945 4293
1945 4737
1945 4749
1945 4878
1945 4950
1946 2481
1946 2565
1946 2693
1946 2802
1946 2876
1946 2979
1946 3184
1946 3529
1946 3782
1946 4071
1946 4669
1946 4861
1946 4982
1947 1988
1947 2342
1947 2537
1947 2700
1947 3002
1947 3004
1947 3115
1947 3163
1947 3218
1947 3307
1947 3836
1947 4029
1947 4269
1947 4314
1947 4681
1947 4911
1947 4941
1948 1987
1948 2010
1948 2388
1948 2401
1948 2620
1948 2627
1948 2664
1948 2717
1948 3024
1948 3069
1948 3259
1948 3619
1948 3716
1948 3785
1948 3823
1948 4094
1948 4422
1948 4746
1948 4753
1948 4956
1948 4979
1949 1977
1949 2154
1949 2345
1949 2358
1949 2900
1949 2917
1949 3066
1949 3414
1949 3535
1949 3564
1949 3589
1949 3763
1949 3768
1949 3873
1949 3983
1949 4091
1949 4104
1949 4126
1949 4185
1949 4364
1949 4375
1949 4556
1949 4722
1949 4957
1949 4975
1950 1973
1950 2305
1950 2323
1950 2376
1950 2516
1950 2527
1950 2590
1950 2596
1950 2623
1950 2638
1950 2873
1950 3033
1950 3204
1950 3575
1950 3794
1950 4016
1950 4112
1950 4207
1950 4313
1950 4776
1950 4928
1950 4946
1951 2056
1951 2188
1951 2417
1951 2569
1951 2611
1951 2715
1951 2911
1951 3065
1951 3074
1951 3218
1951 3308
1951 3336
1951 3551
1951 3597
1951 3813
1951 4054
1951 4062
1951 4186
1951 4443
1951 4486
1951 4510
1952 2016
1952 2133
1952 2374
1952 2378
1952 2459
1952 2661
1952 2678
1952 3105
1952 3464
1952 3870
1952 4085
1952 4195
1952 4336
1952 4577
1952 4719
1952 4973
1953 1994
1953 2007
1953 2053
1953 2173
1953 2192
1953 2229
1953 2286
1953 2346
1953 2406
1953 2595
1953 2658
1953 2697
1953 2851
1953 2955
1953 3023
1953 3083
1953 3238
1953 3380
1953 3540
1953 3600
1953 3601
1953 3603
1953 3677
1953 3748
1953 3764
1953 3843
1953 4126
1953 4270
1953 4272
1953 4466
1953 4574
1953 4645
1953 4817
1954 1968
1954 2061
1954 2236
1954 2386
1954 2408
1954 2722
1954 3062
1954 3264
1954 3378
1954 3421
1954 3692
1954 3695
1954 3815
1954 3873
1954 3922
1954 3971
1954 3975
1954 4155
1954 4323
1954 4418
1954 4628
1954 4745
1954 4943
1955 2156
1955 2241
1955 2291
1955 2320
1955 2831
1955 3113
1955 3224
1955 3387
1955 3459
1955 3679
1955 3684
1955 4038
1955 4151
1955 4178
1955 4315
1955 4478
1955 4787
1956 2011
1956 2059
1956 2171
1956 2263
1956 2524
1956 2692
1956 2986
1956 3240
1956 3514
1956 3615
1956 3634
1956 3771
1956 4075
1956 4333
1956 4665
1956 4798
1956 4896
1956 4910
1957 1997
1957 2082
1957 2247
1957 2316
1957 2476
1957 2553
1957 2798
1957 3240
1957 3569
1957 3676
1957 3821
1957 3865
1957 3924
1957 4389
1957 4672
1957 4737
1958 1979
1958 2110
1958 2154
1958 2195
1958 2250
1958 2300
1958 2344
1958 2436
1958 2476
1958 2652
1958 2804
1958 2916
1958 3051
1958 3152
1958 3185
1958 3236
1958 3485
1958 3843
1958 4147
1958 4424
1958 4462
1958 4492
1958 4493
1958 4946
1958 4970
1959 1960
1959 1970
1959 2010
1959 2020
1959 2121
1959 2344
1959 2382
1959 2434
1959 2594
1959 2703
1959 2720
1959 2779
1959 2782
1959 3013
1959 3184
1959 3583
1959 3590
1959 3679
1959 3807
1959 4336
1959 4405
1959 4800
1959 4996
1960 2294
1960 2323
1960 2331
1960 2579
1960 2610
1960 2900
1960 3007
1960 3702
1960 3788
1960 3935
1960 4666
1960 4693
1960 4869
1960 4943
1961 2124
1961 2159
1961 2217
1961 2284
1961 2425
1961 2608
1961 3063
1961 3195
1961 3282
1961 3633
1961 4214
1961 4930
1962 2018
1962 2036
1962 2056
1962 2326
1962 2501
1962 2530
1962 2768
1962 2839
1962 3267
1962 3364
1962 3531
1962 3865
1962 4129
1962 4134
1962 4269
1962 4302
1962 4366
1962 4416
1962 4482
1962 4636
1962 4753
1962 4879
1962 4975
1963 1980
1963 2220
1963 2614
1963 2632
1963 2663
1963 2722
1963 3025
1963 3257
1963 3358
1963 3621
1963 3731
1963 3790
1963 3894
1963 3946
1963 3985
1963 4043
1963 4057
1963 4759
1964 2636
1964 2819
1964 2848
1964 2961
1964 2989
1964 3098
1964 3179
1964 3610
1964 3959
1964 3975
1964 3980
1964 4392
1964 4551
1965 2124
1965 2346
1965 2428
1965 2497
1965 2538
1965 2932
1965 3080
1965 3248
1965 3902
1965 3969
1965 4012
1965 4141
1965 4325
1965 4579
1965 4746
1966 2175
1966 2224
1966 2747
1966 3398
1966 3657
1966 3815
1966 4091
1966 4150
1966 4656
1966 4758
1966 4803
1966 4857
1967 2233
1967 2288
1967 2332
1967 2436
1967 2449
1967 2544
1967 2588
1967 2982
1967 3246
1967 3470
1967 3865
1967 3891
1967 3951
1967 3960
1967 3972
1967 3985
1967 4141
1967 4230
1968 2049
1968 2289
1968 2545
1968 2622
1968 2921
1968 3111
1968 3216
1968 3341
1968 3356
1968 3362
1968 3441
1968 3576
1968 4018
1968 4270
1968 4301
1968 4337
1968 4552
1969 2252
1969 2480
1969 2596
1969 2834
1969 2938
1969 2945
1969 3089
1969 3185
1969 3377
1969 3396
1969 3585
1969 3909
1969 4092
1969 4954
1970 1972
1970 2131
1970 2171
1970 2315
1970 2350
1970 2623
1970 2657
1970 2850
1970 3185
1970 3315
1970 3710
1970 3842
1970 3911
1970 3923
1970 3963
1970 4086
1970 4690
1970 4718
1970 4727
1970 4936
1971 2044
1971 2091
1971 2310
1971 2393
1971 2529
1971 2734
1971 2817
1971 2915
1971 2949
1971 3161
1971 3220
1971 3419
1971 3535
1971 4132
1971 4306
1971 4549
1971 4770
1971 4780
1971 4904
1972 1991
1972 1997
1972 2054
1972 2119
1972 2488
1972 2554
1972 2576
1972 3279
1972 3313
1972 3481
1972 3547
1972 3876
1972 3975
1972 4383
1972 4668
1972 4789
1973 2484
1973 2578
1973 2800
1973 2801
1973 2858
1973 3085
1973 3098
1973 3307
1973 3358
1973 3387
1973 3428
1973 3489
1973 3509
1973 4587
1973 4598
1973 4683
1973 4695
1973 4696
1974 2302
1974 2388
1974 2472
1974 2497
1974 2628
1974 2884
1974 3027
1974 3063
1974 3150
1974 3594
1974 3886
1974 3993
1974 4074
1974 4091
1974 4108
1974 4173
1974 4450
1974 4526
1974 4730
1974 4834
1975 2009
1975 2320
1975 2384
1975 2611
1975 2703
1975 2746
1975 2839
1975 2916
1975 2976
1975 3058
1975 3714
1975 3987
1975 4003
1975 4045
1975 4343
1975 4352
1975 4443
1975 4500
1975 4882
1976 2164
1976 2483
1976 3385
1976 3600
1976 3615
1976 3629
1976 3774
1976 3844
1976 3905
1976 4115
1976 4349
1976 4528
1976 4540
1976 4793
1976 4818
1977 1990
1977 2279
1977 2458
1977 2723
1977 3327
1977 3714
1977 3810
1977 4173
1977 4182
1977 4321
1977 4426
1977 4472
1977 4513
1977 4750
1977 4754
1977 4763
1977 4854
1977 4942
1978 2000
1978 2087
1978 2103
1978 2520
1978 2652
1978 2695
1978 2801
1978 2824
1978 2923
1978 2959
1978 3598
1978 3608
1978 3740
1978 3939
1978 4181
1978 4681
1978 4736
1978 4935
1979 2032
1979 2135
1979 2196
1979 2245
1979 2302
1979 2383
1979 2529
1979 2566
1979 2615
1979 2766
1979 2847
1979 2853
1979 3003
1979 3631
1979 3779
1979 3805
1979 4156
1979 4507
1980 2036
1980 2085
1980 2282
1980 2406
1980 2556
1980 3036
1980 3081
1980 3543
1980 3686
1980 3759
1980 3794
1980 3895
1980 4123
1980 4153
1980 4329
1980 4367
1980 4498
1980 4567
1980 4609
1980 4645
1980 4741
1980 4750
1981 2215
1981 2306
1981 2434
1981 3191
1981 3250
1981 3315
1981 3663
1981 3822
1981 4055
1981 4275
1981 4346
1981 4534
1981 4551
1981 4626
1981 4781
1981 4796
1981 4889
1982 2105
1982 2232
1982 2388
1982 2529
1982 2530
1982 2631
1982 2688
1982 2874
1982 2918
1982 2977
1982 3046
1982 3620
1982 3908
1982 4007
1982 4270
1982 4462
1982 4540
1982 4607
1982 4795
1982 4852
1983 2141
1983 2290
1983 2471
1983 2491
1983 3074
1983 4054
1983 4289
1983 4339
1983 4540
1983 4692
1983 4766
1983 4956
1983 4970
1984 2053
1984 2072
1984 2326
1984 2392
1984 2449
1984 2547
1984 2580
1984 2791
1984 2836
1984 2871
1984 3157
1984 4216
1984 4224
1984 4296
1984 4333
1984 4441
1984 4461
1984 4620
1984 4770
1984 4868
1985 2107
1985 2310
1985 2587
1985 2592
1985 2654
1985 2661
1985 2924
1985 3171
1985 3311
1985 3562
1985 4500
1985 4631
1985 4673
1985 4759
1985 4782
1985 4847
1986 2028
1986 2187
1986 2204
1986 2396
1986 2479
1986 2508
1986 2564
1986 2750
1986 2796
1986 3053
1986 3056
1986 3182
1986 3713
1986 3868
1986 4125
1986 4162
1986 4325
1986 4783
1986 4854
1986 4900
1986 4953
1987 2000
1987 2366
1987 2380
1987 2470
1987 2492
1987 2659
1987 2751
1987 2773
1987 3080
1987 3155
1987 3163
1987 3536
1987 3664
1987 4040
1987 4114
1987 4258
1987 4395
1987 4650
1987 4773
1987 4825
1987 4976
1988 2014
1988 2368
1988 2493
1988 2516
1988 2582
1988 2620
1988 3138
1988 3291
1988 3353
1988 3558
1988 3678
1988 3683
1988 3718
1988 4023
1988 4079
1988 4152
1988 4796
1988 4858
1988 4912
1988 4915
1989 1999
1989 2040
1989 2362
1989 2888
1989 3253
1989 3621
1989 3829
1989 3867
1989 3940
1989 4197
1989 4430
1989 4662
1989 4721
1989 4929
1990 2112
1990 2354
1990 2422
1990 2663
1990 2893
1990 3046
1990 3282
1990 3820
1990 4196
1990 4198
1990 4236
1990 4625
1990 4636
1990 4672
1990 4738
1990 4896
1990 4951
1991 2184
1991 2479
1991 2553
1991 2794
1991 2909
1991 2957
1991 3017
1991 3232
1991 3240
1991 3249
1991 3410
1991 3520
1991 3622
1991 4115
1991 4384
1991 4414
1991 4461
1991 4484
1991 4547
1991 4614
1991 4640
1991 4789
1991 4999
1992 2220
1992 2437
1992 2610
1992 2787
1992 2915
1992 3263
1992 3381
1992 3424
1992 3444
1992 3448
1992 3513
1992 3625
1992 3654
1992 3675
1992 3846
1992 3856
1992 4335
1992 4500
1992 4522
1992 4538
1992 4684
1992 4948
1993 2129
1993 2341
1993 2449
1993 2512
1993 2514
1993 2908
1993 3275
1993 3364
1993 3368
1993 3796
1993 3854
1993 3899
1993 4139
1993 4305
1993 4351
1993 4361
1993 4548
1993 4565
1993 4999
1994 2102
1994 2178
1994 2193
1994 2469
1994 2732
1994 2817
1994 2959
1994 3159
1994 3242
1994 3888
1994 4180
1994 4367
1994 4440
1994 4449
1994 4506
1994 4613
1994 4641
1994 4642
1994 4678
1994 4788
1994 4806
1994 4902
1995 2217
1995 2403
1995 2461
1995 2484
1995 2699
1995 2935
1995 2955
1995 3257
1995 3275
1995 3345
1995 3395
1995 3455
1995 3756
1995 3826
1995 3860
1995 3980
1995 4423
1995 4682
1995 4720
1995 4814
1995 4953
1996 2013
1996 2031
1996 2160
1996 2255
1996 2443
1996 2646
1996 2710
1996 2810
1996 2911
1996 2951
1996 3028
1996 3285
1996 3336
1996 3777
1996 4235
1996 4493
1996 4919
1996 4935
1996 4957
1997 2099
1997 2161
1997 2556
1997 2619
1997 2804
1997 4004
1997 4037
1997 4079
1997 4137
1997 4214
1997 4329
1997 4921
1998 2180
1998 2322
1998 2381
1998 2451
1998 2456
1998 2518
1998 2735
1998 3088
1998 3214
1998 3330
1998 3438
1998 3574
1998 3664
1998 3741
1998 4019
1998 4291
1998 4391
1998 4532
1998 4650
1998 4716
1998 4771
1998 4901
1999 2290
1999 2652
1999 2667
1999 2878
1999 3005
1999 3231
1999 3248
1999 3793
1999 3968
1999 4060
1999 4073
1999 4354
1999 4432
1999 4578
1999 4687
2000 2053
2000 2339
2000 2771
2000 3802
2000 3870
2000 3885
2000 4093
2000 4131
2000 4417
2000 4443
2000 4798
2001 2151
2001 2214
2001 2481
2001 2526
2001 2616
2001 2677
2001 2739
2001 2744
2001 2870
2001 3012
2001 3126
2001 3166
2001 3428
2001 3480
2001 3611
2001 3723
2001 3725
2001 3758
2001 4010
2001 4267
2001 4323
2001 4350
2001 4646
2001 4743
2001 4988
2002 2075
2002 2559
2002 2587
2002 2729
2002 2900
2002 2939
2002 2983
2002 3113
2002 3202
2002 3308
2002 3320
2002 3346
2002 3437
2002 3475
2002 3485
2002 3527
2002 3605
2002 3672
2002 3913
2002 3932
2002 4074
2002 4121
2002 4218
2002 4340
2003 2073
2003 2123
2003 2373
2003 2386
2003 2524
2003 2690
2003 2727
2003 2847
2003 3124
2003 3237
2003 3342
2003 3375
2003 3442
2003 4028
2003 4115
2003 4535
2003 4697
2004 2237
2004 2250
2004 2310
2004 2401
2004 2414
2004 2474
2004 2489
2004 2493
2004 2622
2004 2825
2004 2826
2004 2842
2004 2914
2004 3057
2004 3062
2004 3457
2004 3484
2004 3822
2004 4367
2004 4409
2004 4648
2004 4968
2004 4979
2005 2074
2005 2132
2005 2189
2005 2462
2005 2488
2005 2662
2005 2772
2005 2814
2005 3062
2005 3285
2005 3326
2005 3429
2005 3593
2005 3710
2005 3718
2005 3810
2005 3814
2005 3882
2005 3972
2006 2087
2006 2150
2006 2430
2006 3037
2006 3118
2006 3354
2006 3424
2006 3565
2006 3589
2006 3757
2006 3971
2006 4083
2006 4136
2006 4143
2006 4165
2006 4191
2006 4229
2006 4368
2006 4565
2006 4584
2006 4696
2006 4953
2007 2118
2007 2183
2007 2288
2007 2419
2007 2567
2007 2823
2007 2851
2007 3129
2007 3215
2007 3643
2007 3758
2007 3872
2007 3907
2007 4064
2007 4081
2007 4288
2007 4480
2007 4521
2007 4655
2007 4730
2007 4784
2007 4800
2007 4820
2008 2148
2008 2326
2008 2490
2008 2509
2008 2583
2008 2759
2008 2811
2008 2954
2008 3133
2008 3146
2008 3376
2008 3589
2008 3971
2008 4000
2008 4229
2008 4331
2008 4730
2008 4754
2008 4972
2009 2296
2009 2312
2009 2457
2009 2491
2009 2625
2009 2773
2009 2968
2009 3058
2009 3106
2009 3228
2009 3250
2009 3320
2009 3585
2009 3604
2009 3670
2009 4097
2009 4602
2009 4710
2009 4875
2010 2066
2010 2210
2010 2219
2010 2387
2010 2409
2010 2446
2010 2568
2010 2742
2010 2771
2010 2932
2010 3049
2010 3067
2010 3254
2010 3279
2010 3402
2010 3674
2010 3888
2010 4091
2010 4359
2010 4814
2011 2366
2011 2572
2011 2575
2011 2640
2011 2885
2011 3075
2011 3159
2011 3202
2011 3253
2011 3362
2011 3652
2011 3707
2011 3726
2011 3732
2011 3850
2011 4382
2011 4488
2011 4607
2011 4652
2011 4810
2011 4931
2012 2029
2012 2122
2012 2418
2012 2531
2012 2672
2012 2686
2012 2844
2012 2923
2012 3216
2012 3571
2012 3628
2012 3728
2012 3847
2012 3887
2012 3926
2012 3940
2012 3985
2012 4019
2012 4026
2012 4142
2012 4460
2012 4464
2012 4809
2012 4844
2012 4954
2013 2055
2013 2291
2013 2427
2013 2531
2013 2613
2013 3169
2013 3735
2013 3820
2013 3970
2013 3995
2013 4040
2013 4045
2013 4613
2013 4685
2013 4833
2013 4888
2013 4898
2013 4955
2013 4958
2014 2140
2014 2487
2014 2542
2014 2647
2014 2762
2014 2805
2014 2892
2014 3250
2014 3277
2014 3434
2014 3609
2014 3767
2014 3853
2014 3867
2014 3980
2014 4103
2014 4219
2014 4441
2014 4466
2014 4680
2015 2112
2015 2148
2015 2286
2015 2315
2015 2394
2015 2422
2015 2428
2015 2434
2015 2569
2015 2660
2015 2881
2015 2957
2015 3299
2015 3404
2015 3524
2015 3655
2015 3675
2015 4107
2015 4118
2015 4197
2015 4403
2015 4438
2015 4617
2015 4864
2015 4950
2016 2138
2016 2489
2016 2611
2016 2750
2016 2798
2016 3001
2016 3109
2016 3149
2016 3241
2016 3321
2016 3348
2016 3387
2016 3595
2016 3643
2016 3812
2016 3851
2016 4219
2016 4313
2016 4493
2016 4661
2016 4703
2016 4767
2016 4922
2017 2114
2017 2247
2017 2476
2017 2773
2017 2791
2017 3193
2017 3654
2017 3667
2017 4247
2017 4252
2017 4394
2017 4546
2017 4564
2017 4643
2017 4894
2018 2129
2018 2366
2018 2447
2018 2602
2018 2641
2018 2675
2018 2797
2018 2876
2018 2945
2018 2951
2018 3041
2018 3126
2018 3217
2018 3252
2018 3682
2018 4285
2018 4448
2018 4585
2019 2128
2019 2370
2019 2410
2019 2462
2019 2821
2019 3126
2019 3691
2019 3764
2019 3944
2019 3972
2019 4059
2019 4067
2019 4145
2019 4229
2019 4380
2019 4454
2019 4618
2019 4791
2019 4840
2019 4860
2020 2450
2020 2630
2020 2762
2020 2860
2020 2977
2020 2980
2020 3007
2020 3393
2020 3434
2020 3444
2020 3774
2020 3790
2020 4118
2020 4119
2020 4292
2020 4359
2020 4411
2020 4656
2021 2188
2021 2227
2021 2421
2021 2479
2021 2482
2021 2826
2021 2927
2021 2929
2021 3191
2021 3259
2021 3604
2021 3622
2021 3684
2021 3703
2021 3973
2021 4136
2021 4305
2021 4508
2021 4538
2021 4788
2021 4875
2021 4894
2021 4963
2022 2110
2022 2139
2022 2161
2022 2174
2022 2292
2022 2338
2022 2590
2022 2941
2022 2999
2022 3082
2022 3251
2022 3292
2022 3796
2022 4080
2022 4105
2022 4143
2022 4167
2022 4308
2022 4460
2022 4473
2023 2060
2023 2160
2023 3147
2023 3148
2023 3175
2023 3214
2023 3271
2023 3652
2023 3732
2023 4314
2023 4323
2023 4553
2023 4597
2023 4865
2024 2098
2024 2299
2024 2323
2024 2444
2024 2447
2024 2735
2024 2737
2024 3084
2024 3099
2024 3105
2024 3372
2024 3422
2024 3455
2024 3997
2024 4189
2024 4442
2024 4515
2024 4576
2024 4737
2024 4925
2025 2661
2025 2788
2025 2947
2025 2961
2025 3066
2025 3227
2025 3262
2025 3290
2025 3415
2025 3452
2025 3938
2025 4093
2025 4207
2025 4295
2025 4718
2025 4747
2025 4784
2025 4797
2026 2036
2026 2293
2026 2355
2026 2465
2026 2959
2026 3072
2026 3367
2026 3418
2026 3563
2026 3655
2026 3766
2026 3934
2026 4097
2026 4248
2026 4429
2026 4448
2026 4558
2027 2166
2027 2201
2027 2225
2027 2332
2027 2355
2027 2621
2027 2847
2027 3041
2027 3435
2027 3843
2027 4038
2027 4433
2027 4725
2027 4789
2028 2037
2028 2254
2028 2325
2028 2441
2028 2508
2028 2610
2028 2686
2028 2772
2028 2880
2028 2985
2028 3147
2028 3465
2028 3531
2028 3644
2028 3654
2028 3914
2028 4120
2028 4275
2028 4568
2028 4587
2028 4752
2028 4898
2029 2155
2029 2190
2029 2459
2029 2494
2029 2638
2029 2744
2029 3036
2029 3317
2029 3451
2029 3508
2029 3663
2029 3865
2029 3881
2029 3991
2029 4123
2029 4136
2029 4300
2029 4582
2029 4663
2029 4972
2029 4981
2030 2081
2030 2435
2030 2650
2030 2772
2030 3010
2030 3200
2030 3408
2030 3665
2030 3815
2030 4339
2030 4398
2030 4421
2030 4474
2030 4917
2031 2131
2031 2396
2031 2451
2031 2551
2031 2773
2031 2828
2031 2851
2031 3002
2031 3174
2031 3832
2031 3904
2031 4122
2031 4224
2031 4430
2031 4581
2031 4582
2031 4588
2031 4644
2031 4751
2031 4895
2032 2275
2032 2349
2032 2831
2032 3001
2032 3041
2032 3056
2032 3085
2032 3178
2032 3435
2032 3473
2032 3577
2032 3596
2032 3677
2032 3924
2032 3968
2032 3971
2032 4079
2032 4671
2032 4981
2033 2130
2033 2290
2033 3289
2033 3436
2033 3505
2033 3577
2033 3650
2033 4015
2033 4269
2033 4350
2033 4484
2033 4546
2033 4894
2033 4913
2034 2108
2034 2389
2034 2597
2034 2791
2034 2965
2034 3222
2034 3235
2034 3445
2034 3647
2034 3779
2034 3934
2034 4001
2034 4083
2034 4232
2034 4889
2034 4904
2034 4962
2034 4972
2034 4991
2035 2125
2035 2204
2035 2746
2035 3017
2035 3037
2035 3058
2035 3075
2035 3116
2035 3807
2035 3941
2035 4180
2035 4248
2035 4490
2035 4527
2035 4668
2035 4669
2035 4754
2035 4903
2036 2065
2036 2214
2036 2702
2036 2856
2036 3029
2036 3046
2036 3370
2036 3423
2036 3429
2036 3658
2036 3738
2036 4161
2036 4214
2036 4324
2036 4425
2036 4643
2036 4875
2037 2103
2037 2291
2037 2686
2037 2783
2037 2813
2037 3018
2037 3763
2037 3837
2037 3894
2037 4044
2037 4145
2037 4275
2037 4324
2037 4406
2037 4417
2037 4636
2037 4824
2037 4886
2037 4986
2037 4992
2038 2072
2038 2144
2038 2288
2038 2437
2038 2696
2038 2705
2038 2747
2038 2869
2038 3222
2038 3374
2038 3765
2038 3832
2038 3944
2038 4069
2038 4292
2038 4399
2038 4770
2038 4785
2038 4860
2038 4945
2039 2113
2039 2277
2039 2389
2039 2670
2039 2906
2039 3047
2039 3234
2039 3290
2039 3383
2039 3577
2039 3665
2039 3707
2039 3812
2039 3897
2039 4119
2039 4234
2039 4535
2039 4676
2040 2569
2040 2676
2040 2715
2040 2745
2040 3048
2040 3135
2040 3227
2040 3313
2040 3334
2040 3369
2040 3534
2040 3549
2040 4009
2040 4104
2040 4129
2040 4177
2040 4264
2040 4642
2040 4868
2040 4964
2041 2530
2041 2560
2041 2614
2041 2788
2041 2789
2041 3371
2041 3460
2041 3788
2041 3878
2041 4223
2041 4269
2041 4321
2041 4415
2041 4607
2041 4623
2041 4762
2041 4903
2042 2059
2042 2087
2042 2126
2042 2544
2042 2645
2042 2658
2042 2662
2042 2728
2042 2852
2042 3112
2042 4183
2042 4371
2042 4413
2042 4542
2042 4838
2043 2139
2043 2374
2043 2988
2043 3061
2043 3508
2043 3756
2043 3907
2043 3931
2043 4011
2043 4085
2043 4195
2043 4215
2043 4281
2043 4286
2043 4339
2043 4477
2043 4682
2043 4909
2044 2112
2044 2215
2044 2223
2044 2241
2044 2253
2044 2346
2044 2754
2044 2867
2044 3152
2044 3668
2044 4353
2044 4696
2044 4720
2044 4742
2044 4998
2045 2172
2045 2337
2045 2449
2045 2959
2045 2999
2045 3000
2045 3156
2045 3225
2045 3339
2045 3660
2045 3876
2045 4321
2045 4527
2045 4583
2045 4951
2046 2170
2046 2189
2046 2195
2046 2453
2046 2496
2046 2589
2046 2622
2046 3255
2046 3440
2046 3607
2046 3698
2046 3799
2046 3800
2046 3907
2046 3953
2046 4058
2046 4621
2046 4759
2046 4776
2047 2083
2047 2094
2047 2128
2047 2280
2047 2418
2047 2422
2047 2489
2047 2615
2047 2909
2047 3234
2047 3290
2047 3451
2047 3801
2047 4260
2047 4308
2047 4412
2047 4534
2047 4711
2047 4812
2048 2102
2048 2143
2048 2625
2048 2772
2048 2847
2048 2895
2048 2935
2048 3051
2048 3079
2048 3117
2048 3148
2048 3757
2048 3918
2048 4046
2048 4067
2048 4092
2048 4303
2048 4442
2048 4702
2048 4945
2049 2065
2049 2097
2049 2132
2049 2236
2049 2244
2049 2898
2049 2902
2049 3409
2049 3784
2049 3836
2049 4050
2049 4071
2049 4202
2049 4346
2049 4588
2049 4782
2049 4844
2050 2061
2050 2401
2050 2546
2050 2563
2050 2583
2050 2670
2050 2699
2050 2912
2050 2962
2050 3019
2050 3111
2050 3199
2050 3345
2050 3405
2050 3688
2050 3799
2050 4025
2050 4520
2050 4590
2050 4610
2050 4900
2051 2364
2051 2519
2051 2535
2051 2749
2051 2802
2051 2880
2051 3290
2051 3336
2051 3711
2051 3712
2051 4007
2051 4022
2051 4100
2051 4104
2051 4123
2051 4164
2051 4250
2051 4507
2051 4526
2051 4708
2051 4878
2052 2224
2052 2465
2052 2798
2052 2991
2052 3140
2052 3175
2052 3307
2052 3425
2052 3893
2052 4102
2052 4145
2052 4237
2052 4448
2052 4528
2052 4634
2052 4769
2052 4792
2052 4872
2052 4923
2053 2116
2053 2192
2053 2229
2053 2450
2053 2595
2053 2663
2053 2954
2053 3023
2053 3148
2053 3380
2053 3474
2053 3486
2053 3487
2053 3600
2053 3601
2053 3653
2053 3677
2053 3700
2053 3726
2053 3755
2053 3838
2053 4026
2053 4167
2053 4574
2053 4645
2053 4759
2053 4817
2054 2313
2054 2807
2054 2833
2054 3083
2054 3370
2054 3850
2054 4480
2054 4588
2054 4622
2054 4840
2055 2225
2055 2393
2055 2418
2055 2641
2055 2708
2055 2741
2055 2768
2055 3001
2055 3295
2055 3396
2055 3412
2055 3834
2055 3842
2055 3929
2055 4022
2055 4023
2055 4109
2055 4148
2055 4383
2056 2110
2056 2346
2056 2383
2056 2572
2056 2594
2056 2614
2056 2673
2056 2925
2056 3265
2056 3620
2056 3654
2056 3788
2056 4134
2056 4289
2056 4438
2056 4656
2056 4783
2056 4877
2056 4878
2057 2095
2057 2158
2057 2187
2057 2357
2057 2410
2057 2453
2057 2556
2057 2654
2057 2693
2057 2741
2057 2778
2057 2787
2057 2870
2057 2948
2057 3013
2057 3124
2057 3428
2057 3892
2057 4044
2057 4107
2057 4189
2057 4319
2057 4685
2057 4696
2058 2093
2058 2152
2058 2273
2058 2446
2058 2524
2058 2607
2058 3038
2058 3147
2058 3161
2058 3441
2058 3635
2058 3820
2058 3896
2058 4197
2058 4306
2058 4580
2058 4659
2058 4864
2059 2159
2059 2192
2059 2656
2059 2824
2059 3123
2059 3172
2059 3617
2059 3932
2059 4082
2059 4254
2059 4949
2059 4971
2060 2513
2060 2916
2060 3187
2060 3240
2060 3401
2060 3470
2060 3655
2060 3752
2060 3765
2060 3882
2060 3922
2060 3940
2060 3957
2060 4067
2060 4285
2060 4309
2060 4354
2060 4460
2060 4690
2060 4734
2060 4957
2061 2746
2061 2758
2061 3055
2061 3154
2061 3247
2061 3271
2061 3690
2061 3875
2061 4001
2061 4096
2061 4462
2061 4497
2061 4649
2061 4789
2061 4828
2061 4860
2061 4999
2062 2171
2062 2213
2062 2277
2062 2314
2062 2369
2062 2417
2062 2610
2062 2819
2062 2934
2062 2969
2062 3101
2062 3113
2062 3115
2062 3119
2062 3276
2062 3666
2062 3729
2062 3863
2062 4127
2062 4176
2062 4185
2062 4349
2062 4430
2062 4810
2062 4852
2062 4873
2063 2129
2063 2330
2063 2430
2063 2573
2063 2602
2063 2641
2063 2816
2063 2964
2063 2971
2063 3114
2063 3301
2063 3493
2063 3520
2063 3561
2063 4095
2063 4391
2063 4659
2063 4776
2063 4977
2064 2069
2064 2101
2064 2288
2064 2309
2064 2524
2064 2944
2064 3010
2064 3068
2064 3251
2064 3265
2064 3326
2064 3486
2064 4129
2064 4512
2064 4516
2065 2104
2065 2182
2065 2223
2065 2234
2065 2285
2065 2354
2065 2370
2065 2545
2065 2836
2065 2861
2065 2911
2065 3265
2065 3314
2065 3429
2065 3653
2065 3737
2065 3812
2065 3943
2065 4305
2065 4339
2065 4391
2065 4939
2065 4963
2066 2565
2066 2689
2066 2782
2066 2980
2066 3066
2066 3330
2066 3586
2066 3605
2066 3693
2066 3934
2066 4211
2066 4579
2066 4620
2066 4807
2066 4864
2067 2097
2067 2343
2067 2358
2067 2483
2067 2607
2067 2676
2067 2770
2067 2804
2067 3152
2067 3965
2067 3982
2067 3995
2067 4064
2067 4133
2067 4204
2067 4310
2067 4396
2067 4905
2068 2193
2068 2476
2068 2698
2068 2740
2068 2894
2068 3107
2068 3116
2068 3155
2068 3327
2068 3508
2068 3620
2068 3621
2068 3760
2068 3910
2068 4029
2068 4233
2068 4246
2068 4294
2068 4331
2068 4342
2068 4600
2068 4678
2068 4983
2069 2084
2069 2301
2069 2304
2069 2753
2069 2772
2069 2841
2069 2949
2069 3181
2069 3258
2069 3269
2069 3527
2069 3571
2069 3632
2069 4008
2069 4142
2069 4490
2069 4496
2069 4706
2069 4948
2070 2149
2070 2168
2070 2183
2070 2218
2070 2396
2070 2445
2070 2557
2070 3034
2070 3084
2070 3185
2070 3356
2070 3362
2070 3546
2070 3613
2070 3858
2070 4014
2070 4191
2070 4497
2070 4754
2071 2104
2071 2192
2071 2476
2071 2699
2071 2778
2071 2902
2071 3030
2071 3098
2071 3288
2071 3435
2071 3526
2071 3648
2071 3803
2071 4278
2071 4683
2071 4950
2072 2104
2072 2291
2072 2339
2072 2570
2072 2601
2072 2893
2072 3214
2072 3297
2072 3430
2072 3671
2072 3931
2072 4707
2072 4884
2072 4925
2073 2197
2073 2211
2073 2234
2073 2504
2073 2632
2073 2685
2073 2709
2073 3048
2073 3274
2073 3278
2073 3344
2073 3741
2073 3856
2073 3955
2073 3975
2073 4031
2073 4123
2073 4124
2073 4142
2073 4283
2073 4294
2073 4536
2073 4593
2074 2422
2074 2465
2074 2536
2074 2648
2074 2799
2074 3281
2074 3380
2074 3670
2074 3934
2074 4253
2074 4494
2074 4507
2074 4548
2074 4782
2074 4892
2075 2098
2075 2315
2075 2353
2075 2578
2075 2718
2075 2823
2075 3137
2075 3550
2075 3621
2075 3657
2075 4079
2075 4297
2075 4306
2075 4568
2075 4703
2075 4726
2076 2286
2076 2451
2076 2577
2076 2885
2076 3161
2076 3163
2076 3277
2076 3480
2076 3613
2076 4215
2076 4403
2076 4809
2076 4854
2076 4900
2076 4910
2077 2278
2077 2310
2077 2321
2077 2452
2077 2510
2077 2619
2077 3156
2077 3710
2077 4069
2077 4093
2077 4273
2077 4557
2077 4815
2077 4917
2077 4919
2078 2236
2078 2262
2078 2544
2078 2802
2078 2830
2078 3061
2078 3342
2078 3360
2078 3408
2078 3424
2078 3497
2078 3817
2078 3879
2078 3987
2078 4355
2078 4734
2079 2159
2079 2265
2079 2297
2079 2299
2079 2560
2079 2588
2079 2881
2079 2975
2079 3058
2079 3095
2079 3217
2079 3276
2079 3571
2079 4130
2079 4168
2079 4321
2079 4329
2079 4374
2079 4461
2079 4645
2079 4689
2079 4763
2079 4966
2080 2462
2080 2551
2080 2784
2080 2887
2080 2908
2080 2945
2080 3228
2080 3261
2080 3630
2080 3710
2080 3875
2080 3965
2080 3969
2080 4086
2080 4737
2080 4806
2081 2093
2081 2367
2081 2392
2081 2449
2081 2627
2081 2635
2081 2976
2081 3635
2081 3647
2081 3793
2081 4167
2081 4362
2081 4414
2081 4515
2081 4615
2081 4748
2082 2248
2082 2252
2082 2413
2082 2426
2082 2626
2082 2642
2082 2865
2082 2978
2082 3043
2082 3060
2082 3111
2082 3264
2082 3325
2082 3426
2082 3504
2082 3577
2082 4060
2082 4297
2082 4329
2082 4372
2082 4507
2082 4520
2083 2094
2083 2453
2083 3031
2083 3104
2083 3204
2083 3346
2083 3415
2083 3515
2083 3616
2083 3669
2083 3835
2083 3950
2083 4170
2083 4275
2083 4394
2083 4456
2083 4488
2083 4684
2083 4824
2083 4968
2084 2165
2084 2257
2084 2401
2084 2659
2084 2733
2084 2795
2084 3136
2084 3195
2084 3317
2084 3320
2084 3333
2084 3431
2084 4339
2084 4404
2084 4750
2084 4972
2085 2126
2085 2165
2085 2265
2085 2292
2085 2514
2085 2670
2085 2765
2085 2926
2085 2942
2085 2994
2085 3056
2085 3100
2085 3121
2085 3648
2085 3780
2085 3823
2085 3885
2085 3952
2085 3981
2085 4066
2085 4307
2085 4420
2085 4498
2085 4804
2086 2630
2086 2711
2086 2984
2086 3134
2086 3149
2086 3239
2086 3299
2086 4160
2086 4226
2086 4362
2086 4363
2086 4527
2086 4733
2086 4741
2087 2459
2087 2474
2087 2658
2087 2748
2087 2943
2087 3607
2087 3637
2087 3824
2087 4065
2087 4117
2087 4130
2087 4144
2087 4190
2087 4237
2087 4891
2088 2217
2088 2389
2088 2414
2088 2494
2088 2560
2088 2703
2088 2776
2088 2821
2088 2884
2088 3055
2088 3576
2088 3755
2088 4040
2088 4125
2088 4217
2088 4592
2088 4703
2088 4778
2088 4993
2089 2274
2089 2481
2089 2639
2089 2698
2089 2917
2089 3061
2089 3180
2089 3448
2089 3765
2089 3828
2089 4265
2089 4443
2089 4503
2089 4591
2089 4823
2089 4827
2089 4952
2089 4956
2090 2217
2090 2267
2090 2276
2090 2429
2090 2554
2090 2559
2090 2586
2090 2851
2090 3436
2090 3549
2090 3779
2090 3791
2090 4209
2090 4342
2090 4445
2090 4655
2090 4863
2090 4926
2090 4954
2091 2532
2091 2619
2091 2686
2091 2977
2091 3118
2091 3625
2091 3662
2091 3734
2091 3768
2091 3804
2091 3839
2091 3849
2091 3850
2091 4135
2091 4174
2091 4277
2092 2217
2092 2243
2092 2470
2092 2536
2092 2668
2092 3318
2092 3581
2092 3771
2092 3831
2092 3904
2092 3906
2092 3986
2092 4095
2092 4348
2092 4843
2092 4895
2092 4955
2093 2302
2093 2307
2093 2371
2093 2526
2093 2593
2093 3026
2093 3102
2093 3136
2093 3505
2093 3642
2093 3645
2093 3813
2093 4016
2093 4055
2093 4217
2093 4638
2093 4715
2093 4737
2093 4858
2093 4992
2094 2675
2094 2682
2094 3376
2094 3404
2094 3628
2094 3692
2094 3709
2094 3756
2094 3826
2094 4001
2094 4050
2094 4152
2094 4157
2094 4238
2094 4741
2094 4857
2094 4969
2095 2400
2095 2779
2095 2893
2095 3144
2095 3242
2095 3414
2095 3652
2095 3962
2095 4062
2095 4132
2095 4207
2095 4342
2095 4356
2095 4550
2095 4856
2095 4930
2096 2110
2096 2294
2096 2318
2096 2468
2096 2674
2096 2701
2096 2974
2096 3118
2096 3162
2096 3176
2096 3468
2096 3622
2096 4506
2096 4552
2096 4569
2096 4892
2096 4900
2097 2100
2097 2233
2097 2340
2097 2628
2097 2825
2097 3171
2097 3172
2097 3301
2097 3657
2097 3747
2097 3847
2097 3939
2097 4574
2098 2312
2098 2418
2098 2671
2098 2938
2098 3320
2098 3891
2098 3998
2098 4065
2098 4086
2098 4215
2098 4301
2098 4306
2098 4404
2098 4424
2098 4471
2098 4655
2099 2169
2099 2359
2099 2391
2099 2447
2099 2467
2099 2773
2099 2813
2099 2970
2099 3044
2099 3453
2099 3513
2099 3526
2099 3741
2099 3904
2099 3911
2099 3940
2099 4088
2099 4341
2099 4591
2099 4845
2100 2448
2100 2523
2100 2594
2100 3013
2100 3139
2100 3861
2100 4199
2100 4305
2100 4330
2100 4333
2100 4386
2100 4547
2100 4763
2100 4904
2101 2262
2101 2648
2101 2793
2101 2925
2101 3161
2101 3216
2101 3336
2101 3404
2101 4022
2101 4309
2101 4326
2101 4566
2101 4722
2102 2376
2102 2569
2102 2574
2102 2663
2102 2956
2102 3359
2102 3413
2102 3506
2102 3943
2102 4101
2102 4282
2102 4490
2102 4746
2102 4854
2102 4928
2103 2547
2103 2613
2103 2861
2103 2863
2103 2869
2103 2891
2103 2974
2103 3066
2103 3235
2103 3317
2103 3378
2103 3380
2103 3552
2103 3863
2103 3972
2103 4001
2103 4134
2103 4206
2103 4229
2103 4363
2103 4622
2103 4848
2104 2138
2104 2169
2104 2259
2104 2301
2104 2345
2104 2697
2104 2748
2104 3186
2104 3296
2104 3585
2104 3881
2104 4264
2104 4629
2104 4973
2105 2208
2105 2215
2105 2643
2105 2916
2105 3008
2105 3041
2105 3086
2105 3126
2105 3261
2105 3405
2105 3561
2105 3791
2105 4020
2105 4073
2105 4210
2105 4306
2105 4312
2105 4352
2105 4452
2105 4775
2105 4985
2106 2702
2106 2732
2106 2742
2106 2967
2106 3206
2106 3522
2106 3681
2106 3871
2106 3947
2106 4126
2106 4265
2106 4670
2106 4702
2106 4711
2106 4724
2106 4880
2107 2171
2107 2309
2107 2362
2107 2388
2107 2506
2107 2537
2107 2782
2107 2980
2107 3089
2107 3139
2107 3233
2107 3280
2107 3391
2107 3501
2107 3550
2107 3656
2107 4321
2107 4557
2107 4642
2107 4646
2107 4937
2107 4958
2108 2172
2108 2193
2108 3146
2108 3197
2108 3200
2108 3235
2108 3406
2108 4339
2108 4581
2108 4602
2108 4699
2108 4807
2109 2127
2109 2153
2109 2208
2109 2333
2109 2881
2109 3091
2109 3713
2109 3834
2109 3907
2109 3932
2109 4128
2109 4264
2109 4580
2109 4753
2110 2522
2110 2869
2110 2963
2110 3027
2110 3162
2110 3196
2110 3261
2110 3646
2110 3689
2110 3693
2110 3696
2110 3930
2110 3972
2110 4386
2110 4472
2110 4744
2110 4992
2111 2194
2111 2270
2111 2390
2111 2474
2111 2762
2111 3010
2111 3026
2111 3590
2111 3619
2111 4174
2111 4379
2111 4385
2111 4738
2111 4749
2111 4819
2111 4860
2111 4863
2111 4884
2112 2142
2112 2162
2112 2435
2112 2661
2112 2728
2112 3102
2112 3195
2112 3656
2112 4112
2112 4432
2112 4541
2112 4589
2112 4640
2112 4954
2113 2126
2113 2193
2113 2230
2113 2246
2113 2604
2113 3338
2113 3452
2113 3459
2113 3732
2113 3754
2113 3852
2113 4098
2113 4217
2113 4507
2113 4750
2113 4868
2113 4993
2113 4995
2114 2198
2114 2201
2114 2219
2114 2522
2114 3218
2114 3275
2114 3285
2114 3771
2114 3801
2114 3814
2114 3938
2114 4125
2114 4420
2114 4531
2114 4951
2114 4997
2115 2475
2115 3065
2115 3213
2115 3373
2115 3656
2115 3686
2115 4157
2115 4209
2115 4264
2115 4281
2115 4595
2115 4695
2115 4730
2115 4768
2115 4797
2115 4881
2116 2159
2116 2171
2116 2436
2116 2480
2116 2575
2116 2876
2116 2924
2116 3896
2116 3957
2116 4300
2116 4374
2116 4436
2116 4454
2116 4602
2117 2287
2117 2639
2117 2940
2117 2961
2117 3026
2117 3178
2117 3198
2117 3253
2117 3360
2117 3498
2117 3529
2117 3653
2117 3786
2117 4022
2117 4081
2117 4245
2117 4624
2117 4710
2117 4813
2117 4862
2117 4873
2117 4987
2118 2215
2118 2486
2118 2536
2118 2733
2118 2795
2118 2804
2118 2963
2118 3160
2118 3297
2118 3333
2118 3357
2118 3505
2118 3652
2118 3699
2118 3722
2118 3746
2118 4021
2118 4121
2118 4291
2118 4665
2118 4962
2118 4994
2119 2229
2119 2379
2119 2390
2119 2432
2119 2549
2119 2700
2119 2729
2119 2964
2119 3084
2119 3518
2119 3576
2119 3592
2119 3676
2119 3740
2119 4075
2119 4104
2119 4247
2119 4435
2119 4536
2119 4555
2119 4692
2119 4906
2119 4933
2120 2229
2120 2302
2120 2420
2120 2483
2120 2608
2120 2657
2120 2840
2120 3206
2120 3232
2120 3359
2120 3540
2120 3818
2120 3830
2120 3883
2120 4020
2120 4044
2120 4148
2120 4150
2120 4232
2120 4659
2120 4897
2121 2353
2121 2413
2121 2425
2121 2465
2121 2561
2121 2618
2121 2624
2121 2717
2121 2900
2121 2922
2121 3140
2121 3564
2121 3729
2121 4004
2121 4111
2121 4447
2121 4533
2121 4694
2121 4821
2122 2313
2122 2339
2122 2857
2122 2883
2122 3653
2122 4222
2122 4336
2122 4542
2122 4691
2122 4822
2122 4858
2122 4885
2123 2317
2123 2465
2123 2755
2123 2778
2123 2999
2123 3089
2123 3092
2123 3248
2123 3528
2123 3550
2123 3675
2123 3971
2123 3986
2123 4017
2123 4290
2123 4908
2123 4991
2124 2209
2124 2290
2124 2347
2124 2746
2124 2760
2124 2804
2124 3542
2124 3986
2124 4008
2124 4018
2124 4105
2124 4245
2124 4489
2124 4505
2124 4675
2124 4866
2125 2237
2125 2248
2125 2465
2125 2660
2125 2964
2125 3053
2125 3162
2125 3527
2125 3795
2125 3915
2125 3934
2125 3960
2125 4027
2125 4055
2125 4090
2125 4304
2125 4323
2125 4368
2125 4558
2125 4652
2125 4847
2126 2484
2126 2729
2126 3063
2126 3073
2126 3114
2126 3356
2126 3642
2126 3803
2126 3951
2126 3975
2126 4105
2126 4521
2126 4765
2126 4871
2127 2237
2127 2290
2127 2522
2127 3350
2127 3369
2127 3607
2127 3666
2127 3806
2127 3895
2127 3901
2127 4053
2127 4584
2127 4838
2127 4937
2128 2718
2128 2750
2128 2965
2128 3024
2128 3062
2128 3556
2128 3762
2128 3852
2128 3875
2128 3970
2128 4326
2128 4476
2128 4514
2128 4565
2128 4817
2129 2551
2129 2824
2129 2876
2129 3156
2129 3694
2129 3715
2129 3882
2129 4001
2129 4548
2129 4730
2129 4887
2130 2378
2130 2482
2130 2618
2130 2845
2130 2860
2130 3098
2130 3248
2130 3761
2130 3782
2130 4087
2130 4354
2130 4363
2130 4456
2130 4543
2130 4739
2131 2293
2131 2620
2131 3020
2131 3039
2131 3118
2131 3310
2131 3481
2131 3729
2131 3732
2131 3977
2131 4083
2131 4307
2131 4408
2131 4631
2131 4655
2131 4717
2132 2272
2132 2472
2132 2584
2132 3015
2132 3364
2132 3660
2132 3790
2132 4203
2132 4253
2132 4299
2132 4365
2132 4643
2132 4727
2132 4802
2133 2260
2133 2493
2133 2499
2133 2686
2133 2697
2133 2775
2133 2780
2133 3000
2133 3257
2133 3427
2133 3683
2133 3736
2133 3976
2133 4047
2133 4220
2133 4256
2133 4281
2133 4486
2133 4792
2133 4951
2134 2451
2134 2522
2134 2627
2134 2792
2134 3146
2134 3660
2134 3778
2134 3840
2134 4051
2134 4055
2134 4081
2134 4119
2134 4535
2134 4659
2134 4699
2135 2145
2135 2181
2135 2220
2135 2338
2135 2853
2135 3006
2135 3034
2135 3324
2135 3389
2135 3499
2135 3702
2135 4115
2135 4546
2135 4754
2135 4907
2136 2167
2136 2227
2136 2434
2136 2664
2136 2744
2136 3030
2136 3724
2136 3818
2136 3830
2136 4100
2136 4354
2136 4367
2136 4435
2136 4455
2136 4503
2136 4655
2136 4663
2136 4826
2136 4836
2136 4896
2137 2150
2137 2534
2137 3308
2137 3576
2137 3629
2137 3716
2137 3743
2137 3775
2137 3806
2137 3809
2137 3993
2137 4023
2137 4119
2137 4469
2137 4508
2137 4519
2137 4557
2137 4884
2138 2215
2138 2321
2138 2436
2138 2558
2138 2726
2138 2807
2138 2882
2138 2891
2138 2917
2138 3216
2138 3653
2138 3782
2138 3866
2138 4096
2138 4168
2138 4226
2138 4934
2139 2447
2139 2455
2139 2899
2139 2902
2139 2944
2139 2973
2139 3305
2139 3530
2139 3804
2139 4186
2139 4201
2139 4351
2139 4881
2140 2345
2140 2502
2140 2735
2140 3124
2140 3311
2140 3527
2140 3832
2140 3892
2140 3975
2140 4118
2140 4178
2140 4608
2140 4698
2140 4821
2140 4995
2140 4997
2141 2233
2141 2487
2141 2493
2141 2567
2141 2829
2141 3145
2141 3503
2141 3821
2141 3848
2141 3873
2141 4025
2141 4066
2141 4263
2141 4267
2141 4558
2141 4818
2142 2976
2142 3220
2142 3389
2142 3412
2142 3678
2142 3825
2142 4047
2142 4286
2142 4478
2142 4651
2142 4749
2142 4936
2142 4949
2143 2496
2143 2620
2143 2752
2143 3092
2143 3258
2143 3277
2143 3350
2143 3454
2143 3914
2143 4034
2143 4045
2143 4106
2143 4177
2143 4349
2143 4724
2143 4751
2143 4870
2144 2279
2144 2899
2144 3263
2144 3403
2144 3461
2144 3474
2144 3535
2144 3608
2144 3667
2144 4030
2144 4032
2144 4069
2144 4099
2144 4573
2144 4695
2144 4724
2144 4789
2144 4795
2145 2304
2145 2309
2145 2592
2145 2749
2145 2899
2145 3002
2145 3050
2145 3276
2145 3450
2145 3461
2145 3555
2145 3584
2145 3960
2145 4098
2145 4309
2145 4344
2145 4367
2146 2346
2146 2972
2146 2989
2146 3074
2146 3361
2146 3403
2146 3427
2146 3547
2146 3662
2146 4485
2146 4532
2146 4663
2146 4770
2146 4841
2146 4940
2147 2378
2147 2458
2147 2506
2147 2689
2147 2721
2147 2875
2147 3069
2147 3121
2147 3311
2147 3716
2147 3924
2147 3988
2147 4018
2147 4561
2147 4975
2148 2220
2148 2431
2148 2626
2148 3043
2148 3076
2148 3210
2148 3635
2148 3841
2148 4048
2148 4090
2148 4147
2148 4208
2148 4303
2148 4351
2148 4739
2148 4827
2148 4977
2149 2455
2149 2596
2149 2977
2149 3203
2149 3310
2149 3399
2149 3611
2149 3836
2149 4126
2149 4163
2149 4340
2149 4359
2149 4609
2149 4658
2149 4854
2150 2262
2150 2363
2150 2669
2150 2679
2150 3284
2150 3363
2150 3733
2150 3757
2150 4214
2150 4305
2150 4468
2150 4495
2150 4597
2150 4757
2151 2461
2151 2833
2151 3074
2151 3079
2151 3096
2151 3277
2151 3497
2151 3548
2151 3584
2151 3602
2151 3939
2151 4105
2151 4264
2151 4431
2151 4707
2151 4784
2152 2153
2152 2160
2152 2369
2152 2603
2152 2645
2152 3247
2152 3761
2152 3773
2152 3879
2152 3990
2152 4000
2152 4017
2152 4220
2152 4268
2152 4589
2152 4697
2152 4709
2153 2360
2153 2519
2153 3024
2153 3093
2153 3366
2153 3449
2153 3749
2153 3845
2153 4012
2153 4017
2153 4192
2153 4327
2153 4340
2154 2187
2154 2436
2154 2698
2154 2775
2154 3468
2154 3997
2154 4122
2154 4225
2154 4278
2154 4429
2154 4582
2154 4770
2155 2327
2155 2452
2155 2972
2155 3312
2155 3470
2155 3647
2155 3774
2155 4000
2155 4032
2155 4082
2155 4090
2155 4294
2155 4439
2155 4668
2155 4787
2155 4846
2155 4897
2156 2469
2156 2693
2156 2776
2156 3028
2156 3145
2156 3203
2156 3396
2156 3564
2156 3710
2156 4030
2156 4269
2156 4603
2156 4683
2156 4960
2157 2345
2157 2378
2157 2473
2157 2520
2157 2719
2157 2943
2157 2978
2157 3081
2157 3137
2157 3339
2157 3480
2157 3623
2157 3691
2157 3696
2157 3991
2157 4773
2158 2655
2158 2817
2158 3249
2158 3252
2158 3256
2158 3581
2158 3824
2158 4008
2158 4169
2158 4224
2158 4427
2158 4442
2158 4465
2158 4649
2159 2321
2159 2408
2159 2495
2159 2772
2159 3241
2159 3631
2159 3714
2159 4052
2159 4496
2159 4559
2159 4745
2159 4825
2159 4879
2159 4889
2160 2610
2160 2772
2160 3348
2160 3569
2160 3688
2160 3714
2160 3757
2160 3816
2160 4736
2160 4810
2161 2193
2161 2214
2161 2299
2161 2539
2161 2697
2161 2786
2161 2967
2161 3224
2161 3288
2161 3339
2161 3473
2161 4091
2161 4531
2161 4549
2161 4596
2161 4665
2161 4668
2162 2189
2162 2376
2162 2473
2162 2691
2162 2947
2162 3014
2162 3058
2162 3072
2162 3160
2162 3161
2162 3244
2162 3962
2162 4239
2162 4277
2162 4367
2162 4376
2162 4410
2162 4490
2162 4637
2162 4753
2162 4768
2162 4912
2162 4924
2162 4983
2163 2375
2163 2384
2163 2541
2163 2969
2163 3369
2163 3416
2163 3728
2163 3742
2163 3949
2163 3992
2163 4507
2163 4600
2163 4660
2163 4985
2164 2211
2164 2333
2164 2458
2164 2472
2164 2581
2164 2624
2164 2742
2164 2798
2164 2929
2164 3061
2164 3185
2164 3191
2164 3194
2164 3377
2164 3418
2164 3477
2164 3517
2164 3581
2164 3756
2164 4072
2164 4340
2164 4424
2164 4780
2164 4881
2165 2200
2165 2308
2165 2323
2165 2431
2165 2545
2165 3413
2165 3513
2165 3647
2165 3670
2165 3808
2165 4152
2165 4366
2165 4367
2165 4495
2165 4539
2165 4957
2166 2317
2166 2409
2166 2547
2166 2866
2166 3081
2166 3637
2166 3798
2166 3827
2166 3957
2166 3958
2166 3973
2166 4010
2166 4087
2166 4145
2166 4900
2167 2225
2167 2399
2167 2401
2167 2712
2167 2921
2167 3174
2167 3197
2167 3296
2167 3449
2167 3828
2167 3979
2167 4249
2167 4292
2167 4301
2167 4699
2167 4772
2168 2173
2168 2539
2168 2647
2168 2706
2168 2910
2168 2917
2168 3036
2168 3140
2168 3384
2168 3534
2168 3903
2168 3950
2168 3997
2168 4080
2168 4182
2168 4483
2168 4578
2168 4601
2168 4840
2169 2248
2169 2297
2169 2462
2169 2678
2169 2772
2169 2892
2169 3246
2169 3505
2169 3566
2169 3673
2169 3811
2169 3863
2169 3967
2169 3981
2169 4230
2169 4387
2169 4637
2169 4664
2169 4678
2169 4880
2169 4893
2170 2231
2170 2386
2170 2401
2170 2742
2170 3252
2170 3285
2170 3677
2170 3746
2170 3955
2170 4031
2170 4206
2170 4207
2170 4315
2170 4538
2170 4619
2170 4646
2170 4680
2171 2793
2171 3016
2171 3071
2171 3175
2171 3525
2171 3541
2171 3562
2171 3600
2171 4013
2171 4191
2171 4366
2171 4426
2171 4452
2171 4487
2171 4578
2171 4793
2171 4993
2172 2211
2172 2522
2172 2558
2172 2568
2172 2710
2172 2878
2172 3146
2172 3197
2172 3413
2172 3628
2172 3894
2172 4155
2172 4310
2172 4560
2172 4608
2172 4801
2172 4807
2172 4930
2173 2187
2173 2456
2173 2866
2173 2983
2173 2984
2173 3057
2173 3442
2173 3537
2173 3791
2173 3908
2173 3993
2173 4077
2173 4207
2174 2229
2174 2323
2174 2732
2174 2774
2174 3181
2174 3407
2174 3529
2174 3713
2174 3945
2174 3948
2174 4069
2174 4209
2174 4316
2174 4459
2174 4484
2174 4505
2174 4674
2174 4709
2174 4801
2175 2413
2175 2444
2175 2505
2175 2587
2175 2646
2175 2912
2175 2917
2175 2975
2175 3416
2175 3800
2175 3886
2175 3951
2175 4474
2175 4567
2176 2390
2176 2601
2176 2874
2176 2889
2176 2953
2176 3074
2176 3293
2176 3532
2176 3564
2176 3902
2176 3987
2176 4336
2176 4580
2176 4846
2176 4940
2177 2227
2177 2288
2177 2427
2177 2788
2177 2850
2177 2929
2177 3193
2177 3282
2177 3378
2177 3911
2177 3948
2177 3981
2177 4121
2177 4192
2177 4622
2177 4675
2177 4891
2177 4942
2177 4980
2178 2192
2178 2211
2178 2246
2178 2281
2178 2380
2178 2383
2178 2419
2178 2465
2178 2550
2178 2832
2178 3166
2178 3407
2178 3455
2178 3682
2178 3871
2178 4069
2178 4082
2178 4254
2178 4276
2178 4337
2178 4728
2178 4799
2178 4806
2178 4871
2178 4926
2179 2240
2179 2246
2179 2320
2179 2343
2179 2379
2179 2545
2179 2574
2179 2644
2179 2649
2179 2831
2179 3106
2179 3250
2179 3552
2179 3692
2179 3728
2179 3867
2179 3869
2179 3991
2179 4310
2179 4334
2179 4500
2179 4584
2179 4983
2180 2280
2180 2311
2180 2419
2180 2463
2180 2523
2180 2524
2180 2634
2180 2702
2180 2930
2180 3176
2180 3459
2180 3519
2180 4262
2180 4476
2180 4753
2180 4824
2181 2376
2181 2553
2181 2835
2181 2866
2181 2926
2181 2934
2181 2952
2181 3053
2181 3312
2181 3439
2181 3572
2181 4052
2181 4075
2181 4175
2181 4464
2181 4506
2181 4516
2181 4823
2182 2251
2182 2733
2182 2892
2182 2933
2182 2957
2182 3063
2182 3099
2182 3722
2182 3817
2182 4073
2182 4318
2182 4375
2182 4433
2182 4466
2182 4548
2182 4641
2182 4775
2182 4845
2183 2410
2183 2764
2183 2814
2183 2963
2183 3028
2183 3066
2183 3090
2183 3228
2183 3513
2183 4314
2183 4461
2183 4498
2183 4719
2184 2454
2184 2484
2184 2680
2184 2957
2184 3033
2184 3179
2184 3259
2184 3664
2184 3837
2184 3931
2184 3944
2184 3949
2184 3991
2184 3993
2184 4080
2184 4108
2184 4613
2184 4666
2185 2527
2185 2593
2185 3276
2185 3306
2185 3380
2185 3389
2185 3494
2185 3746
2185 3843
2185 3885
2185 4220
2185 4245
2185 4430
2185 4480
2185 4503
2185 4888
2186 2227
2186 2229
2186 2462
2186 2704
2186 2829
2186 2980
2186 3248
2186 3249
2186 3357
2186 3396
2186 3599
2186 3661
2186 3866
2186 3879
2186 4419
2186 4667
2186 4844
2186 4944
2186 4971
2187 2277
2187 2520
2187 2877
2187 3075
2187 3145
2187 3212
2187 3274
2187 3375
2187 3441
2187 3484
2187 3544
2187 3767
2187 3888
2187 4079
2187 4123
2187 4602
2187 4607
2188 2225
2188 2395
2188 2527
2188 2813
2188 2869
2188 3045
2188 3055
2188 3322
2188 3394
2188 3500
2188 3944
2188 3952
2188 3962
2188 4452
2188 4551
2188 4993
2189 2386
2189 2402
2189 2420
2189 2485
2189 2486
2189 2489
2189 2645
2189 2656
2189 2706
2189 3348
2189 3495
2189 3534
2189 3587
2189 3829
2189 4047
2189 4097
2189 4283
2189 4617
2189 4683
2189 4685
2189 4954
2190 2266
2190 2847
2190 2881
2190 2945
2190 2971
2190 3046
2190 3116
2190 3236
2190 3397
2190 3689
2190 3840
2190 4106
2190 4588
2190 4980
2191 2233
2191 2354
2191 2469
2191 2756
2191 3086
2191 3191
2191 3269
2191 3456
2191 3458
2191 3495
2191 3537
2191 3619
2191 3681
2191 3752
2191 4223
2191 4260
2191 4592
2191 4865
2192 2229
2192 2481
2192 2595
2192 3023
2192 3044
2192 3260
2192 3380
2192 3416
2192 3478
2192 3484
2192 3558
2192 3600
2192 3601
2192 3660
2192 3677
2192 3966
2192 4151
2192 4185
2192 4437
2192 4445
2192 4544
2192 4574
2192 4645
2192 4726
2192 4817
2192 4827
2192 4948
2193 2292
2193 2333
2193 2542
2193 2748
2193 2875
2193 3029
2193 3153
2193 3359
2193 3827
2193 4086
2193 4166
2193 4363
2193 4519
2193 4610
2193 4872
2193 4959
2194 2313
2194 2471
2194 2602
2194 2739
2194 2900
2194 2918
2194 3422
2194 3461
2194 3597
2194 4033
2194 4182
2194 4309
2194 4331
2194 4704
2195 2253
2195 2472
2195 2647
2195 2673
2195 2824
2195 3018
2195 3104
2195 3395
2195 3460
2195 3778
2195 3907
2195 4162
2195 4666
2195 4746
2195 4858
2195 4905
2196 2303
2196 2509
2196 2547
2196 2808
2196 2861
2196 2952
2196 3329
2196 3637
2196 3674
2196 3704
2196 3833
2196 3982
2196 4123
2196 4198
2196 4304
2196 4862
2197 2205
2197 2237
2197 2349
2197 2635
2197 2821
2197 3174
2197 3372
2197 3643
2197 3808
2197 3958
2197 4067
2197 4079
2197 4133
2197 4234
2197 4489
2197 4795
2197 4989
2198 2203
2198 2222
2198 2295
2198 2320
2198 2343
2198 2386
2198 2901
2198 3297
2198 3375
2198 3409
2198 3560
2198 4054
2198 4061
2198 4213
2198 4304
2198 4339
2198 4390
2198 4462
2198 4518
2198 4546
2199 2396
2199 2488
2199 2622
2199 2820
2199 3104
2199 3949
2199 3974
2199 4242
2199 4336
2199 4368
2199 4429
2199 4485
2199 4579
2199 4620
2200 2614
2200 3048
2200 3176
2200 3317
2200 3327
2200 3351
2200 3438
2200 3502
2200 3583
2200 3750
2200 3908
2200 3952
2200 4002
2200 4027
2200 4272
2200 4338
2200 4657
2200 4661
2200 4717
2200 4819
2200 4849
2200 4941
2201 2249
2201 2284
2201 2453
2201 2623
2201 2633
2201 3223
2201 3421
2201 3687
2201 3935
2201 4129
2201 4251
2201 4292
2201 4864
2201 4884
2201 4939
2202 2251
2202 2391
2202 2565
2202 2994
2202 3142
2202 3219
2202 3278
2202 3419
2202 3718
2202 4067
2202 4248
2202 4368
2202 4449
2202 4854
2203 2254
2203 2575
2203 2611
2203 3099
2203 4029
2203 4135
2203 4149
2203 4211
2203 4724
2203 4789
2203 4858
2203 4998
2204 2343
2204 2380
2204 2412
2204 2416
2204 2440
2204 2462
2204 2625
2204 2808
2204 3180
2204 3630
2204 3733
2204 3842
2204 3909
2204 4001
2204 4008
2204 4654
2204 4665
2204 4762
2204 4856
2205 2430
2205 2873
2205 3094
2205 3125
2205 3137
2205 3138
2205 3173
2205 3237
2205 3318
2205 3469
2205 3728
2205 3839
2205 3961
2205 3971
2205 4101
2205 4254
2205 4300
2205 4504
2205 4517
2205 4553
2205 4569
2205 4830
2205 4875
2205 4932
2206 2396
2206 2657
2206 2806
2206 3114
2206 3120
2206 3229
2206 3442
2206 3482
2206 3493
2206 3546
2206 3754
2206 3864
2206 4032
2206 4214
2206 4219
2206 4403
2206 4812
2207 2299
2207 2360
2207 2560
2207 2585
2207 2598
2207 2620
2207 3018
2207 3189
2207 3257
2207 3299
2207 3356
2207 3439
2207 3817
2207 3877
2207 4098
2207 4298
2207 4468
2207 4521
2207 4717
2207 4764
2208 2489
2208 2758
2208 2784
2208 2821
2208 2872
2208 3027
2208 3163
2208 3249
2208 3344
2208 3353
2208 3399
2208 3535
2208 3868
2208 4043
2208 4335
2208 4372
2208 4435
2208 4544
2208 4579
2209 2530
2209 2573
2209 3049
2209 3263
2209 3390
2209 3434
2209 3748
2209 3769
2209 3914
2209 4118
2209 4271
2209 4350
2209 4471
2209 4574
2209 4850
2210 2442
2210 2713
2210 3347
2210 3634
2210 4004
2210 4102
2210 4119
2210 4176
2210 4203
2210 4313
2210 4336
2210 4856
2210 4859
2210 4883
2210 4909
2211 2687
2211 3028
2211 3070
2211 3241
2211 3257
2211 3687
2211 3919
2211 4065
2211 4067
2211 4524
2211 4587
2211 4908
2211 4932
2212 2224
2212 2330
2212 3704
2212 4062
2212 4119
2212 4161
2212 4229
2212 4262
2212 4431
2212 4504
2212 4573
2212 4574
2212 4790
2213 2283
2213 2338
2213 2352
2213 2746
2213 2865
2213 2963
2213 3370
2213 3421
2213 3425
2213 3430
2213 3698
2213 3756
2213 4126
2213 4158
2213 4264
2213 4269
2213 4278
2213 4360
2213 4406
2213 4520
2213 4566
2213 4626
2213 4841
2213 4925
2214 2361
2214 2540
2214 2609
2214 2687
2214 2783
2214 2948
2214 2984
2214 3051
2214 3119
2214 3157
2214 3188
2214 3436
2214 3528
2214 4134
2214 4454
2214 4518
2214 4611
2214 4698
2215 2256
2215 2291
2215 2312
2215 2321
2215 2529
2215 2619
2215 2773
2215 2895
2215 3114
2215 3226
2215 3237
2215 3550
2215 3623
2215 4180
2215 4302
2215 4441
2215 4745
2216 2349
2216 2591
2216 2611
2216 2614
2216 2751
2216 2950
2216 3107
2216 3363
2216 3384
2216 3607
2216 3738
2216 3741
2216 4293
2216 4440
2216 4562
2216 4776
2217 2728
2217 2767
2217 3302
2217 3309
2217 3375
2217 3388
2217 3504
2217 3529
2217 3575
2217 3963
2217 4188
2217 4482
2217 4492
2217 4795
2218 2400
2218 2613
2218 2787
2218 3085
2218 3248
2218 3412
2218 3417
2218 3603
2218 3904
2218 4066
2218 4121
2218 4236
2218 4304
2218 4447
2218 4450
2218 4517
2218 4732
2218 4957
2219 2434
2219 2477
2219 2521
2219 2637
2219 2798
2219 3201
2219 3316
2219 3355
2219 3443
2219 3565
2219 3576
2219 3664
2219 3806
2219 3965
2219 4403
2219 4426
2219 4544
2219 4606
2220 2282
2220 2433
2220 2910
2220 3156
2220 3289
2220 3368
2220 3421
2220 3518
2220 3984
2220 4204
2220 4279
2220 4388
2220 4787
2220 4932
2221 2312
2221 2339
2221 2539
2221 2593
2221 2718
2221 3009
2221 3027
2221 3036
2221 3136
2221 3183
2221 3352
2221 3356
2221 3724
2221 3784
2221 3827
2221 3862
2221 3944
2221 4104
2221 4215
2221 4469
2221 4523
2221 4576
2221 4585
2221 4592
2221 4925
2222 2861
2222 3182
2222 3244
2222 3272
2222 3978
2222 4022
2222 4036
2222 4151
2222 4548
2222 4678
2222 4748
2222 4948
2223 2302
2223 2335
2223 2376
2223 2512
2223 2594
2223 2599
2223 2775
2223 2843
2223 2940
2223 3043
2223 3187
2223 3398
2223 3572
2223 3778
2223 3875
2223 3994
2223 4109
2223 4341
2223 4543
2223 4621
2223 4649
2223 4820
2223 4980
2224 2271
2224 2384
2224 2431
2224 2576
2224 2626
2224 2886
2224 3245
2224 3558
2224 3705
2224 4260
2224 4291
2224 4390
2224 4790
2224 4834
2225 2266
2225 2368
2225 2530
2225 2734
2225 2898
2225 3159
2225 3210
2225 3334
2225 3403
2225 3979
2225 4005
2225 4098
2225 4113
2225 4142
2225 4365
2225 4516
2226 2356
2226 2468
2226 2523
2226 2857
2226 2997
2226 3152
2226 3527
2226 3560
2226 3575
2226 3950
2226 4017
2226 4434
2226 4546
2227 2319
2227 2597
2227 2939
2227 3081
2227 3238
2227 3370
2227 3854
2227 3907
2227 4142
2227 4291
2228 2261
2228 2292
2228 2441
2228 2504
2228 2672
2228 2841
2228 2900
2228 2914
2228 2963
2228 3229
2228 3443
2228 3492
2228 3577
2228 4078
2228 4318
2228 4553
2228 4978
2229 2306
2229 2334
2229 2391
2229 2595
2229 2839
2229 2856
2229 2903
2229 3017
2229 3023
2229 3048
2229 3055
2229 3084
2229 3296
2229 3325
2229 3380
2229 3600
2229 3601
2229 3677
2229 3819
2229 3969
2229 3980
2229 4278
2229 4322
2229 4574
2229 4645
2229 4817
2229 4899
2229 4932
2230 2249
2230 2805
2230 2861
2230 3040
2230 3166
2230 3269
2230 3537
2230 3629
2230 3852
2230 3945
2230 3947
2230 4287
2230 4339
2230 4634
2230 4733
2231 2270
2231 2404
2231 2409
2231 2766
2231 3003
2231 3479
2231 3529
2231 3710
2231 3838
2231 3858
2231 4538
2231 4547
2231 4615
2231 4975
2232 2496
2232 2713
2232 2956
2232 3337
2232 3394
2232 3848
2232 4159
2232 4276
2232 4321
2232 4711
2232 4788
2232 4914
2233 2395
2233 2772
2233 3042
2233 3563
2233 3732
2233 4081
2233 4149
2233 4207
2233 4519
2233 4917
2233 4985
2234 2341
2234 2436
2234 2537
2234 2591
2234 2721
2234 2794
2234 2837
2234 3007
2234 3210
2234 3271
2234 3303
2234 3375
2234 3392
2234 3609
2234 3854
2234 4693
2234 4737
2235 2645
2235 2738
2235 2902
2235 2907
2235 3057
2235 3252
2235 3274
2235 3839
2235 3869
2235 4062
2235 4473
2235 4671
2235 4919
2235 4998
2236 2406
2236 2451
2236 2621
2236 2846
2236 2888
2236 3225
2236 3309
2236 3450
2236 3735
2236 4231
2236 4241
2236 4397
2236 4447
2236 4810
2236 4978
2237 2393
2237 2561
2237 2834
2237 3088
2237 3165
2237 3296
2237 3330
2237 3413
2237 3638
2237 3672
2237 3681
2237 3908
2237 3920
2237 3963
2237 4111
2238 2294
2238 2403
2238 2438
2238 2534
2238 2716
2238 2809
2238 2857
2238 2897
2238 3191
2238 3482
2238 3555
2238 3631
2238 3779
2238 4322
2238 4841
2238 4936
2238 4968
2239 2688
2239 2732
2239 2830
2239 2903
2239 2907
2239 2933
2239 2943
2239 2982
2239 3040
2239 3082
2239 3350
2239 3417
2239 3731
2239 4034
2239 4038
2239 4554
2239 4589
2239 4648
2239 4680
2239 4767
2239 4996
2240 2272
2240 2327
2240 2332
2240 2379
2240 2457
2240 2684
2240 3156
2240 3526
2240 3954
2240 4227
2240 4463
2240 4523
2240 4721
2240 4840
2241 2247
2241 2318
2241 2404
2241 2442
2241 2611
2241 2730
2241 2888
2241 3148
2241 3194
2241 3437
2241 3447
2241 3577
2241 3961
2241 4078
2241 4393
2241 4440
2241 4454
2241 4476
2241 4522
2241 4693
2241 4698
2241 4938
2242 2583
2242 2689
2242 3229
2242 3254
2242 3353
2242 3723
2242 3825
2242 3844
2242 3871
2242 4089
2242 4548
2242 4561
2242 4822
2242 4828
2243 2317
2243 2377
2243 2450
2243 2458
2243 2510
2243 2713
2243 3024
2243 3220
2243 3278
2243 3322
2243 3625
2243 3749
2243 3866
2243 3928
2243 3993
2243 4036
2243 4334
2243 4388
2243 4400
2243 4866
2243 4869
2244 2296
2244 2412
2244 3173
2244 3267
2244 3414
2244 3433
2244 3714
2244 3810
2244 3893
2244 4021
2244 4030
2244 4180
2244 4299
2244 4332
2244 4521
2244 4613
2244 4812
2245 2276
2245 2579
2245 2626
2245 2697
2245 2747
2245 2843
2245 2955
2245 3107
2245 3659
2245 3686
2245 3851
2245 3865
2245 3927
2245 3933
2245 3964
2245 4323
2245 4569
2245 4660
2245 4956
2246 2675
2246 2822
2246 3128
2246 3255
2246 3291
2246 3422
2246 4000
2246 4026
2246 4342
2246 4558
2246 4680
2246 4755
2246 4787
2246 4806
2246 4822
2247 2309
2247 2637
2247 2644
2247 2712
2247 3061
2247 3450
2247 3849
2247 3918
2247 4014
2247 4024
2247 4403
2247 4738
2247 4830
2248 2829
2248 3226
2248 3322
2248 3499
2248 3737
2248 3901
2248 4166
2248 4187
2248 4912
2249 2447
2249 2718
2249 2733
2249 2742
2249 2757
2249 2761
2249 3011
2249 3100
2249 3249
2249 3293
2249 3454
2249 3575
2249 3757
2249 3890
2249 4005
2249 4173
2249 4205
2249 4339
2249 4476
2250 2419
2250 2678
2250 2746
2250 2824
2250 3089
2250 3335
2250 3370
2250 3406
2250 3491
2250 3840
2250 3906
2250 3942
2250 4394
2250 4820
2251 2304
2251 2827
2251 3434
2251 3447
2251 3551
2251 3994
2251 4025
2251 4056
2251 4221
2251 4392
2251 4792
2251 4927
2252 2507
2252 2587
2252 2649
2252 2701
2252 2715
2252 2743
2252 2775
2252 2884
2252 3232
2252 3867
2252 3918
2252 3964
2252 4073
2252 4146
2252 4350
2252 4835
2253 2558
2253 2621
2253 2678
2253 2950
2253 3126
2253 3230
2253 3727
2253 4186
2253 4205
2253 4239
2253 4431
2253 4633
2253 4664
2253 4708
2253 4755
2254 2654
2254 2801
2254 2897
2254 3044
2254 3156
2254 3377
2254 3599
2254 3623
2254 3946
2254 4191
2254 4366
2254 4454
2254 4469
2254 4481
2254 4506
2254 4524
2254 4608
2254 4652
2254 4723
2255 2588
2255 2919
2255 3226
2255 3948
2255 4093
2255 4211
2255 4366
2255 4523
2255 4535
2255 4737
2255 4767
2255 4795
2255 4916
2255 4940
2256 2279
2256 2293
2256 2318
2256 2334
2256 2351
2256 2576
2256 2706
2256 3187
2256 3334
2256 3361
2256 3404
2256 3687
2256 3897
2256 4362
2256 4486
2256 4621
2256 4651
2256 4977
2257 2274
2257 2295
2257 2497
2257 2503
2257 2875
2257 2900
2257 3033
2257 3050
2257 3284
2257 3383
2257 3468
2257 3936
2257 4716
2257 4725
2257 4810
2257 4844
2257 4965
2258 2429
2258 2556
2258 2864
2258 2926
2258 3170
2258 3368
2258 3384
2258 3590
2258 3719
2258 3738
2258 3949
2258 4054
2258 4141
2258 4151
2258 4506
2258 4804
2259 2880
2259 3008
2259 3145
2259 3169
2259 3458
2259 3876
2259 3949
2259 4093
2259 4100
2259 4134
2259 4589
2259 4607
2259 4865
2259 4867
2259 4913
2260 2411
2260 2861
2260 3269
2260 3514
2260 3672
2260 3729
2260 4197
2260 4335
2260 4555
2260 4568
2260 4643
2261 2282
2261 2401
2261 2470
2261 2559
2261 2842
2261 3573
2261 3662
2261 3669
2261 3952
2261 4421
2261 4548
2261 4601
2261 4915
2262 2281
2262 2307
2262 2813
2262 2870
2262 3117
2262 3331
2262 3547
2262 3994
2262 4152
2262 4245
2262 4437
2262 4742
2262 4752
2262 4902
2262 4934
2263 2285
2263 2387
2263 2395
2263 2515
2263 2582
2263 2680
2263 2724
2263 2725
2263 2790
2263 3105
2263 3182
2263 3679
2263 3783
2263 4194
2263 4199
2263 4219
2263 4283
2263 4467
2263 4667
2263 4700
2263 4740
2263 4771
2263 4937
2264 2381
2264 2440
2264 2585
2264 2746
2264 2831
2264 3088
2264 3199
2264 3284
2264 3339
2264 3605
2264 3744
2264 3754
2264 3782
2264 3876
2264 4040
2264 4355
2264 4449
2264 4889
2264 4977
2265 2426
2265 2515
2265 2765
2265 2818
2265 3079
2265 3249
2265 3547
2265 3614
2265 3617
2265 3795
2265 4198
2265 4242
2265 4318
2265 4538
2265 4676
2265 4681
2265 4971
2265 4997
2266 2517
2266 2665
2266 2956
2266 2991
2266 3160
2266 3181
2266 3519
2266 3531
2266 3701
2266 3849
2266 3959
2266 4112
2266 4425
2266 4574
2266 4628
2266 4695
2266 4754
2266 4774
2266 4884
2266 4983
2267 2504
2267 2663
2267 2726
2267 3251
2267 3271
2267 3340
2267 3912
2267 4165
2267 4360
2267 4498
2267 4593
2267 4672
2268 2312
2268 2394
2268 2410
2268 2500
2268 3023
2268 3030
2268 3151
2268 3450
2268 3727
2268 4163
2268 4215
2268 4290
2268 4423
2268 4425
2268 4462
2268 4473
2268 4531
2268 4543
2268 4569
2268 4715
2268 4853
2268 4943
2269 2302
2269 2676
2269 2748
2269 2774
2269 2971
2269 3251
2269 3324
2269 3393
2269 3598
2269 3649
2269 3673
2269 3732
2269 3883
2269 4026
2269 4038
2269 4083
2269 4335
2269 4364
2269 4414
2269 4634
2269 4697
2269 4727
2269 4838
2270 2700
2270 2827
2270 2883
2270 2968
2270 3025
2270 3720
2270 3788
2270 4005
2270 4145
2270 4238
2270 4251
2270 4480
2270 4742
2270 4749
2270 4795
2270 4797
2271 2419
2271 2754
2271 2970
2271 3120
2271 3651
2271 3656
2271 3723
2271 3935
2271 4283
2271 4286
2271 4294
2271 4536
2271 4580
2272 2353
2272 2433
2272 2662
2272 2691
2272 2753
2272 2834
2272 2874
2272 2927
2272 3121
2272 3189
2272 3402
2272 3431
2272 3748
2272 3843
2272 3997
2272 4198
2272 4494
2272 4617
2272 4993
2273 2319
2273 2332
2273 2409
2273 2416
2273 2438
2273 2721
2273 2740
2273 2913
2273 3181
2273 3415
2273 3609
2273 3646
2273 3769
2273 4014
2273 4078
2273 4101
2273 4202
2273 4495
2273 4607
2273 4795
2274 2352
2274 2423
2274 2521
2274 2523
2274 2571
2274 3011
2274 3398
2274 3414
2274 3438
2274 3589
2274 3737
2274 4043
2274 4179
2274 4194
2274 4297
2274 4598
2274 4861
2274 4968
2275 2354
2275 2389
2275 2756
2275 2765
2275 2814
2275 3050
2275 3824
2275 3903
2275 4020
2275 4062
2275 4485
2275 4726
2275 4801
2275 4896
2275 4975
2276 2351
2276 2387
2276 2432
2276 3124
2276 3150
2276 3349
2276 3542
2276 3819
2276 4248
2276 4268
2276 4389
2276 4700
2277 2489
2277 2581
2277 2775
2277 3098
2277 3259
2277 3571
2277 3743
2277 3774
2277 3929
2277 4476
2277 4528
2277 4761
2277 4977
2278 2352
2278 2501
2278 2830
2278 2838
2278 2874
2278 3249
2278 3342
2278 4085
2278 4262
2278 4667
2279 2297
2279 2674
2279 2813
2279 2949
2279 2992
2279 3067
2279 3097
2279 3398
2279 3422
2279 3622
2279 3917
2279 3992
2279 4029
2279 4071
2279 4505
2279 4732
2279 4791
2280 2457
2280 2598
2280 2792
2280 3444
2280 3520
2280 3730
2280 3915
2280 3921
2280 4210
2280 4257
2280 4270
2280 4319
2280 4326
2280 4449
2280 4713
2280 4714
2280 4895
2281 2294
2281 2392
2281 2410
2281 2518
2281 2712
2281 2852
2281 2958
2281 3357
2281 3573
2281 4179
2281 4185
2281 4627
2281 4635
2282 2312
2282 2674
2282 2719
2282 3167
2282 3194
2282 4061
2282 4292
2282 4452
2282 4654
2282 4878
2282 4882
2282 4974
2283 2309
2283 2494
2283 2559
2283 2652
2283 2655
2283 3214
2283 3498
2283 3736
2283 3821
2283 3928
2283 4149
2283 4466
2283 4539
2283 4762
2284 2635
2284 2754
2284 2835
2284 3027
2284 3055
2284 3459
2284 3571
2284 3929
2284 3977
2284 3978
2284 3998
2284 4745
2284 4779
2284 4890
2284 4957
2285 2369
2285 3177
2285 3569
2285 3600
2285 3756
2285 4235
2285 4355
2285 4363
2285 4367
2285 4658
2285 4734
2285 4756
2286 2357
2286 2407
2286 2430
2286 2629
2286 2817
2286 3258
2286 3293
2286 3623
2286 3667
2286 3841
2286 4208
2286 4224
2286 4310
2286 4485
2286 4639
2286 4902
2286 4956
2287 2290
2287 2491
2287 2512
2287 2691
2287 2722
2287 2753
2287 3350
2287 3394
2287 3421
2287 3653
2287 3858
2287 4008
2287 4045
2287 4639
2287 4823
2287 4862
2287 4896
2287 4912
2287 4961
2288 2688
2288 2979
2288 3025
2288 3355
2288 3464
2288 3657
2288 3890
2288 3931
2288 3945
2288 4125
2288 4311
2288 4396
2288 4504
2288 4772
2288 4831
2288 4912
2289 2311
2289 2332
2289 2354
2289 2686
2289 2826
2289 3023
2289 3211
2289 3311
2289 3437
2289 3440
2289 3577
2289 3701
2289 3754
2289 3859
2289 4519
2289 4603
2289 4631
2290 2310
2290 3075
2290 3183
2290 3588
2290 3595
2290 3655
2290 3702
2290 4106
2290 4131
2290 4178
2290 4284
2290 4367
2290 4489
2290 4713
2290 4964
2291 2395
2291 2589
2291 2737
2291 2804
2291 2849
2291 3152
2291 3184
2291 3270
2291 3286
2291 3341
2291 3406
2291 3669
2291 3819
2291 3888
2291 4379
2291 4667
2291 4831
2291 4932
2292 2294
2292 2593
2292 2739
2292 2854
2292 2885
2292 3585
2292 3700
2292 3828
2292 3849
2292 3859
2292 3972
2292 4245
2292 4365
2293 2649
2293 2758
2293 2851
2293 2877
2293 2922
2293 2928
2293 2929
2293 3277
2293 3387
2293 3408
2293 3464
2293 3771
2293 3866
2293 3963
2293 3970
2293 4101
2293 4121
2293 4412
2293 4644
2293 4719
2293 4972
2294 2314
2294 2370
2294 2377
2294 2492
2294 2500
2294 2679
2294 2897
2294 2967
2294 3044
2294 3520
2294 3599
2294 3821
2294 3895
2294 4080
2294 4423
2294 4609
2294 4673
2294 4729
2294 4730
2294 4761
2295 2487
2295 2523
2295 2538
2295 2761
2295 2765
2295 3015
2295 3146
2295 3265
2295 3342
2295 3529
2295 3771
2295 3875
2295 3946
2295 4013
2295 4033
2295 4341
2295 4449
2295 4597
2295 4605
2295 4854
2296 2598
2296 2870
2296 2875
2296 3240
2296 3433
2296 3628
2296 3905
2296 3943
2296 4052
2296 4106
2296 4187
2296 4193
2296 4645
2296 4694
2296 4788
2296 4792
2296 4877
2297 2479
2297 2556
2297 2713
2297 2794
2297 2838
2297 3365
2297 3534
2297 3782
2297 3793
2297 4109
2297 4261
2297 4398
2297 4467
2297 4707
2297 4850
2297 4867
2297 4931
2297 4977
2298 2417
2298 2502
2298 2540
2298 2598
2298 2635
2298 3080
2298 3382
2298 3419
2298 3465
2298 3530
2298 3546
2298 3906
2298 4109
2298 4277
2298 4411
2298 4672
2298 4675
2298 4706
2298 4902
2298 4950
2299 2400
2299 2412
2299 2565
2299 2567
2299 2621
2299 3400
2299 3459
2299 3473
2299 3506
2299 3697
2299 3888
2299 3943
2299 4141
2299 4364
2299 4426
2299 4690
2299 4789
2299 4819
2299 4955
2300 2561
2300 3260
2300 3701
2300 3919
2300 4161
2300 4371
2300 4424
2300 4732
2300 4795
2300 4825
2301 2540
2301 2603
2301 2741
2301 2899
2301 3076
2301 3191
2301 3239
2301 3290
2301 3438
2301 3899
2301 4166
2301 4333
2301 4359
2301 4590
2301 4623
2301 4664
2301 4734
2301 4994
2302 2369
2302 2407
2302 2575
2302 2807
2302 3056
2302 3305
2302 3366
2302 3616
2302 3744
2302 3994
2302 4745
2302 4976
2303 2724
2303 2890
2303 3091
2303 3214
2303 3262
2303 3342
2303 3555
2303 3712
2303 3733
2303 3812
2303 4241
2303 4319
2303 4560
2303 4757
2304 2401
2304 2596
2304 2627
2304 2792
2304 2814
2304 2890
2304 3044
2304 3051
2304 3067
2304 3380
2304 3508
2304 3657
2304 3800
2304 3831
2304 3854
2304 4295
2304 4640
2305 2352
2305 2638
2305 3059
2305 3173
2305 3183
2305 3354
2305 3443
2305 3566
2305 3708
2305 3715
2305 3738
2305 3772
2305 3777
2305 4031
2305 4390
2305 4679
2305 4728
2306 2491
2306 2506
2306 2659
2306 2901
2306 3060
2306 3381
2306 3396
2306 3739
2306 3931
2306 4294
2306 4528
2306 4797
2306 4827
2306 4881
2307 2311
2307 2333
2307 2335
2307 2446
2307 2552
2307 2624
2307 2920
2307 3383
2307 3561
2307 3576
2307 3750
2307 3779
2307 4106
2307 4318
2307 4611
2307 4794
2307 4943
2308 2356
2308 2426
2308 2458
2308 2583
2308 3207
2308 3318
2308 3347
2308 3397
2308 3428
2308 3474
2308 3601
2308 3625
2308 3633
2308 3696
2308 4243
2308 4341
2308 4344
2308 4527
2308 4670
2308 4823
2309 2490
2309 3139
2309 3148
2309 3436
2309 3617
2309 3678
2309 3899
2309 4007
2309 4345
2309 4426
2309 4708
2309 4878
2309 4966
2310 2344
2310 2494
2310 2612
2310 2694
2310 2961
2310 2986
2310 3119
2310 3225
2310 3423
2310 3857
2310 3928
2310 4142
2310 4211
2310 4339
2310 4411
2310 4509
2310 4655
2310 4656
2310 4695
2310 4850
2311 2428
2311 2737
2311 3155
2311 3295
2311 3892
2311 4393
2311 4520
2311 4545
2312 2433
2312 2559
2312 2989
2312 3010
2312 3410
2312 3751
2312 3874
2312 4003
2312 4133
2312 4237
2312 4459
2312 4464
2312 4488
2312 4549
2312 4604
2312 4650
2312 4653
2312 4936
2313 2518
2313 2540
2313 2713
2313 2957
2313 2965
2313 2994
2313 3018
2313 3019
2313 3153
2313 3395
2313 3570
2313 3768
2313 3888
2313 3940
2313 3967
2313 4015
2313 4243
2313 4343
2313 4367
2313 4447
2313 4449
2313 4865
2314 2413
2314 2533
2314 2657
2314 2823
2314 2868
2314 3320
2314 3442
2314 3570
2314 3624
2314 3659
2314 3700
2314 3766
2314 3801
2314 3806
2314 4013
2314 4022
2314 4596
2315 2493
2315 2602
2315 3267
2315 3284
2315 3373
2315 3681
2315 4748
2315 4781
2315 4792
2316 2444
2316 2822
2316 2843
2316 3279
2316 3313
2316 3449
2316 3583
2316 3867
2316 4076
2316 4262
2316 4407
2317 2733
2317 2817
2317 2820
2317 2921
2317 3499
2317 3519
2317 3719
2317 3957
2317 3967
2317 4493
2317 4502
2317 4561
2317 4596
2317 4884
2317 4929
2317 4978
2318 2323
2318 2456
2318 2547
2318 3323
2318 3573
2318 3666
2318 3722
2318 3829
2318 3867
2318 4046
2318 4091
2318 4358
2318 4616
2318 4725
2318 4765
2318 4770
2318 4776
2318 4777
2318 4781
2319 3127
2319 3287
2319 3461
2319 3522
2319 3858
2319 4064
2319 4067
2319 4099
2319 4278
2319 4326
2319 4399
2319 4711
2319 4719
2319 4731
2319 4806
2319 4933
2320 2343
2320 2399
2320 2415
2320 2569
2320 2647
2320 2712
2320 2739
2320 2904
2320 3114
2320 3709
2320 3922
2320 4039
2320 4064
2320 4215
2320 4229
2320 4372
2320 4512
2320 4659
2320 4670
2321 2484
2321 2731
2321 2768
2321 3184
2321 3447
2321 3457
2321 3720
2321 3868
2321 3926
2321 4108
2321 4182
2321 4622
2321 4740
2321 4782
2321 4909
2322 2329
2322 2356
2322 2412
2322 2543
2322 2589
2322 2599
2322 2635
2322 3009
2322 3157
2322 3231
2322 3354
2322 3402
2322 3474
2322 3613
2322 3632
2322 3763
2322 4363
2322 4628
2322 4706
2322 4827
2323 2914
2323 3279
2323 3316
2323 3333
2323 3506
2323 3526
2323 3623
2323 3831
2323 4079
2323 4838
2323 4903
2324 2493
2324 2498
2324 2597
2324 2682
2324 3135
2324 3221
2324 3615
2324 3677
2324 3781
2324 3995
2324 4084
2324 4399
2324 4558
2324 4646
2324 4777
2325 2698
2325 3238
2325 3628
2325 3723
2325 3902
2325 4268
2325 4272
2325 4361
2325 4384
2325 4470
2325 4670
2325 4840
2326 2451
2326 2522
2326 2548
2326 2559
2326 2710
2326 3153
2326 3410
2326 3470
2326 3755
2326 4036
2326 4121
2326 4149
2326 4220
2326 4408
2326 4521
2326 4539
2326 4941
2326 4960
2326 4993
2327 2331
2327 2676
2327 2691
2327 2758
2327 2850
2327 2877
2327 2924
2327 3027
2327 3278
2327 3508
2327 3561
2327 3889
2327 4107
2327 4445
2327 4532
2327 4535
2327 4633
2327 4647
2328 2366
2328 2748
2328 2952
2328 3220
2328 3407
2328 3894
2328 3981
2328 4128
2328 4263
2328 4301
2328 4328
2328 4673
2329 2521
2329 2572
2329 2609
2329 2617
2329 2722
2329 2807
2329 2964
2329 3215
2329 3357
2329 3662
2329 3699
2329 4125
2329 4385
2329 4505
2329 4513
2329 4552
2330 2394
2330 2758
2330 2989
2330 3109
2330 3362
2330 3375
2330 3405
2330 3471
2330 3591
2330 3695
2330 3700
2330 3766
2330 3981
2330 4214
2330 4332
2330 4500
2330 4678
2330 4749
2330 4920
2330 4999
2331 2440
2331 2600
2331 2924
2331 2994
2331 3031
2331 3142
2331 3187
2331 3200
2331 3206
2331 3657
2331 3727
2331 3847
2331 3981
2331 4010
2331 4012
2331 4113
2331 4246
2331 4519
2331 4528
2331 4552
2332 2522
2332 2609
2332 2815
2332 3093
2332 3364
2332 3450
2332 3480
2332 3537
2332 3652
2332 3882
2332 4247
2332 4858
2332 4891
2332 4991
2333 2459
2333 2519
2333 2642
2333 2673
2333 2833
2333 2834
2333 2926
2333 3546
2333 3642
2333 3660
2333 3770
2333 3902
2333 4275
2333 4374
2333 4450
2333 4525
2333 4753
2333 4951
2333 4962
2334 2729
2334 2834
2334 3042
2334 3073
2334 3304
2334 3494
2334 3499
2334 3880
2334 4050
2334 4330
2334 4445
2334 4519
2334 4815
2334 4920
2334 4948
2335 2557
2335 2678
2335 2764
2335 2830
2335 3078
2335 3238
2335 3340
2335 3390
2335 3528
2335 3664
2335 3917
2335 4111
2335 4224
2335 4331
2335 4420
2335 4848
2335 4990
2336 2543
2336 2897
2336 3052
2336 3270
2336 3560
2336 3588
2336 3627
2336 3670
2336 3845
2336 3868
2336 3869
2336 3955
2336 4183
2336 4321
2336 4327
2336 4384
2336 4474
2336 4809
2336 4828
2336 4990
2337 2501
2337 2897
2337 2965
2337 3160
2337 3452
2337 3491
2337 3908
2337 4011
2337 4323
2337 4339
2337 4481
2337 4788
2338 2377
2338 2597
2338 2983
2338 3282
2338 3288
2338 3595
2338 3700
2338 3899
2338 3923
2338 4021
2338 4024
2338 4030
2338 4060
2338 4502
2338 4582
2338 4732
2338 4768
2339 2413
2339 2570
2339 2618
2339 2701
2339 2768
2339 3144
2339 3367
2339 3511
2339 3653
2339 4020
2339 4037
2339 4763
2340 2624
2340 2824
2340 2943
2340 3734
2340 3840
2340 4152
2340 4702
2340 4998
2341 2459
2341 2471
2341 2474
2341 2585
2341 2631
2341 2685
2341 2725
2341 2884
2341 2964
2341 2967
2341 3169
2341 3236
2341 3526
2341 3582
2341 4083
2341 4116
2341 4470
2341 4637
2342 2482
2342 2878
2342 2941
2342 3098
2342 3495
2342 3596
2342 3697
2342 3708
2342 3773
2342 3789
2342 4104
2342 4142
2342 4233
2342 4275
2342 4384
2342 4677
2342 4784
2342 4861
2343 2382
2343 2448
2343 2980
2343 3061
2343 3160
2343 3402
2343 4218
2343 4575
2343 4825
2343 4889
2344 2577
2344 2651
2344 2747
2344 2765
2344 3064
2344 3096
2344 3117
2344 3130
2344 3147
2344 3404
2344 3424
2344 3438
2344 3645
2344 3653
2344 3834
2344 4065
2344 4137
2344 4163
2344 4602
2344 4812
2344 4924
2345 2392
2345 2432
2345 2809
2345 2922
2345 3135
2345 3176
2345 3190
2345 3244
2345 3539
2345 3646
2345 3969
2345 4247
2345 4593
2345 4879
2346 2362
2346 2401
2346 2574
2346 2587
2346 2626
2346 2802
2346 2927
2346 2974
2346 3071
2346 3086
2346 3540
2346 3635
2346 4003
2346 4242
2346 4250
2346 4289
2346 4555
2346 4564
2346 4733
2346 4786
2346 4896
2346 4918
2346 4922
2346 4974
2347 2441
2347 2792
2347 2937
2347 3779
2347 3840
2347 3890
2347 3976
2347 4220
2347 4309
2347 4365
2347 4390
2347 4750
2348 2475
2348 2612
2348 2748
2348 2828
2348 2921
2348 3044
2348 3289
2348 3295
2348 3296
2348 3597
2348 3742
2348 3766
2348 3839
2348 3869
2348 4044
2348 4148
2348 4301
2348 4749
2348 4805
2348 4818
2348 4882
2348 4909
2349 2641
2349 2662
2349 2668
2349 2702
2349 3299
2349 3362
2349 3722
2349 3768
2349 3806
2349 3876
2349 4009
2349 4040
2349 4162
2349 4518
2349 4632
2349 4679
2349 4808
2349 4964
2350 2411
2350 2807
2350 2861
2350 2967
2350 2979
2350 3085
2350 3163
2350 3466
2350 3654
2350 3780
2350 3815
2350 4360
2350 4769
2351 2369
2351 2632
2351 2842
2351 2889
2351 3042
2351 3140
2351 3189
2351 3210
2351 3465
2351 3512
2351 3998
2351 4059
2351 4299
2351 4560
2351 4688
2351 4976
2352 2652
2352 2758
2352 2859
2352 3285
2352 3331
2352 3620
2352 3792
2352 3958
2352 3965
2352 3974
2352 4239
2352 4248
2352 4294
2352 4515
2352 4678
2352 4863
2353 3109
2353 3333
2353 3425
2353 3449
2353 3876
2353 4004
2353 4500
2353 4573
2353 4586
2353 4880
2354 2524
2354 2720
2354 2839
2354 3096
2354 3224
2354 3235
2354 3251
2354 3350
2354 3499
2354 3616
2354 3813
2354 3843
2354 3933
2354 4207
2354 4380
2354 4580
2354 4632
2354 4968
2354 4971
2354 4978
2355 2615
2355 2660
2355 2793
2355 2863
2355 2904
2355 3017
2355 3032
2355 3038
2355 3282
2355 3347
2355 3673
2355 3820
2355 4044
2355 4539
2355 4572
2355 4583
2355 4902
2356 2452
2356 2537
2356 2657
2356 2874
2356 3015
2356 3108
2356 3109
2356 3293
2356 3633
2356 3735
2356 4058
2356 4337
2356 4475
2356 4735
2356 4796
2356 4857
2356 4902
2356 4929
2357 2501
2357 2828
2357 2883
2357 3161
2357 3745
2357 4073
2357 4108
2357 4281
2357 4484
2357 4698
2357 4756
2357 4854
2358 2695
2358 2769
2358 2986
2358 2988
2358 3309
2358 3422
2358 3790
2358 3895
2358 3939
2358 4178
2358 4354
2358 4612
2359 2454
2359 2499
2359 2579
2359 2593
2359 2942
2359 3023
2359 3101
2359 3365
2359 3391
2359 3805
2359 3808
2359 3835
2359 4023
2359 4033
2359 4068
2359 4092
2359 4372
2359 4402
2359 4718
2359 4783
2360 2364
2360 2970
2360 3088
2360 3365
2360 3408
2360 3938
2360 3985
2360 4044
2360 4124
2360 4155
2360 4290
2360 4390
2360 4632
2360 4672
2360 4797
2360 4930
2361 2531
2361 2562
2361 2575
2361 2635
2361 2654
2361 2736
2361 2809
2361 2896
2361 2940
2361 3276
2361 3296
2361 3524
2361 3671
2361 3894
2361 3925
2361 4229
2361 4344
2361 4690
2361 4817
2361 4933
2361 4962
2362 2500
2362 2525
2362 2780
2362 2793
2362 3084
2362 3230
2362 3257
2362 3822
2362 4256
2362 4390
2362 4801
2362 4990
2363 2692
2363 2733
2363 2944
2363 2987
2363 2996
2363 3436
2363 3446
2363 3620
2363 4004
2363 4147
2363 4196
2363 4304
2363 4363
2363 4401
2363 4586
2363 4604
2364 2507
2364 2661
2364 2677
2364 2818
2364 2899
2364 3070
2364 3168
2364 3248
2364 3299
2364 3345
2364 3398
2364 3411
2364 3423
2364 3685
2364 3893
2364 3910
2364 4515
2364 4701
2364 4886
2365 2381
2365 2700
2365 3051
2365 3139
2365 3394
2365 3775
2365 3893
2365 4075
2365 4639
2366 2501
2366 2608
2366 2625
2366 2762
2366 2836
2366 2843
2366 2910
2366 2999
2366 3139
2366 3299
2366 3333
2366 3411
2366 3445
2366 3456
2366 3997
2366 4621
2366 4724
2366 4832
2367 2404
2367 2437
2367 2451
2367 2516
2367 2595
2367 2606
2367 2836
2367 2899
2367 3084
2367 3085
2367 3205
2367 3246
2367 3289
2367 3693
2367 3746
2367 3997
2367 4146
2367 4255
2367 4409
2367 4482
2367 4512
2367 4814
2368 2662
2368 2693
2368 2932
2368 3070
2368 3210
2368 3220
2368 3231
2368 3368
2368 3636
2368 3678
2368 3778
2368 3808
2368 3924
2368 4047
2368 4172
2368 4403
2368 4709
2368 4752
2369 2587
2369 2940
2369 2968
2369 3563
2369 3601
2369 3815
2369 3919
2369 3926
2369 4052
2369 4232
2369 4250
2369 4338
2369 4556
2369 4575
2369 4742
2370 2442
2370 2496
2370 2990
2370 3255
2370 3321
2370 3569
2370 3648
2370 3808
2370 3831
2370 3869
2370 3999
2370 4194
2370 4309
2370 4565
2370 4747
2371 2478
2371 2719
2371 2871
2371 3019
2371 3691
2371 3735
2371 3840
2371 3906
2371 4140
2371 4142
2371 4191
2371 4437
2371 4449
2371 4710
2371 4733
2371 4738
2371 4994
2372 2680
2372 3255
2372 3308
2372 3420
2372 3493
2372 3524
2372 3592
2372 4018
2372 4082
2372 4119
2372 4164
2372 4226
2372 4300
2372 4543
2372 4685
2372 4782
2372 4824
2372 4895
2372 4899
2372 4936
2372 4948
2372 4977
2372 4985
2373 2393
2373 2497
2373 2515
2373 2586
2373 2652
2373 2718
2373 2728
2373 2807
2373 2972
2373 3187
2373 3498
2373 3535
2373 3716
2373 3875
2373 4120
2373 4201
2373 4277
2373 4293
2373 4357
2374 2444
2374 2454
2374 2564
2374 2656
2374 2842
2374 2884
2374 2998
2374 3072
2374 3134
2374 3310
2374 3683
2374 4164
2374 4298
2374 4532
2374 4711
2374 4817
2374 4879
2375 2387
2375 2462
2375 2480
2375 2719
2375 2754
2375 2880
2375 2986
2375 3167
2375 3365
2375 3668
2375 3767
2375 4129
2375 4418
2375 4688
2376 2429
2376 2947
2376 2998
2376 3045
2376 3310
2376 3508
2376 3815
2376 3957
2376 3974
2376 4470
2376 4783
2376 4836
2376 4865
2376 4933
2376 4946
2377 2492
2377 2557
2377 2581
2377 2636
2377 2652
2377 2700
2377 3042
2377 3129
2377 3176
2377 3242
2377 3972
2377 4032
2377 4118
2377 4139
2377 4338
2377 4404
2377 4448
2377 4697
2378 2960
2378 3402
2378 3777
2378 3917
2378 4463
2378 4482
2378 4542
2378 4617
2379 2424
2379 2916
2379 3101
2379 3300
2379 3672
2379 3705
2379 3706
2379 3781
2379 3854
2379 4011
2379 4054
2379 4206
2379 4493
2379 4544
2379 4687
2379 4911
2379 4937
2380 2381
2380 2528
2380 2530
2380 2831
2380 3134
2380 3396
2380 3799
2380 3999
2380 4138
2380 4153
2380 4195
2380 4921
2381 2450
2381 2469
2381 2818
2381 3227
2381 3417
2381 3617
2381 3628
2381 4532
2381 4583
2381 4634
2381 4938
2382 2458
2382 2635
2382 3125
2382 3313
2382 3358
2382 3459
2382 3486
2382 4141
2382 4183
2382 4248
2382 4379
2382 4639
2382 4642
2382 4681
2382 4724
2382 4836
2383 2430
2383 2588
2383 2883
2383 3151
2383 3354
2383 3904
2383 4148
2383 4548
2383 4642
2383 4659
2383 4700
2383 4863
2383 4871
2383 4890
2384 2619
2384 2721
2384 2727
2384 3046
2384 3054
2384 3100
2384 3147
2384 3259
2384 3555
2384 3878
2384 4016
2384 4440
2384 4673
2384 4810
2384 4840
2384 4912
2385 2563
2385 2620
2385 3205
2385 3217
2385 3235
2385 3507
2385 4176
2385 4490
2386 2426
2386 2667
2386 2979
2386 3263
2386 3300
2386 3381
2386 3597
2386 4129
2386 4134
2386 4338
2386 4524
2386 4671
2386 4723
2386 4747
2387 2646
2387 2838
2387 3402
2387 3939
2387 4063
2387 4414
2387 4428
2387 4905
2388 2686
2388 2731
2388 3099
2388 3198
2388 3240
2388 3388
2388 3555
2388 3684
2388 3731
2388 3888
2388 3924
2388 4059
2388 4096
2388 4224
2388 4547
2388 4652
2388 4703
2389 2430
2389 2563
2389 2690
2389 2921
2389 3087
2389 3089
2389 3117
2389 3250
2389 3305
2389 3406
2389 3483
2389 3925
2389 4135
2389 4173
2389 4199
2389 4503
2390 2921
2390 3219
2390 3253
2390 3267
2390 3459
2390 3490
2390 3517
2390 4261
2390 4325
2390 4416
2390 4810
2391 2472
2391 2491
2391 2595
2391 2657
2391 3067
2391 3306
2391 3415
2391 3633
2391 3642
2391 3723
2391 3869
2391 3908
2391 3955
2391 4232
2391 4410
2391 4528
2391 4571
2391 4880
2391 4967
2392 2601
2392 2644
2392 2995
2392 3001
2392 3139
2392 3294
2392 3305
2392 3332
2392 3558
2392 3570
2392 3604
2392 3680
2392 3697
2392 3883
2392 4067
2392 4106
2392 4316
2392 4459
2392 4679
2392 4956
2393 2419
2393 2489
2393 2574
2393 2843
2393 2877
2393 3120
2393 3359
2393 3600
2393 3907
2393 3984
2393 4115
2393 4138
2393 4197
2393 4460
2393 4508
2393 4573
2393 4608
2393 4876
2393 4886
2393 4900
2394 2469
2394 2494
2394 2657
2394 2658
2394 2685
2394 2857
2394 2902
2394 2932
2394 2936
2394 3160
2394 3177
2394 3560
2394 3968
2394 4016
2394 4074
2394 4243
2394 4452
2394 4584
2394 4815
2394 4929
2394 4960
2395 2496
2395 2593
2395 2618
2395 2623
2395 2698
2395 3331
2395 3631
2395 3731
2395 3760
2395 4216
2396 2529
2396 2623
2396 2828
2396 3184
2396 3321
2396 3432
2396 3562
2396 4024
2396 4104
2396 4278
2396 4641
2396 4769
2396 4894
2397 2481
2397 2894
2397 3234
2397 3305
2397 3445
2397 3472
2397 3773
2397 3826
2397 3834
2397 3943
2397 4214
2397 4393
2397 4483
2397 4690
2397 4700
2398 2404
2398 2662
2398 2838
2398 2999
2398 3042
2398 3171
2398 3341
2398 3558
2398 3625
2398 3694
2398 4163
2398 4316
2398 4622
2398 4703
2398 4914
2398 4958
2399 2544
2399 2710
2399 2908
2399 3051
2399 3423
2399 3443
2399 3624
2399 3691
2399 3731
2399 3782
2399 3908
2399 3919
2399 4200
2399 4282
2399 4501
2399 4694
2399 4734
2399 4814
2399 4898
2400 2512
2400 2674
2400 2734
2400 2758
2400 2917
2400 2975
2400 3013
2400 3105
2400 3107
2400 3278
2400 3612
2400 3651
2400 4122
2400 4152
2400 4260
2400 4647
2400 4945
2400 4950
2400 4970
2400 4994
2401 2662
2401 2668
2401 2866
2401 3467
2401 3496
2401 3693
2401 3705
2401 3970
2401 4462
2401 4479
2401 4515
2401 4573
2402 2835
2402 2940
2402 3400
2402 3415
2402 3548
2402 3560
2402 3678
2402 3751
2402 3925
2402 4009
2402 4058
2402 4077
2402 4192
2402 4245
2402 4505
2402 4662
2402 4695
2402 4721
2403 2620
2403 2686
2403 2735
2403 3147
2403 3301
2403 3715
2403 3983
2403 4061
2403 4376
2403 4470
2403 4975
2404 2456
2404 2498
2404 2576
2404 2838
2404 3067
2404 3107
2404 3514
2404 3567
2404 3622
2404 3901
2404 3952
2404 3993
2404 4135
2404 4173
2404 4484
2404 4599
2404 4769
2405 2425
2405 2571
2405 2667
2405 3286
2405 3304
2405 3340
2405 3667
2405 3678
2405 3833
2405 3834
2405 4369
2405 4460
2405 4493
2405 4576
2405 4585
2405 4683
2405 4839
2405 4924
2405 4929
2405 4945
2406 2430
2406 2771
2406 2900
2406 3092
2406 3094
2406 3312
2406 3775
2406 3955
2406 3993
2406 4225
2406 4706
2407 2447
2407 2762
2407 2909
2407 3040
2407 3271
2407 3362
2407 3510
2407 3704
2407 3709
2407 4196
2407 4233
2407 4545
2407 4598
2407 4940
2408 2546
2408 2631
2408 2669
2408 3090
2408 3427
2408 3432
2408 3872
2408 4061
2408 4159
2408 4189
2408 4375
2408 4482
2408 4599
2408 4677
2408 4791
2408 4802
2408 4883
2409 2586
2409 2652
2409 2755
2409 2987
2409 3055
2409 3286
2409 3581
2409 3808
2409 4061
2409 4278
2409 4302
2409 4472
2409 4651
2409 4793
2409 4870
2409 4978
2410 2418
2410 2859
2410 3265
2410 3920
2410 4104
2410 4410
2410 4615
2410 4762
2410 4777
2411 2550
2411 2633
2411 2986
2411 3093
2411 3106
2411 3200
2411 3272
2411 3302
2411 3542
2411 3548
2411 3562
2411 3736
2411 4163
2411 4207
2411 4738
2411 4844
2412 2456
2412 2972
2412 3023
2412 3341
2412 3343
2412 3561
2412 3989
2412 4320
2412 4538
2412 4565
2412 4705
2412 4794
2412 4955
2413 2461
2413 2572
2413 3170
2413 3188
2413 3432
2413 3557
2413 3966
2413 4093
2413 4471
2413 4515
2413 4713
2414 2653
2414 2697
2414 2699
2414 2701
2414 3591
2414 3599
2414 4280
2414 4293
2414 4687
2414 4870
2414 4923
2414 4978
2415 2652
2415 2736
2415 2754
2415 2785
2415 2990
2415 3055
2415 3067
2415 3335
2415 3600
2415 3624
2415 3847
2415 4035
2415 4089
2415 4341
2415 4344
2415 4992
2416 2936
2416 3260
2416 3821
2416 4092
2416 4136
2416 4405
2416 4434
2416 4470
2416 4479
2416 4543
2416 4578
2416 4701
2417 2437
2417 2447
2417 2828
2417 2878
2417 2879
2417 2942
2417 2996
2417 3883
2417 3995
2417 4138
2417 4285
2417 4340
2417 4447
2417 4451
2417 4527
2417 4625
2417 4751
2417 4951
2418 2580
2418 3350
2418 4061
2418 4193
2418 4477
2418 4634
2418 4751
2418 4766
2418 4776
2419 2518
2419 2894
2419 3134
2419 3308
2419 3717
2419 3811
2419 3921
2419 4314
2419 4508
2419 4706
2419 4713
2420 2514
2420 2522
2420 2537
2420 2634
2420 2789
2420 3020
2420 3088
2420 3261
2420 3290
2420 3413
2420 3780
2420 4052
2420 4091
2420 4242
2420 4311
2420 4890
2420 4977
2421 2783
2421 2981
2421 3070
2421 3119
2421 3203
2421 3255
2421 3403
2421 3539
2421 3545
2421 3820
2421 3887
2421 3962
2421 3990
2421 3993
2421 4140
2421 4262
2421 4870
2421 4927
2422 2555
2422 2588
2422 2892
2422 2918
2422 2937
2422 2967
2422 3802
2422 4100
2422 4399
2422 4460
2422 4526
2422 4792
2422 4814
2423 2755
2423 2788
2423 2925
2423 2997
2423 3000
2423 3257
2423 3367
2423 3372
2423 3563
2423 3597
2423 3764
2423 4307
2423 4415
2423 4565
2423 4726
2423 4829
2423 4983
2424 2678
2424 2743
2424 3558
2424 3613
2424 3800
2424 3816
2424 3821
2424 3914
2424 4073
2424 4124
2424 4296
2424 4424
2424 4720
2424 4778
2424 4848
2424 4914
2424 4919
2424 4941
2425 2572
2425 2686
2425 2765
2425 3090
2425 3156
2425 3277
2425 3351
2425 3987
2425 4234
2425 4566
2425 4640
2425 4693
2425 4765
2426 2436
2426 2879
2426 3469
2426 3616
2426 3618
2426 3624
2426 4367
2426 4585
2426 4614
2426 4674
2426 4973
2427 2590
2427 2815
2427 2905
2427 3020
2427 3291
2427 3443
2427 3484
2427 3532
2427 3720
2427 3896
2427 3902
2427 4028
2427 4029
2427 4364
2427 4386
2427 4387
2427 4456
2427 4541
2427 4692
2427 4886
2427 4905
2428 3064
2428 3193
2428 3228
2428 3303
2428 3393
2428 3456
2428 3806
2428 3963
2428 4154
2428 4180
2428 4249
2428 4697
2428 4709
2428 4917
2429 2609
2429 2648
2429 2891
2429 2975
2429 3137
2429 3140
2429 3997
2429 3998
2429 4106
2429 4150
2429 4161
2429 4384
2429 4405
2429 4510
2429 4720
2430 2449
2430 2814
2430 2890
2430 2951
2430 2970
2430 3237
2430 3328
2430 3448
2430 3459
2430 3517
2430 3609
2430 3704
2430 3717
2430 3893
2430 4053
2430 4150
2430 4332
2430 4615
2430 4633
2430 4693
2430 4726
2430 4859
2430 4883
2430 4973
2431 2586
2431 3020
2431 3342
2431 3487
2431 3542
2431 3582
2431 3665
2431 3688
2431 3770
2431 4052
2431 4089
2431 4513
2431 4577
2431 4817
2431 4865
2432 2538
2432 2627
2432 2682
2432 2919
2432 3236
2432 3259
2432 3570
2432 3604
2432 3646
2432 3680
2432 3855
2432 3927
2432 4375
2432 4612
2432 4770
2432 4785
2432 4905
2432 4909
2433 2765
2433 2947
2433 2954
2433 2967
2433 2989
2433 3181
2433 3309
2433 3348
2433 3440
2433 3502
2433 3516
2433 3792
2433 3832
2433 4256
2433 4360
2433 4404
2433 4466
2433 4612
2434 2485
2434 2685
2434 2746
2434 3013
2434 3154
2434 3372
2434 3816
2434 3837
2434 3918
2434 3944
2434 3953
2434 4195
2434 4235
2434 4259
2434 4587
2434 4594
2435 2675
2435 2792
2435 2882
2435 2985
2435 3008
2435 3032
2435 3105
2435 3320
2435 3454
2435 3820
2435 3865
2435 3883
2435 3973
2435 4191
2435 4198
2435 4249
2435 4327
2435 4530
2435 4645
2435 4858
2435 4867
2436 2480
2436 2663
2436 2880
2436 2966
2436 3302
2436 3437
2436 3476
2436 4197
2436 4458
2436 4612
2436 4723
2436 4926
2437 2675
2437 2682
2437 2688
2437 2881
2437 3078
2437 3688
2437 4089
2437 4094
2437 4131
2437 4186
2437 4289
2437 4493
2437 4696
2437 4711
2438 2572
2438 2933
2438 3125
2438 3186
2438 3187
2438 3201
2438 3354
2438 3362
2438 3445
2438 3779
2438 4296
2438 4540
2438 4831
2439 2544
2439 2642
2439 2684
2439 2831
2439 2844
2439 3329
2439 3631
2439 3903
2439 4321
2439 4332
2439 4488
2439 4805
2439 4849
2439 4889
2440 2467
2440 2551
2440 2552
2440 2653
2440 2822
2440 2823
2440 3153
2440 3208
2440 3387
2440 3644
2440 3745
2440 3778
2440 3970
2440 4476
2440 4536
2440 4711
2440 4770
2440 4838
2440 4954
2441 3021
2441 3157
2441 3500
2441 3540
2441 3951
2441 4059
2441 4263
2441 4303
2441 4461
2441 4760
2441 4911
2441 4979
2442 2460
2442 2461
2442 2865
2442 2920
2442 3039
2442 3393
2442 3500
2442 3511
2442 3532
2442 3610
2442 3773
2442 3852
2442 4143
2442 4284
2442 4381
2442 4614
2442 4645
2443 2444
2443 2473
2443 2507
2443 2707
2443 3020
2443 3177
2443 3424
2443 3441
2443 4140
2443 4155
2443 4199
2443 4200
2443 4648
2443 4683
2443 4939
2444 2958
2444 2974
2444 3233
2444 3341
2444 3969
2444 4080
2444 4204
2444 4228
2444 4239
2444 4374
2444 4461
2444 4529
2444 4829
2445 2585
2445 2793
2445 2981
2445 3331
2445 3347
2445 3759
2445 3791
2445 3841
2445 3918
2445 4151
2445 4177
2445 4214
2445 4229
2445 4292
2445 4319
2445 4355
2445 4376
2445 4442
2445 4695
2446 2469
2446 2861
2446 2892
2446 3073
2446 3164
2446 3336
2446 3774
2446 3978
2446 4108
2446 4131
2446 4443
2446 4455
2446 4990
2447 2712
2447 2779
2447 3002
2447 3014
2447 3384
2447 3760
2447 4363
2447 4527
2447 4575
2448 2537
2448 2779
2448 2792
2448 2930
2448 3087
2448 3152
2448 3284
2448 3567
2448 3595
2448 3867
2448 3988
2448 4007
2448 4077
2448 4096
2448 4134
2448 4359
2448 4495
2448 4728
2448 4912
2449 2577
2449 2579
2449 2914
2449 3104
2449 3572
2449 3887
2449 4314
2449 4383
2449 4487
2449 4604
2450 2470
2450 2689
2450 2871
2450 3080
2450 3423
2450 3537
2450 3795
2450 3807
2450 4170
2450 4410
2450 4472
2450 4534
2450 4723
2450 4725
2451 2800
2451 2856
2451 3093
2451 3317
2451 3459
2451 3529
2451 3567
2451 3716
2451 3743
2451 3756
2451 4066
2451 4276
2451 4451
2451 4563
2451 4684
2451 4693
2451 4744
2451 4760
2452 2519
2452 3146
2452 3150
2452 3166
2452 3169
2452 3251
2452 3265
2452 3333
2452 3414
2452 3494
2452 3703
2452 3800
2452 3923
2452 4511
2452 4531
2452 4647
2452 4703
2452 4833
2453 2601
2453 2803
2453 2815
2453 2837
2453 3038
2453 3126
2453 3347
2453 3507
2453 3589
2453 3698
2453 3862
2453 3886
2453 4045
2453 4078
2453 4346
2453 4860
2453 4939
2453 4943
2454 2635
2454 2641
2454 2668
2454 2673
2454 2679
2454 2932
2454 2935
2454 3063
2454 3173
2454 3330
2454 3841
2454 4005
2454 4050
2454 4225
2454 4311
2454 4418
2454 4479
2454 4484
2454 4582
2454 4964
2455 2940
2455 3267
2455 3345
2455 3520
2455 3649
2455 3772
2455 4037
2455 4101
2455 4505
2455 4520
2455 4624
2455 4766
2456 2609
2456 2724
2456 2891
2456 3314
2456 3498
2456 3698
2456 3712
2456 3828
2456 3998
2456 4032
2456 4090
2456 4304
2456 4492
2456 4511
2456 4530
2456 4707
2456 4861
2457 2789
2457 2791
2457 3221
2457 3305
2457 3460
2457 3611
2457 3686
2457 3992
2457 4764
2457 4913
2458 3381
2458 3408
2458 3503
2458 3898
2458 3911
2458 4093
2458 4159
2458 4249
2458 4269
2458 4279
2458 4518
2458 4612
2458 4905
2458 4942
2459 2505
2459 2613
2459 2676
2459 2846
2459 2927
2459 3045
2459 3437
2459 3502
2459 3771
2459 3862
2459 3941
2459 4291
2459 4364
2459 4409
2459 4442
2459 4959
2459 4985
2460 2540
2460 3055
2460 3120
2460 3166
2460 3482
2460 3545
2460 3754
2460 3815
2460 3939
2460 4131
2460 4203
2460 4226
2460 4797
2461 2656
2461 3039
2461 3053
2461 3336
2461 3707
2461 4443
2461 4546
2461 4808
2461 4901
2462 2567
2462 2679
2462 3234
2462 3424
2462 3872
2462 3881
2462 4052
2462 4128
2462 4149
2462 4153
2462 4306
2462 4313
2462 4409
2462 4879
2462 4947
2463 2475
2463 2762
2463 3015
2463 3067
2463 3251
2463 3260
2463 3286
2463 3398
2463 3746
2463 3939
2463 3949
2463 4112
2463 4251
2463 4870
2464 2625
2464 2852
2464 3304
2464 3385
2464 3491
2464 3646
2464 4007
2464 4042
2464 4175
2464 4378
2464 4915
2465 3017
2465 3123
2465 3133
2465 3223
2465 3241
2465 3309
2465 3390
2465 3441
2465 3841
2465 3973
2465 4241
2465 4338
2466 2741
2466 2756
2466 2845
2466 2997
2466 3010
2466 3307
2466 3682
2466 4227
2466 4304
2466 4397
2466 4672
2466 4748
2466 4751
2466 4758
2467 2757
2467 2811
2467 2969
2467 3033
2467 3039
2467 3198
2467 3278
2467 3287
2467 3485
2467 3486
2467 3537
2467 3579
2467 3787
2467 4220
2467 4272
2467 4462
2467 4672
2467 4714
2467 4894
2467 4999
2468 2715
2468 2785
2468 2792
2468 2984
2468 3186
2468 3464
2468 3670
2468 3740
2468 3754
2468 4131
2468 4185
2468 4282
2469 2475
2469 2664
2469 3019
2469 3020
2469 3069
2469 3201
2469 3273
2469 3289
2469 3310
2469 3430
2469 3469
2469 3496
2469 3544
2469 3618
2469 3958
2469 4176
2469 4188
2469 4376
2469 4394
2469 4447
2469 4942
2470 2681
2470 2769
2470 2961
2470 3027
2470 3146
2470 3323
2470 3817
2470 4226
2470 4339
2470 4850
2471 2625
2471 3118
2471 3293
2471 3409
2471 3538
2471 3601
2471 3614
2471 4566
2471 4614
2471 4656
2472 2531
2472 2532
2472 2729
2472 3371
2472 3449
2472 3484
2472 3759
2472 3916
2472 4020
2472 4029
2472 4103
2472 4343
2472 4375
2472 4554
2472 4562
2472 4795
2472 4948
2473 2481
2473 2652
2473 2869
2473 3017
2473 3073
2473 3153
2473 3316
2473 3463
2473 3499
2473 3966
2473 4379
2473 4382
2473 4395
2473 4413
2473 4481
2473 4927
2473 4958
2473 4978
2473 4979
2474 2560
2474 2581
2474 2738
2474 2795
2474 3019
2474 3044
2474 3088
2474 3122
2474 3329
2474 3378
2474 3447
2474 3953
2474 3990
2474 4185
2474 4372
2474 4689
2474 4699
2475 3197
2475 3271
2475 3444
2475 3533
2475 3551
2475 3608
2475 4210
2475 4408
2476 2532
2476 2753
2476 2860
2476 2862
2476 2907
2476 3114
2476 3190
2476 3259
2476 3318
2476 3511
2476 3573
2476 3909
2476 3936
2476 4055
2476 4324
2476 4477
2476 4508
2476 4576
2476 4711
2476 4947
2477 2742
2477 3157
2477 3231
2477 3500
2477 3553
2477 3765
2477 3822
2477 3829
2477 3978
2477 4218
2477 4390
2477 4461
2477 4519
2477 4522
2477 4782
2478 2597
2478 2923
2478 3087
2478 3095
2478 3134
2478 3192
2478 3314
2478 3835
2478 3856
2478 3880
2478 4234
2478 4278
2478 4604
2478 4943
2479 2586
2479 2758
2479 3806
2479 3956
2479 4035
2479 4282
2479 4457
2479 4458
2479 4555
2479 4616
2479 4656
2479 4900
2480 2729
2480 2967
2480 2994
2480 3256
2480 3345
2480 3483
2480 4046
2480 4067
2480 4198
2480 4254
2480 4460
2480 4563
2480 4626
2480 4666
2480 4974
2481 2920
2481 2965
2481 3066
2481 3179
2481 3293
2481 4062
2481 4079
2481 4123
2481 4554
2481 4657
2481 4705
2481 4921
2482 2518
2482 2623
2482 2704
2482 2787
2482 2981
2482 3139
2482 3289
2482 3340
2482 3616
2482 4126
2482 4141
2482 4245
2482 4570
2482 4807
2483 2649
2483 2878
2483 2923
2483 2949
2483 3112
2483 3118
2483 3199
2483 3807
2483 3929
2483 4403
2483 4466
2484 2635
2484 2668
2484 2726
2484 2782
2484 3304
2484 3320
2484 3371
2484 3389
2484 3695
2484 3705
2484 3821
2484 3904
2484 4083
2484 4358
2484 4414
2484 4830
2484 4854
2485 2516
2485 2593
2485 2748
2485 3312
2485 3429
2485 3508
2485 3541
2485 3686
2485 3742
2485 3958
2485 3980
2485 4199
2485 4269
2485 4560
2485 4625
2485 4758
2485 4781
2485 4864
2485 4949
2486 2571
2486 2603
2486 2614
2486 2862
2486 3006
2486 3283
2486 3353
2486 3569
2486 3587
2486 3643
2486 3756
2486 4146
2486 4174
2486 4406
2486 4491
2486 4502
2486 4774
2486 4854
2487 2640
2487 2766
2487 2782
2487 2889
2487 3109
2487 3361
2487 3509
2487 3575
2487 3665
2487 3788
2487 4183
2487 4544
2487 4657
2487 4692
2487 4973
2487 4983
2488 2696
2488 3063
2488 3658
2488 3700
2488 3923
2488 3972
2488 4137
2488 4238
2488 4419
2488 4499
2488 4526
2488 4609
2488 4895
2488 4938
2489 2578
2489 2638
2489 2871
2489 2877
2489 3014
2489 3235
2489 3257
2489 3296
2489 3372
2489 3500
2489 3503
2489 3528
2489 3917
2489 4213
2489 4312
2490 2637
2490 2686
2490 2733
2490 2928
2490 3188
2490 3404
2490 3580
2490 3727
2490 3743
2490 3802
2490 4030
2490 4043
2490 4129
2490 4272
2490 4793
2490 4834
2491 2790
2491 2843
2491 3155
2491 4159
2491 4244
2491 4566
2491 4755
2491 4803
2491 4863
2491 4981
2492 2510
2492 3056
2492 3207
2492 3209
2492 3212
2492 3235
2492 3326
2492 3481
2492 4027
2492 4441
2492 4452
2492 4468
2492 4677
2492 4762
2493 2517
2493 2768
2493 2855
2493 2879
2493 3182
2493 3275
2493 3439
2493 3445
2493 3617
2493 4292
2494 2681
2494 2737
2494 2847
2494 3110
2494 3472
2494 3944
2494 4344
2494 4470
2494 4509
2494 4568
2494 4575
2494 4696
2494 4960
2495 2570
2495 2817
2495 2974
2495 3242
2495 3319
2495 3403
2495 3581
2495 4114
2495 4129
2495 4307
2495 4313
2495 4797
2495 4826
2495 4841
2495 4918
2495 4970
2496 2602
2496 2719
2496 3418
2496 3537
2496 3735
2496 3883
2496 3929
2496 4064
2496 4148
2496 4516
2496 4652
2496 4785
2496 4925
2497 2552
2497 2707
2497 2934
2497 3001
2497 3011
2497 3176
2497 3193
2497 3245
2497 4005
2497 4322
2497 4465
2497 4642
2497 4811
2497 4976
2498 2612
2498 2701
2498 2720
2498 2733
2498 2855
2498 3083
2498 3676
2498 3765
2498 3943
2498 4312
2498 4322
2498 4517
2498 4655
2499 2636
2499 2675
2499 2925
2499 3209
2499 3342
2499 3457
2499 4052
2499 4322
2499 4350
2499 4352
2499 4369
2499 4388
2499 4672
2499 4878
2500 2568
2500 2664
2500 2802
2500 2880
2500 3430
2500 3446
2500 3529
2500 3576
2500 3669
2500 3710
2500 3739
2500 4224
2500 4323
2500 4337
2500 4502
2500 4568
2500 4829
2500 4918
2501 3340
2501 3446
2501 3546
2501 4027
2501 4041
2501 4366
2501 4470
2501 4581
2501 4731
2502 2506
2502 2564
2502 2582
2502 2599
2502 2838
2502 2856
2502 3105
2502 3179
2502 3379
2502 3571
2502 4257
2502 4277
2502 4614
2502 4819
2503 2704
2503 2762
2503 2781
2503 2937
2503 3217
2503 3332
2503 3416
2503 3456
2503 3797
2503 4105
2503 4155
2503 4248
2503 4270
2503 4346
2504 2595
2504 2677
2504 2724
2504 2885
2504 2889
2504 2904
2504 2938
2504 2958
2504 3062
2504 3273
2504 3507
2504 3515
2504 3672
2504 3686
2504 4029
2504 4170
2504 4442
2504 4468
2504 4529
2504 4545
2504 4609
2504 4688
2505 2514
2505 2712
2505 3061
2505 3196
2505 3259
2505 3307
2505 3728
2505 3786
2505 3892
2505 3941
2505 4060
2505 4358
2505 4571
2505 4633
2505 4660
2505 4783
2505 4868
2505 4878
2506 2558
2506 2593
2506 2880
2506 2904
2506 2922
2506 3180
2506 3390
2506 3534
2506 3930
2506 3964
2506 3987
2506 4081
2506 4429
2506 4533
2506 4762
2506 4864
2506 4871
2507 2635
2507 2788
2507 2902
2507 2961
2507 3122
2507 3193
2507 3410
2507 3539
2507 3910
2507 4121
2507 4252
2507 4335
2507 4351
2507 4366
2507 4373
2507 4546
2507 4579
2507 4907
2508 2552
2508 2554
2508 2913
2508 3369
2508 3431
2508 3502
2508 3692
2508 3735
2508 3764
2508 3919
2508 4078
2508 4185
2508 4289
2508 4358
2508 4460
2508 4775
2509 2810
2509 2821
2509 2872
2509 2890
2509 3174
2509 3381
2509 3479
2509 3513
2509 3556
2509 3568
2509 4182
2509 4524
2509 4583
2509 4653
2510 2725
2510 3203
2510 3266
2510 3666
2510 3759
2510 4051
2510 4065
2510 4161
2510 4484
2510 4648
2510 4808
2511 2523
2511 2555
2511 2582
2511 2780
2511 2903
2511 3244
2511 3774
2511 3976
2511 4608
2511 4665
2511 4755
2511 4838
2511 4859
2512 2518
2512 2643
2512 3117
2512 3382
2512 3501
2512 3649
2512 3660
2512 3937
2512 4301
2512 4688
2512 4712
2512 4748
2512 4767
2512 4885
2512 4962
2513 2526
2513 2576
2513 2651
2513 2679
2513 2848
2513 3140
2513 3393
2513 3394
2513 3501
2513 3570
2513 3710
2513 3871
2513 4091
2513 4140
2513 4164
2513 4198
2513 4296
2513 4350
2513 4440
2513 4818
2514 2585
2514 2647
2514 3050
2514 3330
2514 3759
2514 3779
2514 3898
2514 4204
2514 4292
2514 4330
2514 4356
2514 4503
2514 4895
2515 3001
2515 3167
2515 3340
2515 3363
2515 3420
2515 3947
2515 4313
2515 4348
2515 4372
2515 4513
2515 4674
2515 4799
2516 2761
2516 2801
2516 3004
2516 3100
2516 3216
2516 3233
2516 3310
2516 3530
2516 3554
2516 3640
2516 3656
2516 4403
2516 4466
2516 4628
2516 4709
2516 4828
2516 4910
2517 2573
2517 2952
2517 3045
2517 3080
2517 3094
2517 3117
2517 3178
2517 3312
2517 3354
2517 3370
2517 3402
2517 3617
2517 3698
2517 3725
2517 4437
2517 4504
2517 4691
2518 2877
2518 3238
2518 3289
2518 3364
2518 3400
2518 3471
2518 3561
2518 3704
2518 4099
2518 4170
2518 4443
2518 4837
2518 4957
2519 2525
2519 2548
2519 2837
2519 3463
2519 3466
2519 3517
2519 3875
2519 4026
2519 4104
2519 4543
2519 4571
2519 4577
2519 4752
2519 4927
2519 4989
2519 4992
2520 2611
2520 2629
2520 2725
2520 2858
2520 2886
2520 2980
2520 3018
2520 3662
2520 3845
2520 3964
2520 4705
2521 2659
2521 3115
2521 3212
2521 3365
2521 3520
2521 4036
2521 4062
2521 4160
2521 4168
2521 4196
2521 4641
2521 4845
2521 4929
2521 4974
2522 2611
2522 2943
2522 3254
2522 3270
2522 3315
2522 3503
2522 3672
2522 3894
2522 4072
2522 4935
2523 2696
2523 2757
2523 2770
2523 3097
2523 3187
2523 3506
2523 3648
2523 3737
2523 3793
2523 4049
2523 4298
2523 4363
2523 4494
2523 4507
2523 4575
2523 4716
2524 2557
2524 2649
2524 2740
2524 3125
2524 3265
2524 3427
2524 3470
2524 3654
2524 3832
2524 3849
2524 4075
2524 4606
2525 2703
2525 2871
2525 2925
2525 2959
2525 3023
2525 3409
2525 3443
2525 3536
2525 3597
2525 3602
2525 3644
2525 3660
2525 3752
2525 3870
2525 3974
2525 3990
2525 4130
2525 4483
2525 4952
2526 2726
2526 2806
2526 2969
2526 3006
2526 3042
2526 3192
2526 3328
2526 3578
2526 3667
2526 3979
2526 4063
2526 4246
2526 4272
2526 4407
2526 4592
2526 4631
2526 4701
2527 2995
2527 3203
2527 3231
2527 3507
2527 3629
2527 3704
2527 3784
2527 3829
2527 3858
2527 3986
2527 4261
2527 4300
2527 4372
2527 4705
2527 4827
2527 4986
2528 2563
2528 2764
2528 3138
2528 3322
2528 3515
2528 3567
2528 3610
2528 3673
2528 3821
2528 4020
2528 4195
2528 4478
2528 4697
2528 4821
2528 4907
2529 2675
2529 2727
2529 2939
2529 2944
2529 3030
2529 3060
2529 3295
2529 3371
2529 3546
2529 3579
2529 3611
2529 3620
2529 3753
2529 3982
2529 4241
2529 4250
2529 4289
2529 4452
2529 4539
2529 4644
2529 4753
2529 4846
2530 2596
2530 2959
2530 2992
2530 3381
2530 3564
2530 3601
2530 3834
2530 3925
2530 3943
2530 4213
2530 4405
2530 4481
2530 4800
2531 2804
2531 3034
2531 3136
2531 3425
2531 3476
2531 3680
2531 3777
2531 3916
2531 3982
2531 4038
2531 4064
2531 4273
2531 4346
2531 4620
2531 4785
2532 2535
2532 2578
2532 2792
2532 3088
2532 3089
2532 3287
2532 3389
2532 3408
2532 3475
2532 3509
2532 3631
2532 3880
2532 3900
2532 3998
2532 4005
2532 4157
2532 4322
2532 4388
2532 4594
2532 4608
2532 4706
2532 4896
2532 4910
2533 2589
2533 2710
2533 2713
2533 2739
2533 2967
2533 3243
2533 3296
2533 3625
2533 3710
2533 3853
2533 3912
2533 4157
2533 4187
2533 4258
2533 4337
2533 4470
2533 4566
2533 4813
2533 4989
2534 2802
2534 2852
2534 2908
2534 2994
2534 3006
2534 3018
2534 3072
2534 3355
2534 3723
2534 3930
2534 4285
2534 4288
2534 4464
2534 4575
2534 4590
2534 4660
2534 4996
2535 3069
2535 3141
2535 3164
2535 3285
2535 3328
2535 3576
2535 3927
2535 4399
2535 4535
2535 4575
2535 4928
2535 4959
2536 2559
2536 2659
2536 2681
2536 2734
2536 2954
2536 3517
2536 3669
2536 3722
2536 3749
2536 3775
2536 3910
2536 4417
2536 4464
2536 4683
2536 4874
2536 4895
2537 2611
2537 2888
2537 2945
2537 3179
2537 3184
2537 3463
2537 3710
2537 3850
2537 3979
2537 4049
2537 4068
2537 4193
2537 4231
2537 4588
2537 4765
2538 2888
2538 2903
2538 3007
2538 3202
2538 3347
2538 3779
2538 3846
2538 3877
2538 3985
2538 4155
2538 4476
2538 4623
2539 2610
2539 2663
2539 2676
2539 2777
2539 3382
2539 3428
2539 3486
2539 3487
2539 3713
2539 3747
2539 3947
2539 4140
2539 4250
2539 4621
2539 4767
2539 4844
2539 4866
2540 2569
2540 2605
2540 2625
2540 2762
2540 2792
2540 2966
2540 2977
2540 3137
2540 3374
2540 3750
2540 3994
2540 4420
2540 4531
2541 2614
2541 2685
2541 2837
2541 3431
2541 4038
2541 4189
2541 4370
2541 4549
2541 4893
2541 4903
2542 2612
2542 2667
2542 2724
2542 2881
2542 2923
2542 3003
2542 3080
2542 3094
2542 3170
2542 3247
2542 3523
2542 3563
2542 4025
2542 4229
2542 4313
2542 4405
2542 4849
2542 4850
2543 2689
2543 2842
2543 2909
2543 2994
2543 3231
2543 3260
2543 3356
2543 3585
2543 3714
2543 4030
2543 4169
2543 4233
2543 4345
2543 4784
2543 4792
2543 4852
2544 2778
2544 3195
2544 3393
2544 3579
2544 3591
2544 3826
2544 3944
2544 3956
2544 4126
2544 4127
2544 4139
2544 4167
2544 4264
2544 4878
2544 4896
2545 2811
2545 3112
2545 3290
2545 3404
2545 3466
2545 3977
2545 4307
2545 4945
2546 2591
2546 2742
2546 2856
2546 2887
2546 3208
2546 3234
2546 3305
2546 3440
2546 3485
2546 3528
2546 3549
2546 3767
2546 3787
2546 4786
2546 4848
2546 4862
2546 4914
2547 2578
2547 2736
2547 3184
2547 3241
2547 3314
2547 3406
2547 3425
2547 3487
2547 3559
2547 3622
2547 3721
2547 3757
2547 3997
2547 4031
2547 4243
2547 4291
2547 4420
2547 4465
2547 4643
2547 4661
2548 2569
2548 2744
2548 2913
2548 2950
2548 3228
2548 3324
2548 3337
2548 3382
2548 3658
2548 3674
2548 3742
2548 3753
2548 3771
2548 4114
2548 4187
2548 4195
2548 4265
2548 4508
2549 2881
2549 3209
2549 3475
2549 3799
2549 3854
2549 3920
2549 4048
2549 4139
2549 4145
2549 4252
2549 4263
2549 4276
2549 4282
2549 4314
2549 4793
2550 3286
2550 3305
2550 3368
2550 3448
2550 3478
2550 3785
2550 3916
2550 3994
2550 4352
2550 4404
2550 4463
2550 4513
2550 4656
2550 4685
2550 4802
2551 2694
2551 3045
2551 3128
2551 3192
2551 3324
2551 3583
2551 4123
2551 4152
2551 4155
2551 4164
2551 4281
2551 4565
2551 4647
2551 4752
2552 2797
2552 2889
2552 3031
2552 3071
2552 3325
2552 3583
2552 3694
2552 3697
2552 3869
2552 4146
2552 4448
2552 4579
2552 4980
2553 2659
2553 2883
2553 2893
2553 3228
2553 3233
2553 3361
2553 3444
2553 3663
2553 3722
2553 4216
2553 4258
2553 4320
2553 4328
2553 4757
2553 4837
2553 4895
2553 4899
2554 2739
2554 2761
2554 2905
2554 2964
2554 3002
2554 3627
2554 3679
2554 3726
2554 3883
2554 3997
2554 4202
2554 4699
2555 2562
2555 3777
2555 3789
2555 3918
2555 3971
2555 4002
2555 4067
2555 4293
2555 4314
2555 4531
2555 4738
2555 4783
2555 4817
2555 4921
2556 2859
2556 2933
2556 3211
2556 3242
2556 3247
2556 3333
2556 3399
2556 3509
2556 3974
2556 3977
2556 4373
2556 4492
2556 4508
2556 4605
2556 4716
2556 4791
2556 4913
2557 2694
2557 2855
2557 2892
2557 2932
2557 3120
2557 3557
2557 3614
2557 4240
2557 4390
2557 4430
2557 4736
2557 4865
2557 4935
2558 2636
2558 2699
2558 3102
2558 3143
2558 3184
2558 3525
2558 3557
2558 3737
2558 3978
2558 3986
2558 3989
2558 4455
2558 4568
2558 4614
2558 4780
2558 4817
2558 4834
2559 2761
2559 2812
2559 3095
2559 3164
2559 3338
2559 3375
2559 3390
2559 3525
2559 3695
2559 4301
2559 4623
2559 4685
2559 4714
2559 4924
2559 4972
2560 2651
2560 2734
2560 3259
2560 3416
2560 3469
2560 3475
2560 3639
2560 3933
2560 3944
2560 4261
2560 4457
2560 4479
2560 4514
2560 4517
2560 4555
2560 4565
2560 4621
2561 2639
2561 2838
2561 3242
2561 3664
2561 3745
2561 3775
2561 3777
2561 3791
2561 3983
2561 4087
2561 4134
2561 4244
2561 4533
2561 4592
2561 4649
2561 4791
2561 4894
2561 4926
2562 3079
2562 3298
2562 3496
2562 3562
2562 3573
2562 3575
2562 3587
2562 3670
2562 3717
2562 3830
2562 3957
2562 4049
2562 4254
2563 2824
2563 3103
2563 3183
2563 3268
2563 3273
2563 3312
2563 3407
2563 3528
2563 3722
2563 3737
2563 4026
2563 4101
2563 4226
2563 4263
2563 4810
2563 4982
2564 2600
2564 2672
2564 2696
2564 2755
2564 2764
2564 3653
2564 3782
2564 3862
2564 3870
2564 4445
2564 4581
2564 4605
2564 4759
2564 4822
2564 4880
2564 4918
2564 4938
2565 2656
2565 2835
2565 3091
2565 3117
2565 3221
2565 3233
2565 3323
2565 3568
2565 3606
2565 3621
2565 3736
2565 3980
2565 4080
2565 4141
2565 4558
2565 4570
2565 4724
2565 4884
2566 2614
2566 3024
2566 3106
2566 3222
2566 3368
2566 3592
2566 3703
2566 3778
2566 3989
2566 4079
2566 4110
2566 4161
2566 4263
2566 4287
2566 4344
2566 4621
2566 4655
2566 4712
2566 4857
2567 2574
2567 2617
2567 2810
2567 2878
2567 2966
2567 3404
2567 3471
2567 3762
2567 4243
2567 4348
2567 4770
2567 4963
2568 3053
2568 3473
2568 3533
2568 4022
2568 4168
2568 4392
2568 4433
2568 4634
2568 4670
2569 2667
2569 2672
2569 2840
2569 2903
2569 3157
2569 3308
2569 3321
2569 3609
2569 3942
2569 4247
2569 4658
2569 4740
2569 4826
2570 3105
2570 3196
2570 3419
2570 3420
2570 3770
2570 3775
2570 4030
2570 4161
2570 4219
2570 4321
2570 4363
2570 4623
2570 4686
2570 4946
2571 2712
2571 2797
2571 2905
2571 3456
2571 3512
2571 3926
2571 3947
2571 4133
2571 4163
2571 4168
2571 4321
2571 4418
2571 4468
2571 4517
2571 4731
2571 4902
2571 4913
2572 2664
2572 2798
2572 2847
2572 2977
2572 3230
2572 3336
2572 3467
2572 3544
2572 3557
2572 3834
2572 4095
2572 4320
2572 4410
2572 4618
2572 4656
2573 2611
2573 2625
2573 2712
2573 2720
2573 2826
2573 3247
2573 3272
2573 3483
2573 3694
2573 3717
2573 3745
2573 3829
2573 4039
2573 4704
2573 4805
2573 4812
2573 4813
2573 4823
2573 4945
2573 4986
2573 4987
2574 2593
2574 2970
2574 3076
2574 3381
2574 3482
2574 3714
2574 3850
2574 4693
2574 4809
2574 4837
2574 4930
2575 3135
2575 3162
2575 3237
2575 3393
2575 3520
2575 3744
2575 4059
2575 4061
2575 4107
2575 4170
2575 4631
2575 4702
2575 4718
2575 4825
2575 4868
2575 4879
2576 2655
2576 2813
2576 3041
2576 3098
2576 3547
2576 3626
2576 3633
2576 3723
2576 3962
2576 3990
2576 4271
2576 4281
2576 4284
2576 4440
2577 2731
2577 3285
2577 3290
2577 3564
2577 3649
2577 3865
2577 4155
2577 4316
2577 4491
2577 4730
2577 4814
2578 2703
2578 3051
2578 3151
2578 3604
2578 3638
2578 3669
2578 3738
2578 3784
2578 3954
2578 4006
2578 4207
2578 4430
2578 4583
2578 4599
2578 4819
2578 4989
2579 2668
2579 2672
2579 2873
2579 3080
2579 3906
2579 4147
2579 4192
2579 4541
2579 4804
2580 3188
2580 3435
2580 3447
2580 3533
2580 3592
2580 3840
2580 4070
2580 4182
2580 4358
2580 4388
2580 4455
2580 4499
2580 4529
2580 4539
2580 4761
2581 2660
2581 2754
2581 3246
2581 3389
2581 4259
2581 4525
2581 4617
2581 4710
2582 2725
2582 2823
2582 3054
2582 3507
2582 3610
2582 3643
2582 3708
2582 3725
2582 3832
2582 4006
2582 4060
2582 4212
2582 4297
2582 4299
2582 4810
2582 4967
2583 2645
2583 2664
2583 3102
2583 3118
2583 3215
2583 3251
2583 3393
2583 3403
2583 3467
2583 3504
2583 3642
2583 3765
2583 4006
2583 4021
2583 4165
2583 4371
2583 4437
2583 4456
2583 4505
2583 4695
2584 2640
2584 2655
2584 2705
2584 2729
2584 2763
2584 2841
2584 2981
2584 3249
2584 3405
2584 3461
2584 3620
2584 3755
2584 4113
2584 4372
2584 4459
2584 4723
2584 4823
2584 4981
2585 2743
2585 2871
2585 2938
2585 2979
2585 3059
2585 3283
2585 3391
2585 3505
2585 3900
2585 4254
2585 4404
2585 4438
2585 4809
2586 3083
2586 3184
2586 3378
2586 3413
2586 3458
2586 3466
2586 3558
2586 3606
2586 3607
2586 3704
2587 2673
2587 2872
2587 2944
2587 3140
2587 3412
2587 3417
2587 3866
2587 3962
2587 4102
2587 4425
2587 4713
2587 4919
2588 2691
2588 2709
2588 3314
2588 3532
2588 3580
2588 4118
2588 4279
2588 4783
2588 4930
2589 2607
2589 3165
2589 3243
2589 3395
2589 3403
2589 3494
2589 4354
2589 4355
2589 4363
2590 2648
2590 2800
2590 2959
2590 3387
2590 3423
2590 3628
2590 3878
2590 3893
2590 3961
2590 4173
2590 4218
2590 4265
2590 4378
2590 4398
2590 4542
2590 4621
2590 4741
2590 4802
2591 3497
2591 3598
2591 3634
2591 3653
2591 3691
2591 3707
2591 3808
2591 4068
2591 4195
2591 4210
2591 4266
2591 4613
2591 4691
2592 2861
2592 2899
2592 2998
2592 3135
2592 3165
2592 3459
2592 3886
2592 3910
2592 4046
2592 4136
2592 4241
2592 4576
2592 4707
2592 4736
2592 4820
2592 4936
2593 2765
2593 2913
2593 3286
2593 3421
2593 3438
2593 3478
2593 3963
2593 4455
2593 4673
2593 4851
2594 2623
2594 2770
2594 2807
2594 2914
2594 2989
2594 3053
2594 3441
2594 3582
2594 3671
2594 4102
2594 4200
2594 4258
2594 4499
2594 4946
2595 2684
2595 2758
2595 2875
2595 3023
2595 3051
2595 3133
2595 3380
2595 3489
2595 3491
2595 3600
2595 3601
2595 3635
2595 3677
2595 4369
2595 4566
2595 4574
2595 4645
2595 4650
2595 4685
2595 4756
2595 4804
2595 4817
2595 4995
2596 2600
2596 2629
2596 2844
2596 2896
2596 2926
2596 2988
2596 3094
2596 3101
2596 3187
2596 3505
2596 3845
2596 3975
2596 4446
2596 4506
2596 4517
2596 4788
2596 4976
2597 2731
2597 2910
2597 2982
2597 3097
2597 3125
2597 3251
2597 3370
2597 3396
2597 3457
2597 3773
2597 4000
2597 4138
2597 4181
2597 4439
2597 4461
2597 4580
2597 4743
2597 4858
2598 2873
2598 2956
2598 3044
2598 3086
2598 3094
2598 3472
2598 3551
2598 3570
2598 3739
2598 3796
2598 3968
2598 4105
2598 4292
2598 4336
2598 4365
2598 4486
2598 4507
2598 4637
2599 2795
2599 2849
2599 3065
2599 3763
2599 3926
2599 4002
2599 4110
2599 4318
2599 4384
2599 4508
2599 4825
2600 2649
2600 2703
2600 2747
2600 2873
2600 3335
2600 3410
2600 3622
2600 3677
2600 3716
2600 3750
2600 3769
2600 3997
2600 4068
2600 4103
2600 4278
2600 4718
2600 4926
2601 2888
2601 3127
2601 3184
2601 3533
2601 3896
2601 3936
2601 3955
2601 3983
2601 4246
2601 4275
2601 4435
2601 4487
2601 4594
2601 4959
2602 2847
2602 2924
2602 2935
2602 3233
2602 3395
2602 3407
2602 3489
2602 3525
2602 3547
2602 3707
2602 4095
2602 4285
2602 4669
2602 4776
2602 4836
2602 4899
2603 2665
2603 2694
2603 2802
2603 2808
2603 3038
2603 3249
2603 3442
2603 3454
2603 3520
2603 3551
2603 3793
2603 3808
2603 3919
2603 4158
2603 4401
2603 4474
2603 4575
2603 4577
2604 2638
2604 2714
2604 2789
2604 2975
2604 3142
2604 3391
2604 3404
2604 3633
2604 3704
2604 3764
2604 3845
2604 3883
2604 3976
2604 4029
2604 4082
2604 4222
2604 4327
2605 3043
2605 3138
2605 3166
2605 3675
2605 4018
2605 4093
2605 4125
2605 4265
2605 4337
2605 4486
2605 4553
2605 4664
2606 2666
2606 2762
2606 3107
2606 3446
2606 3665
2606 3669
2606 3889
2606 4505
2606 4509
2606 4549
2606 4701
2606 4733
2606 4914
2606 4965
2607 2931
2607 2956
2607 2962
2607 3027
2607 3121
2607 3604
2607 4080
2607 4184
2607 4264
2607 4298
2607 4526
2607 4529
2607 4627
2607 4954
2608 2616
2608 2654
2608 2767
2608 2856
2608 2970
2608 3279
2608 3441
2608 3801
2608 3950
2608 4084
2608 4306
2608 4340
2608 4638
2608 4654
2608 4832
2608 4853
2609 3154
2609 3524
2609 3567
2609 3587
2609 3598
2609 3712
2609 3762
2609 3865
2609 4178
2609 4453
2609 4539
2609 4710
2610 2627
2610 2789
2610 2843
2610 3036
2610 3217
2610 3267
2610 3383
2610 3435
2610 3561
2610 4396
2610 4708
2611 3022
2611 3067
2611 3200
2611 3317
2611 3382
2611 3555
2611 3558
2611 3717
2611 3776
2611 3884
2611 4128
2611 4270
2611 4607
2611 4992
2612 2655
2612 2671
2612 2695
2612 2960
2612 3014
2612 3021
2612 3062
2612 3097
2612 3668
2612 3675
2612 3758
2612 3799
2612 4237
2612 4314
2612 4501
2612 4651
2612 4964
2613 2690
2613 3068
2613 3497
2613 3531
2613 3561
2613 3851
2613 4057
2613 4294
2613 4348
2613 4458
2613 4521
2613 4522
2613 4569
2613 4631
2613 4735
2613 4782
2613 4875
2613 4922
2614 2954
2614 3214
2614 3583
2614 3700
2614 3786
2614 3832
2614 3849
2614 4383
2614 4686
2614 4697
2615 2728
2615 2794
2615 2805
2615 3064
2615 3142
2615 3315
2615 3481
2615 3555
2615 3745
2615 3788
2615 4375
2615 4415
2615 4525
2615 4555
2615 4608
2615 4630
2615 4648
2615 4715
2615 4806
2615 4811
2616 2775
2616 2906
2616 3975
2616 4111
2616 4147
2616 4155
2616 4252
2616 4281
2616 4770
2616 4869
2617 2857
2617 3181
2617 3198
2617 3239
2617 3916
2617 4006
2617 4105
2617 4410
2617 4512
2617 4660
2617 4895
2617 4930
2618 2654
2618 2982
2618 3022
2618 3183
2618 3355
2618 3715
2618 3863
2618 4118
2618 4627
2618 4962
2619 2646
2619 2780
2619 2942
2619 3042
2619 3161
2619 3354
2619 3437
2619 3798
2619 3898
2619 3998
2619 4152
2619 4676
2619 4791
2619 4806
2620 2678
2620 2946
2620 2987
2620 3025
2620 3102
2620 3202
2620 3601
2620 3758
2620 3877
2620 3911
2620 3971
2620 4093
2620 4222
2620 4314
2620 4327
2621 2772
2621 2804
2621 2841
2621 2914
2621 3054
2621 3226
2621 3322
2621 3349
2621 3489
2621 3538
2621 3563
2621 3759
2621 3918
2621 4221
2621 4556
2621 4609
2621 4749
2622 2926
2622 3201
2622 3210
2622 3236
2622 3256
2622 3314
2622 3541
2622 3579
2622 3776
2622 3898
2622 4040
2622 4218
2622 4366
2622 4547
2622 4652
2622 4804
2623 3161
2623 3624
2623 3636
2623 4040
2623 4135
2623 4245
2623 4613
2623 4735
2623 4885
2623 4916
2624 2893
2624 2935
2624 3148
2624 3273
2624 3334
2624 3623
2624 3690
2624 3756
2624 3791
2624 3814
2624 4036
2624 4098
2624 4245
2624 4407
2624 4451
2625 2780
2625 2822
2625 2953
2625 3558
2625 4018
2625 4338
2625 4360
2625 4569
2625 4749
2625 4905
2626 2697
2626 2710
2626 3171
2626 3208
2626 3373
2626 3482
2626 3600
2626 3856
2626 4136
2626 4225
2626 4354
2626 4381
2626 4397
2626 4553
2627 2812
2627 3389
2627 3412
2627 3730
2627 3860
2627 4225
2627 4400
2627 4669
2627 4717
2627 4830
2627 4835
2628 2701
2628 2803
2628 2923
2628 2991
2628 2998
2628 3169
2628 3327
2628 3353
2628 3424
2628 3540
2628 3566
2628 3590
2628 3633
2628 3934
2628 4087
2628 4340
2628 4350
2628 4412
2628 4574
2628 4794
2628 4905
2628 4932
2629 2778
2629 2829
2629 3457
2629 3499
2629 3503
2629 3599
2629 3757
2629 3797
2629 3941
2629 4143
2629 4154
2629 4286
2629 4831
2629 4851
2629 4877
2630 2693
2630 2704
2630 3082
2630 3397
2630 3426
2630 3524
2630 3653
2630 3790
2630 4162
2630 4306
2630 4520
2630 4553
2630 4616
2630 4808
2631 2699
2631 2722
2631 2821
2631 3239
2631 3271
2631 3635
2631 3641
2631 3819
2631 3887
2631 4064
2631 4225
2631 4664
2632 2716
2632 2739
2632 2769
2632 2949
2632 3173
2632 3246
2632 3439
2632 3478
2632 3599
2632 3618
2632 4037
2632 4376
2632 4465
2633 2840
2633 3295
2633 3481
2633 3533
2633 3644
2633 3945
2633 4159
2633 4265
2633 4303
2633 4370
2633 4393
2633 4629
2633 4682
2633 4958
2634 3034
2634 3166
2634 3242
2634 3384
2634 3590
2634 4240
2634 4311
2634 4878
2635 2650
2635 2776
2635 2808
2635 2963
2635 3165
2635 3189
2635 3215
2635 3374
2635 3427
2635 3812
2635 4198
2635 4345
2635 4569
2635 4659
2636 2922
2636 2993
2636 3043
2636 3064
2636 3087
2636 4125
2636 4259
2636 4419
2636 4420
2636 4437
2636 4519
2636 4941
2637 2698
2637 3207
2637 3543
2637 3550
2637 4159
2637 4193
2637 4266
2637 4309
2637 4702
2637 4915
2637 4997
2638 2836
2638 3009
2638 3263
2638 3365
2638 3428
2638 3590
2638 3610
2638 3698
2638 3787
2638 3902
2638 4116
2638 4289
2638 4404
2638 4669
2638 4710
2638 4897
2639 2656
2639 2877
2639 3037
2639 3059
2639 3097
2639 3139
2639 3227
2639 3368
2639 3488
2639 3781
2639 4499
2639 4676
2639 4729
2640 3001
2640 3042
2640 3061
2640 3087
2640 3120
2640 3216
2640 3349
2640 3466
2640 3719
2640 3740
2640 3741
2640 3779
2640 3815
2640 3926
2640 3992
2640 4164
2641 2808
2641 3100
2641 3193
2641 3932
2641 4184
2641 4363
2641 4396
2641 4522
2641 4842
2641 4945
2641 4956
2642 2707
2642 2727
2642 2977
2642 2993
2642 3173
2642 3643
2642 3845
2642 4122
2642 4585
2642 4806
2642 4863
2643 2702
2643 2812
2643 2838
2643 2874
2643 2988
2643 3410
2643 3772
2643 3887
2643 4041
2643 4127
2643 4542
2643 4718
2643 4826
2643 4919
2643 4974
2644 2731
2644 2815
2644 2926
2644 3180
2644 3184
2644 3259
2644 3402
2644 3900
2644 3934
2644 3985
2644 4027
2644 4053
2644 4262
2644 4358
2644 4502
2644 4506
2644 4691
2644 4883
2645 2775
2645 2889
2645 2907
2645 2934
2645 3339
2645 3456
2645 3488
2645 3525
2645 3834
2645 3906
2645 3952
2645 4070
2645 4857
2646 2651
2646 2688
2646 3013
2646 3036
2646 3057
2646 3072
2646 3247
2646 3274
2646 3297
2646 3346
2646 3540
2646 3954
2646 4099
2646 4377
2646 4437
2646 4773
2647 2781
2647 2811
2647 2836
2647 2983
2647 3035
2647 3083
2647 3670
2647 3964
2647 4242
2647 4346
2647 4389
2647 4449
2647 4665
2647 4899
2648 2732
2648 2811
2648 3050
2648 3406
2648 3825
2648 3947
2648 3997
2648 4205
2648 4299
2648 4435
2648 4557
2648 4568
2648 4760
2648 4853
2648 4891
2649 2687
2649 2743
2649 2756
2649 2858
2649 2962
2649 3209
2649 3501
2649 3519
2649 3601
2649 3658
2649 3759
2649 3905
2649 3937
2649 3982
2649 4043
2649 4473
2649 4522
2649 4523
2649 4751
2649 4960
2649 4961
2650 2883
2650 3086
2650 3437
2650 3583
2650 3701
2650 3753
2650 4039
2650 4454
2650 4778
2650 4840
2650 4877
2651 2714
2651 2764
2651 2770
2651 2964
2651 3686
2651 3755
2651 3758
2651 3873
2651 4244
2651 4645
2651 4731
2652 2812
2652 3201
2652 3613
2652 3657
2652 4232
2652 4356
2652 4362
2652 4678
2652 4741
2652 4806
2652 4830
2652 4894
2653 2682
2653 2805
2653 2838
2653 2933
2653 3009
2653 3014
2653 3049
2653 3096
2653 3113
2653 3216
2653 3332
2653 3418
2653 3703
2653 3780
2653 3803
2653 4191
2653 4401
2653 4411
2653 4537
2653 4573
2653 4607
2653 4612
2653 4706
2653 4755
2653 4764
2654 2897
2654 2974
2654 2977
2654 3051
2654 3147
2654 3214
2654 3796
2654 3826
2654 4423
2654 4875
2655 2662
2655 2804
2655 2867
2655 3055
2655 3063
2655 3362
2655 3725
2655 4033
2655 4077
2655 4142
2655 4324
2655 4563
2655 4638
2655 4989
2656 2784
2656 3056
2656 3127
2656 3208
2656 3302
2656 3519
2656 3669
2656 3681
2656 3737
2656 4155
2656 4196
2656 4342
2656 4719
2657 2898
2657 3076
2657 3117
2657 3253
2657 3521
2657 4277
2657 4317
2657 4483
2657 4555
2657 4618
2657 4631
2657 4632
2658 3081
2658 3105
2658 3342
2658 3388
2658 3551
2658 3666
2658 3727
2658 3981
2658 4263
2658 4575
2658 4759
2658 4825
2658 4851
2658 4886
2659 2838
2659 2999
2659 3271
2659 3350
2659 3378
2659 3651
2659 3892
2659 3972
2659 4175
2659 4187
2659 4384
2659 4398
2659 4661
2659 4686
2659 4820
2659 4885
2659 4930
2659 4983
2660 3032
2660 3142
2660 3143
2660 3174
2660 3182
2660 3183
2660 3374
2660 3802
2660 3877
2660 4035
2660 4279
2660 4718
2660 4928
2660 4953
2661 2675
2661 2795
2661 3053
2661 3085
2661 3126
2661 3128
2661 3246
2661 3282
2661 3373
2661 3401
2661 3624
2661 3855
2661 3942
2661 4353
2661 4540
2661 4575
2661 4628
2661 4702
2662 2737
2662 2773
2662 2961
2662 3177
2662 3299
2662 3486
2662 3768
2662 3913
2662 4120
2662 4316
2662 4514
2662 4883
2663 2978
2663 3285
2663 3303
2663 3569
2663 3768
2663 3809
2663 4145
2663 4227
2663 4354
2663 4376
2663 4697
2664 2832
2664 3155
2664 3221
2664 3374
2664 3674
2664 3882
2664 4059
2664 4557
2664 4742
2664 4795
2665 3030
2665 3205
2665 3765
2665 3849
2665 4040
2665 4233
2665 4368
2665 4443
2665 4465
2665 4542
2665 4570
2665 4633
2665 4677
2665 4784
2665 4992
2666 2784
2666 2865
2666 2875
2666 2895
2666 2921
2666 3131
2666 3205
2666 3233
2666 3521
2666 3557
2666 3600
2666 3714
2666 3743
2666 3997
2666 4219
2666 4232
2666 4696
2666 4902
2667 2991
2667 3145
2667 3248
2667 3350
2667 3565
2667 3573
2667 4034
2667 4232
2667 4433
2668 2674
2668 2744
2668 2794
2668 3287
2668 3696
2668 3968
2668 3987
2668 4290
2668 4502
2668 4565
2668 4875
2668 4952
2669 2884
2669 3028
2669 3180
2669 3207
2669 3257
2669 3323
2669 3475
2669 3914
2669 3999
2669 4116
2669 4451
2669 4526
2670 2868
2670 2990
2670 3071
2670 3076
2670 3088
2670 3122
2670 3394
2670 3557
2670 3587
2670 4015
2670 4149
2670 4231
2670 4391
2670 4570
2670 4989
2671 2755
2671 3252
2671 3403
2671 3533
2671 3805
2671 3893
2671 4004
2671 4041
2671 4259
2671 4297
2671 4488
2671 4521
2671 4783
2671 4849
2671 4997
2672 2683
2672 2960
2672 3331
2672 3453
2672 3474
2672 3488
2672 3502
2672 3883
2672 3979
2672 3988
2672 4107
2672 4416
2672 4430
2672 4547
2672 4587
2672 4741
2672 4756
2672 4875
2673 2700
2673 2702
2673 2867
2673 2883
2673 2934
2673 3315
2673 3447
2673 3600
2673 3641
2673 4289
2673 4492
2673 4534
2673 4549
2673 4596
2673 4737
2673 4898
2673 4978
2674 3092
2674 3645
2674 3664
2674 3920
2674 4273
2674 4291
2674 4343
2674 4418
2674 4738
2674 4959
2675 2904
2675 2934
2675 3108
2675 3144
2675 3362
2675 3497
2675 3528
2675 3552
2675 3706
2675 3747
2675 3917
2675 4089
2675 4177
2675 4310
2675 4462
2675 4597
2675 4621
2675 4830
2675 4879
2675 4906
2676 2746
2676 2969
2676 3435
2676 3451
2676 3604
2676 3671
2676 3802
2676 3817
2676 3875
2676 3915
2676 4050
2676 4152
2676 4159
2676 4276
2676 4548
2676 4552
2677 2754
2677 2980
2677 3126
2677 3132
2677 3152
2677 3235
2677 3382
2677 3748
2677 3878
2677 3927
2677 3994
2677 4021
2677 4046
2677 4280
2677 4351
2677 4438
2677 4712
2677 4931
2678 2752
2678 2853
2678 3003
2678 3452
2678 3568
2678 4153
2678 4170
2678 4239
2678 4989
2679 2726
2679 2868
2679 2961
2679 3099
2679 3190
2679 3243
2679 3472
2679 3640
2679 3723
2679 3912
2679 4680
2680 2766
2680 2854
2680 2968
2680 3107
2680 3178
2680 3380
2680 3866
2680 3937
2680 3943
2680 4226
2680 4346
2680 4370
2680 4388
2680 4471
2680 4596
2680 4651
2680 4681
2680 4735
2680 4782
2680 4942
2681 2854
2681 2909
2681 3107
2681 3136
2681 3198
2681 3377
2681 3441
2681 3499
2681 3891
2681 4027
2681 4075
2681 4179
2681 4651
2681 4829
2682 2885
2682 3011
2682 3121
2682 3389
2682 3914
2682 4415
2682 4704
2682 4810
2683 2813
2683 3012
2683 3272
2683 3336
2683 3475
2683 3508
2683 4128
2683 4152
2683 4388
2683 4425
2683 4797
2684 2747
2684 2910
2684 3002
2684 3186
2684 3205
2684 3339
2684 3414
2684 3775
2684 4168
2684 4182
2684 4215
2684 4411
2684 4423
2684 4571
2684 4685
2684 4907
2684 4980
2685 2914
2685 3213
2685 3862
2685 4060
2685 4291
2685 4360
2685 4464
2685 4527
2685 4790
2686 2882
2686 3091
2686 3385
2686 3956
2686 4048
2686 4055
2686 4146
2686 4172
2686 4690
2686 4817
2687 3100
2687 3215
2687 3310
2687 3327
2687 3568
2687 3634
2687 3802
2687 4367
2687 4419
2687 4423
2687 4513
2687 4559
2687 4641
2687 4688
2687 4754
2687 4984
2688 2847
2688 3022
2688 3047
2688 3185
2688 3191
2688 3352
2688 3368
2688 3501
2688 3924
2688 4000
2688 4200
2688 4290
2688 4549
2688 4563
2688 4851
2688 4990
2689 3131
2689 3172
2689 3213
2689 3235
2689 3462
2689 3491
2689 3700
2689 3764
2689 3841
2689 4484
2689 4932
2690 2793
2690 2837
2690 3373
2690 3401
2690 3582
2690 3824
2690 3855
2690 3896
2690 3929
2690 3985
2690 4097
2690 4446
2690 4633
2690 4715
2690 4732
2691 2712
2691 2891
2691 3318
2691 3507
2691 3970
2691 4158
2691 4650
2691 4822
2691 4964
2692 3084
2692 3159
2692 3258
2692 3386
2692 3537
2692 3633
2692 3738
2692 3958
2692 3970
2692 4086
2692 4097
2692 4136
2692 4327
2692 4328
2692 4612
2693 2941
2693 3139
2693 3332
2693 3630
2693 3773
2693 4060
2694 2713
2694 2739
2694 3095
2694 3331
2694 3768
2694 3815
2694 3977
2694 4019
2694 4024
2694 4321
2694 4386
2694 4633
2694 4671
2694 4786
2694 4859
2695 2804
2695 3125
2695 3180
2695 3306
2695 3350
2695 3390
2695 3424
2695 3585
2695 3666
2695 3685
2695 3702
2695 3855
2695 3873
2695 4131
2695 4289
2695 4613
2695 4893
2695 4951
2696 2717
2696 2738
2696 3018
2696 3040
2696 3054
2696 3210
2696 3289
2696 3391
2696 3533
2696 3644
2696 4047
2696 4141
2696 4274
2696 4355
2696 4466
2696 4653
2696 4849
2696 4881
2697 2961
2697 3024
2697 3107
2697 3238
2697 3275
2697 3756
2697 3880
2697 3888
2697 3930
2697 4086
2697 4309
2697 4731
2697 4935
2698 2929
2698 3026
2698 3058
2698 3132
2698 3150
2698 3408
2698 3604
2698 3623
2698 3657
2698 3717
2698 3943
2698 4052
2698 4132
2698 4806
2698 4821
2698 4990
2699 2711
2699 2770
2699 2981
2699 3358
2699 3362
2699 3459
2699 3906
2699 4035
2699 4088
2699 4256
2699 4561
2699 4671
2699 4791
2699 4870
2699 4894
2699 4932
2699 4949
2700 2833
2700 2925
2700 3142
2700 3237
2700 3592
2700 3983
2700 4120
2700 4189
2700 4270
2700 4420
2700 4582
2700 4864
2700 4903
2700 4997
2701 2789
2701 2973
2701 3467
2701 3698
2701 3907
2701 3981
2701 4194
2701 4214
2701 4260
2701 4426
2701 4693
2701 4695
2701 4706
2701 4810
2701 4997
2702 2723
2702 3003
2702 3109
2702 3121
2702 3198
2702 3390
2702 3734
2702 3742
2702 3812
2702 3887
2702 4040
2702 4515
2702 4535
2702 4600
2702 4701
2702 4710
2702 4959
2703 2767
2703 3210
2703 3262
2703 3655
2703 3767
2703 3796
2703 3857
2703 3891
2703 3897
2703 4065
2703 4177
2703 4279
2703 4639
2703 4671
2703 4908
2703 4928
2703 4983
2704 2940
2704 3050
2704 3080
2704 3895
2704 4075
2704 4116
2704 4294
2704 4639
2704 4704
2704 4839
2705 2775
2705 3116
2705 3432
2705 3474
2705 3499
2705 3788
2705 4133
2705 4171
2705 4282
2705 4427
2705 4655
2705 4661
2705 4784
2706 2755
2706 2823
2706 2907
2706 3151
2706 3350
2706 3353
2706 3582
2706 3726
2706 3962
2706 4150
2706 4467
2706 4668
2706 4692
2706 4852
2706 4968
2707 2982
2707 3050
2707 3058
2707 3092
2707 3175
2707 3935
2707 3946
2707 3948
2707 3988
2707 4000
2707 4008
2707 4174
2707 4291
2707 4845
2708 2771
2708 2776
2708 2843
2708 2952
2708 3479
2708 3679
2708 4062
2708 4813
2708 4829
2708 4833
2709 2793
2709 2907
2709 2954
2709 3058
2709 3307
2709 3460
2709 3490
2709 3557
2709 3657
2709 3700
2709 3843
2709 3887
2709 4077
2709 4257
2709 4353
2709 4785
2709 4934
2709 4950
2709 4978
2710 2788
2710 2819
2710 2836
2710 2847
2710 2887
2710 3044
2710 3276
2710 3404
2710 3690
2710 3709
2710 3755
2710 4020
2710 4551
2710 4885
2711 2905
2711 3154
2711 3319
2711 3407
2711 3645
2711 3690
2711 3945
2711 3957
2711 4232
2711 4737
2711 4944
2712 2768
2712 3001
2712 3015
2712 3189
2712 3360
2712 3523
2712 3630
2712 3804
2712 4671
2712 4705
2712 4859
2712 4931
2712 4966
2713 2773
2713 2774
2713 2976
2713 3167
2713 3396
2713 3873
2713 3956
2713 4209
2713 4319
2713 4605
2713 4623
2713 4627
2713 4702
2713 4998
2714 3223
2714 3343
2714 3835
2714 4052
2714 4081
2714 4104
2714 4473
2714 4525
2714 4533
2714 4606
2714 4698
2714 4739
2714 4845
2714 4849
2715 3033
2715 3197
2715 3378
2715 3396
2715 3577
2715 3697
2715 3737
2715 4143
2715 4330
2715 4337
2715 4512
2715 4542
2715 4624
2716 2869
2716 2893
2716 2924
2716 3271
2716 3361
2716 3367
2716 3622
2716 3640
2716 3854
2716 4294
2716 4581
2716 4617
2716 4860
2717 2865
2717 2879
2717 2896
2717 2980
2717 3000
2717 3003
2717 3139
2717 3351
2717 3534
2717 3657
2717 3846
2717 4090
2717 4425
2717 4467
2717 4719
2717 4827
2718 2786
2718 2877
2718 3010
2718 3051
2718 3550
2718 3971
2718 4188
2718 4362
2718 4665
2718 4713
2718 4955
2718 4999
2719 2830
2719 3840
2719 4337
2719 4556
2719 4560
2719 4663
2719 4676
2719 4800
2719 4911
2719 4966
2720 2784
2720 2869
2720 2902
2720 3298
2720 3309
2720 3481
2720 3598
2720 3609
2720 3930
2720 3931
2720 4015
2720 4447
2720 4766
2720 4857
2720 4903
2721 2734
2721 2981
2721 3136
2721 3149
2721 3367
2721 3409
2721 3453
2721 3555
2721 3560
2721 3661
2721 4038
2721 4412
2721 4524
2721 4566
2721 4648
2721 4887
2721 4919
2721 4940
2722 2738
2722 2881
2722 3172
2722 3181
2722 3391
2722 3414
2722 3631
2722 3817
2722 3918
2722 4125
2722 4166
2722 4231
2722 4390
2722 4528
2722 4531
2722 4883
2722 4940
2722 4962
2723 2903
2723 2913
2723 3053
2723 3160
2723 3702
2723 3708
2723 3781
2723 3861
2723 3947
2723 4028
2723 4416
2723 4448
2723 4577
2723 4599
2723 4866
2723 4894
2724 2790
2724 3056
2724 3180
2724 3220
2724 3242
2724 3786
2724 3933
2724 4002
2724 4103
2724 4343
2724 4565
2724 4636
2724 4826
2724 4952
2725 2787
2725 2794
2725 3098
2725 3132
2725 3432
2725 3494
2725 3567
2725 3716
2725 3994
2725 4089
2725 4127
2725 4338
2725 4360
2725 4429
2725 4611
2725 4698
2725 4820
2725 4969
2726 2758
2726 3052
2726 3260
2726 3439
2726 3549
2726 3608
2726 3644
2726 3705
2726 3825
2726 3910
2726 4139
2726 4230
2726 4581
2726 4613
2726 4901
2727 2884
2727 2900
2727 2908
2727 3373
2727 3384
2727 3494
2727 3599
2727 3696
2727 3774
2727 3961
2727 4040
2727 4424
2727 4473
2727 4603
2727 4760
2728 2830
2728 2870
2728 2930
2728 3045
2728 3294
2728 3343
2728 3767
2728 3805
2728 3879
2728 3884
2728 4160
2728 4260
2728 4286
2728 4297
2728 4416
2728 4423
2728 4442
2728 4516
2728 4615
2728 4732
2728 4833
2728 4947
2729 2734
2729 3136
2729 3431
2729 3476
2729 3542
2729 3770
2729 3900
2729 4057
2729 4141
2729 4148
2729 4227
2729 4741
2729 4956
2730 2835
2730 2882
2730 2913
2730 3300
2730 3371
2730 3461
2730 3635
2730 3637
2730 3794
2730 4165
2730 4332
2730 4354
2730 4355
2730 4678
2730 4700
2730 4883
2731 2891
2731 3133
2731 3217
2731 3243
2731 3434
2731 3598
2731 3761
2731 3773
2731 4053
2731 4641
2731 4655
2731 4816
2731 4876
2731 4972
2732 2908
2732 3062
2732 3270
2732 3466
2732 3776
2732 3916
2732 3926
2732 4199
2732 4563
2732 4630
2732 4858
2733 3107
2733 3124
2733 3292
2733 3552
2733 3606
2733 3696
2733 3989
2733 4201
2733 4673
2733 4692
2733 4772
2733 4791
2734 2930
2734 3096
2734 3233
2734 3651
2734 3676
2734 3705
2734 4429
2734 4688
2734 4756
2735 2741
2735 2755
2735 2797
2735 2819
2735 2881
2735 3049
2735 3203
2735 3406
2735 3774
2735 3803
2735 4249
2735 4427
2735 4862
2735 4873
2736 2766
2736 2837
2736 2917
2736 2921
2736 2972
2736 3113
2736 3171
2736 3463
2736 3632
2736 3773
2736 4017
2736 4037
2736 4293
2736 4403
2736 4738
2736 4905
2736 4969
2737 3021
2737 3161
2737 4125
2737 4141
2737 4203
2737 4387
2737 4592
2737 4885
2737 4968
2738 3039
2738 3124
2738 3235
2738 3276
2738 3374
2738 3542
2738 3674
2738 3689
2738 3816
2738 3880
2738 3919
2738 4079
2738 4137
2738 4332
2738 4571
2738 4640
2738 4812
2738 4858
2738 4888
2738 4996
2739 3507
2739 3617
2739 3648
2739 3826
2739 3839
2739 3946
2739 4258
2739 4422
2739 4820
2740 2911
2740 2949
2740 3275
2740 3300
2740 3626
2740 3724
2740 3886
2740 3920
2740 3946
2740 4183
2740 4740
2740 4820
2741 3050
2741 3115
2741 3171
2741 3555
2741 3604
2741 3795
2741 4191
2741 4340
2741 4498
2742 3192
2742 3200
2742 3215
2742 3272
2742 3317
2742 3487
2742 3626
2742 3730
2742 3747
2742 4434
2742 4495
2742 4606
2742 4627
2743 3395
2743 3627
2743 3777
2743 3880
2743 4789
2744 2778
2744 2798
2744 2826
2744 3078
2744 3394
2744 3472
2744 3770
2744 4148
2744 4582
2744 4657
2744 4675
2744 4803
2744 4880
2745 2842
2745 3197
2745 3224
2745 3379
2745 3426
2745 3463
2745 3468
2745 3608
2745 3818
2745 3876
2745 3935
2745 3997
2745 4063
2745 4472
2746 3420
2746 3518
2746 3645
2746 3671
2746 3728
2746 3738
2746 3916
2746 4512
2746 4889
2747 2786
2747 2818
2747 3425
2747 3448
2747 3662
2747 3755
2747 3765
2747 3857
2747 3939
2747 4211
2747 4215
2747 4236
2747 4282
2747 4427
2747 4496
2747 4695
2747 4704
2747 4715
2747 4958
2747 4985
2748 2941
2748 3087
2748 3091
2748 3181
2748 3206
2748 3547
2748 3858
2748 4039
2748 4175
2748 4579
2748 4662
2748 4902
2749 2877
2749 2917
2749 2930
2749 3036
2749 3252
2749 3566
2749 4091
2749 4169
2749 4284
2749 4589
2749 4593
2749 4597
2749 4694
2749 4967
2750 2774
2750 2899
2750 3233
2750 3366
2750 3457
2750 3479
2750 3664
2750 3771
2750 3994
2750 4181
2750 4300
2750 4585
2750 4790
2750 4912
2750 4918
2751 2760
2751 2991
2751 3024
2751 3031
2751 3540
2751 3588
2751 3596
2751 3768
2751 3823
2751 3909
2751 4043
2751 4576
2752 2816
2752 2973
2752 3008
2752 3234
2752 3301
2752 3394
2752 3458
2752 3580
2752 3656
2752 3870
2752 4262
2752 4541
2752 4548
2752 4575
2752 4785
2752 4967
2753 2992
2753 3193
2753 3298
2753 3610
2753 3761
2753 3926
2753 3958
2753 4036
2753 4174
2753 4186
2753 4371
2753 4624
2753 4935
2753 4962
2753 4968
2754 2791
2754 2925
2754 2971
2754 3158
2754 3295
2754 3329
2754 3750
2754 4003
2754 4035
2754 4315
2754 4343
2754 4677
2754 4698
2755 2868
2755 3057
2755 3294
2755 3406
2755 3590
2755 3939
2755 4010
2755 4418
2755 4509
2755 4776
2755 4852
2756 2910
2756 2933
2756 3148
2756 3385
2756 3442
2756 3902
2756 3909
2756 3954
2756 4109
2756 4182
2756 4437
2756 4514
2756 4720
2756 4871
2756 4966
2757 2791
2757 2883
2757 2982
2757 3365
2757 3743
2757 3789
2757 3868
2757 4005
2757 4027
2757 4068
2757 4175
2757 4402
2757 4545
2757 4832
2757 4875
2758 3018
2758 3038
2758 3175
2758 3428
2758 3786
2758 3797
2758 3859
2758 4108
2758 4335
2758 4340
2758 4403
2758 4560
2758 4659
2758 4777
2758 4786
2759 2879
2759 3121
2759 3746
2759 4009
2759 4046
2759 4072
2759 4173
2759 4297
2759 4455
2759 4608
2759 4611
2759 4621
2759 4734
2760 2805
2760 2832
2760 2922
2760 2954
2760 3020
2760 3056
2760 3087
2760 3463
2760 3527
2760 3556
2760 3819
2760 4111
2760 4151
2760 4560
2760 4586
2760 4728
2760 4896
2761 2798
2761 2976
2761 2981
2761 3117
2761 3182
2761 3320
2761 3381
2761 3660
2761 4031
2761 4100
2761 4189
2761 4340
2761 4353
2761 4411
2761 4700
2761 4760
2761 4989
2762 2869
2762 3343
2762 3598
2762 3704
2762 4280
2762 4368
2762 4430
2762 4446
2762 4946
2763 2768
2763 2834
2763 2897
2763 3030
2763 3263
2763 3294
2763 3345
2763 3505
2763 3946
2763 4026
2763 4471
2763 4881
2763 4914
2763 4939
2764 2771
2764 2859
2764 2987
2764 3063
2764 3297
2764 3773
2764 3919
2764 3992
2764 4251
2764 4287
2764 4420
2764 4426
2764 4427
2764 4768
2764 4828
2765 2822
2765 2826
2765 2892
2765 3359
2765 3430
2765 3511
2765 3857
2765 4138
2765 4284
2765 4400
2765 4984
2766 2801
2766 3071
2766 3147
2766 3280
2766 3581
2766 3991
2766 4466
2766 4644
2766 4743
2766 4796
2767 2776
2767 3020
2767 3122
2767 3243
2767 3431
2767 3779
2767 3997
2767 4476
2767 4506
2767 4509
2767 4738
2767 4930
2768 2876
2768 2904
2768 3041
2768 3229
2768 3542
2768 3721
2768 3845
2768 4123
2768 4535
2768 4676
2768 4724
2768 4957
2769 2960
2769 3271
2769 3377
2769 3949
2769 3996
2769 4066
2769 4398
2769 4410
2769 4525
2769 4562
2769 4762
2769 4765
2769 4899
2770 3123
2770 3188
2770 3455
2770 3590
2770 3630
2770 3824
2770 3828
2770 4087
2770 4214
2770 4585
2770 4719
2770 4937
2771 2934
2771 3127
2771 3433
2771 3626
2771 3712
2771 4150
2771 4162
2771 4285
2771 4310
2771 4623
2771 4835
2772 2814
2772 2941
2772 3065
2772 3460
2772 3495
2772 3680
2772 3684
2772 3771
2772 3993
2772 4064
2772 4673
2773 3044
2773 3060
2773 3152
2773 3559
2773 3917
2773 4086
2773 4244
2773 4334
2773 4489
2773 4634
2773 4893
2774 3143
2774 3163
2774 3322
2774 3388
2774 3400
2774 3509
2774 3728
2774 3882
2774 4028
2774 4073
2774 4109
2774 4463
2774 4595
2774 4725
2774 4726
2774 4739
2774 4822
2774 4928
2775 2778
2775 2788
2775 2811
2775 3125
2775 3199
2775 3264
2775 3830
2775 3915
2775 3925
2775 4144
2775 4196
2775 4241
2775 4452
2775 4610
2775 4631
2775 4716
2776 3015
2776 3097
2776 3393
2776 3704
2776 3731
2776 3804
2776 3812
2776 3823
2776 3936
2776 4178
2776 4268
2776 4789
2776 4826
2776 4849
2777 2953
2777 3124
2777 3502
2777 3794
2777 3902
2777 4042
2777 4450
2777 4509
2777 4551
2777 4697
2777 4826
2777 4993
2778 3087
2778 3336
2778 3428
2778 3465
2778 3721
2778 4161
2778 4197
2778 4282
2778 4547
2778 4811
2779 2801
2779 3004
2779 3063
2779 3099
2779 3174
2779 3453
2779 3461
2779 3778
2779 4234
2779 4268
2779 4615
2779 4666
2779 4712
2779 4957
2780 2830
2780 2882
2780 3053
2780 3086
2780 3292
2780 3891
2780 3909
2780 4080
2780 4221
2780 4294
2780 4345
2780 4426
2780 4475
2780 4584
2780 4649
2781 2899
2781 3042
2781 3261
2781 3265
2781 3348
2781 3764
2781 3779
2781 3867
2781 3940
2781 3967
2781 4116
2781 4124
2781 4322
2781 4675
2781 4934
2782 2832
2782 2882
2782 2997
2782 3391
2782 3627
2782 3787
2782 3886
2782 4016
2782 4030
2782 4152
2782 4254
2782 4260
2782 4431
2782 4603
2782 4650
2782 4709
2782 4735
2783 2822
2783 2894
2783 3262
2783 3295
2783 3392
2783 3447
2783 3492
2783 3818
2783 4041
2783 4108
2783 4291
2783 4722
2783 4826
2784 3067
2784 3304
2784 3547
2784 3738
2784 3851
2784 3875
2784 4032
2784 4068
2784 4161
2784 4224
2784 4471
2784 4476
2784 4789
2784 4866
2784 4956
2784 4976
2785 2982
2785 3163
2785 3234
2785 3279
2785 3516
2785 3551
2785 4207
2785 4301
2785 4581
2785 4978
2786 3216
2786 3306
2786 3368
2786 3596
2786 3752
2786 3906
2786 3930
2786 3939
2786 3952
2786 4095
2786 4211
2786 4247
2786 4290
2786 4380
2786 4428
2786 4674
2786 4955
2787 2817
2787 2818
2787 2842
2787 3002
2787 3021
2787 3030
2787 3051
2787 3083
2787 3574
2787 4045
2787 4169
2787 4547
2787 4863
2787 4972
2788 2841
2788 3043
2788 3219
2788 3321
2788 3727
2788 3747
2788 3799
2788 4167
2788 4238
2788 4578
2788 4581
2788 4653
2788 4663
2788 4748
2788 4774
2788 4855
2788 4861
2788 4945
2789 2850
2789 2923
2789 3066
2789 3259
2789 3420
2789 3509
2789 3809
2789 3976
2789 4281
2789 4340
2789 4830
2789 4831
2789 4908
2790 3028
2790 3228
2790 3300
2790 3345
2790 3621
2790 3639
2790 3978
2790 4258
2790 4429
2790 4470
2790 4978
2791 2927
2791 2998
2791 3016
2791 3128
2791 3341
2791 3450
2791 3602
2791 3639
2791 4004
2791 4068
2791 4280
2791 4379
2791 4529
2791 4565
2791 4608
2791 4631
2791 4722
2791 4901
2791 4905
2791 4944
2791 4952
2792 3357
2792 3600
2792 3638
2792 3938
2792 4480
2792 4906
2792 4960
2793 3009
2793 3011
2793 3013
2793 3047
2793 3066
2793 3209
2793 3272
2793 3464
2793 3607
2793 3638
2793 3806
2793 4061
2793 4150
2793 4238
2793 4308
2793 4385
2793 4627
2793 4752
2793 4990
2794 3173
2794 3537
2794 3567
2794 3685
2794 3710
2794 3724
2794 3811
2794 3821
2794 3955
2794 3994
2794 4506
2794 4629
2794 4683
2794 4877
2795 2971
2795 3140
2795 3159
2795 3368
2795 3693
2795 3988
2795 4014
2795 4299
2795 4347
2795 4352
2795 4494
2795 4506
2795 4582
2795 4785
2795 4930
2796 2816
2796 2886
2796 2901
2796 2930
2796 2985
2796 2997
2796 3125
2796 3162
2796 3244
2796 3320
2796 3421
2796 3552
2796 3696
2796 4084
2796 4148
2796 4353
2796 4488
2796 4536
2796 4781
2796 4869
2797 2964
2797 2988
2797 3157
2797 3376
2797 3446
2797 3521
2797 3526
2797 3536
2797 3748
2797 3978
2797 4414
2797 4520
2797 4642
2797 4874
2798 2959
2798 3665
2798 3672
2798 3816
2798 3923
2798 4125
2798 4160
2798 4463
2798 4587
2798 4639
2798 4979
2798 4995
2799 3095
2799 3151
2799 3176
2799 3358
2799 3393
2799 3458
2799 3461
2799 3599
2799 3850
2799 3992
2799 4268
2799 4271
2799 4378
2799 4425
2799 4479
2799 4669
2799 4847
2799 4922
2799 4956
2800 2974
2800 3085
2800 3359
2800 3499
2800 3757
2800 3904
2800 3911
2800 4060
2800 4185
2800 4194
2800 4686
2800 4743
2800 4876
2801 2893
2801 3049
2801 3106
2801 3226
2801 3837
2801 3898
2801 3899
2801 3917
2801 4007
2801 4309
2801 4392
2801 4513
2801 4545
2801 4704
2801 4741
2802 2912
2802 3244
2802 3293
2802 3331
2802 3835
2802 3860
2802 4332
2802 4407
2802 4540
2802 4640
2803 2842
2803 2960
2803 3142
2803 3198
2803 3382
2803 3475
2803 3845
2803 3887
2803 3960
2803 4002
2803 4442
2803 4549
2803 4712
2803 4808
2804 2931
2804 3019
2804 3094
2804 3193
2804 3450
2804 3530
2804 3898
2804 4263
2804 4457
2804 4620
2804 4871
2805 2940
2805 2941
2805 3272
2805 3448
2805 3853
2805 4455
2805 4632
2805 4671
2805 4715
2805 4723
2805 4871
2806 2963
2806 3157
2806 3226
2806 3267
2806 3305
2806 3340
2806 3406
2806 3528
2806 3634
2806 3674
2806 3825
2806 4154
2806 4609
2806 4627
2807 2938
2807 3161
2807 3327
2807 3414
2807 3456
2807 3492
2807 3627
2807 3725
2807 3983
2807 3984
2807 4069
2807 4484
2807 4616
2807 4619
2807 4911
2808 2821
2808 2831
2808 3049
2808 3062
2808 3149
2808 3456
2808 3498
2808 3549
2808 4263
2808 4390
2808 4483
2808 4572
2808 4728
2808 4736
2809 2829
2809 2834
2809 3005
2809 3244
2809 3391
2809 3607
2809 3639
2809 3665
2809 3690
2809 4192
2809 4230
2809 4231
2809 4496
2809 4510
2809 4780
2809 4954
2809 4973
2810 2827
2810 2945
2810 3122
2810 3197
2810 3253
2810 3410
2810 3769
2810 3806
2810 3897
2810 4004
2810 4138
2810 4172
2810 4207
2810 4372
2810 4467
2810 4501
2810 4523
2810 4657
2810 4973
2811 2994
2811 3615
2811 3720
2811 3901
2811 3933
2811 4172
2811 4290
2811 4349
2811 4407
2811 4417
2812 2875
2812 2919
2812 3192
2812 3373
2812 3743
2812 3747
2812 3841
2812 4064
2812 4197
2812 4284
2812 4454
2812 4538
2812 4564
2812 4749
2812 4884
2813 3145
2813 3419
2813 3795
2813 3865
2813 3932
2813 4247
2813 4256
2813 4462
2813 4955
2814 3090
2814 3340
2814 3379
2814 3399
2814 3509
2814 3900
2814 3962
2814 4367
2814 4370
2814 4576
2814 4579
2814 4599
2814 4613
2815 2886
2815 3177
2815 3220
2815 3323
2815 3393
2815 3713
2815 3816
2815 4058
2815 4523
2815 4647
2815 4973
2816 2868
2816 2979
2816 3273
2816 3286
2816 3375
2816 3761
2816 3782
2816 3841
2816 4028
2816 4393
2816 4913
2817 2944
2817 3057
2817 3096
2817 3730
2817 3790
2817 3919
2817 4167
2817 4447
2817 4554
2817 4595
2817 4768
2817 4860
2818 2850
2818 2920
2818 2978
2818 3546
2818 3559
2818 3622
2818 3764
2818 3837
2818 3844
2818 3951
2818 4167
2818 4212
2818 4330
2819 3093
2819 3231
2819 3322
2819 3418
2819 3433
2819 3618
2819 3667
2819 3841
2819 4014
2819 4089
2819 4196
2819 4435
2819 4563
2819 4714
2819 4779
2819 4867
2819 4934
2820 2826
2820 2939
2820 3538
2820 4058
2820 4063
2820 4369
2820 4528
2820 4731
2820 4865
2820 4996
2821 2844
2821 2885
2821 3052
2821 3084
2821 3654
2821 3744
2821 4122
2821 4206
2821 4274
2821 4452
2821 4497
2821 4522
2821 4613
2821 4736
2821 4779
2821 4855
2821 4959
2822 3132
2822 3330
2822 3459
2822 3612
2822 3931
2822 3944
2822 4045
2822 4047
2822 4371
2822 4705
2822 4767
2822 4848
2822 4952
2823 3019
2823 3239
2823 3518
2823 3618
2823 4003
2823 4416
2823 4662
2823 4926
2823 4998
2824 2860
2824 2875
2824 2988
2824 3014
2824 3057
2824 3280
2824 3381
2824 3740
2824 3907
2824 4152
2824 4390
2824 4775
2824 4865
2824 4876
2825 2959
2825 3056
2825 3157
2825 3385
2825 3473
2825 3476
2825 3590
2825 3619
2825 3740
2825 3902
2825 4104
2825 4258
2825 4438
2825 4577
2825 4599
2825 4736
2825 4760
2826 2995
2826 3412
2826 3464
2826 3864
2826 3939
2826 3981
2826 3982
2826 4010
2826 4084
2826 4355
2826 4597
2826 4866
2827 2875
2827 3085
2827 3327
2827 3351
2827 3481
2827 3500
2827 3701
2827 4041
2827 4083
2828 2860
2828 3121
2828 3507
2828 3666
2828 3893
2828 4228
2828 4266
2828 4460
2828 4482
2828 4495
2829 2891
2829 3023
2829 3331
2829 3478
2829 3707
2829 3762
2829 4918
2829 4920
2830 2868
2830 3147
2830 3706
2830 4162
2830 4435
2830 4445
2830 4566
2830 4632
2830 4644
2830 4682
2830 4759
2830 4885
2830 4890
2831 2968
2831 3666
2831 3743
2831 3804
2831 3817
2831 3861
2831 3999
2831 4084
2831 4140
2831 4434
2831 4672
2831 4806
2831 4951
2832 2870
2832 2884
2832 2931
2832 3132
2832 3197
2832 3287
2832 3336
2832 3359
2832 3393
2832 3587
2832 3798
2832 3855
2832 3914
2832 4074
2832 4257
2832 4286
2832 4416
2832 4485
2832 4780
2832 4784
2832 4787
2833 2863
2833 2907
2833 2926
2833 3047
2833 3287
2833 3303
2833 3441
2833 3604
2833 3676
2833 3870
2833 4128
2833 4353
2833 4810
2834 3309
2834 3365
2834 3462
2834 3578
2834 3720
2834 3810
2834 3821
2834 4119
2834 4158
2834 4171
2834 4224
2834 4460
2834 4691
2834 4692
2835 2837
2835 2918
2835 3037
2835 3185
2835 3290
2835 3469
2835 3623
2835 3634
2835 3858
2835 3873
2835 3971
2835 4180
2835 4440
2835 4542
2835 4790
2835 4826
2836 2851
2836 3463
2836 3663
2836 3700
2836 3723
2836 3873
2836 3940
2836 4000
2836 4464
2836 4802
2836 4829
2837 2898
2837 3398
2837 3493
2837 3547
2837 3991
2837 4299
2837 4369
2837 4464
2837 4481
2837 4524
2837 4623
2837 4927
2838 2940
2838 2979
2838 3030
2838 3420
2838 3779
2838 3791
2838 3882
2838 3918
2838 4062
2838 4205
2838 4246
2838 4252
2838 4601
2838 4706
2838 4751
2838 4859
2838 4921
2839 3191
2839 3293
2839 3348
2839 3436
2839 3871
2839 3881
2839 4064
2839 4174
2839 4228
2839 4791
2839 4881
2839 4952
2840 3091
2840 3178
2840 3253
2840 3762
2840 3791
2840 3860
2840 3908
2840 3944
2840 4037
2840 4048
2840 4100
2840 4402
2840 4512
2840 4658
2840 4801
2841 3510
2841 4003
2841 4180
2841 4391
2841 4492
2841 4541
2841 4578
2841 4603
2841 4843
2842 2953
2842 3354
2842 3374
2842 3613
2842 3626
2842 3667
2842 3873
2842 4005
2842 4072
2842 4356
2842 4365
2842 4558
2842 4808
2843 2955
2843 2981
2843 3168
2843 3202
2843 3290
2843 3837
2843 4171
2843 4232
2843 4713
2843 4783
2843 4892
2843 4895
2844 2850
2844 3246
2844 3530
2844 3708
2844 3740
2844 3818
2844 4036
2844 4057
2844 4117
2844 4143
2844 4186
2844 4277
2844 4318
2844 4400
2844 4562
2844 4614
2844 4672
2844 4810
2844 4819
2844 4934
2844 4979
2844 4981
2845 2937
2845 3190
2845 3219
2845 3295
2845 3352
2845 3380
2845 3503
2845 3685
2845 3892
2845 4400
2845 4977
2846 2901
2846 3037
2846 3086
2846 3185
2846 3519
2846 3740
2846 3828
2846 4181
2846 4186
2846 4465
2846 4498
2846 4566
2846 4622
2846 4695
2846 4745
2846 4787
2846 4895
2846 4912
2847 3128
2847 3421
2847 3515
2847 3775
2847 4072
2847 4076
2847 4721
2847 4722
2847 4825
2847 4851
2847 4907
2848 2998
2848 3146
2848 3153
2848 3450
2848 3552
2848 3661
2848 3811
2848 4011
2848 4429
2848 4525
2848 4855
2848 4985
2849 3391
2849 3429
2849 3460
2849 3542
2849 3752
2849 3759
2849 4328
2849 4377
2849 4660
2849 4702
2850 3082
2850 3232
2850 3274
2850 3446
2850 3668
2850 4088
2850 4559
2850 4681
2850 4755
2851 3002
2851 3236
2851 3312
2851 3348
2851 3858
2851 3951
2851 4626
2851 4885
2852 2881
2852 3173
2852 3214
2852 3314
2852 3716
2852 4081
2852 4407
2852 4421
2852 4459
2852 4600
2852 4832
2853 3136
2853 3153
2853 3753
2853 3927
2853 4056
2853 4140
2853 4156
2853 4355
2853 4669
2853 4744
2853 4811
2853 4962
2854 3015
2854 3021
2854 3135
2854 3478
2854 3731
2854 3821
2854 3899
2854 3998
2854 4004
2854 4085
2854 4169
2854 4373
2854 4380
2854 4449
2854 4674
2854 4688
2854 4860
2855 2998
2855 3214
2855 3599
2855 3622
2855 3696
2855 3698
2855 3747
2855 3787
2855 3903
2855 4115
2855 4151
2855 4194
2855 4235
2855 4269
2855 4289
2855 4314
2855 4434
2855 4531
2856 2958
2856 2981
2856 3123
2856 3298
2856 3315
2856 3673
2856 3711
2856 4472
2856 4614
2856 4623
2856 4716
2856 4784
2856 4818
2857 3170
2857 3343
2857 3421
2857 3584
2857 4052
2857 4055
2857 4444
2857 4645
2857 4689
2858 3083
2858 3193
2858 3240
2858 3256
2858 3504
2858 3512
2858 3933
2858 4335
2858 4378
2858 4429
2858 4757
2858 4790
2858 4800
2858 4845
2858 4973
2859 2950
2859 2971
2859 3017
2859 3129
2859 3213
2859 3229
2859 3359
2859 3944
2859 4493
2859 4495
2859 4729
2859 4730
2860 2989
2860 3076
2860 3256
2860 3340
2860 3434
2860 3463
2860 3623
2860 3685
2860 3842
2860 4037
2860 4060
2860 4109
2860 4540
2861 3030
2861 3181
2861 3409
2861 3505
2861 3510
2861 3647
2861 3747
2861 3937
2861 4026
2861 4046
2861 4245
2861 4378
2861 4926
2862 3351
2862 3539
2862 3557
2862 3758
2862 3838
2862 3913
2862 4077
2862 4172
2862 4215
2862 4418
2862 4612
2862 4745
2862 4824
2862 4894
2863 3121
2863 3654
2863 3926
2863 3930
2863 3992
2863 4273
2863 4413
2863 4431
2863 4667
2863 4945
2864 3058
2864 3114
2864 3515
2864 3562
2864 3630
2864 3823
2864 3843
2864 3870
2864 3936
2864 4141
2864 4425
2864 4561
2864 4583
2864 4716
2864 4748
2864 4789
2864 4842
2864 4876
2864 4935
2865 2954
2865 3126
2865 3194
2865 3396
2865 3483
2865 4086
2865 4090
2865 4497
2865 4498
2865 4555
2865 4632
2865 4737
2865 4758
2865 4898
2865 4980
2866 3022
2866 3069
2866 3345
2866 3446
2866 3576
2866 3693
2866 3787
2866 3973
2866 4024
2866 4846
2866 4880
2866 4970
2867 3140
2867 3165
2867 3301
2867 3405
2867 3472
2867 3711
2867 3789
2867 3997
2867 4147
2867 4308
2867 4617
2868 3264
2868 3292
2868 3361
2868 3689
2868 3863
2868 3901
2868 3920
2868 3939
2868 3989
2868 4014
2868 4058
2868 4190
2868 4271
2868 4449
2868 4730
2868 4818
2869 2892
2869 2907
2869 3467
2869 3514
2869 3590
2869 3617
2869 3654
2869 3704
2869 3810
2869 4090
2869 4426
2869 4787
2869 4811
2870 2927
2870 3143
2870 3144
2870 3291
2870 3364
2870 3613
2870 3812
2870 3818
2870 3853
2870 4246
2870 4294
2870 4354
2870 4367
2870 4447
2870 4635
2870 4733
2870 4975
2871 2874
2871 3368
2871 3547
2871 3549
2871 3585
2871 3595
2871 3853
2871 3999
2871 4030
2871 4160
2871 4367
2871 4465
2871 4644
2871 4850
2871 4913
2872 2907
2872 2979
2872 2991
2872 3145
2872 3245
2872 3389
2872 3499
2872 3660
2872 4048
2872 4288
2872 4313
2872 4364
2872 4487
2872 4497
2872 4534
2872 4560
2872 4965
2873 2960
2873 2973
2873 3452
2873 3471
2873 3592
2873 3733
2873 3952
2873 4034
2873 4128
2873 4317
2873 4549
2873 4853
2874 2963
2874 3332
2874 3351
2874 3632
2874 3660
2874 3759
2874 3967
2874 4366
2874 4621
2875 2886
2875 2894
2875 2911
2875 3180
2875 3206
2875 3356
2875 3397
2875 3551
2875 3814
2875 4269
2875 4319
2875 4756
2875 4917
2876 3098
2876 3269
2876 3748
2876 3779
2876 4299
2876 4430
2876 4482
2876 4573
2876 4603
2876 4927
2877 2933
2877 2944
2877 3253
2877 3302
2877 3461
2877 3579
2877 3860
2877 4227
2877 4236
2877 4445
2877 4563
2877 4622
2878 3190
2878 3237
2878 3244
2878 3756
2878 3809
2878 4686
2878 4757
2878 4872
2878 4905
2879 2930
2879 2947
2879 2984
2879 3016
2879 3068
2879 3079
2879 3150
2879 3254
2879 3278
2879 3316
2879 3936
2879 4386
2879 4514
2879 4522
2879 4724
2879 4730
2880 3062
2880 3275
2880 3782
2880 3875
2880 3990
2880 4136
2880 4165
2880 4394
2880 4437
2880 4703
2880 4760
2880 4986
2881 3453
2881 4141
2881 4399
2881 4420
2881 4671
2882 3591
2882 3887
2882 4071
2882 4151
2882 4185
2882 4646
2882 4741
2882 4771
2882 4785
2882 4914
2882 4972
2883 2890
2883 3034
2883 3135
2883 3333
2883 3426
2883 3496
2883 3562
2883 3717
2883 3951
2883 4136
2883 4191
2883 4258
2883 4382
2883 4435
2883 4810
2884 2940
2884 3281
2884 3380
2884 3537
2884 3660
2884 3721
2884 3906
2884 4038
2884 4573
2884 4669
2885 2903
2885 2974
2885 3411
2885 3485
2885 3543
2885 3657
2885 3800
2885 3857
2885 4483
2885 4514
2885 4713
2885 4751
2885 4789
2885 4814
2886 3224
2886 3229
2886 3303
2886 3597
2886 3628
2886 3822
2886 3977
2886 4066
2886 4103
2886 4206
2886 4309
2886 4357
2886 4551
2886 4633
2886 4796
2886 4910
2886 4945
2886 4977
2887 2907
2887 3006
2887 3483
2887 3621
2887 3699
2887 3716
2887 3781
2887 3848
2887 4280
2887 4865
2887 4904
2888 2998
2888 3039
2888 3169
2888 3202
2888 3514
2888 3659
2888 3717
2888 3787
2888 4009
2888 4107
2888 4288
2888 4400
2888 4539
2888 4791
2888 4872
2889 3187
2889 3571
2889 3720
2889 3879
2889 3906
2889 3955
2889 4146
2889 4900
2890 2906
2890 3060
2890 3116
2890 3257
2890 3786
2890 4104
2890 4148
2890 4438
2890 4575
2890 4869
2890 4989
2891 3074
2891 3079
2891 3265
2891 3435
2891 3672
2891 3780
2891 3809
2891 3960
2891 4326
2891 4429
2891 4733
2892 2965
2892 3371
2892 3629
2892 3824
2892 3841
2892 4410
2892 4648
2892 4686
2892 4734
2892 4955
2893 2940
2893 3086
2893 3370
2893 3813
2893 4259
2893 4288
2893 4405
2893 4467
2893 4503
2893 4516
2893 4611
2893 4805
2894 2922
2894 3317
2894 3340
2894 3517
2894 3571
2894 3642
2894 3707
2894 3815
2894 3964
2894 4451
2894 4489
2894 4673
2894 4753
2894 4981
2894 4991
2895 2909
2895 2916
2895 3150
2895 3459
2895 3511
2895 3543
2895 3544
2895 3760
2895 4015
2895 4215
2895 4436
2895 4504
2895 4994
2896 3135
2896 3171
2896 3194
2896 3216
2896 3390
2896 3611
2896 3625
2896 3657
2896 3850
2896 3886
2896 4192
2896 4242
2896 4291
2896 4450
2896 4598
2896 4771
2896 4861
2896 4974
2897 3028
2897 3211
2897 3241
2897 3406
2897 3510
2897 3553
2897 3940
2897 4015
2897 4075
2897 4081
2897 4169
2897 4316
2897 4472
2897 4857
2897 4900
2897 4914
2898 3600
2898 3681
2898 3992
2898 4137
2898 4227
2898 4487
2898 4581
2898 4599
2898 4663
2898 4687
2898 4720
2898 4898
2898 4930
2898 4959
2898 4982
2898 4990
2899 3102
2899 3168
2899 3317
2899 3389
2899 3676
2899 3739
2899 3825
2899 4397
2899 4614
2899 4830
2900 3314
2900 3390
2900 3800
2900 4064
2900 4438
2900 4473
2900 4944
2901 3055
2901 3230
2901 3283
2901 3485
2901 3571
2901 3650
2901 4381
2901 4428
2901 4729
2901 4779
2902 2909
2902 3348
2902 3419
2902 3609
2902 3866
2902 3967
2902 4090
2902 4419
2902 4755
2902 4777
2902 4940
2902 4988
2903 2925
2903 3342
2903 3453
2903 3507
2903 3521
2903 3646
2903 3735
2903 3888
2903 3955
2903 3968
2903 4098
2903 4448
2903 4666
2903 4776
2904 3006
2904 3081
2904 3124
2904 3135
2904 3516
2904 3612
2904 3652
2904 3872
2904 3960
2904 4076
2904 4158
2904 4510
2904 4977
2905 3050
2905 3323
2905 3507
2905 3532
2905 3569
2905 3716
2905 3822
2905 3922
2905 4188
2905 4519
2905 4681
2905 4815
2906 2998
2906 3113
2906 3256
2906 3456
2906 3594
2906 3624
2906 3757
2906 4123
2906 4212
2906 4826
2906 4851
2906 4857
2907 3020
2907 3030
2907 3143
2907 3171
2907 3315
2907 3591
2907 3718
2907 3808
2907 3882
2907 4367
2907 4393
2907 4437
2907 4599
2907 4771
2908 3480
2908 3647
2908 3710
2908 3838
2908 3865
2908 3892
2908 3985
2908 4095
2908 4573
2908 4745
2908 4769
2909 2910
2909 2963
2909 3372
2909 3415
2909 3494
2909 3608
2909 3808
2909 3831
2909 3894
2909 4022
2909 4088
2909 4621
2909 4679
2909 4761
2909 4838
2909 4882
2910 2983
2910 3164
2910 3260
2910 3318
2910 3992
2910 4058
2910 4336
2910 4624
2910 4841
2910 4874
2910 4989
2911 3002
2911 3204
2911 3328
2911 3452
2911 3455
2911 3605
2911 3969
2911 4392
2911 4557
2911 4617
2911 4625
2911 4980
2912 3116
2912 3430
2912 3642
2912 3934
2912 3935
2912 4321
2912 4390
2912 4870
2912 4959
2913 2952
2913 3195
2913 3261
2913 3264
2913 3402
2913 3414
2913 3497
2913 3935
2913 3961
2913 4304
2913 4387
2913 4582
2913 4593
2913 4645
2913 4720
2913 4722
2913 4872
2913 4981
2914 3121
2914 3123
2914 3428
2914 3647
2914 4172
2914 4569
2914 4726
2914 4867
2914 4919
2915 2926
2915 3101
2915 3168
2915 3621
2915 3795
2915 3895
2915 4008
2915 4087
2915 4141
2915 4180
2915 4373
2915 4568
2915 4633
2915 4868
2916 3086
2916 3341
2916 3830
2916 4310
2916 4313
2916 4734
2916 4906
2917 3724
2917 3791
2917 3899
2917 3977
2917 3981
2917 4003
2917 4052
2917 4169
2917 4324
2917 4594
2917 4605
2917 4655
2917 4709
2917 4878
2917 4938
2918 2943
2918 2956
2918 3036
2918 3332
2918 3368
2918 3480
2918 3591
2918 3655
2918 3678
2918 3913
2918 3919
2918 4300
2918 4334
2918 4442
2918 4472
2918 4475
2918 4516
2918 4942
2919 2976
2919 3056
2919 3229
2919 3255
2919 3501
2919 3735
2919 3997
2919 4230
2919 4293
2919 4327
2919 4359
2919 4817
2919 4908
2919 4917
2920 2982
2920 3141
2920 3204
2920 3312
2920 3480
2920 3799
2920 3861
2920 4255
2920 4411
2920 4937
2921 2981
2921 3052
2921 3104
2921 3143
2921 3194
2921 3306
2921 4076
2921 4134
2921 4219
2921 4338
2921 4589
2921 4600
2921 4652
2921 4669
2921 4766
2921 4978
2922 2938
2922 3341
2922 3496
2922 3566
2922 3612
2922 3714
2922 4023
2922 4107
2922 4555
2922 4630
2923 3096
2923 3141
2923 3283
2923 3658
2923 3673
2923 3798
2923 3869
2923 4011
2923 4302
2923 4702
2923 4762
2923 4824
2924 3105
2924 3125
2924 3167
2924 3515
2924 3663
2924 4019
2924 4175
2924 4221
2924 4718
2924 4765
2924 4868
2924 4995
2925 3903
2925 4086
2925 4143
2925 4228
2925 4631
2925 4704
2925 4905
2926 3032
2926 3053
2926 3073
2926 3136
2926 3300
2926 3621
2926 3688
2926 3700
2926 3703
2926 3711
2926 4149
2926 4214
2926 4277
2926 4670
2926 4809
2927 2942
2927 3142
2927 3313
2927 3331
2927 3360
2927 3376
2927 3416
2927 3503
2927 3628
2927 3661
2927 3895
2927 4187
2927 4225
2927 4531
2927 4687
2927 4750
2927 4804
2927 4819
2928 3011
2928 3165
2928 3166
2928 3170
2928 3359
2928 3427
2928 3436
2928 3525
2928 3792
2928 4170
2928 4327
2928 4431
2928 4441
2928 4630
2928 4754
2928 4854
2929 3278
2929 3643
2929 3656
2929 4274
2929 4529
2929 4903
2930 3048
2930 3299
2930 3562
2930 3595
2930 3706
2930 3795
2930 3809
2930 4050
2930 4737
2930 4785
2931 3044
2931 3046
2931 3160
2931 3169
2931 3192
2931 3278
2931 3565
2931 3924
2931 3953
2931 4028
2931 4339
2931 4419
2931 4939
2932 2954
2932 3397
2932 3430
2932 3463
2932 3765
2932 3779
2932 4189
2932 4286
2932 4680
2932 4832
2932 4911
2932 4939
2933 3246
2933 3570
2933 4684
2933 4716
2933 4759
2933 4769
2933 4984
2934 3067
2934 3091
2934 3117
2934 3216
2934 3409
2934 3657
2934 4057
2934 4103
2934 4205
2934 4350
2934 4806
2934 4919
2934 4982
2935 3221
2935 3256
2935 3479
2935 3973
2935 4525
2935 4692
2935 4960
2936 3185
2936 3593
2936 3769
2936 3831
2936 3944
2936 3983
2936 4076
2936 4136
2936 4220
2936 4283
2936 4368
2936 4513
2936 4612
2936 4811
2936 4861
2936 4878
2937 3041
2937 3067
2937 3160
2937 3373
2937 3456
2937 3499
2937 3553
2937 3595
2937 3824
2937 3856
2937 4195
2937 4301
2937 4402
2937 4522
2937 4618
2937 4666
2938 3123
2938 3446
2938 3687
2938 3956
2938 3981
2938 4124
2938 4187
2938 4211
2938 4310
2938 4373
2938 4583
2938 4587
2938 4744
2938 4919
2939 3016
2939 3098
2939 3509
2939 3580
2939 4190
2939 4373
2939 4525
2939 4562
2939 4700
2939 4881
2940 3041
2940 3141
2940 3246
2940 3278
2940 3296
2940 3536
2940 3998
2940 3999
2940 4180
2940 4214
2940 4269
2940 4450
2940 4573
2940 4869
2941 3069
2941 3181
2941 3310
2941 3317
2941 3421
2941 3478
2941 3554
2941 3763
2941 4227
2941 4504
2941 4523
2941 4657
2941 4904
2941 4910
2941 4924
2942 3191
2942 3462
2942 3641
2942 4002
2942 4030
2942 4161
2942 4188
2942 4553
2942 4594
2942 4602
2942 4791
2942 4909
2943 2955
2943 3045
2943 3119
2943 3271
2943 3384
2943 3452
2943 3520
2943 3676
2943 3799
2943 3836
2943 3960
2943 4228
2943 4292
2943 4334
2943 4770
2944 3057
2944 3406
2944 3489
2944 3738
2944 3749
2944 4001
2944 4011
2944 4491
2944 4747
2944 4961
2945 3016
2945 3071
2945 3266
2945 3474
2945 3586
2945 3606
2945 3775
2945 3904
2945 3952
2945 3965
2945 4100
2945 4142
2945 4337
2945 4442
2945 4534
2945 4599
2945 4722
2946 3162
2946 3228
2946 3459
2946 3528
2946 4012
2946 4165
2946 4236
2946 4582
2946 4710
2946 4823
2946 4843
2946 4845
2946 4881
2946 4974
2947 3023
2947 3704
2947 3826
2947 3947
2947 3983
2947 3986
2947 4047
2947 4215
2947 4301
2947 4361
2947 4376
2947 4379
2947 4624
2947 4662
2947 4722
2947 4761
2947 4863
2947 4942
2947 4968
2948 3321
2948 3434
2948 3663
2948 3890
2948 3898
2948 4395
2948 4457
2948 4548
2948 4980
2949 3071
2949 3119
2949 3120
2949 3310
2949 3594
2949 3600
2949 3705
2949 3748
2949 3831
2949 4131
2949 4192
2949 4392
2949 4406
2949 4771
2949 4932
2949 4967
2950 3212
2950 3569
2950 3609
2950 3628
2950 3961
2950 4126
2950 4205
2950 4238
2950 4325
2950 4399
2950 4534
2950 4733
2950 4834
2950 4864
2951 3026
2951 3056
2951 3656
2951 3990
2951 4206
2951 4270
2951 4358
2951 4394
2951 4454
2951 4612
2951 4740
2951 4754
2951 4805
2951 4930
2951 4998
2952 2972
2952 3030
2952 3092
2952 3132
2952 3313
2952 3366
2952 3562
2952 3985
2952 4184
2952 4239
2952 4520
2952 4690
2952 4841
2952 4936
2952 4956
2953 3033
2953 3162
2953 3380
2953 3425
2953 3723
2953 3812
2953 3948
2953 4037
2953 4225
2953 4484
2953 4506
2953 4577
2954 3012
2954 3324
2954 3349
2954 3439
2954 3469
2954 4203
2954 4488
2954 4515
2955 2966
2955 2997
2955 3131
2955 3196
2955 3444
2955 3571
2955 4051
2955 4167
2955 4264
2955 4637
2955 4707
2955 4760
2955 4769
2956 3012
2956 3500
2956 3547
2956 3638
2956 3761
2956 3808
2956 3866
2956 4436
2956 4512
2956 4682
2956 4889
2956 4915
2957 3636
2957 3848
2957 3867
2957 4077
2957 4605
2957 4669
2958 3123
2958 3567
2958 3579
2958 3672
2958 3722
2958 3996
2958 4179
2958 4557
2958 4696
2958 4974
2959 3057
2959 3288
2959 3488
2959 3837
2959 4014
2959 4045
2959 4053
2959 4309
2959 4362
2959 4478
2959 4641
2959 4647
2959 4687
2959 4808
2959 4930
2960 3097
2960 3206
2960 3244
2960 3385
2960 3583
2960 3593
2960 3684
2960 4008
2960 4069
2960 4427
2960 4519
2960 4602
2960 4763
2960 4811
2960 4989
2961 3046
2961 3209
2961 3416
2961 3423
2961 3864
2961 4079
2961 4083
2961 4119
2961 4149
2961 4322
2961 4458
2961 4824
2961 4982
2962 2970
2962 3055
2962 3297
2962 3804
2962 4522
2962 4524
2962 4668
2962 4966
2963 3000
2963 3066
2963 3089
2963 3107
2963 3138
2963 3292
2963 3570
2963 3609
2963 3719
2963 3847
2963 3883
2963 4034
2964 3039
2964 3204
2964 3236
2964 3717
2964 3963
2964 4143
2964 4228
2964 4341
2965 3112
2965 3286
2965 3339
2965 3475
2965 3485
2965 3962
2965 4061
2965 4331
2965 4458
2965 4572
2965 4687
2965 4771
2965 4955
2966 3025
2966 3066
2966 3196
2966 3377
2966 3466
2966 3489
2966 3773
2966 3954
2966 4078
2966 4600
2966 4629
2966 4749
2966 4890
2966 4915
2967 2997
2967 3045
2967 3554
2967 3556
2967 3566
2967 3828
2967 4011
2967 4027
2967 4299
2967 4489
2967 4758
2968 3007
2968 3041
2968 3152
2968 3422
2968 3437
2968 3582
2968 3825
2968 4030
2968 4315
2968 4649
2968 4792
2968 4871
2968 4900
2968 4944
2969 3020
2969 3120
2969 3169
2969 3196
2969 3345
2969 3548
2969 3842
2969 3886
2969 3936
2969 3947
2969 4512
2969 4708
2969 4999
2970 3027
2970 4106
2970 4307
2970 4423
2970 4578
2970 4617
2970 4646
2970 4930
2971 3166
2971 3508
2971 3544
2971 3615
2971 3747
2971 4119
2971 4729
2971 4805
2971 4838
2972 3209
2972 3318
2972 3472
2972 3599
2972 3663
2972 3826
2972 3827
2972 3830
2972 3869
2972 4762
2972 4954
2973 3200
2973 3206
2973 3745
2973 3749
2973 4234
2973 4584
2973 4619
2973 4786
2974 2981
2974 3033
2974 3171
2974 3253
2974 3447
2974 3878
2974 3944
2974 4288
2974 4399
2974 4404
2974 4435
2974 4567
2974 4944
2974 4995
2975 3181
2975 3281
2975 3368
2975 3528
2975 3641
2975 3782
2975 3920
2975 4155
2975 4253
2975 4400
2975 4472
2975 4490
2975 4504
2975 4788
2975 4857
2976 3135
2976 3503
2976 3542
2976 3755
2976 3835
2976 3977
2976 4210
2976 4739
2976 4780
2976 4812
2976 4815
2976 4985
2977 3047
2977 3056
2977 3643
2977 3688
2977 3898
2977 3907
2977 4156
2977 4907
2978 3151
2978 3152
2978 3193
2978 3386
2978 3478
2978 3533
2978 3689
2978 3711
2978 4089
2978 4154
2978 4238
2978 4344
2978 4373
2978 4434
2978 4632
2978 4841
2979 3233
2979 3257
2979 3285
2979 3435
2979 3446
2979 3475
2979 3867
2979 3878
2979 3911
2979 4284
2979 4709
2979 4836
2979 4863
2980 3112
2980 3199
2980 3201
2980 3231
2980 3248
2980 3383
2980 3614
2980 3780
2980 4094
2980 4176
2980 4301
2980 4445
2981 3436
2981 3439
2981 3487
2981 3492
2981 3517
2981 3749
2981 3903
2981 3968
2981 4142
2981 4196
2981 4311
2981 4354
2981 4421
2981 4466
2981 4732
2982 3021
2982 3037
2982 3161
2982 3344
2982 3504
2982 3641
2982 3957
2982 4577
2982 4638
2982 4794
2982 4876
2983 3119
2983 3352
2983 3596
2983 3664
2983 3997
2983 4259
2983 4632
2983 4769
2983 4814
2983 4874
2984 3200
2984 3275
2984 3437
2984 3462
2984 3522
2984 3656
2984 3687
2984 4552
2984 4688
2984 4715
2984 4906
2984 4922
2985 3038
2985 3117
2985 3359
2985 3446
2985 3447
2985 3525
2985 3555
2985 3686
2985 3883
2985 4054
2985 4238
2985 4271
2985 4276
2985 4548
2985 4559
2985 4729
2985 4749
2985 4867
2985 4963
2986 3167
2986 3449
2986 3506
2986 3854
2986 3894
2986 3954
2986 3959
2986 4193
2986 4640
2987 3112
2987 3123
2987 3268
2987 3740
2987 3941
2987 3995
2987 4026
2987 4232
2987 4369
2987 4425
2987 4436
2987 4971
2988 3440
2988 3855
2988 3888
2988 3966
2988 4030
2988 4213
2988 4242
2988 4297
2988 4332
2988 4446
2989 3011
2989 3123
2989 3145
2989 3271
2989 3327
2989 3404
2989 3454
2989 3477
2989 3674
2989 3958
2989 4186
2989 4277
2989 4369
2989 4592
2989 4880
2989 4980
2990 3130
2990 3741
2990 3846
2990 4219
2990 4611
2990 4653
2990 4743
2990 4794
2990 4821
2990 4908
2991 3021
2991 3050
2991 3275
2991 3288
2991 3549
2991 3832
2991 3872
2991 3935
2991 3953
2991 4406
2991 4475
2991 4727
2991 4804
2991 4979
2992 3017
2992 3078
2992 3368
2992 3594
2992 3660
2992 3683
2992 3784
2992 3851
2992 4232
2992 4296
2992 4311
2992 4598
2992 4680
2992 4689
2992 4853
2992 4929
2993 3027
2993 3316
2993 3438
2993 3763
2993 3784
2993 3808
2993 4033
2993 4071
2993 4272
2993 4320
2993 4398
2993 4595
2993 4712
2993 4915
2993 4992
2994 3112
2994 3616
2994 4160
2994 4288
2994 4460
2994 4499
2994 4685
2994 4732
2994 4970
2995 3298
2995 3351
2995 3810
2995 3838
2995 3951
2995 4170
2995 4421
2995 4639
2995 4658
2995 4689
2995 4845
2995 4960
2996 3246
2996 3264
2996 3298
2996 3461
2996 3621
2996 3921
2996 4076
2996 4365
2997 3279
2997 3504
2997 3587
2997 3628
2997 4233
2997 4401
2997 4429
2997 4433
2997 4464
2997 4501
2997 4596
2998 3036
2998 3170
2998 3560
2998 3561
2998 3610
2998 4469
2998 4500
2998 4828
2998 4951
2999 3243
2999 3849
2999 3908
2999 3984
2999 3998
2999 4018
2999 4334
2999 4583
2999 4745
2999 4791
2999 4891
3000 3100
3000 3111
3000 3116
3000 3124
3000 3308
3000 3616
3000 3671
3000 3917
3000 4158
3000 4224
3000 4229
3000 4870
3000 4935
3001 3055
3001 3220
3001 3380
3001 3556
3001 3591
3001 3626
3001 3701
3001 3723
3001 3745
3001 4150
3001 4268
3001 4381
3001 4446
3001 4451
3001 4541
3001 4566
3001 4754
3001 4777
3002 3609
3002 3624
3002 4165
3002 4513
3002 4555
3002 4798
3002 4849
3002 4973
3002 4995
3003 3031
3003 3038
3003 3361
3003 3371
3003 3671
3003 4108
3003 4200
3003 4526
3003 4838
3004 3176
3004 3216
3004 3222
3004 3326
3004 3492
3004 3571
3004 3720
3004 3932
3004 4103
3004 4147
3004 4184
3004 4508
3005 3014
3005 3103
3005 3339
3005 3439
3005 3488
3005 3738
3005 3905
3005 4068
3005 4333
3005 4438
3005 4566
3005 4741
3005 4873
3005 4902
3005 4976
3005 4989
3006 3161
3006 3531
3006 3942
3006 4137
3006 4260
3007 3264
3007 3672
3007 3719
3007 3729
3007 3880
3007 4065
3007 4090
3007 4097
3007 4155
3007 4171
3007 4803
3008 3231
3008 3328
3008 3342
3008 3416
3008 3545
3008 3580
3008 3671
3008 3768
3008 3804
3008 3928
3008 4597
3009 3178
3009 3353
3009 3766
3009 3785
3009 4259
3009 4333
3009 4374
3009 4568
3009 4599
3009 4984
3010 3180
3010 3183
3010 3228
3010 3231
3010 3633
3010 3730
3010 4112
3010 4281
3010 4288
3010 4365
3010 4538
3010 4707
3011 3185
3011 3343
3011 3429
3011 3896
3011 4037
3011 4119
3011 4231
3011 4367
3011 4388
3011 4640
3011 4816
3011 4836
3012 3068
3012 3254
3012 3335
3012 3367
3012 3565
3012 3901
3012 4409
3012 4543
3012 4655
3012 4681
3013 3374
3013 3464
3013 3743
3013 3913
3013 3946
3013 4011
3013 4443
3013 4565
3013 4600
3013 4799
3013 4836
3013 4931
3014 3060
3014 3099
3014 3357
3014 3427
3014 3435
3014 3761
3014 3774
3014 3789
3014 4069
3014 4203
3014 4224
3014 4523
3014 4753
3014 4835
3015 3069
3015 3133
3015 3158
3015 3392
3015 3520
3015 3587
3015 3693
3015 3980
3015 4195
3015 4231
3015 4255
3015 4360
3015 4429
3015 4477
3015 4626
3015 4828
3015 4991
3016 3128
3016 3294
3016 3423
3016 4531
3016 4560
3016 4655
3016 4827
3016 4851
3017 3118
3017 3261
3017 3370
3017 3390
3017 3865
3017 4244
3017 4298
3017 4351
3017 4407
3017 4432
3017 4588
3017 4723
3017 4732
3017 4851
3017 4897
3017 4945
3018 3106
3018 3194
3018 3264
3018 3287
3018 3469
3018 3472
3018 3539
3018 3669
3018 3929
3018 4299
3018 4630
3018 4991
3019 3317
3019 3829
3019 3951
3019 4151
3019 4496
3019 4592
3019 4734
3019 4796
3019 4828
3020 3309
3020 3910
3020 3965
3020 3976
3020 4044
3020 4059
3020 4141
3020 4221
3020 4431
3020 4975
3021 3775
3021 4071
3021 4311
3021 4413
3021 4527
3021 4675
3021 4763
3022 3262
3022 3268
3022 3307
3022 3478
3022 3539
3022 3757
3022 3961
3022 3997
3022 4176
3022 4200
3022 4237
3022 4293
3022 4569
3022 4869
3023 3154
3023 3380
3023 3600
3023 3601
3023 3677
3023 3949
3023 3950
3023 4042
3023 4052
3023 4329
3023 4418
3023 4574
3023 4645
3023 4817
3023 4852
3023 4959
3023 4993
3024 3066
3024 3090
3024 3422
3024 4137
3024 4653
3024 4767
3024 4777
3024 4868
3024 4937
3025 3044
3025 3096
3025 3533
3025 3617
3025 3620
3025 3713
3025 3720
3025 3937
3025 4266
3025 4275
3025 4736
3025 4769
3026 3084
3026 3381
3026 3474
3026 3512
3026 3568
3026 3734
3026 3835
3026 3894
3026 3914
3026 3986
3026 4081
3026 4099
3026 4228
3026 4248
3026 4293
3026 4679
3026 4851
3027 3499
3027 3602
3027 3695
3027 3707
3027 3794
3027 3962
3027 4261
3027 4424
3027 4573
3027 4591
3027 4921
3028 3037
3028 3116
3028 3184
3028 3584
3028 3648
3028 3665
3028 3705
3028 3815
3028 4522
3028 4524
3028 4764
3029 3151
3029 3324
3029 3412
3029 3471
3029 3559
3029 3805
3029 4538
3029 4589
3029 4979
3030 3118
3030 3334
3030 3638
3030 4129
3030 4394
3030 4495
3030 4839
3031 3036
3031 3227
3031 3480
3031 3646
3031 3886
3031 3969
3031 4007
3031 4437
3031 4705
3031 4768
3031 4865
3031 4894
3032 3130
3032 3159
3032 3163
3032 3164
3032 3262
3032 3805
3032 3831
3032 3849
3032 4113
3032 4430
3032 4615
3032 4685
3032 4847
3033 3118
3033 3175
3033 3243
3033 3532
3033 3679
3033 3777
3033 3943
3033 3983
3033 4006
3033 4043
3033 4278
3033 4522
3033 4560
3033 4570
3033 4858
3033 4885
3034 3229
3034 3543
3034 3656
3034 3784
3034 3849
3034 4462
3034 4478
3034 4511
3034 4675
3035 3314
3035 3326
3035 3763
3035 3869
3035 4161
3035 4666
3035 4674
3035 4727
3035 4873
3036 3042
3036 3087
3036 3116
3036 3163
3036 3820
3036 3933
3036 3981
3036 4540
3036 4797
3036 4810
3036 4870
3036 4929
3036 4949
3036 4967
3037 3495
3037 3533
3037 4139
3037 4371
3037 4386
3037 4886
3038 3051
3038 3289
3038 3456
3038 3489
3038 3742
3038 3810
3038 4255
3038 4326
3038 4459
3038 4745
3038 4786
3038 4823
3038 4845
3039 3331
3039 3473
3039 3710
3039 3745
3039 3859
3039 4045
3039 4179
3039 4189
3039 4211
3039 4418
3039 4427
3039 4475
3039 4826
3040 3097
3040 3106
3040 3173
3040 3181
3040 3400
3040 3466
3040 3571
3040 3752
3040 3781
3040 4038
3040 4058
3040 4177
3040 4530
3040 4564
3040 4634
3040 4644
3040 4811
3040 4815
3040 4917
3041 3073
3041 3122
3041 3397
3041 3424
3041 3469
3041 3544
3041 3555
3041 3590
3041 3611
3041 3734
3041 3760
3041 4094
3041 4130
3041 4245
3041 4301
3041 4463
3041 4464
3041 4616
3041 4761
3041 4961
3042 3112
3042 3129
3042 3557
3042 3649
3042 3761
3042 3884
3042 3942
3042 4028
3042 4043
3042 4498
3043 3078
3043 3481
3043 3637
3043 3791
3043 3852
3043 3859
3043 3906
3043 4132
3043 4258
3043 4274
3043 4864
3044 3176
3044 3232
3044 3288
3044 3551
3044 3590
3044 4769
3044 4929
3045 3065
3045 3232
3045 3624
3045 3666
3045 3722
3045 3739
3045 3970
3045 3996
3045 4569
3045 4770
3045 4915
3046 3077
3046 3194
3046 3260
3046 3294
3046 3434
3046 3800
3046 3818
3046 3837
3046 3841
3046 3938
3046 4084
3046 4959
3046 4987
3047 3061
3047 3094
3047 3163
3047 3220
3047 3458
3047 3533
3047 3597
3047 3873
3047 4290
3047 4341
3047 4378
3047 4493
3047 4506
3047 4716
3047 4822
3047 4839
3047 4944
3048 3133
3048 3151
3048 3233
3048 3427
3048 3543
3048 3944
3048 3981
3048 4763
3048 4863
3048 4871
3048 4999
3049 3155
3049 3186
3049 3280
3049 3322
3049 3341
3049 3391
3049 3442
3049 3506
3049 3527
3049 3629
3049 3740
3049 3846
3049 3977
3049 3999
3049 4120
3049 4619
3049 4725
3049 4792
3049 4881
3050 3357
3050 3382
3050 3692
3050 4039
3050 4116
3050 4252
3050 4372
3050 4542
3050 4577
3050 4711
3050 4794
3051 3261
3051 3357
3051 3464
3051 3529
3051 3640
3051 3841
3051 3887
3051 4003
3051 4286
3051 4737
3052 3282
3052 3437
3052 3584
3052 3697
3052 3705
3052 3969
3052 4127
3052 4134
3052 4153
3052 4340
3052 4459
3052 4664
3053 3362
3053 3385
3053 3465
3053 3575
3053 4050
3053 4933
3054 3288
3054 3421
3054 3498
3054 3860
3054 3887
3054 4006
3054 4019
3054 4276
3054 4304
3054 4478
3054 4600
3054 4673
3054 4695
3055 3110
3055 3130
3055 3208
3055 3472
3055 3522
3055 3724
3055 3958
3055 4061
3055 4088
3055 4217
3055 4305
3055 4353
3055 4501
3055 4783
3056 3356
3056 3391
3056 3394
3056 3704
3056 3851
3056 4000
3056 4634
3056 4716
3057 3078
3057 3199
3057 3283
3057 3349
3057 3383
3057 3446
3057 3525
3057 3534
3057 4186
3057 4301
3057 4439
3057 4600
3057 4661
3057 4891
3057 4901
3057 4914
3058 3077
3058 3255
3058 3342
3058 3361
3058 3512
3058 3827
3058 3992
3058 4059
3058 4151
3058 4619
3058 4764
3058 4768
3058 4846
3059 3189
3059 3487
3059 3506
3059 3750
3059 3778
3059 3901
3059 3931
3059 4147
3059 4195
3059 4335
3059 4455
3059 4763
3059 4788
3059 4903
3059 4935
3060 3155
3060 3291
3060 3321
3060 3340
3060 3413
3060 3444
3060 4187
3060 4277
3060 4521
3060 4629
3060 4733
3060 4829
3060 4894
3060 4973
3061 3111
3061 3182
3061 3297
3061 3431
3061 3579
3061 3856
3061 4865
3061 4982
3062 3178
3062 3286
3062 3468
3062 3574
3062 3809
3062 3823
3062 3936
3062 3940
3062 4037
3062 4111
3062 4384
3062 4845
3062 4956
3063 3149
3063 3672
3063 3802
3063 3889
3063 4023
3063 4794
3063 4813
3064 3081
3064 3158
3064 3303
3064 3758
3064 4012
3064 4337
3064 4370
3064 4508
3064 4560
3064 4681
3064 4877
3065 3105
3065 3167
3065 3322
3065 3374
3065 3375
3065 3469
3065 3597
3065 3810
3065 3883
3065 3926
3065 3955
3065 3969
3065 4421
3065 4808
3065 4810
3065 4898
3065 4915
3065 4927
3065 4981
3066 3167
3066 3272
3066 3301
3066 3377
3066 3396
3066 3699
3066 4027
3066 4304
3066 4348
3066 4367
3066 4785
3067 3145
3067 3500
3067 3722
3067 3785
3067 4092
3067 4234
3067 4994
3068 3131
3068 3906
3068 3924
3068 3955
3068 3965
3068 3992
3068 4005
3068 4120
3068 4156
3068 4301
3068 4395
3068 4440
3068 4527
3068 4930
3068 4940
3069 3337
3069 3349
3069 3359
3069 3536
3069 3560
3069 3622
3069 3655
3069 3876
3069 3890
3069 4485
3069 4523
3069 4814
3070 3241
3070 3359
3070 3361
3070 4296
3070 4489
3070 4717
3070 4863
3071 3427
3071 3432
3071 3858
3071 3893
3071 3912
3071 4157
3071 4162
3071 4527
3071 4751
3071 4752
3071 4909
3072 3114
3072 3151
3072 3630
3072 3703
3072 3943
3072 4054
3072 4335
3072 4358
3072 4510
3072 4819
3072 4871
3072 4955
3073 3158
3073 3284
3073 3342
3073 3655
3073 3728
3073 3802
3073 4167
3073 4193
3073 4301
3073 4385
3073 4638
3073 4677
3074 3343
3074 3432
3074 3582
3074 3687
3074 3738
3074 4156
3074 4575
3074 4841
3075 3119
3075 3264
3075 3269
3075 3342
3075 3603
3075 3690
3075 4132
3075 4248
3075 4431
3075 4481
3075 4587
3075 4828
3076 3144
3076 3807
3076 4073
3076 4291
3077 3213
3077 3369
3077 3510
3077 3542
3077 3587
3077 3664
3077 3691
3077 3924
3077 4719
3077 4756
3077 4757
3077 4940
3078 3436
3078 3450
3078 3476
3078 3751
3078 4234
3078 4295
3078 4450
3078 4675
3078 4715
3078 4741
3078 4800
3078 4859
3078 4935
3078 4966
3078 4980
3079 3082
3079 3268
3079 3347
3079 3566
3079 3636
3079 3745
3079 4554
3079 4568
3079 4712
3079 4736
3079 4902
3080 3100
3080 3164
3080 3785
3080 3804
3080 3977
3080 4166
3080 4182
3080 4288
3080 4571
3080 4707
3081 3082
3081 3136
3081 3421
3081 3494
3081 3784
3081 3874
3081 3897
3081 4275
3081 4646
3081 4868
3082 3641
3082 3685
3082 3877
3082 3892
3082 3922
3082 4022
3082 4120
3082 4122
3082 4145
3082 4313
3082 4383
3082 4473
3082 4530
3082 4546
3082 4675
3083 3302
3083 3323
3083 3399
3083 3615
3083 3618
3083 3648
3083 3797
3083 4006
3083 4301
3083 4395
3083 4461
3083 4692
3083 4708
3083 4826
3084 3167
3084 3207
3084 3211
3084 3333
3084 3397
3084 3712
3084 3993
3084 4985
3085 3258
3085 3472
3085 4093
3085 4099
3085 4197
3085 4352
3085 4509
3085 4578
3085 4777
3085 4903
3086 3436
3086 3628
3086 3932
3086 3941
3086 4062
3086 4086
3086 4201
3086 4259
3086 4622
3087 3124
3087 3263
3087 3432
3087 3437
3087 3540
3087 3707
3087 4049
3087 4225
3087 4391
3087 4535
3087 4712
3087 4772
3088 3274
3088 3399
3088 3461
3088 3609
3088 3703
3088 3839
3088 4394
3088 4412
3088 4687
3088 4705
3089 3333
3089 3398
3089 3558
3089 3572
3089 3820
3089 4088
3089 4099
3089 4384
3089 4539
3089 4702
3089 4723
3089 4859
3089 4885
3090 3262
3090 3331
3090 3568
3090 3595
3090 3606
3090 3759
3090 3864
3090 4231
3090 4319
3090 4635
3090 4791
3090 4854
3091 3329
3091 3355
3091 3645
3091 3835
3091 4224
3091 4378
3091 4573
3092 3194
3092 3274
3092 3331
3092 3359
3092 3616
3092 3624
3092 3743
3092 3819
3092 4098
3092 4109
3092 4272
3092 4379
3092 4749
3092 4869
3093 3312
3093 3397
3093 3539
3093 3755
3093 3771
3093 3897
3093 3966
3093 3974
3093 4138
3093 4261
3093 4337
3093 4487
3093 4594
3093 4596
3093 4802
3094 3861
3094 3958
3094 4331
3094 4492
3094 4932
3095 3182
3095 3277
3095 3648
3095 3793
3095 3971
3095 4072
3095 4119
3095 4633
3095 4664
3096 3139
3096 3256
3096 3346
3096 3608
3096 3619
3096 3806
3096 3812
3096 3815
3096 3935
3096 4001
3096 4012
3096 4162
3096 4227
3096 4370
3096 4430
3096 4620
3096 4740
3096 4787
3096 4857
3097 3098
3097 3099
3097 3183
3097 3375
3097 3383
3097 3392
3097 3435
3097 3579
3097 3626
3097 3741
3097 3765
3097 3856
3097 3931
3097 4476
3097 4844
3098 3113
3098 3351
3098 3643
3098 3964
3098 4267
3098 4355
3098 4707
3098 4736
3098 4870
3098 4910
3098 4959
3099 3245
3099 3287
3099 3605
3099 3813
3099 3920
3099 4001
3099 4248
3099 4551
3099 4560
3099 4716
3099 4738
3099 4915
3100 3289
3100 3585
3100 3649
3100 4300
3100 4602
3100 4800
3100 4810
3100 4855
3101 3174
3101 3205
3101 3318
3101 3493
3101 3732
3101 3933
3101 4032
3101 4456
3101 4468
3101 4734
3101 4972
3102 3164
3102 3744
3102 3862
3102 4063
3102 4158
3102 4925
3102 4936
3103 3250
3103 3267
3103 3282
3103 3609
3103 3686
3103 3799
3103 3819
3103 4019
3103 4383
3103 4434
3103 4542
3103 4587
3103 4911
3104 3412
3104 3494
3104 3628
3104 3664
3104 3692
3104 3933
3104 4402
3104 4413
3104 4569
3104 4733
3105 3265
3105 3842
3105 4111
3105 4134
3105 4225
3105 4347
3106 3309
3106 3331
3106 3569
3106 3583
3106 3796
3106 3822
3106 3985
3106 4281
3106 4355
3106 4630
3106 4761
3106 4856
3107 3249
3107 3462
3107 4255
3107 4383
3107 4612
3108 3474
3108 3484
3108 3500
3108 3722
3108 3867
3108 3931
3108 4317
3108 4417
3108 4961
3109 3371
3109 3413
3109 3461
3109 3468
3109 3620
3109 3934
3109 4017
3109 4136
3109 4217
3109 4258
3109 4812
3110 3898
3110 3933
3110 3946
3110 4238
3110 4408
3110 4878
3110 4942
3111 3113
3111 3132
3111 3249
3111 3319
3111 3437
3111 3519
3111 3701
3111 3728
3111 3737
3111 3896
3111 3899
3111 4215
3111 4352
3111 4370
3111 4525
3111 4626
3111 4697
3111 4705
3111 4766
3111 4937
3112 3117
3112 3231
3112 3693
3112 3860
3112 3947
3112 4086
3112 4204
3112 4329
3112 4362
3113 3195
3113 3489
3113 3634
3113 3661
3113 3746
3113 3951
3113 3970
3113 4069
3113 4200
3113 4450
3113 4764
3113 4839
3114 3386
3114 3477
3114 3699
3114 3753
3114 4444
3114 4487
3114 4530
3114 4675
3115 3124
3115 3209
3115 3545
3115 3556
3115 3840
3115 3964
3115 4068
3115 4163
3115 4266
3115 4274
3115 4533
3115 4778
3115 4915
3116 3370
3116 3814
3116 3913
3116 3966
3116 4190
3116 4279
3116 4307
3116 4341
3116 4662
3117 3150
3117 3250
3117 3373
3117 3447
3117 3528
3117 3530
3117 3736
3117 4040
3117 4071
3117 4100
3117 4159
3117 4208
3117 4242
3117 4374
3117 4427
3117 4603
3118 3145
3118 3243
3118 3550
3118 3651
3118 3860
3118 3942
3118 4070
3118 4121
3118 4225
3118 4327
3118 4404
3118 4452
3118 4514
3118 4929
3119 3482
3119 3493
3119 3494
3119 3661
3119 3684
3119 4084
3119 4270
3119 4321
3119 4353
3119 4687
3119 4802
3119 4897
3120 3124
3120 3190
3120 3730
3120 3858
3120 4035
3120 4042
3120 4055
3120 4207
3120 4478
3120 4770
3120 4845
3121 3341
3121 3388
3121 3506
3121 3655
3121 3714
3121 3953
3121 4046
3121 4209
3121 4462
3121 4683
3122 3510
3122 3620
3122 3775
3122 3814
3122 3932
3122 3990
3122 4039
3122 4333
3122 4399
3122 4490
3122 4605
3122 4985
3123 3381
3123 3618
3123 3619
3123 4050
3123 4275
3123 4338
3123 4422
3123 4428
3123 4941
3124 3141
3124 3387
3124 3411
3124 3440
3124 3539
3124 3687
3124 3776
3124 3927
3124 3942
3124 4003
3124 4022
3124 4447
3124 4658
3124 4860
3124 4996
3125 3184
3125 3638
3125 3642
3125 3749
3125 3753
3125 3984
3125 4238
3125 4546
3125 4716
3125 4762
3125 4781
3126 3512
3126 3586
3126 3789
3126 4224
3126 4243
3126 4323
3126 4509
3127 3718
3127 3947
3127 3960
3127 4021
3127 4304
3127 4333
3127 4504
3127 4746
3127 4804
3127 4816
3127 4897
3128 3367
3128 3697
3128 3813
3128 3840
3128 4085
3128 4100
3128 4105
3128 4186
3128 4215
3128 4254
3128 4400
3128 4539
3128 4605
3128 4937
3129 3286
3129 3392
3129 3454
3129 3480
3129 3883
3129 4067
3129 4116
3129 4421
3129 4586
3129 4618
3129 4982
3130 3144
3130 3261
3130 3319
3130 4075
3130 4090
3130 4318
3130 4375
3130 4534
3130 4580
3130 4696
3130 4844
3130 4939
3131 3138
3131 3155
3131 3284
3131 3305
3131 3475
3131 3608
3131 3782
3131 3893
3131 3931
3131 4252
3131 4555
3131 4910
3132 3300
3132 3415
3132 3781
3132 3863
3132 4254
3132 4293
3132 4314
3132 4352
3132 4502
3132 4522
3132 4766
3132 4872
3132 4965
3133 3207
3133 3450
3133 3486
3133 3600
3133 3628
3133 3687
3133 3702
3133 4057
3133 4467
3133 4820
3133 4860
3134 3172
3134 3430
3134 3437
3134 3597
3134 3606
3134 3928
3134 4075
3134 4174
3134 4493
3134 4516
3134 4709
3134 4766
3135 3378
3135 3383
3135 3532
3135 3889
3135 3895
3135 3942
3135 4432
3136 3748
3136 3889
3136 3923
3136 4143
3136 4186
3136 4312
3136 4804
3136 4807
3136 4984
3137 3464
3137 3523
3137 3626
3137 3693
3137 3792
3137 3849
3137 4048
3137 4293
3137 4385
3137 4866
3138 3185
3138 3246
3138 3625
3138 3981
3138 4005
3138 4017
3138 4142
3138 4156
3138 4333
3138 4458
3138 4807
3138 4830
3139 3155
3139 3325
3139 3496
3139 3640
3139 3739
3139 3848
3139 3850
3139 3884
3139 3952
3139 4004
3139 4313
3139 4693
3139 4966
3139 4984
3140 3391
3140 3482
3140 3632
3140 3689
3140 3762
3140 3994
3140 4023
3140 4129
3140 4315
3140 4435
3140 4458
3140 4537
3140 4571
3140 4716
3140 4723
3141 3183
3141 3205
3141 3310
3141 3606
3141 3734
3141 3783
3141 4037
3141 4045
3141 4075
3141 4091
3141 4173
3141 4198
3141 4267
3141 4359
3141 4712
3141 4848
3141 4853
3142 3251
3142 3288
3142 3501
3142 3520
3142 3768
3142 3950
3142 4101
3142 4353
3142 4399
3142 4424
3142 4757
3142 4845
3143 3464
3143 3489
3143 3571
3143 3646
3143 3956
3143 4074
3143 4208
3143 4233
3143 4718
3143 4910
3143 4928
3144 3683
3144 3963
3144 4028
3144 4189
3144 4197
3144 4774
3145 3200
3145 3243
3145 3785
3145 3813
3145 3832
3145 3913
3145 3920
3145 4253
3145 4361
3145 4511
3145 4612
3145 4657
3145 4717
3145 4719
3146 3183
3146 3871
3146 3901
3146 4328
3146 4822
3146 4824
3147 3188
3147 3275
3147 4323
3147 4401
3147 4413
3147 4567
3147 4824
3148 3508
3148 3669
3148 3733
3148 4017
3148 4029
3148 4581
3148 4632
3148 4697
3148 4814
3149 3153
3149 3474
3149 3867
3149 4134
3149 4195
3149 4220
3149 4239
3149 4631
3149 4912
3150 3276
3150 3322
3150 3362
3150 3873
3150 4050
3150 4096
3150 4150
3150 4476
3150 4780
3150 4815
3150 4906
3150 4930
3150 4981
3150 4996
3151 3540
3151 3599
3151 3692
3151 3759
3151 3843
3151 3933
3151 3975
3151 4237
3151 4407
3151 4448
3151 4453
3151 4575
3151 4600
3151 4715
3152 3476
3152 3551
3152 3682
3152 3809
3152 4076
3152 4158
3152 4267
3152 4273
3152 4516
3152 4594
3152 4796
3152 4804
3152 4826
3152 4854
3152 4998
3153 3200
3153 3288
3153 3319
3153 3544
3153 3597
3153 3631
3153 3713
3153 3801
3153 4070
3153 4150
3153 4263
3153 4487
3153 4548
3154 3210
3154 3297
3154 3502
3154 4114
3154 4400
3154 4666
3154 4918
3154 4920
3155 3198
3155 3228
3155 3236
3155 3361
3155 3373
3155 4970
3156 3263
3156 3384
3156 3438
3156 3605
3156 3648
3156 3746
3156 3826
3156 4011
3156 4109
3156 4358
3156 4683
3156 4688
3156 4736
3156 4778
3157 3173
3157 3333
3157 3453
3157 3512
3157 3576
3157 3822
3157 3879
3157 4232
3157 4437
3157 4731
3158 3453
3158 3603
3158 3618
3158 3735
3158 4028
3158 4669
3158 4850
3158 4957
3159 3273
3159 3300
3159 3474
3159 3742
3159 3851
3159 4266
3159 4695
3159 4775
3159 4904
3159 4927
3159 4945
3160 3269
3160 3288
3160 3494
3160 3677
3160 3787
3160 3989
3160 4083
3160 4151
3160 4364
3160 4745
3160 4878
3161 3295
3161 3319
3161 3332
3161 3432
3161 3470
3161 4059
3161 4071
3161 4160
3161 4351
3161 4649
3161 4810
3162 3306
3162 3324
3162 3449
3162 3562
3162 3708
3162 3897
3162 3982
3162 4104
3162 4141
3162 4253
3162 4283
3162 4532
3162 4637
3162 4910
3162 4929
3163 3435
3163 3446
3163 3632
3163 3683
3163 4092
3163 4371
3163 4883
3163 4940
3164 3431
3164 3834
3164 3904
3164 4026
3164 4135
3164 4144
3164 4198
3164 4289
3164 4636
3164 4883
3164 4976
3165 3595
3165 3794
3165 4046
3165 4084
3165 4389
3165 4427
3165 4718
3165 4732
3165 4967
3166 3668
3166 3673
3166 3709
3166 3965
3166 4581
3166 4618
3166 4686
3166 4801
3166 4990
3167 3172
3167 3346
3167 3533
3167 3640
3167 3819
3167 3867
3167 4007
3167 4529
3167 4602
3167 4735
3168 3193
3168 3394
3168 3399
3168 3698
3168 3769
3168 3850
3168 3895
3168 3896
3168 3972
3168 4137
3168 4400
3168 4767
3168 4817
3169 3506
3169 4231
3169 4450
3169 4527
3169 4655
3169 4798
3170 3245
3170 3383
3170 3496
3170 3878
3170 4146
3170 4276
3170 4736
3170 4749
3170 4866
3171 3393
3171 3639
3171 3752
3171 4009
3171 4127
3171 4618
3171 4628
3171 4835
3172 3228
3172 3407
3172 3491
3172 3909
3172 4708
3172 4775
3172 4780
3173 3195
3173 3470
3173 3692
3173 3717
3173 3730
3173 4016
3174 3276
3174 3771
3174 4011
3174 4130
3174 4263
3174 4304
3174 4319
3174 4346
3174 4451
3174 4681
3174 4705
3174 4949
3175 3249
3175 3344
3175 3427
3175 3438
3175 3726
3175 3960
3175 4193
3175 4210
3175 4297
3175 4464
3175 4617
3175 4721
3176 3272
3176 3422
3176 3597
3176 3709
3176 3710
3176 3781
3176 4076
3176 4118
3176 4335
3176 4507
3176 4637
3176 4925
3176 4928
3177 3308
3177 3399
3177 3666
3177 3746
3177 3812
3177 4340
3177 4507
3177 4683
3177 4833
3177 4843
3177 4948
3178 3563
3178 3852
3178 3889
3178 3990
3178 4061
3178 4193
3178 4459
3178 4952
3178 4988
3179 3580
3179 3650
3179 3894
3179 4025
3179 4107
3179 4211
3179 4464
3179 4472
3179 4568
3179 4588
3179 4614
3179 4880
3180 3638
3180 3663
3180 3752
3180 4159
3180 4714
3181 3501
3181 3724
3181 4169
3181 4375
3181 4483
3181 4539
3181 4607
3181 4747
3182 3208
3182 3376
3182 3403
3182 3540
3182 3731
3182 3812
3182 3860
3182 4157
3182 4565
3182 4577
3182 4671
3183 3497
3183 3617
3183 3874
3183 4035
3183 4262
3183 4406
3183 4677
3183 4796
3184 3443
3184 4133
3184 4229
3184 4377
3184 4586
3184 4609
3184 4889
3184 4955
3185 3209
3185 3210
3185 3799
3185 3805
3185 3921
3185 3948
3185 4028
3185 4241
3185 4330
3185 4690
3185 4826
3185 4873
3186 3523
3186 3747
3186 4368
3186 4598
3186 4651
3186 4683
3186 4769
3187 3507
3187 3580
3187 3847
3187 3942
3187 4190
3187 4236
3187 4363
3187 4688
3187 4689
3187 4745
3187 4912
3188 3312
3188 3887
3188 3897
3188 4042
3188 4090
3188 4221
3188 4352
3188 4409
3188 4536
3188 4549
3188 4570
3188 4706
3188 4737
3188 4801
3188 4816
3188 4841
3189 3409
3189 3424
3189 3441
3189 3604
3189 3630
3189 4222
3189 4268
3189 4401
3189 4592
3189 4724
3189 4757
3189 4870
3190 3263
3190 3498
3190 3541
3190 3758
3190 3769
3190 4110
3190 4408
3190 4429
3190 4530
3190 4766
3190 4807
3190 4819
3190 4883
3190 4965
3191 3652
3191 4185
3191 4238
3191 4445
3191 4524
3191 4562
3191 4741
3191 4974
3192 3338
3192 3397
3192 3436
3192 3454
3192 3568
3192 3632
3192 3720
3192 3734
3192 3797
3192 3902
3192 3915
3192 3935
3192 4092
3192 4460
3192 4551
3192 4928
3193 3215
3193 3648
3193 3720
3193 4195
3193 4224
3193 4233
3193 4291
3193 4609
3193 4974
3193 4980
3194 3269
3194 3435
3194 3642
3194 3679
3194 3698
3194 3750
3194 4022
3194 4030
3194 4055
3194 4389
3194 4446
3194 4981
3195 3249
3195 3329
3195 3381
3195 3460
3195 3620
3195 3701
3195 3787
3195 3842
3195 3860
3195 3913
3195 4359
3195 4671
3195 4809
3196 3222
3196 3419
3196 3431
3196 3992
3196 4135
3196 4216
3196 4245
3196 4434
3196 4624
3196 4641
3196 4798
3196 4815
3197 3239
3197 3245
3197 3370
3197 3447
3197 3625
3197 3757
3197 4032
3197 4361
3197 4555
3197 4590
3197 4773
3197 4806
3197 4948
3197 4982
3198 3276
3198 3684
3198 3945
3198 4243
3198 4279
3198 4324
3198 4366
3198 4534
3198 4549
3198 4671
3198 4734
3199 3632
3199 3663
3199 3890
3199 3985
3199 4005
3199 4068
3199 4716
3199 4799
3199 4820
3199 4934
3200 3384
3200 3401
3200 4092
3200 4270
3200 4352
3200 4394
3200 4490
3200 4569
3200 4765
3200 4770
3200 4859
3200 4956
3201 3236
3201 3258
3201 3376
3201 3561
3201 3860
3201 4118
3201 4273
3201 4300
3201 4425
3201 4775
3201 4777
3202 3462
3202 3492
3202 3590
3202 3619
3202 3885
3202 3929
3202 4041
3202 4043
3202 4203
3202 4326
3202 4342
3202 4410
3202 4651
3202 4719
3202 4786
3202 4888
3202 4905
3203 3304
3203 3315
3203 3364
3203 3407
3203 3945
3203 4383
3203 4414
3203 4424
3203 4569
3203 4592
3203 4828
3204 3212
3204 3358
3204 3529
3204 3807
3204 3833
3204 4224
3204 4252
3204 4586
3204 4601
3204 4622
3204 4791
3205 3627
3205 4127
3205 4408
3205 4415
3205 4447
3205 4659
3205 4844
3205 4973
3205 4981
3206 3455
3206 3541
3206 3676
3206 3926
3206 3931
3206 4221
3206 4474
3206 4606
3206 4648
3206 4762
3207 3395
3207 3538
3207 3678
3207 3765
3207 3864
3207 4154
3207 4479
3207 4634
3207 4669
3208 3213
3208 3335
3208 3400
3208 3589
3208 3611
3208 3925
3208 4220
3208 4382
3208 4552
3208 4903
3208 4939
3209 3344
3209 3362
3209 3589
3209 3698
3209 3710
3209 3766
3209 3795
3209 4486
3209 4617
3209 4640
3210 3247
3210 3343
3210 3410
3210 3463
3210 3569
3210 4118
3210 4481
3210 4550
3210 4603
3210 4665
3210 4719
3210 4787
3210 4864
3210 4932
3211 3282
3211 3366
3211 3549
3211 3740
3211 4203
3211 4277
3211 4401
3211 4669
3211 4718
3211 4778
3211 4834
3212 3216
3212 3422
3212 3477
3212 3515
3212 3629
3212 3723
3212 3791
3212 3962
3212 4050
3212 4186
3212 4190
3212 4378
3212 4397
3212 4588
3212 4623
3212 4797
3212 4868
3212 4963
3213 3318
3213 3370
3213 3666
3213 3914
3213 4057
3213 4226
3213 4458
3213 4763
3213 4777
3214 3274
3214 3297
3214 3979
3215 3553
3215 3876
3215 3924
3215 4237
3215 4270
3215 4327
3215 4859
3215 4925
3215 4949
3216 3317
3216 3756
3216 3914
3216 4472
3216 4844
3216 4859
3216 4987
3216 4997
3217 3344
3217 3628
3217 3703
3217 4091
3217 4213
3217 4434
3217 4471
3218 3441
3218 3567
3218 3663
3218 4186
3218 4373
3218 4598
3218 4681
3218 4834
3218 4849
3218 4878
3219 3288
3219 3352
3219 3426
3219 3884
3219 4043
3219 4105
3219 4681
3220 3249
3220 3390
3220 3695
3220 3765
3220 4000
3220 4074
3220 4077
3220 4175
3220 4245
3220 4499
3220 4509
3220 4703
3221 3410
3221 3424
3221 3599
3221 3645
3221 4039
3221 4077
3221 4081
3221 4173
3221 4209
3221 4227
3221 4257
3221 4334
3221 4555
3221 4625
3221 4823
3222 3548
3222 3708
3222 3847
3222 4158
3222 4490
3222 4564
3222 4793
3222 4856
3223 3433
3223 4126
3223 4211
3223 4739
3223 4875
3223 4902
3223 4912
3223 4951
3224 3277
3224 3601
3224 3622
3224 3701
3224 3758
3224 3907
3224 3916
3224 4031
3224 4096
3224 4433
3224 4488
3224 4567
3224 4762
3224 4832
3225 3302
3225 3477
3225 3517
3225 3589
3225 3636
3225 3885
3225 4335
3225 4481
3225 4486
3225 4522
3225 4683
3225 4802
3225 4915
3226 3300
3226 3719
3226 3879
3226 4019
3226 4085
3226 4518
3226 4876
3226 4952
3227 3336
3227 3403
3227 3415
3227 3518
3227 3604
3227 3626
3227 3758
3227 3837
3227 3931
3227 3981
3227 4883
3228 3405
3228 3411
3228 3896
3228 3923
3228 3977
3228 3986
3228 4200
3228 4215
3228 4245
3228 4250
3228 4336
3228 4433
3228 4547
3228 4878
3228 4946
3229 3277
3229 3564
3229 3641
3229 3994
3229 4791
3230 4269
3230 4419
3230 4614
3230 4635
3230 4865
3230 4980
3231 3863
3231 3953
3231 3967
3231 4030
3231 4552
3231 4579
3231 4584
3231 4592
3231 4724
3232 3375
3232 3463
3232 3589
3232 3608
3232 3751
3232 3924
3232 3963
3232 4432
3232 4537
3232 4672
3232 4701
3232 4771
3232 4801
3232 4957
3233 3245
3233 3315
3233 3594
3233 3794
3233 3873
3233 3905
3233 3954
3233 4159
3233 4574
3233 4576
3234 3242
3234 3283
3234 3306
3234 3414
3234 3542
3234 3544
3234 3622
3234 3630
3234 3632
3234 3994
3234 4407
3234 4450
3234 4455
3234 4565
3234 4700
3235 3435
3235 3504
3235 3908
3235 4525
3235 4873
3235 4991
3236 3618
3236 3742
3236 3872
3236 4270
3236 4370
3236 4580
3236 4761
3237 3416
3237 3636
3237 3802
3237 3809
3237 4167
3237 4587
3237 4699
3237 4881
3238 3544
3238 3719
3238 3894
3238 4003
3238 4266
3238 4329
3238 4335
3238 4570
3238 4626
3238 4651
3239 3257
3239 3333
3239 3495
3239 3566
3239 3666
3239 3704
3239 3764
3239 3767
3239 3949
3239 4017
3239 4085
3239 4149
3239 4334
3239 4473
3239 4671
3240 3242
3240 3644
3240 3777
3240 3818
3240 3945
3240 4338
3240 4491
3240 4567
3240 4708
3240 4872
3241 3254
3241 3312
3241 3370
3241 3506
3241 3508
3241 3539
3241 3578
3241 3812
3241 4056
3241 4494
3241 4728
3241 4806
3242 3599
3242 3778
3242 3788
3242 3795
3242 4331
3242 4362
3242 4784
3242 4802
3242 4988
3243 3314
3243 3432
3243 3506
3243 3707
3243 3875
3243 4014
3243 4193
3243 4202
3243 4353
3243 4578
3243 4765
3244 3594
3244 3754
3244 3836
3244 3869
3244 3939
3244 4062
3244 4082
3244 4216
3244 4218
3244 4372
3244 4494
3244 4536
3244 4576
3244 4665
3245 3600
3245 3650
3245 3945
3245 3952
3245 4077
3245 4245
3245 4288
3245 4358
3245 4387
3245 4417
3245 4880
3246 3288
3246 3390
3246 3461
3246 3514
3246 3768
3246 3776
3246 4016
3246 4036
3246 4150
3246 4420
3246 4599
3246 4744
3246 4789
3247 3491
3247 3630
3247 3637
3247 3641
3247 4083
3247 4166
3247 4209
3247 4240
3247 4268
3247 4500
3247 4739
3248 3324
3248 3482
3248 3530
3248 3624
3248 3629
3248 3861
3248 4227
3248 4277
3248 4363
3248 4436
3248 4520
3248 4846
3248 4968
3248 4974
3249 3698
3249 3766
3249 3807
3249 3980
3249 4006
3249 4075
3249 4447
3249 4847
3249 4880
3249 4943
3250 3320
3250 3667
3250 3762
3250 3966
3250 4194
3250 4291
3250 4442
3250 4513
3250 4572
3250 4716
3250 4720
3250 4743
3251 3814
3251 3868
3251 3914
3251 3981
3251 4006
3251 4225
3251 4781
3252 3312
3252 3550
3252 3692
3252 3764
3252 3906
3252 4010
3252 4233
3252 4534
3252 4657
3252 4952
3253 3621
3253 3718
3253 3883
3253 4051
3253 4308
3253 4373
3253 4452
3253 4459
3253 4460
3253 4586
3253 4614
3253 4675
3253 4705
3253 4799
3253 4806
3253 4914
3253 4934
3254 3342
3254 3555
3254 3932
3254 3987
3254 4079
3254 4170
3254 4181
3254 4543
3254 4644
3254 4997
3255 3492
3255 3620
3255 3749
3255 4013
3255 4694
3255 4924
3256 3305
3256 3413
3256 3501
3256 3503
3256 3517
3256 3890
3256 3936
3256 4125
3256 4222
3256 4343
3256 4596
3256 4846
3257 4110
3257 4320
3257 4725
3257 4814
3257 4898
3258 3291
3258 3386
3258 3591
3258 3833
3258 3932
3258 4244
3258 4251
3258 4354
3258 4625
3258 4746
3259 3278
3259 3330
3259 3413
3259 3771
3259 3799
3259 3820
3259 3891
3259 4187
3259 4229
3259 4302
3259 4335
3259 4479
3259 4901
3260 3351
3260 3404
3260 3781
3260 3995
3260 4010
3260 4147
3260 4255
3260 4459
3260 4600
3261 3267
3261 3473
3261 3632
3261 4271
3261 4342
3261 4415
3261 4425
3261 4430
3261 4476
3261 4658
3261 4685
3261 4837
3261 4906
3262 3457
3262 3621
3262 3661
3262 3848
3262 3891
3262 4121
3262 4306
3262 4347
3262 4597
3262 4612
3263 3269
3263 3460
3263 3542
3263 3837
3263 3848
3263 4510
3263 4564
3263 4687
3263 4691
3263 4826
3264 3281
3264 3686
3264 3913
3264 3956
3264 4073
3264 4245
3264 4275
3264 4409
3264 4459
3264 4735
3265 3337
3265 3411
3265 3520
3265 3636
3265 3949
3265 4099
3265 4264
3265 4608
3265 4683
3265 4693
3265 4943
3266 3397
3266 3412
3266 3431
3266 3541
3266 3592
3266 3715
3266 3850
3266 4218
3266 4445
3266 4543
3267 3383
3267 3604
3267 3804
3267 3827
3267 3844
3267 4103
3267 4221
3267 4327
3267 4366
3267 4592
3267 4616
3268 3581
3268 3832
3268 3876
3268 4028
3268 4141
3268 4150
3268 4374
3268 4587
3268 4725
3268 4936
3269 3574
3269 4074
3269 4218
3269 4298
3269 4366
3269 4779
3269 4814
3269 4886
3270 3318
3270 3355
3270 3361
3270 3755
3270 3990
3270 4016
3270 4149
3270 4234
3270 4313
3270 4725
3271 3449
3271 3744
3271 4081
3271 4175
3271 4177
3271 4244
3271 4254
3271 4401
3271 4724
3272 3362
3272 3532
3272 3536
3272 3598
3272 3605
3272 3681
3272 3759
3272 3832
3272 4010
3272 4411
3272 4603
3272 4713
3272 4775
3272 4902
3272 4970
3273 3617
3273 3650
3273 3749
3273 4171
3273 4646
3273 4693
3273 4758
3273 4779
3273 4809
3273 4833
3273 4871
3273 4896
3273 4956
3274 3337
3274 3351
3274 3433
3274 3516
3274 3532
3274 3656
3274 3657
3274 4102
3274 4209
3274 4297
3274 4421
3274 4433
3274 4616
3274 4698
3274 4797
3274 4841
3274 4894
3274 4961
3274 4991
3275 3308
3275 3326
3275 3782
3275 3923
3275 3937
3275 3938
3275 4018
3275 4020
3275 4137
3275 4243
3275 4956
3276 3507
3276 3640
3276 3895
3276 4007
3276 4043
3276 4350
3276 4397
3276 4569
3276 4702
3276 4797
3276 4822
3276 4899
3277 3361
3277 3392
3277 3556
3277 3710
3277 4089
3277 4684
3277 4756
3278 3452
3278 3864
3278 4077
3278 4174
3278 4252
3278 4326
3278 4487
3278 4542
3278 4559
3278 4568
3278 4952
3279 3582
3279 3685
3279 3704
3279 3740
3279 3937
3279 3942
3279 4162
3279 4256
3279 4656
3279 4767
3279 4892
3280 3309
3280 3471
3280 3818
3280 3898
3280 3987
3280 4181
3280 4258
3280 4446
3280 4680
3281 3544
3281 3670
3281 3686
3281 3904
3281 4114
3281 4139
3281 4160
3281 4320
3281 4505
3281 4612
3281 4635
3281 4976
3281 4997
3282 3507
3282 3515
3282 3576
3282 3726
3282 3777
3282 3844
3282 3849
3282 3949
3282 4162
3282 4174
3282 4425
3282 4731
3283 3311
3283 3660
3283 3725
3283 3799
3283 4103
3283 4179
3283 4723
3283 4907
3284 3461
3284 3548
3284 3668
3284 3872
3284 4164
3284 4485
3284 4566
3285 3524
3285 3767
3285 4113
3285 4224
3285 4496
3285 4888
3286 3717
3286 3750
3286 3921
3286 3950
3286 4017
3286 4090
3286 4326
3286 4570
3286 4703
3286 4892
3286 4907
3287 3512
3287 3840
3287 3846
3287 3857
3287 3904
3287 3964
3287 4431
3287 4672
3287 4704
3288 3643
3288 3849
3288 3931
3288 4217
3288 4694
3288 4867
3289 3459
3289 3473
3289 3872
3289 3895
3289 4489
3289 4607
3289 4623
3289 4651
3289 4746
3289 4998
3290 3322
3290 3424
3290 3510
3290 3619
3290 3887
3290 3897
3290 4066
3290 4742
3290 4876
3291 3423
3291 3513
3291 3616
3291 3740
3291 3854
3291 4381
3291 4461
3291 4630
3291 4903
3291 4939
3292 3329
3292 3347
3292 3355
3292 3377
3292 3497
3292 3566
3292 3756
3292 3819
3292 4037
3292 4074
3292 4390
3292 4408
3292 4431
3292 4566
3292 4722
3292 4747
3293 3392
3293 3645
3293 3871
3293 4011
3293 4101
3293 4151
3293 4245
3293 4305
3293 4348
3293 4358
3293 4447
3293 4522
3293 4580
3293 4653
3293 4687
3293 4827
3294 3438
3294 3527
3294 3716
3294 4143
3294 4376
3294 4583
3294 4635
3294 4701
3294 4808
3294 4931
3295 3359
3295 3616
3295 4284
3295 4462
3295 4593
3295 4601
3295 4656
3295 4930
3296 3446
3296 3554
3296 3799
3296 3852
3296 4381
3296 4396
3296 4401
3296 4726
3296 4763
3296 4955
3297 3357
3297 3372
3297 3437
3297 3523
3297 3626
3297 3771
3297 3792
3297 3888
3297 4255
3297 4386
3297 4549
3297 4633
3297 4838
3298 3373
3298 3547
3298 3727
3298 4025
3298 4165
3298 4282
3298 4652
3298 4883
3299 3544
3299 3841
3299 3856
3299 4089
3299 4129
3299 4372
3299 4478
3299 4584
3299 4718
3299 4928
3300 3441
3300 3477
3300 3520
3300 3606
3300 3633
3300 3727
3300 3823
3300 4030
3300 4070
3300 4104
3300 4185
3300 4199
3300 4352
3300 4905
3301 3319
3301 3385
3301 3520
3301 3611
3301 3893
3301 3896
3301 3923
3301 4074
3301 4088
3301 4173
3301 4230
3301 4548
3301 4604
3301 4921
3302 3347
3302 3526
3302 3547
3302 3747
3302 3909
3302 4634
3302 4817
3303 3457
3303 3543
3303 3570
3303 3720
3303 3992
3303 4044
3303 4156
3303 4224
3303 4310
3303 4430
3303 4524
3303 4535
3303 4596
3303 4776
3304 3317
3304 3329
3304 3379
3304 3475
3304 3527
3304 3570
3304 3769
3304 3868
3304 3998
3304 4240
3304 4365
3304 4388
3304 4773
3304 4819
3304 4871
3305 3406
3305 3480
3305 3534
3305 3951
3305 3967
3305 4110
3305 4481
3305 4974
3306 3488
3306 3881
3306 4057
3306 4077
3306 4448
3306 4575
3306 4803
3306 4921
3307 3575
3307 3609
3307 3845
3307 4051
3307 4190
3307 4328
3307 4512
3307 4533
3307 4593
3307 4634
3307 4681
3307 4896
3307 4962
3308 3314
3308 3415
3308 3546
3308 3843
3308 4035
3308 4038
3308 4097
3308 4306
3308 4332
3308 4541
3308 4900
3309 3452
3309 3667
3309 3704
3309 3852
3309 4454
3309 4669
3309 4822
3310 3350
3310 3515
3310 3577
3310 3692
3310 3777
3310 4482
3310 4640
3310 4761
3310 4876
3311 3380
3311 3470
3311 3582
3311 3638
3311 3659
3311 3820
3311 3969
3311 4238
3311 4433
3311 4555
3311 4773
3311 4890
3311 4892
3312 3463
3312 3540
3312 3800
3312 3913
3312 4343
3312 4388
3312 4606
3312 4926
3313 3482
3313 3685
3313 3692
3313 3900
3313 3906
3313 3935
3313 4135
3313 4196
3313 4527
3313 4616
3313 4764
3313 4848
3313 4910
3314 3336
3314 3564
3314 3820
3314 4019
3314 4054
3314 4378
3314 4595
3314 4648
3314 4676
3314 4703
3314 4800
3315 3347
3315 3353
3315 3581
3315 3706
3315 4070
3315 4157
3315 4228
3315 4261
3315 4377
3315 4576
3316 3370
3316 3522
3316 3638
3316 3692
3316 4279
3316 4430
3316 4455
3316 4473
3316 4566
3316 4717
3316 4789
3316 4807
3316 4834
3316 4905
3317 3388
3317 4042
3317 4252
3317 4304
3317 4359
3317 4497
3317 4690
3317 4694
3317 4904
3317 4971
3317 4982
3317 4984
3318 3346
3318 3896
3318 4803
3318 4915
3319 3328
3319 3339
3319 3417
3319 3465
3319 3974
3319 4126
3319 4309
3319 4455
3319 4983
3320 3468
3320 3609
3320 3654
3320 4102
3320 4244
3320 4420
3320 4592
3320 4815
3321 3396
3321 3466
3321 3910
3321 4050
3321 4082
3321 4302
3321 4437
3321 4439
3321 4480
3321 4560
3321 4678
3321 4895
3322 4206
3322 4263
3322 4318
3322 4609
3322 4649
3322 4734
3322 4896
3323 3378
3323 3902
3323 3998
3323 4725
3323 4950
3324 3611
3324 3769
3324 3909
3324 4263
3324 4391
3324 4502
3324 4980
3325 3355
3325 3429
3325 3502
3325 3740
3325 3826
3325 3827
3325 3911
3325 4111
3325 4137
3325 4521
3325 4764
3325 4849
3325 4851
3325 4967
3325 4978
3326 3395
3326 3480
3326 3602
3326 3651
3326 4030
3326 4080
3326 4084
3326 4274
3326 4370
3326 4764
3326 4927
3327 3478
3327 3552
3327 3587
3327 3700
3327 3941
3327 4186
3327 4210
3327 4741
3327 4936
3328 3414
3328 3595
3328 3660
3328 3771
3328 3829
3328 3856
3328 3996
3328 4019
3328 4024
3328 4265
3328 4366
3328 4603
3328 4769
3328 4894
3328 4990
3329 3436
3329 3469
3329 3717
3329 3854
3329 3904
3329 4309
3329 4415
3329 4510
3329 4587
3329 4596
3329 4724
3329 4737
3329 4852
3329 4906
3330 3368
3330 3440
3330 3779
3330 3927
3330 4085
3330 4369
3330 4701
3330 4756
3331 3336
3331 3501
3331 3504
3331 3606
3331 3691
3331 3921
3331 3974
3331 4040
3331 4056
3331 4266
3331 4280
3331 4364
3331 4409
3331 4456
3331 4491
3331 4528
3331 4530
3331 4826
3332 3659
3332 3913
3332 4094
3332 4271
3332 4345
3332 4433
3332 4472
3332 4719
3333 3706
3333 3807
3333 4046
3333 4306
3333 4477
3333 4585
3333 4586
3333 4658
3333 4677
3333 4797
3334 3630
3334 3723
3334 3852
3334 3901
3334 3912
3334 3930
3334 4043
3334 4060
3334 4121
3334 4359
3334 4712
3334 4976
3335 3485
3335 3786
3335 3847
3335 4237
3335 4342
3335 4496
3336 3479
3336 3640
3336 3942
3336 4283
3336 4322
3336 4431
3336 4783
3336 4876
3336 4920
3337 3427
3337 3589
3337 3649
3337 3980
3337 4205
3337 4467
3337 4490
3337 4529
3337 4530
3337 4583
3338 3371
3338 3379
3338 3401
3338 3770
3338 3834
3338 4208
3338 4365
3338 4620
3338 4689
3338 4718
3338 4731
3338 4865
3338 4977
3339 3500
3339 3712
3339 3713
3339 3917
3339 3955
3339 4015
3339 4048
3339 4085
3339 4088
3339 4199
3339 4295
3339 4308
3339 4847
3340 3407
3340 3665
3340 3881
3340 3914
3340 3979
3340 4002
3340 4962
3341 3585
3341 3741
3341 3842
3341 3901
3341 3912
3341 3971
3341 3993
3341 4363
3341 4364
3341 4386
3341 4482
3341 4514
3341 4628
3341 4962
3342 3406
3342 3472
3342 3876
3342 3955
3342 4311
3342 4502
3342 4529
3342 4932
3342 4996
3343 3693
3343 3751
3343 3880
3343 4226
3343 4293
3343 4372
3343 4445
3343 4703
3343 4928
3344 3392
3344 3820
3344 3831
3344 4011
3344 4447
3344 4483
3344 4494
3344 4514
3344 4614
3344 4625
3344 4819
3344 4940
3345 3549
3345 4083
3345 4250
3345 4262
3345 4360
3345 4955
3346 3706
3346 3773
3346 3875
3346 3990
3346 4108
3346 4112
3346 4263
3346 4469
3346 4557
3346 4615
3346 4711
3346 4759
3346 4845
3347 3586
3347 3926
3347 4020
3347 4169
3347 4275
3347 4410
3347 4487
3347 4696
3347 4744
3347 4943
3348 3467
3348 3901
3348 4091
3348 4390
3348 4606
3348 4990
3349 4323
3349 4567
3349 4640
3349 4658
3349 4670
3349 4732
3349 4768
3349 4883
3349 4916
3350 3691
3350 3876
3350 4022
3350 4335
3350 4360
3350 4460
3350 4538
3350 4776
3351 3377
3351 3626
3351 3809
3351 4226
3351 4286
3351 4559
3351 4567
3351 4577
3352 3361
3352 3417
3352 3639
3352 3649
3352 3718
3352 3915
3352 3944
3352 4104
3352 4248
3352 4257
3352 4823
3353 3654
3353 3735
3353 3847
3353 3890
3353 4113
3353 4127
3353 4182
3353 4331
3353 4382
3353 4416
3353 4476
3353 4735
3354 3781
3354 3837
3354 4156
3354 4785
3354 4791
3354 4933
3354 4983
3355 3453
3355 3563
3355 3594
3355 3637
3355 3733
3355 4057
3355 4093
3355 4198
3355 4274
3355 4374
3355 4519
3355 4621
3355 4878
3356 3467
3356 3479
3356 3519
3356 3830
3356 3873
3356 4009
3356 4083
3356 4168
3356 4408
3356 4588
3357 3439
3357 3517
3357 3573
3357 3709
3357 3712
3357 3974
3357 4092
3357 4168
3357 4217
3357 4547
3358 3441
3358 3936
3358 4229
3358 4250
3358 4264
3358 4491
3358 4755
3358 4863
3358 4919
3359 3519
3359 3718
3359 3891
3359 4049
3359 4207
3359 4299
3359 4475
3359 4595
3359 4651
3359 4705
3360 3477
3360 3544
3360 3720
3360 3738
3360 3890
3360 3951
3360 4122
3360 4196
3360 4249
3360 4462
3360 4556
3360 4579
3360 4895
3361 3599
3361 3850
3361 4017
3361 4295
3361 4343
3361 4574
3361 4832
3362 3600
3362 3916
3362 4169
3362 4287
3362 4345
3362 4539
3362 4635
3362 4901
3363 3470
3363 3926
3363 3939
3363 4077
3363 4086
3363 4093
3363 4243
3363 4477
3363 4771
3363 4921
3364 3382
3364 3706
3364 4081
3364 4380
3364 4506
3364 4612
3364 4613
3364 4636
3364 4732
3365 3604
3365 3763
3365 3862
3365 3865
3365 4035
3365 4078
3365 4154
3365 4157
3365 4586
3365 4620
3365 4777
3365 4792
3365 4853
3365 4869
3366 3400
3366 3643
3366 3650
3366 3836
3366 3995
3366 4135
3366 4391
3366 4576
3366 4723
3366 4791
3366 4997
3367 3438
3367 3717
3367 3787
3367 3847
3367 4036
3367 4072
3367 4468
3367 4633
3367 4785
3367 4821
3367 4852
3368 3498
3368 3536
3368 3570
3368 3644
3368 3653
3368 4070
3368 4320
3368 4816
3368 4834
3368 4847
3369 3523
3369 3726
3369 3793
3369 4072
3369 4117
3369 4320
3369 4375
3369 4468
3369 4489
3369 4765
3370 3413
3370 3505
3370 3556
3370 3598
3370 3910
3370 3926
3370 4326
3370 4467
3370 4483
3370 4709
3370 4738
3370 4815
3370 4969
3371 3509
3371 3790
3371 4243
3371 4486
3371 4544
3371 4677
3371 4717
3371 4742
3371 4847
3372 3601
3372 3611
3372 3987
3372 4006
3372 4141
3372 4572
3372 4817
3372 4836
3372 4907
3373 3444
3373 3574
3373 3588
3373 3711
3373 3721
3373 3837
3373 3838
3373 3842
3373 3916
3373 3957
3373 4060
3373 4338
3373 4617
3373 4706
3373 4752
3374 3399
3374 3473
3374 3568
3374 3728
3374 3961
3374 4226
3374 4257
3374 4710
3374 4746
3374 4849
3375 3400
3375 3505
3375 3673
3375 3709
3375 4003
3375 4104
3375 4187
3375 4265
3375 4432
3375 4750
3376 3445
3376 3535
3376 3687
3376 3998
3376 4163
3376 4227
3376 4393
3376 4496
3376 4544
3376 4602
3376 4619
3376 4640
3376 4659
3376 4831
3377 3383
3377 3620
3377 3697
3377 3893
3377 3917
3377 4128
3377 4311
3377 4468
3377 4618
3377 4941
3377 4957
3378 3492
3378 3517
3378 3639
3378 3864
3378 4087
3378 4503
3378 4547
3378 4710
3378 4768
3378 4934
3378 4985
3379 3740
3379 4065
3379 4324
3379 4423
3379 4489
3379 4694
3379 4726
3380 3600
3380 3601
3380 3677
3380 3778
3380 4574
3380 4602
3380 4634
3380 4645
3380 4817
3381 3469
3381 3514
3381 3531
3381 3651
3381 3822
3381 3857
3381 4185
3381 4295
3381 4372
3381 4413
3382 3479
3382 3690
3382 3977
3382 4324
3382 4597
3382 4960
3383 3483
3383 3666
3383 3711
3383 3720
3383 3754
3383 4029
3383 4223
3383 4860
3384 3434
3384 3672
3384 3712
3384 4260
3384 4301
3384 4314
3384 4317
3384 4372
3384 4759
3384 4811
3385 3397
3385 3427
3385 3488
3385 3489
3385 3691
3385 3787
3385 3903
3385 4453
3385 4568
3386 3497
3386 3616
3386 3967
3386 4139
3386 4305
3386 4345
3386 4516
3386 4732
3386 4874
3386 4953
3386 4997
3387 3424
3387 3515
3387 3615
3387 4034
3387 4042
3387 4455
3387 4690
3387 4773
3388 3492
3388 3746
3388 3831
3388 4011
3388 4107
3388 4181
3388 4341
3388 4660
3388 4871
3389 3520
3389 3601
3389 3751
3389 4084
3389 4111
3389 4151
3389 4183
3389 4618
3389 4637
3389 4897
3389 4898
3390 3458
3390 3924
3390 4276
3390 4337
3390 4843
3390 4949
3391 3471
3391 3539
3391 3915
3391 3964
3391 4239
3391 4318
3391 4465
3391 4555
3391 4961
3392 3867
3392 3986
3392 4280
3392 4588
3392 4656
3392 4686
3392 4823
3393 3482
3393 3530
3393 3685
3393 3751
3393 3905
3393 3987
3393 4182
3393 4576
3393 4790
3393 4949
3394 3510
3394 3606
3394 4116
3394 4144
3394 4201
3394 4710
3394 4815
3394 4864
3394 4921
3395 3434
3395 3462
3395 3705
3395 3813
3395 3845
3395 4212
3395 4288
3395 4346
3395 4503
3395 4577
3395 4719
3395 4732
3395 4878
3395 4953
3395 4976
3396 3475
3396 3518
3396 3561
3396 3604
3396 3948
3396 4262
3396 4318
3396 4482
3396 4490
3396 4527
3396 4784
3396 4845
3396 4939
3397 3565
3397 3921
3397 4054
3397 4343
3397 4350
3397 4409
3398 3459
3398 3519
3398 3526
3398 3567
3398 3578
3398 3743
3398 3804
3398 3912
3398 4157
3398 4407
3398 4579
3398 4688
3398 4891
3399 3729
3399 4021
3399 4239
3399 4590
3399 4653
3399 4848
3399 4936
3400 3538
3400 3577
3400 3682
3400 3997
3400 4068
3400 4115
3400 4900
3401 3568
3401 3649
3401 4313
3401 4343
3401 4425
3401 4461
3401 4542
3401 4598
3401 4675
3401 4843
3401 4862
3401 4879
3401 4900
3402 3445
3402 3795
3402 3835
3402 4306
3402 4357
3402 4624
3402 4634
3402 4876
3403 3726
3403 3748
3403 3800
3403 3892
3403 3935
3403 4953
3404 3930
3404 3992
3404 4127
3404 4219
3404 4416
3405 3773
3405 3915
3405 3971
3405 4653
3405 4733
3405 4915
3406 3507
3406 3529
3406 3658
3406 3674
3406 3798
3406 3807
3406 3879
3406 4371
3406 4450
3406 4539
3406 4554
3406 4578
3406 4655
3406 4877
3407 3441
3407 3459
3407 3465
3407 3594
3407 3787
3407 4167
3407 4277
3407 4716
3407 4818
3407 4871
3408 3586
3408 3592
3408 3724
3408 3871
3408 3882
3408 4005
3408 4115
3408 4146
3408 4455
3408 4500
3408 4811
3409 3639
3409 3983
3409 4044
3409 4182
3409 4206
3409 4215
3409 4461
3409 4620
3409 4757
3409 4816
3410 3421
3410 3483
3410 3714
3410 4088
3410 4200
3410 4549
3410 4580
3410 4847
3411 3464
3411 3701
3411 3730
3411 3884
3411 4389
3412 3568
3412 3586
3412 3615
3412 3721
3412 3776
3412 3971
3412 4103
3412 4218
3412 4554
3412 4593
3412 4746
3412 4763
3412 4773
3412 4896
3413 3590
3413 3803
3413 4002
3413 4135
3413 4143
3413 4234
3413 4377
3413 4436
3413 4877
3413 4893
3413 4978
3414 3635
3414 3717
3414 3940
3414 4119
3414 4368
3414 4371
3414 4445
3414 4605
3414 4636
3414 4765
3414 4768
3414 4892
3415 3592
3415 3933
3415 4078
3415 4170
3415 4335
3415 4754
3416 3485
3416 3489
3416 3525
3416 3554
3416 3749
3416 3810
3416 3934
3416 3959
3416 4116
3416 4353
3416 4737
3417 3451
3417 3726
3417 3811
3417 4073
3417 4279
3417 4594
3417 4704
3417 4833
3417 4901
3418 3497
3418 3538
3418 3646
3418 4264
3418 4498
3419 3605
3419 3679
3419 3703
3419 3839
3419 4136
3419 4304
3419 4324
3419 4343
3419 4641
3420 3626
3420 3756
3420 4021
3420 4170
3420 4251
3420 4409
3420 4781
3420 4966
3420 4990
3421 3439
3421 3783
3421 3818
3421 3973
3421 3978
3421 3985
3421 4073
3421 4235
3421 4958
3422 3640
3422 3720
3422 3897
3422 3988
3422 4174
3422 4549
3422 4603
3422 4658
3422 4719
3422 4983
3423 3457
3423 4148
3423 4279
3423 4317
3423 4511
3423 4525
3423 4527
3423 4553
3423 4743
3423 4818
3423 4837
3423 4974
3424 3464
3424 3580
3424 3739
3424 4627
3424 4726
3424 4746
3425 3609
3425 3705
3425 4226
3425 4340
3425 4442
3425 4623
3425 4666
3425 4714
3425 4717
3425 4838
3426 3463
3426 3509
3426 3963
3426 4150
3426 4176
3426 4275
3426 4349
3426 4672
3426 4864
3426 4929
3427 3429
3427 3453
3427 3480
3427 3535
3427 3544
3427 3699
3427 4331
3427 4409
3428 3569
3428 3581
3428 3676
3428 4037
3428 4092
3428 4311
3428 4379
3428 4432
3428 4550
3428 4954
3428 4974
3428 4980
3429 3635
3429 3737
3429 3822
3429 3859
3429 3976
3429 4174
3429 4490
3429 4690
3429 4718
3430 3443
3430 3503
3430 3704
3430 3841
3430 3887
3430 3904
3430 3959
3430 4103
3430 4181
3430 4289
3430 4330
3430 4406
3430 4573
3430 4728
3431 3572
3431 3647
3431 3904
3431 3948
3431 4099
3432 3654
3432 4018
3432 4071
3432 4344
3432 4499
3432 4718
3432 4754
3432 4998
3433 3565
3433 3611
3433 3690
3433 3714
3433 3789
3433 4071
3433 4740
3433 4814
3434 3652
3434 3956
3434 4035
3434 4095
3434 4394
3434 4505
3434 4520
3434 4781
3434 4884
3434 4892
3434 4896
3434 4901
3434 4953
3435 3467
3435 3955
3435 4194
3435 4264
3435 4369
3435 4389
3435 4472
3435 4617
3435 4718
3436 4099
3436 4147
3436 4945
3437 3850
3437 3896
3437 3911
3437 3999
3437 4000
3437 4117
3437 4156
3437 4364
3437 4393
3437 4500
3437 4647
3437 4758
3438 3916
3438 4387
3438 4543
3438 4551
3438 4799
3438 4887
3438 4919
3438 4950
3439 3455
3439 3481
3439 3914
3439 4065
3439 4160
3439 4425
3439 4532
3439 4630
3439 4759
3439 4802
3439 4906
3440 3460
3440 3616
3440 3732
3440 3817
3440 3826
3440 3913
3440 4422
3440 4560
3440 4649
3440 4988
3441 3648
3441 3735
3441 4098
3441 4208
3441 4512
3442 3499
3442 3542
3442 3623
3442 4102
3442 4337
3442 4651
3442 4701
3442 4761
3442 4784
3442 4898
3442 4966
3443 3614
3443 3630
3443 3917
3443 3959
3443 4192
3443 4252
3443 4371
3443 4522
3443 4591
3444 3490
3444 3855
3444 4000
3444 4101
3444 4197
3444 4245
3444 4720
3444 4761
3444 4859
3444 4946
3445 3689
3445 3992
3445 3994
3445 4080
3445 4125
3445 4141
3445 4214
3445 4356
3445 4711
3445 4740
3445 4804
3446 3577
3446 3624
3446 3733
3446 3886
3446 3960
3446 4007
3446 4193
3446 4295
3446 4316
3446 4560
3446 4666
3446 4791
3447 3816
3447 3899
3447 4342
3447 4611
3447 4652
3447 4768
3448 3741
3448 3746
3448 3808
3448 4130
3448 4263
3448 4325
3448 4561
3448 4884
3448 4948
3449 3454
3449 4054
3449 4188
3449 4195
3449 4236
3449 4267
3449 4291
3449 4325
3449 4420
3449 4465
3449 4523
3449 4583
3449 4938
3450 3601
3450 3623
3450 3983
3450 4155
3450 4169
3450 4203
3450 4303
3450 4368
3450 4469
3450 4615
3450 4761
3450 4792
3451 3513
3451 3698
3451 3924
3451 4059
3451 4515
3451 4730
3451 4761
3451 4809
3451 4892
3452 3926
3452 3929
3452 4109
3452 4360
3452 4492
3452 4500
3452 4654
3452 4784
3453 3472
3453 3581
3453 3619
3453 3868
3453 4102
3453 4142
3453 4337
3453 4472
3453 4671
3453 4701
3453 4785
3453 4802
3453 4832
3453 4833
3453 4948
3453 4980
3454 3491
3454 3704
3454 3725
3454 3983
3454 4057
3454 4078
3454 4148
3454 4880
3455 3689
3455 4093
3455 4241
3455 4281
3455 4407
3455 4987
3456 3723
3456 3751
3456 3938
3456 4257
3456 4259
3456 4379
3456 4439
3457 3605
3457 3834
3457 3886
3457 3906
3457 4549
3457 4601
3457 4720
3457 4968
3458 3492
3458 3537
3458 3614
3458 3796
3458 3895
3458 3956
3458 4027
3458 4126
3458 4200
3458 4272
3458 4370
3458 4535
3458 4639
3458 4831
3458 4845
3459 4209
3459 4444
3459 4534
3459 4750
3459 4766
3460 3596
3460 3768
3460 3848
3460 4254
3460 4267
3461 4487
3461 4852
3461 4857
3462 3794
3462 3967
3462 4071
3462 4149
3462 4231
3462 4305
3462 4324
3462 4414
3462 4464
3462 4758
3462 4988
3463 3647
3463 4075
3463 4082
3463 4357
3463 4525
3463 4623
3463 4720
3463 4821
3463 4998
3464 3473
3464 3726
3464 3766
3464 3782
3464 3825
3464 4622
3464 4673
3464 4796
3464 4811
3464 4926
3465 3591
3465 3747
3465 4570
3465 4737
3465 4816
3465 4939
3466 3755
3466 3765
3466 3799
3466 3852
3466 4789
3466 4803
3467 4111
3467 4133
3467 4274
3467 4406
3467 4408
3467 4425
3467 4479
3467 4492
3467 4652
3467 4818
3467 4891
3468 3858
3468 3951
3468 3977
3468 4230
3468 4283
3468 4351
3468 4524
3468 4669
3469 3490
3469 3972
3469 4119
3469 4408
3469 4711
3469 4772
3469 4885
3469 4978
3470 3573
3470 3746
3470 4145
3470 4274
3470 4291
3470 4446
3470 4660
3470 4798
3470 4817
3471 3530
3471 3771
3471 3849
3471 3969
3471 4163
3471 4316
3471 4454
3471 4541
3471 4647
3471 4714
3471 4741
3471 4974
3472 3521
3472 3552
3472 3712
3472 3734
3472 3896
3472 3962
3472 4063
3472 4112
3472 4499
3472 4677
3473 3717
3473 3845
3473 4089
3473 4285
3473 4361
3473 4442
3473 4550
3473 4561
3473 4726
3473 4727
3473 4879
3474 3651
3474 3943
3474 4000
3474 4137
3474 4284
3474 4358
3475 3588
3475 3865
3475 3909
3475 3970
3475 4536
3476 3533
3476 3720
3476 3969
3476 4098
3476 4423
3476 4473
3476 4647
3476 4728
3476 4844
3477 3490
3477 3500
3477 3982
3477 4148
3477 4382
3477 4621
3477 4847
3477 4909
3478 3510
3478 3825
3478 3840
3478 3960
3478 4096
3478 4308
3478 4382
3478 4514
3478 4827
3478 4922
3478 4923
3478 4950
3479 3610
3479 3907
3479 4012
3479 4130
3479 4258
3479 4509
3479 4639
3479 4723
3479 4821
3479 4848
3479 4894
3480 3575
3480 3687
3480 3952
3480 3954
3480 3965
3480 4130
3480 4193
3480 4353
3481 3802
3481 4058
3481 4113
3481 4193
3481 4368
3481 4668
3481 4757
3482 3537
3482 3558
3482 3690
3482 3866
3482 4213
3482 4295
3482 4312
3483 3502
3483 3533
3483 3568
3483 3745
3483 3803
3483 4147
3483 4269
3483 4736
3483 4759
3483 4983
3484 3608
3484 4333
3484 4485
3484 4507
3484 4558
3484 4766
3484 4796
3484 4978
3485 3524
3485 3704
3485 4189
3485 4339
3485 4455
3485 4623
3485 4690
3485 4866
3486 3777
3486 3903
3486 3994
3486 4171
3486 4224
3486 4247
3486 4326
3486 4406
3486 4481
3486 4531
3486 4546
3486 4758
3486 4885
3487 3517
3487 3825
3487 4136
3487 4212
3487 4735
3487 4768
3488 3592
3488 4161
3488 4330
3488 4344
3488 4876
3489 3634
3489 4223
3489 4492
3489 4628
3489 4893
3490 3603
3490 3646
3490 4107
3490 4327
3490 4397
3490 4527
3491 3873
3491 3972
3491 4330
3491 4418
3491 4507
3491 4511
3491 4738
3492 3498
3492 3500
3492 3526
3492 3838
3492 4018
3492 4137
3492 4163
3492 4326
3492 4414
3492 4419
3493 3508
3493 3748
3493 3757
3493 3984
3493 4137
3493 4322
3493 4954
3493 4964
3494 3521
3494 3538
3494 3776
3494 3912
3494 4022
3494 4670
3494 4678
3494 4901
3495 3675
3495 3688
3495 3729
3495 4025
3495 4287
3495 4488
3495 4759
3495 4890
3495 4971
3496 3596
3496 3765
3496 3808
3496 3986
3496 4210
3496 4444
3496 4558
3496 4560
3496 4574
3496 4828
3496 4847
3496 4875
3496 4942
3497 3590
3497 3900
3497 3917
3497 4427
3497 4675
3497 4699
3497 4751
3498 3510
3498 3711
3498 3860
3498 4046
3498 4058
3498 4141
3498 4145
3498 4326
3498 4358
3498 4556
3498 4563
3498 4650
3498 4811
3498 4911
3499 4128
3499 4319
3499 4479
3499 4518
3500 3560
3500 3774
3500 3863
3500 3885
3500 3902
3500 3915
3500 4104
3500 4173
3500 4575
3501 3587
3501 3721
3501 3723
3501 4500
3501 4581
3502 3935
3502 3995
3502 4106
3502 4292
3502 4615
3502 4637
3502 4693
3502 4723
3502 4724
3503 3595
3503 3715
3503 3740
3503 3748
3503 4001
3503 4139
3503 4425
3503 4654
3503 4717
3503 4843
3503 4888
3504 4006
3504 4145
3504 4379
3504 4467
3504 4892
3505 3554
3505 3751
3505 3970
3505 4349
3505 4552
3505 4966
3506 3755
3506 3944
3506 3969
3506 4287
3506 4700
3506 4913
3506 4923
3507 3547
3507 3558
3507 3678
3507 3878
3507 3988
3507 4042
3507 4178
3507 4218
3507 4235
3507 4273
3507 4444
3508 3554
3508 3699
3508 3846
3508 3924
3508 4008
3508 4304
3509 4053
3509 4763
3509 4815
3509 4894
3510 3964
3510 4389
3510 4401
3510 4420
3510 4546
3510 4595
3510 4669
3510 4682
3510 4995
3511 3536
3511 3711
3511 3855
3511 4260
3511 4356
3511 4427
3511 4519
3511 4679
3512 3711
3512 4046
3512 4228
3512 4242
3512 4367
3512 4560
3512 4875
3512 4980
3513 3656
3513 3675
3513 3783
3513 3929
3513 4346
3513 4584
3513 4620
3513 4984
3514 3576
3514 3747
3514 3813
3514 4129
3514 4285
3514 4437
3514 4490
3514 4631
3514 4690
3514 4808
3515 3955
3515 4391
3515 4523
3515 4571
3515 4651
3515 4724
3515 4728
3515 4994
3516 4044
3516 4049
3516 4273
3516 4433
3516 4475
3516 4533
3516 4581
3517 3628
3517 3636
3517 3993
3517 4224
3517 4302
3517 4445
3517 4471
3517 4796
3517 4850
3517 4970
3518 3624
3518 3988
3518 4074
3518 4219
3518 4400
3518 4427
3518 4429
3518 4507
3518 4697
3518 4952
3518 4990
3519 3675
3519 3799
3519 3808
3519 4004
3519 4179
3519 4364
3519 4709
3519 4938
3519 4956
3520 3617
3520 3646
3520 3675
3520 3731
3520 3838
3520 4087
3520 4563
3521 3533
3521 3797
3521 3978
3521 4012
3521 4217
3521 4229
3521 4256
3521 4767
3521 4773
3521 4946
3521 4973
3522 3551
3522 3585
3522 3716
3522 3824
3522 3954
3522 4032
3522 4258
3522 4463
3522 4531
3522 4922
3523 3616
3523 3707
3523 3714
3523 3917
3523 3932
3523 4223
3523 4525
3523 4539
3523 4637
3523 4722
3523 4808
3523 4852
3524 3692
3524 3870
3524 3928
3524 3931
3524 3996
3524 4175
3524 4193
3524 4214
3524 4232
3524 4254
3524 4361
3524 4365
3524 4574
3524 4641
3524 4693
3524 4785
3525 3625
3525 3781
3525 3829
3525 3850
3525 4037
3525 4078
3525 4685
3526 3534
3526 3802
3526 3905
3526 4005
3526 4101
3526 4169
3526 4247
3526 4433
3526 4437
3526 4478
3526 4547
3526 4580
3526 4736
3526 4799
3526 4804
3527 3538
3527 3615
3527 3734
3527 3813
3527 3827
3527 3885
3527 4073
3527 4348
3527 4798
3528 3675
3528 3790
3528 3929
3528 4047
3528 4086
3528 4202
3528 4233
3528 4249
3528 4385
3528 4638
3529 4002
3529 4089
3529 4200
3529 4310
3529 4350
3529 4534
3529 4552
3529 4626
3529 4663
3530 3601
3530 3697
3530 3720
3530 3790
3530 4096
3530 4260
3530 4270
3530 4314
3531 3777
3531 4030
3531 4325
3531 4457
3531 4742
3531 4747
3531 4771
3531 4852
3531 4913
3532 3771
3532 4129
3532 4382
3532 4398
3532 4582
3532 4999
3533 3573
3533 3613
3533 3807
3533 3882
3533 4014
3533 4458
3533 4876
3533 4928
3533 4981
3534 3542
3534 3631
3534 3695
3534 3747
3534 4057
3534 4094
3534 4269
3534 4288
3534 4301
3534 4617
3535 3687
3535 4151
3535 4522
3535 4597
3535 4645
3535 4736
3535 4929
3535 4975
3536 3666
3536 3953
3536 4228
3536 4523
3536 4813
3536 4920
3536 4970
3537 3572
3537 3688
3537 4176
3537 4385
3538 4027
3538 4304
3538 4335
3538 4467
3538 4970
3539 3760
3539 3781
3539 3899
3539 4031
3539 4121
3539 4148
3539 4165
3539 4243
3539 4287
3539 4527
3539 4604
3539 4679
3540 3570
3540 3810
3540 3915
3540 3930
3540 4032
3540 4110
3540 4113
3540 4123
3540 4289
3540 4615
3540 4810
3541 3670
3541 4076
3541 4212
3541 4259
3541 4502
3541 4580
3541 4702
3541 4909
3542 3817
3542 3949
3542 4092
3542 4096
3542 4103
3542 4334
3542 4418
3542 4546
3542 4812
3542 4839
3542 4872
3542 4904
3543 3641
3543 3655
3543 3697
3543 3954
3543 4239
3543 4533
3543 4667
3543 4914
3544 3670
3544 4304
3544 4316
3544 4503
3544 4588
3544 4933
3545 3819
3545 3849
3545 3942
3545 3979
3545 4030
3545 4146
3545 4660
3546 3685
3546 3762
3546 3853
3546 4126
3546 4300
3546 4732
3546 4847
3547 3559
3547 3790
3547 3838
3547 3865
3547 4736
3547 4897
3547 4977
3547 4995
3548 3730
3548 3766
3548 3825
3548 3939
3548 4092
3548 4352
3548 4597
3548 4756
3548 4794
3549 3639
3549 3764
3549 3792
3549 4066
3549 4128
3549 4383
3549 4418
3549 4693
3549 4809
3549 4999
3550 3716
3550 4097
3550 4292
3550 4598
3550 4721
3550 4825
3551 3702
3551 3760
3551 3878
3551 3958
3551 3989
3551 4122
3551 4626
3551 4646
3551 4822
3552 3600
3552 3817
3552 4014
3552 4086
3552 4259
3552 4450
3552 4451
3552 4493
3552 4531
3552 4612
3552 4633
3552 4832
3552 4879
3553 3555
3553 3600
3553 3899
3553 3978
3553 4196
3553 4442
3553 4735
3553 4969
3554 3944
3554 3960
3554 4145
3554 4218
3554 4219
3554 4340
3554 4352
3554 4611
3554 4657
3554 4835
3555 3658
3555 3739
3555 4142
3555 4215
3555 4367
3555 4511
3555 4591
3555 4618
3555 4850
3556 3901
3556 3930
3556 3961
3556 4000
3556 4050
3556 4211
3556 4517
3556 4754
3556 4854
3556 4988
3557 3570
3557 3603
3557 3638
3557 3810
3557 3833
3557 4076
3557 4324
3557 4471
3557 4810
3557 4812
3557 4922
3557 4988
3558 3832
3558 3882
3558 4201
3558 4224
3558 4266
3558 4399
3559 3759
3559 3957
3559 4187
3559 4293
3559 4298
3559 4307
3559 4641
3559 4761
3559 4778
3559 4923
3559 4997
3560 3660
3560 3697
3560 3883
3560 3902
3560 4033
3560 4472
3560 4687
3560 4780
3560 4837
3560 4904
3561 3776
3561 4489
3561 4618
3561 4701
3561 4879
3562 3648
3562 3931
3562 4210
3562 4382
3562 4616
3562 4714
3563 4004
3563 4060
3563 4168
3563 4176
3563 4435
3563 4447
3563 4730
3563 4769
3563 4825
3564 3632
3564 3776
3564 3890
3564 3928
3564 4365
3564 4891
3564 4993
3565 3583
3565 3817
3565 3839
3565 3990
3565 4059
3565 4125
3565 4328
3565 4387
3565 4498
3565 4874
3565 4972
3566 3865
3566 3872
3566 4288
3566 4796
3566 4825
3566 4869
3566 4897
3567 4035
3567 4492
3567 4508
3567 4669
3568 4025
3568 4321
3568 4508
3568 4645
3568 4873
3568 4965
3569 3695
3569 3720
3569 3987
3569 4421
3569 4583
3569 4920
3570 3868
3570 3914
3570 4380
3570 4538
3570 4583
3570 4681
3570 4767
3570 4830
3571 3708
3571 3793
3571 3894
3571 3938
3571 4172
3571 4266
3571 4447
3571 4500
3571 4605
3571 4904
3572 3591
3572 3667
3572 3912
3572 4005
3572 4102
3572 4140
3572 4158
3572 4216
3572 4857
3572 4862
3573 3628
3573 3774
3573 3859
3573 4237
3573 4692
3573 4694
3573 4989
3574 3702
3574 4022
3574 4068
3574 4080
3574 4108
3574 4111
3574 4140
3574 4404
3574 4494
3574 4550
3574 4771
3574 4777
3574 4817
3574 4943
3575 3639
3575 3665
3575 3716
3575 3725
3575 3778
3575 3783
3575 4154
3575 4510
3575 4607
3575 4610
3575 4679
3576 4226
3576 4293
3576 4683
3576 4697
3576 4730
3576 4989
3576 4993
3577 3669
3577 3921
3577 4299
3577 4314
3577 4535
3578 3679
3578 3737
3578 3807
3578 3831
3578 4000
3578 4048
3578 4057
3578 4131
3578 4262
3578 4668
3578 4757
3578 4946
3579 3739
3579 4212
3579 4485
3580 3739
3580 3803
3580 3809
3580 4195
3580 4502
3580 4732
3580 4910
3580 4976
3581 3683
3581 3862
3581 3901
3581 3939
3581 4270
3581 4324
3581 4343
3581 4438
3581 4489
3581 4900
3581 4994
3582 3715
3582 3716
3582 3782
3582 3892
3582 3943
3582 4114
3582 4201
3582 4353
3582 4526
3582 4792
3582 4834
3582 4848
3583 3651
3583 3719
3583 3881
3583 4137
3583 4745
3583 4821
3583 4832
3583 4938
3583 4957
3584 3604
3584 3691
3584 3732
3584 3983
3584 3984
3584 4025
3584 4265
3584 4777
3584 4875
3585 3619
3585 3725
3585 4108
3585 4722
3585 4757
3585 4863
3586 3857
3586 3879
3586 3924
3586 4030
3586 4319
3586 4655
3586 4832
3586 4870
3586 4977
3587 3967
3587 4250
3587 4501
3587 4560
3587 4621
3587 4684
3588 3687
3588 3947
3588 4085
3588 4159
3588 4450
3588 4516
3588 4656
3588 4736
3588 4758
3588 4773
3588 4829
3588 4905
3588 4921
3588 4922
3589 3815
3589 3919
3589 4132
3589 4331
3589 4446
3589 4521
3589 4641
3590 3728
3590 3729
3590 3791
3590 4009
3590 4117
3590 4148
3590 4328
3590 4436
3590 4439
3590 4808
3590 4850
3590 4986
3591 3607
3591 3840
3591 3899
3591 3918
3591 4101
3591 4174
3591 4208
3591 4220
3591 4445
3591 4511
3591 4692
3592 3906
3592 4143
3592 4179
3592 4199
3592 4662
3592 4774
3592 4790
3593 3841
3593 3940
3593 4054
3593 4147
3593 4202
3593 4311
3593 4679
3593 4850
3594 3639
3594 3662
3594 3833
3594 3894
3594 4562
3594 4583
3594 4587
3594 4738
3594 4833
3594 4990
3595 3623
3595 3761
3595 3904
3595 3912
3595 4191
3595 4200
3595 4522
3595 4785
3595 4869
3595 4889
3596 3660
3596 3678
3596 3739
3596 3814
3596 4006
3596 4025
3596 4192
3596 4475
3596 4621
3596 4713
3597 3714
3597 4032
3597 4199
3597 4377
3597 4511
3597 4646
3597 4822
3597 4988
3598 3707
3598 3930
3598 4022
3598 4054
3598 4295
3598 4396
3598 4464
3598 4718
3598 4849
3598 4971
3599 3938
3599 4108
3599 4164
3599 4416
3599 4647
3599 4875
3599 4969
3600 3601
3600 3677
3600 3857
3600 4023
3600 4055
3600 4190
3600 4297
3600 4340
3600 4574
3600 4645
3600 4653
3600 4817
3600 4843
3601 3677
3601 3938
3601 4135
3601 4354
3601 4415
3601 4574
3601 4645
3601 4691
3601 4817
3601 4833
3602 3639
3602 3705
3602 3793
3602 4564
3602 4576
3602 4858
3602 4888
3602 4961
3602 4977
3603 3666
3603 3838
3603 3997
3603 4016
3603 4098
3603 4157
3603 4232
3603 4245
3603 4298
3603 4308
3603 4492
3603 4562
3603 4655
3603 4735
3603 4774
3603 4892
3604 3633
3604 3640
3604 3753
3604 4269
3604 4629
3604 4719
3604 4805
3605 4255
3605 4813
3606 3684
3606 3783
3606 3791
3606 3958
3606 4148
3606 4207
3606 4439
3606 4815
3606 4820
3606 4906
3607 3627
3607 3681
3607 3855
3607 4502
3607 4675
3607 4747
3607 4922
3607 4959
3608 3731
3608 3838
3608 4174
3608 4271
3608 4474
3608 4516
3608 4677
3608 4751
3608 4759
3609 3684
3609 3786
3609 3870
3609 3897
3609 4348
3609 4380
3609 4482
3609 4522
3609 4574
3609 4578
3609 4857
3610 3694
3610 3700
3610 3752
3610 4116
3610 4218
3610 4410
3610 4877
3611 3614
3611 3936
3611 4107
3611 4301
3611 4365
3611 4568
3611 4787
3611 4832
3611 4946
3612 3656
3612 4275
3612 4412
3612 4418
3612 4458
3612 4515
3612 4551
3612 4563
3612 4591
3613 3630
3613 3838
3613 3853
3613 4383
3613 4418
3613 4740
3613 4842
3613 4915
3614 3714
3614 4034
3614 4058
3614 4271
3614 4623
3614 4714
3614 4850
3614 4887
3614 4945
3615 3660
3615 3970
3615 4014
3615 4023
3615 4129
3615 4188
3615 4290
3615 4327
3615 4385
3615 4555
3615 4592
3615 4625
3615 4839
3615 4917
3616 3852
3616 3883
3616 3947
3616 4007
3616 4113
3616 4383
3616 4406
3616 4792
3616 4892
3616 4957
3616 4979
3617 3649
3617 3775
3617 3809
3617 4166
3617 4924
3617 4925
3617 4947
3618 3829
3618 3897
3618 3916
3618 4467
3618 4637
3618 4650
3618 4884
3618 4930
3618 4959
3619 3683
3619 4011
3619 4023
3619 4035
3619 4038
3619 4324
3619 4577
3619 4981
3620 3835
3620 4123
3620 4298
3620 4355
3620 4523
3620 4592
3620 4606
3620 4853
3620 4943
3620 4997
3621 3760
3621 4050
3621 4143
3621 4652
3621 4672
3621 4769
3621 4801
3621 4817
3621 4923
3621 4958
3622 3707
3622 3921
3622 3983
3622 4064
3622 4130
3622 4383
3622 4421
3622 4439
3622 4692
3622 4917
3623 4178
3623 4250
3623 4298
3623 4314
3623 4606
3623 4671
3623 4775
3624 3663
3624 3826
3624 3885
3624 4753
3625 3635
3625 3839
3625 3912
3625 4002
3625 4081
3625 4121
3625 4305
3625 4430
3625 4476
3625 4864
3626 4096
3626 4640
3626 4867
3626 4964
3626 4972
3626 4976
3627 3729
3627 3928
3627 4054
3627 4055
3627 4606
3627 4692
3627 4858
3627 4886
3628 3755
3628 3780
3628 3906
3628 4156
3628 4289
3628 4335
3628 4447
3628 4646
3628 4896
3629 3809
3629 3965
3629 4216
3629 4562
3629 4728
3629 4912
3630 3674
3630 3790
3630 3917
3630 4127
3630 4230
3630 4251
3630 4285
3630 4336
3630 4772
3630 4947
3631 4226
3631 4396
3631 4496
3631 4532
3631 4713
3631 4723
3632 3667
3632 3806
3632 3839
3632 3900
3632 4098
3632 4255
3632 4369
3632 4403
3632 4528
3632 4695
3632 4861
3633 3639
3633 3694
3633 4734
3633 4747
3633 4909
3634 3844
3634 3877
3634 3895
3634 3908
3634 3947
3634 4128
3634 4418
3634 4419
3634 4498
3634 4872
3634 4906
3635 3671
3635 3763
3635 3913
3635 3937
3635 3943
3635 4156
3635 4294
3635 4584
3635 4884
3635 4888
3636 3660
3636 3744
3636 3821
3636 3840
3636 4579
3636 4638
3636 4756
3636 4951
3636 4967
3637 3662
3637 3698
3637 3893
3637 4295
3637 4729
3637 4786
3637 4935
3638 3735
3638 4367
3638 4688
3638 4721
3639 3699
3639 4112
3639 4181
3639 4253
3639 4354
3639 4727
3639 4807
3640 3739
3640 3745
3640 3870
3640 4177
3640 4208
3640 4532
3640 4601
3640 4649
3641 3678
3641 4029
3641 4131
3641 4205
3641 4411
3641 4426
3641 4616
3641 4617
3641 4662
3641 4793
3641 4972
3642 4035
3642 4095
3642 4159
3642 4225
3642 4318
3642 4463
3642 4591
3643 3715
3643 3757
3643 3804
3643 4191
3643 4541
3643 4544
3643 4799
3643 4996
3644 3737
3644 3945
3644 3976
3644 4050
3644 4259
3644 4953
3645 3717
3645 3940
3645 4047
3645 4065
3645 4165
3645 4338
3645 4352
3645 4728
3646 3701
3646 3708
3646 3975
3646 4322
3646 4339
3646 4432
3646 4665
3646 4683
3646 4881
3646 4946
3647 3692
3647 3912
3647 3968
3647 4257
3647 4609
3647 4669
3648 3880
3648 3919
3648 3993
3648 4159
3648 4200
3648 4247
3648 4303
3648 4360
3648 4378
3648 4745
3648 4828
3648 4991
3648 4996
3649 4008
3649 4244
3649 4539
3649 4774
3649 4821
3649 4897
3649 4905
3649 4941
3649 4970
3650 3672
3650 3953
3650 4315
3650 4434
3650 4444
3650 4669
3650 4867
3651 3687
3651 3699
3651 3806
3651 3842
3651 3970
3651 4001
3651 4248
3651 4410
3651 4438
3651 4691
3651 4833
3651 4954
3652 3755
3652 3983
3652 4151
3652 4231
3652 4598
3652 4629
3652 4871
3653 3796
3653 3878
3653 3968
3653 3993
3653 4045
3653 4109
3653 4278
3653 4366
3653 4412
3653 4506
3653 4860
3654 3759
3654 3934
3654 4048
3654 4113
3654 4136
3654 4250
3654 4596
3654 4609
3654 4893
3654 4911
3654 4982
3655 4070
3655 4260
3655 4346
3655 4389
3655 4889
3656 3692
3656 4344
3656 4562
3656 4731
3656 4836
3656 4841
3657 4153
3657 4178
3657 4320
3657 4493
3657 4590
3657 4613
3657 4855
3658 3723
3658 3752
3658 3982
3658 4047
3658 4308
3658 4412
3658 4476
3658 4481
3658 4530
3658 4579
3658 4725
3658 4964
3658 4985
3659 3765
3659 3843
3659 4255
3659 4298
3659 4593
3659 4690
3659 4695
3660 4223
3660 4321
3660 4602
3660 4686
3660 4779
3660 4842
3660 4950
3661 3674
3661 3844
3661 3863
3661 3927
3661 4402
3661 4469
3661 4756
3661 4803
3661 4816
3661 4980
3662 3718
3662 4017
3662 4204
3662 4218
3662 4437
3662 4527
3662 4558
3662 4764
3662 4803
3662 4838
3662 4858
3663 3854
3663 4008
3663 4036
3663 4078
3663 4180
3663 4242
3663 4709
3663 4814
3663 4965
3663 4975
3664 3694
3664 3798
3664 3885
3664 3988
3664 4156
3664 4456
3664 4492
3664 4727
3665 3685
3665 3829
3665 3838
3665 4221
3665 4537
3665 4648
3665 4748
3665 4799
3665 4909
3666 3776
3666 3792
3666 4059
3666 4189
3666 4266
3666 4330
3666 4773
3666 4792
3666 4830
3667 3883
3667 3960
3667 3991
3667 4268
3667 4394
3667 4417
3667 4511
3667 4520
3667 4586
3667 4844
3667 4896
3668 4220
3668 4323
3668 4491
3668 4748
3668 4850
3668 4905
3669 3729
3669 3752
3669 3895
3669 3929
3669 3998
3669 4097
3669 4166
3669 4421
3669 4561
3669 4573
3669 4588
3669 4700
3669 4733
3669 4849
3669 4903
3670 3766
3670 3862
3670 4041
3670 4288
3670 4460
3670 4473
3670 4499
3670 4590
3671 3936
3671 4124
3671 4133
3671 4135
3671 4471
3671 4666
3671 4780
3672 3810
3672 3963
3672 4038
3672 4252
3673 3774
3673 4027
3673 4045
3673 4198
3673 4917
3674 4432
3674 4525
3674 4604
3674 4752
3674 4895
3674 4942
3674 4969
3675 4440
3675 4673
3675 4744
3675 4752
3675 4788
3675 4808
3676 3826
3676 3941
3676 4356
3676 4771
3677 3808
3677 4176
3677 4379
3677 4434
3677 4563
3677 4574
3677 4645
3677 4718
3677 4784
3677 4817
3677 4939
3678 4098
3678 4099
3678 4149
3678 4381
3678 4481
3678 4840
3678 4968
3679 3683
3679 3778
3679 4197
3679 4441
3679 4673
3679 4695
3680 3710
3680 3881
3680 4094
3680 4202
3680 4204
3680 4216
3680 4235
3680 4282
3680 4421
3680 4609
3680 4674
3680 4717
3680 4979
3681 3786
3681 3788
3681 4237
3681 4854
3681 4951
3682 3765
3682 3783
3682 3869
3682 3969
3682 4303
3683 3823
3683 3906
3683 4223
3683 4291
3683 4416
3683 4593
3683 4667
3683 4794
3683 4891
3683 4972
3684 3774
3684 4387
3684 4553
3684 4983
3685 3897
3685 4017
3685 4158
3685 4162
3685 4442
3685 4541
3685 4802
3685 4926
3686 3695
3686 3719
3686 3765
3686 3859
3686 3894
3686 4061
3686 4113
3686 4580
3687 3913
3687 3955
3687 4336
3687 4422
3687 4544
3687 4576
3687 4625
3688 3784
3688 3838
3688 3871
3688 4009
3688 4149
3688 4160
3688 4571
3688 4673
3688 4859
3689 3746
3689 3908
3689 3989
3689 4040
3689 4062
3689 4191
3689 4248
3689 4253
3689 4383
3689 4451
3689 4636
3689 4890
3689 4928
3689 4987
3690 3707
3690 3743
3690 3778
3690 3909
3690 4641
3690 4729
3691 3973
3691 4103
3691 4120
3691 4340
3691 4400
3691 4412
3691 4711
3691 4769
3691 4826
3691 4938
3692 3813
3692 4032
3692 4235
3692 4360
3692 4650
3692 4768
3692 4841
3693 3781
3693 3802
3693 4058
3693 4073
3693 4077
3693 4190
3693 4248
3693 4486
3693 4627
3694 3785
3694 3824
3694 4092
3694 4208
3694 4385
3694 4467
3694 4580
3694 4854
3694 4863
3694 4880
3695 3951
3695 4079
3695 4246
3695 4314
3695 4654
3695 4838
3696 3832
3696 3880
3696 3895
3696 3904
3696 3917
3696 4482
3696 4782
3696 4984
3697 3862
3697 4009
3697 4011
3697 4157
3697 4894
3697 4974
3698 3705
3698 3805
3698 3823
3698 3845
3698 3853
3698 3860
3698 3872
3698 3888
3698 3951
3698 4059
3698 4178
3698 4216
3698 4255
3698 4499
3698 4542
3698 4569
3698 4651
3698 4733
3698 4758
3699 3724
3699 3900
3699 4039
3699 4112
3699 4372
3699 4399
3699 4638
3699 4830
3700 3737
3700 3975
3700 4097
3700 4287
3700 4553
3701 3725
3701 3929
3701 3980
3701 4029
3701 4058
3701 4737
3701 4965
3702 3809
3702 3902
3702 3988
3702 4062
3702 4316
3702 4390
3702 4686
3702 4693
3702 4870
3703 3724
3703 4494
3703 4507
3703 4777
3703 4814
3704 3831
3704 3996
3704 4033
3704 4212
3704 4286
3704 4491
3704 4994
3705 3738
3705 3964
3705 3970
3705 4028
3705 4233
3705 4372
3705 4455
3705 4468
3705 4663
3705 4848
3705 4904
3705 4967
3706 3926
3706 4008
3706 4025
3706 4202
3706 4569
3706 4592
3707 3922
3707 4099
3707 4358
3707 4448
3707 4671
3707 4795
3708 3903
3708 3999
3708 4073
3708 4263
3708 4290
3708 4410
3708 4418
3708 4431
3708 4885
3709 3814
3709 3827
3709 3892
3709 4015
3709 4063
3709 4093
3709 4096
3709 4183
3709 4616
3709 4813
3709 4928
3710 3721
3710 3799
3710 3996
3710 4077
3710 4370
3710 4615
3710 4955
3711 3777
3711 4111
3711 4149
3711 4265
3711 4354
3711 4864
3712 3981
3712 4186
3712 4192
3712 4212
3712 4305
3712 4463
3712 4908
3713 4039
3713 4141
3713 4219
3713 4388
3713 4453
3713 4554
3714 3990
3714 4190
3714 4248
3714 4278
3714 4316
3714 4595
3714 4887
3715 3855
3715 3944
3715 4061
3715 4298
3715 4335
3715 4438
3715 4504
3715 4537
3715 4539
3715 4649
3715 4895
3716 3807
3716 4169
3716 4539
3716 4763
3716 4798
3716 4989
3717 3814
3717 3826
3717 3958
3717 4571
3717 4644
3717 4657
3717 4882
3717 4944
3717 4946
3718 4097
3718 4125
3718 4404
3718 4533
3718 4667
3718 4727
3719 3937
3719 4200
3719 4216
3719 4308
3719 4655
3719 4801
3719 4862
3719 4866
3719 4980
3720 3857
3720 4282
3720 4994
3721 3747
3721 3948
3721 4071
3721 4102
3721 4157
3721 4357
3721 4933
3721 4982
3721 4987
3722 3801
3722 3900
3722 3931
3722 4055
3722 4518
3722 4774
3722 4934
3722 4952
3723 3902
3723 4186
3723 4578
3723 4616
3723 4955
3724 4119
3724 4135
3724 4238
3724 4250
3724 4272
3724 4576
3724 4720
3724 4810
3724 4855
3725 3793
3725 4279
3725 4323
3725 4364
3725 4518
3725 4830
3725 4854
3725 4870
3726 3942
3726 3966
3726 4039
3726 4107
3726 4361
3726 4469
3726 4560
3726 4635
3726 4783
3726 4791
3726 4913
3726 4938
3727 3741
3727 3747
3727 3822
3727 3954
3727 4221
3727 4499
3727 4671
3727 4828
3728 4015
3728 4213
3728 4537
3728 4647
3728 4788
3728 4820
3728 4942
3729 3763
3729 4014
3729 4138
3729 4515
3729 4550
3729 4766
3729 4949
3730 4120
3730 4547
3730 4642
3730 4728
3730 4927
3731 3780
3731 4086
3731 4488
3731 4520
3731 4620
3731 4728
3731 4790
3731 4916
3732 4002
3732 4009
3732 4100
3732 4258
3732 4397
3732 4406
3732 4415
3732 4422
3732 4482
3732 4726
3733 3774
3733 3783
3733 3904
3733 3963
3733 3990
3733 4079
3733 4182
3733 4264
3733 4305
3733 4413
3733 4446
3733 4468
3733 4689
3733 4694
3733 4997
3734 3738
3734 3790
3734 3829
3734 4726
3734 4889
3735 3869
3735 4035
3735 4052
3735 4230
3736 4034
3736 4120
3736 4249
3736 4665
3736 4765
3737 3781
3737 3836
3737 3925
3737 3972
3737 4145
3737 4391
3737 4434
3737 4801
3737 4927
3738 3800
3738 3871
3738 4065
3738 4069
3738 4316
3738 4338
3738 4373
3738 4520
3738 4706
3738 4809
3738 4905
3739 4116
3739 4297
3739 4300
3739 4371
3739 4503
3739 4866
3740 3809
3740 3963
3740 4240
3740 4613
3740 4729
3740 4735
3740 4964
3741 3838
3741 4270
3741 4379
3741 4699
3741 4803
3742 3834
3742 4054
3742 4109
3742 4370
3742 4420
3742 4452
3742 4888
3742 4889
3743 3831
3743 3832
3743 4179
3743 4603
3743 4629
3743 4638
3744 3984
3744 4114
3744 4154
3744 4235
3744 4254
3744 4310
3744 4328
3744 4582
3745 3855
3745 4162
3745 4387
3745 4552
3745 4627
3745 4733
3745 4837
3745 4846
3745 4948
3746 3831
3746 4107
3746 4174
3746 4316
3746 4389
3746 4562
3746 4645
3746 4752
3746 4838
3746 4880
3746 4960
3746 4965
3747 3801
3747 3878
3747 4110
3747 4126
3747 4499
3748 3855
3748 3884
3748 4000
3748 4021
3748 4268
3749 4251
3749 4465
3749 4521
3749 4604
3749 4642
3749 4764
3749 4836
3749 4849
3750 4067
3750 4227
3750 4277
3750 4391
3750 4508
3750 4724
3750 4725
3750 4876
3751 3801
3751 3832
3751 3853
3751 4065
3751 4066
3751 4105
3751 4133
3751 4399
3751 4456
3751 4584
3751 4823
3751 4853
3751 4962
3752 3811
3752 3842
3752 3987
3752 4069
3752 4142
3752 4244
3752 4626
3752 4673
3752 4803
3752 4826
3752 4842
3753 3757
3753 3758
3753 3812
3753 4108
3753 4143
3753 4254
3753 4278
3753 4286
3753 4473
3753 4747
3753 4782
3753 4853
3754 3759
3754 3819
3754 4102
3754 4169
3754 4199
3754 4262
3754 4305
3754 4386
3754 4415
3754 4582
3754 4606
3754 4944
3754 4957
3754 4995
3755 3954
3755 4171
3755 4666
3755 4820
3755 4978
3756 3873
3756 4132
3756 4513
3756 4565
3756 4646
3757 4105
3757 4363
3757 4537
3757 4579
3757 4654
3757 4663
3757 4667
3757 4744
3757 4798
3757 4802
3757 4911
3757 4925
3758 3807
3758 3854
3758 3891
3758 4039
3758 4427
3758 4448
3758 4616
3758 4820
3759 3906
3759 3914
3759 4079
3759 4113
3759 4152
3759 4297
3759 4340
3759 4476
3759 4497
3759 4572
3759 4711
3760 4060
3760 4198
3760 4537
3760 4584
3760 4631
3760 4953
3760 4964
3760 4999
3761 3767
3761 3897
3761 4020
3761 4263
3761 4634
3761 4678
3761 4842
3761 4873
3761 4900
3762 3845
3762 3874
3762 4002
3762 4003
3762 4464
3762 4580
3762 4638
3763 3867
3763 4128
3763 4185
3763 4357
3763 4678
3763 4714
3763 4781
3763 4924
3764 4005
3764 4443
3764 4502
3764 4527
3764 4654
3764 4705
3764 4768
3764 4844
3764 4990
3765 3929
3765 3944
3765 4117
3765 4158
3765 4226
3765 4397
3765 4410
3765 4651
3765 4656
3765 4696
3765 4784
3766 3889
3766 4045
3766 4313
3766 4439
3766 4502
3766 4614
3766 4630
3767 3852
3767 3930
3767 3970
3767 4004
3767 4105
3767 4221
3767 4238
3767 4247
3767 4324
3767 4483
3767 4510
3767 4583
3768 4269
3768 4431
3768 4485
3768 4634
3768 4842
3768 4876
3768 4890
3769 3777
3769 3853
3769 4037
3769 4050
3769 4380
3769 4594
3770 3964
3770 4141
3770 4157
3770 4511
3770 4558
3770 4742
3770 4766
3770 4940
3771 3818
3771 4711
3771 4996
3772 3940
3772 3984
3772 4031
3772 4129
3772 4553
3772 4782
3772 4912
3772 4949
3773 4018
3773 4071
3773 4398
3773 4858
3773 4902
3774 3857
3774 3878
3774 4203
3774 4476
3774 4550
3774 4657
3774 4911
3775 3847
3775 4447
3775 4731
3775 4843
3776 4146
3776 4154
3776 4186
3776 4331
3776 4731
3776 4967
3777 4216
3777 4264
3777 4484
3777 4722
3777 4886
3778 3825
3778 4026
3778 4081
3778 4306
3778 4483
3778 4560
3778 4607
3778 4649
3778 4921
3779 4531
3779 4741
3780 3827
3780 4124
3780 4306
3780 4533
3780 4611
3780 4633
3780 4701
3780 4902
3781 3853
3781 4102
3781 4391
3781 4423
3781 4744
3782 3847
3782 4155
3782 4225
3782 4538
3782 4696
3782 4915
3783 3802
3783 3876
3783 3959
3784 3800
3784 3879
3784 4136
3784 4484
3784 4544
3784 4721
3784 4727
3784 4737
3784 4966
3785 4509
3785 4573
3785 4789
3785 4803
3785 4958
3786 3985
3786 4018
3786 4573
3786 4575
3786 4761
3786 4962
3786 4966
3786 4975
3787 3895
3787 3959
3787 3964
3787 4055
3787 4292
3787 4600
3787 4746
3788 3929
3788 4233
3788 4372
3788 4758
3788 4768
3788 4838
3788 4950
3789 3941
3789 4049
3789 4108
3789 4141
3789 4230
3789 4650
3789 4991
3790 4095
3790 4124
3790 4394
3790 4419
3791 3920
3791 3945
3791 4213
3791 4313
3791 4643
3791 4822
3792 4147
3792 4533
3792 4727
3792 4772
3792 4806
3792 4856
3793 3825
3793 3910
3793 3960
3793 3993
3793 4076
3793 4368
3793 4391
3793 4732
3793 4924
3794 4002
3794 4618
3794 4683
3795 3900
3795 4329
3795 4397
3795 4652
3795 4743
3795 4746
3795 4799
3796 3892
3796 3968
3796 4220
3796 4242
3796 4352
3796 4564
3796 4780
3796 4916
3797 3829
3797 3901
3797 4239
3797 4260
3797 4387
3797 4413
3798 3982
3798 4021
3798 4132
3798 4178
3798 4215
3798 4275
3798 4409
3798 4580
3798 4633
3798 4736
3798 4807
3798 4858
3799 4153
3799 4298
3799 4634
3799 4729
3799 4984
3800 4341
3800 4548
3800 4704
3800 4744
3800 4799
3801 3813
3801 4217
3801 4268
3801 4395
3801 4449
3801 4460
3801 4529
3801 4620
3801 4717
3801 4968
3802 3823
3802 3874
3802 3881
3802 3973
3802 3995
3802 4139
3802 4764
3803 3860
3803 4071
3803 4188
3803 4269
3803 4307
3803 4358
3803 4448
3803 4456
3803 4949
3804 3939
3804 4431
3804 4448
3804 4619
3804 4695
3804 4880
3804 4959
3805 3951
3805 4101
3805 4251
3805 4273
3805 4663
3805 4689
3806 3881
3806 4111
3806 4152
3806 4536
3806 4816
3806 4856
3807 3922
3807 4146
3807 4356
3807 4388
3807 4391
3807 4395
3807 4405
3807 4725
3807 4892
3808 4151
3808 4345
3808 4563
3808 4794
3809 3817
3809 4172
3809 4247
3809 4306
3809 4724
3809 4848
3809 4906
3809 4955
3810 4033
3810 4133
3810 4222
3810 4325
3810 4358
3810 4425
3810 4689
3810 4737
3810 4883
3811 3891
3811 3946
3811 4183
3811 4341
3811 4370
3811 4389
3811 4548
3811 4722
3811 4749
3811 4872
3812 3856
3812 3870
3812 3919
3812 4392
3812 4501
3812 4994
3813 4136
3813 4202
3813 4275
3813 4382
3813 4389
3813 4463
3813 4875
3814 4266
3814 4379
3814 4691
3814 4765
3815 3863
3815 3906
3815 3913
3815 4133
3815 4174
3815 4288
3815 4548
3815 4705
3815 4874
3816 3893
3816 4252
3816 4687
3816 4773
3816 4941
3817 4022
3817 4281
3817 4421
3817 4452
3817 4459
3817 4501
3817 4964
3818 3846
3818 3877
3818 4215
3818 4233
3818 4506
3818 4532
3818 4716
3818 4780
3818 4968
3819 3846
3819 4309
3819 4451
3819 4779
3819 4829
3819 4880
3819 4981
3820 4393
3820 4414
3820 4801
3820 4944
3821 3954
3821 4050
3821 4139
3821 4208
3821 4426
3821 4502
3821 4544
3821 4571
3821 4631
3821 4671
3821 4738
3821 4966
3822 3967
3822 3971
3822 4013
3822 4127
3822 4210
3822 4257
3822 4627
3822 4699
3822 4933
3823 3905
3823 4087
3823 4161
3823 4445
3823 4551
3823 4669
3823 4686
3823 4888
3823 4891
3824 4207
3824 4364
3824 4550
3824 4646
3824 4867
3824 4954
3825 3959
3825 4040
3825 4562
3825 4667
3825 4847
3825 4862
3826 3868
3826 3984
3826 4142
3826 4165
3826 4233
3826 4674
3826 4909
3826 4944
3826 4980
3826 4994
3827 3965
3827 4072
3827 4119
3827 4170
3827 4538
3827 4803
3828 4177
3828 4273
3828 4278
3828 4378
3828 4462
3828 4625
3828 4698
3829 3879
3829 4172
3829 4384
3829 4487
3830 4057
3830 4190
3830 4339
3830 4340
3830 4472
3830 4684
3830 4877
3830 4911
3830 4919
3830 4944
3831 4168
3831 4254
3831 4327
3831 4342
3831 4403
3831 4550
3831 4638
3831 4750
3831 4823
3831 4856
3831 4971
3832 4115
3832 4341
3832 4397
3832 4619
3832 4797
3832 4955
3832 4965
3833 3987
3833 4254
3833 4311
3833 4411
3833 4463
3833 4573
3833 4604
3833 4605
3833 4984
3834 3872
3834 3880
3834 3895
3834 4080
3834 4811
3834 4908
3835 4078
3835 4404
3835 4531
3835 4755
3835 4937
3836 3981
3836 4148
3836 4194
3836 4503
3836 4661
3836 4670
3836 4709
3836 4882
3837 3898
3837 4111
3837 4149
3837 4392
3837 4572
3837 4659
3837 4829
3837 4886
3838 3923
3838 3926
3838 4681
3838 4867
3838 4937
3839 4058
3839 4219
3839 4401
3839 4885
3839 4899
3839 4966
3840 4048
3840 4137
3840 4343
3840 4407
3840 4706
3840 4732
3840 4761
3840 4909
3841 4139
3841 4279
3841 4552
3842 3884
3842 4102
3842 4608
3842 4678
3842 4774
3842 4776
3842 4883
3843 3851
3843 4073
3843 4160
3843 4469
3843 4551
3843 4884
3844 3846
3844 3888
3844 4299
3844 4393
3844 4462
3844 4748
3844 4788
3844 4992
3845 4280
3845 4283
3845 4463
3846 4146
3846 4377
3846 4677
3846 4859
3846 4913
3847 3883
3847 3929
3847 4625
3847 4690
3847 4980
3848 4298
3848 4398
3848 4564
3848 4594
3848 4762
3848 4951
3849 3872
3849 3928
3849 4023
3849 4041
3849 4498
3850 4108
3850 4178
3850 4468
3850 4851
3851 4136
3851 4361
3851 4377
3851 4411
3851 4745
3851 4793
3851 4855
3852 3903
3852 4087
3852 4482
3852 4741
3852 4756
3852 4991
3853 3935
3853 4144
3853 4282
3853 4397
3853 4809
3853 4978
3854 4271
3854 4346
3854 4914
3854 4940
3854 4988
3855 4276
3855 4516
3855 4547
3855 4587
3855 4594
3855 4825
3856 3909
3856 3984
3856 4069
3856 4070
3856 4209
3856 4619
3856 4881
3856 4947
3856 4961
3857 4045
3857 4332
3857 4334
3857 4412
3857 4547
3857 4580
3857 4703
3857 4778
3857 4813
3858 4035
3858 4082
3858 4189
3858 4286
3858 4347
3858 4429
3858 4775
3858 4931
3859 3972
3859 4166
3859 4546
3859 4547
3859 4613
3859 4679
3859 4690
3859 4820
3859 4883
3859 4905
3859 4907
3860 4274
3860 4572
3860 4640
3860 4725
3860 4996
3861 3941
3861 3970
3861 4131
3861 4183
3861 4233
3861 4275
3861 4458
3861 4509
3861 4656
3861 4790
3861 4843
3861 4862
3861 4864
3862 4103
3862 4253
3862 4269
3862 4436
3862 4545
3862 4580
3862 4858
3863 3898
3863 3931
3863 3963
3863 4207
3863 4361
3863 4467
3863 4479
3863 4504
3863 4719
3863 4882
3863 4894
3864 4072
3864 4143
3864 4145
3864 4439
3864 4843
3864 4950
3865 3871
3865 4194
3865 4234
3865 4281
3865 4332
3865 4721
3865 4845
3865 4942
3865 4979
3865 4995
3866 3933
3866 4071
3866 4098
3866 4326
3866 4335
3866 4376
3866 4465
3866 4516
3866 4525
3866 4606
3866 4738
3866 4891
3867 4148
3867 4643
3868 3941
3868 3948
3868 4002
3868 4278
3868 4479
3868 4584
3868 4587
3868 4716
3868 4926
3869 3917
3869 3949
3869 4114
3869 4200
3869 4221
3869 4574
3869 4651
3869 4745
3870 4077
3870 4426
3870 4574
3870 4599
3870 4647
3870 4960
3871 4007
3871 4017
3871 4184
3871 4290
3871 4355
3871 4408
3871 4976
3872 4118
3872 4178
3872 4196
3872 4366
3872 4738
3872 4834
3872 4876
3872 4892
3872 4914
3872 4989
3873 3942
3873 4213
3873 4515
3874 4116
3874 4132
3874 4226
3874 4249
3874 4253
3874 4287
3874 4521
3874 4612
3874 4704
3874 4715
3874 4726
3874 4989
3875 3990
3875 4297
3875 4373
3875 4562
3875 4776
3875 4781
3876 4022
3876 4059
3876 4087
3876 4253
3877 4066
3877 4072
3877 4169
3877 4342
3877 4431
3877 4640
3877 4727
3877 4741
3877 4849
3878 4100
3878 4134
3878 4140
3878 4260
3878 4555
3878 4705
3878 4742
3878 4897
3879 3914
3879 4349
3879 4816
3880 3965
3880 4168
3880 4231
3880 4426
3880 4562
3880 4632
3880 4637
3880 4694
3880 4881
3880 4954
3881 4200
3881 4913
3881 4964
3881 4976
3882 4001
3882 4157
3882 4248
3882 4266
3882 4617
3882 4703
3882 4799
3883 4023
3883 4062
3883 4431
3883 4879
3884 3937
3884 4140
3884 4203
3884 4402
3884 4409
3884 4443
3884 4468
3884 4509
3884 4721
3885 3919
3885 4273
3885 4371
3885 4674
3886 3934
3886 4284
3886 4293
3886 4532
3886 4625
3886 4691
3887 3974
3887 4076
3887 4535
3887 4564
3887 4720
3887 4781
3887 4969
3888 3996
3888 4943
3889 4763
3889 4857
3889 4940
3890 3996
3890 4333
3890 4344
3890 4535
3890 4541
3890 4955
3890 4972
3891 3962
3891 4009
3891 4053
3891 4080
3891 4272
3891 4474
3891 4488
3891 4637
3891 4773
3891 4782
3891 4949
3892 4021
3892 4529
3892 4729
3892 4986
3893 4318
3893 4537
3893 4793
3893 4942
3894 3991
3894 3992
3894 4122
3894 4243
3894 4528
3894 4674
3895 3907
3895 4095
3895 4288
3895 4351
3895 4812
3896 4202
3896 4206
3896 4842
3896 4865
3897 3949
3897 4120
3897 4201
3897 4479
3898 4197
3898 4202
3898 4406
3898 4567
3898 4570
3898 4589
3898 4773
3898 4861
3898 4923
3899 3912
3899 3921
3899 4016
3899 4068
3899 4315
3899 4405
3899 4890
3900 4314
3900 4623
3900 4722
3900 4746
3900 4763
3900 4820
3900 4934
3901 3931
3901 3972
3901 4196
3901 4424
3901 4619
3901 4861
3901 4998
3902 4164
3902 4319
3902 4403
3902 4431
3902 4576
3902 4658
3902 4774
3902 4943
3902 4990
3903 4031
3903 4037
3903 4171
3903 4295
3903 4505
3903 4548
3903 4602
3903 4848
3903 4904
3904 3975
3904 3997
3904 4242
3904 4246
3904 4335
3904 4757
3905 4173
3905 4237
3905 4475
3905 4517
3905 4546
3905 4850
3906 4181
3906 4280
3906 4349
3906 4451
3906 4660
3906 4755
3906 4760
3906 4816
3906 4923
3906 4989
3907 3988
3907 4193
3907 4253
3907 4622
3907 4642
3907 4994
3908 4000
3908 4220
3908 4430
3908 4550
3908 4663
3908 4672
3908 4710
3909 4115
3909 4632
3909 4814
3909 4815
3909 4835
3909 4874
3910 3936
3910 4220
3910 4540
3910 4633
3910 4678
3910 4955
3911 3958
3911 4071
3911 4146
3911 4314
3911 4505
3911 4728
3912 3922
3912 4476
3912 4633
3912 4936
3912 4958
3913 4053
3913 4684
3914 4050
3914 4388
3914 4599
3914 4693
3914 4831
3914 4833
3915 4161
3915 4184
3915 4193
3915 4291
3915 4876
3916 3949
3916 4093
3916 4151
3916 4457
3916 4624
3916 4754
3917 4608
3917 4669
3917 4682
3917 4900
3918 4340
3918 4375
3918 4518
3918 4579
3918 4778
3918 4821
3918 4916
3919 4018
3919 4121
3919 4768
3919 4921
3920 4063
3920 4160
3920 4173
3920 4315
3920 4664
3921 4055
3921 4365
3921 4402
3921 4548
3921 4631
3922 3966
3922 3976
3922 4218
3922 4354
3922 4460
3922 4556
3922 4611
3923 4022
3923 4233
3923 4398
3923 4495
3923 4579
3923 4610
3923 4831
3923 4918
3924 4309
3924 4465
3924 4537
3924 4667
3924 4681
3924 4818
3924 4828
3925 4062
3925 4080
3925 4431
3925 4599
3925 4741
3925 4935
3926 3970
3926 4057
3926 4169
3926 4305
3926 4312
3926 4586
3926 4638
3926 4809
3927 3987
3927 4056
3927 4162
3927 4205
3927 4346
3927 4446
3927 4668
3928 4011
3928 4090
3928 4113
3928 4179
3928 4328
3928 4397
3928 4420
3928 4424
3928 4464
3928 4541
3928 4666
3928 4801
3928 4881
3928 4945
3928 4981
3929 4553
3929 4760
3929 4937
3929 4953
3930 4097
3930 4267
3930 4548
3930 4566
3930 4605
3930 4757
3931 3948
3931 4047
3931 4262
3931 4345
3931 4351
3931 4466
3931 4855
3932 4116
3932 4350
3932 4744
3932 4904
3932 4944
3932 4947
3933 3943
3933 4018
3933 4115
3933 4138
3933 4170
3933 4266
3933 4299
3933 4469
3933 4550
3933 4676
3933 4778
3933 4985
3934 4146
3934 4212
3934 4306
3934 4351
3934 4523
3934 4724
3934 4740
3934 4855
3935 3948
3935 4112
3935 4172
3935 4181
3935 4252
3935 4541
3935 4758
3936 3947
3936 3994
3936 4141
3936 4165
3936 4203
3936 4629
3936 4640
3937 4076
3937 4233
3937 4607
3937 4660
3937 4779
3937 4931
3938 3991
3938 4114
3938 4116
3938 4149
3938 4193
3938 4548
3938 4849
3939 4010
3939 4239
3939 4330
3939 4426
3939 4439
3939 4608
3940 4058
3940 4335
3940 4532
3940 4619
3940 4864
3940 4900
3940 4917
3941 4198
3942 4014
3942 4034
3942 4275
3942 4279
3942 4531
3942 4544
3942 4593
3942 4800
3943 4269
3943 4548
3943 4724
3943 4789
3943 4845
3943 4884
3944 4024
3944 4081
3944 4218
3944 4271
3944 4298
3944 4420
3944 4487
3944 4682
3944 4752
3944 4776
3944 4793
3945 4063
3945 4065
3945 4123
3945 4233
3945 4731
3945 4754
3945 4791
3945 4965
3946 4176
3946 4217
3946 4300
3946 4432
3946 4566
3946 4670
3946 4775
3946 4795
3946 4808
3946 4870
3947 4122
3947 4132
3947 4187
3947 4563
3947 4566
3947 4683
3947 4717
3947 4967
3948 4024
3948 4028
3948 4155
3948 4329
3948 4341
3948 4490
3948 4496
3948 4532
3948 4853
3948 4970
3949 4130
3949 4148
3949 4188
3949 4373
3949 4484
3949 4591
3949 4600
3949 4682
3950 4071
3950 4147
3950 4239
3950 4246
3950 4260
3950 4278
3950 4709
3950 4755
3951 3964
3951 4020
3951 4039
3951 4357
3951 4528
3951 4685
3951 4776
3951 4779
3951 4916
3952 4004
3952 4022
3952 4130
3952 4166
3952 4774
3953 4450
3953 4728
3954 4067
3954 4182
3954 4184
3954 4501
3954 4632
3954 4790
3954 4805
3954 4883
3955 4014
3955 4016
3955 4133
3955 4699
3955 4813
3955 4847
3956 4185
3956 4220
3956 4309
3956 4327
3956 4525
3956 4643
3956 4773
3956 4834
3957 3993
3957 4071
3957 4182
3957 4390
3957 4500
3957 4629
3957 4767
3957 4858
3958 4048
3958 4200
3958 4403
3959 3971
3959 3985
3959 4079
3959 4112
3959 4223
3959 4499
3959 4625
3959 4695
3959 4781
3960 3967
3960 4016
3960 4145
3960 4302
3960 4363
3960 4802
3960 4806
3960 4807
3960 4896
3961 3966
3961 4121
3961 4158
3961 4216
3961 4602
3961 4625
3961 4791
3961 4830
3961 4903
3962 4190
3962 4226
3962 4256
3962 4316
3962 4399
3962 4794
3962 4847
3963 3987
3963 3998
3963 4127
3963 4436
3963 4575
3963 4867
3964 3970
3964 4145
3964 4308
3964 4449
3964 4598
3964 4953
3965 4191
3965 4265
3965 4482
3965 4987
3965 4994
3966 3973
3966 3979
3966 4001
3966 4623
3967 4022
3967 4176
3967 4224
3967 4308
3967 4787
3967 4913
3967 4996
3968 4102
3968 4126
3968 4241
3968 4342
3969 4137
3969 4144
3969 4188
3969 4416
3969 4566
3969 4645
3969 4652
3969 4749
3969 4780
3969 4837
3969 4988
3970 4810
3970 4869
3970 4875
3970 4889
3971 3973
3971 4051
3971 4197
3971 4487
3971 4565
3971 4759
3972 4240
3972 4604
3972 4712
3972 4729
3973 4047
3973 4309
3973 4549
3974 4664
3974 4744
3974 4745
3974 4756
3974 4761
3974 4825
3974 4854
3975 4482
3975 4585
3975 4591
3975 4622
3975 4628
3975 4856
3976 4286
3976 4511
3977 4033
3977 4297
3977 4433
3977 4670
3977 4704
3977 4831
3978 4054
3978 4076
3978 4213
3978 4399
3978 4768
3978 4795
3978 4853
3978 4957
3979 4119
3979 4207
3979 4472
3979 4976
3980 4000
3980 4315
3981 4111
3981 4763
3982 4195
3982 4561
3982 4607
3982 4757
3982 4808
3982 4872
3982 4879
3982 4923
3983 4314
3983 4324
3983 4477
3983 4497
3983 4551
3983 4577
3983 4667
3984 4221
3984 4349
3984 4449
3984 4481
3984 4778
3984 4955
3985 4083
3985 4396
3985 4418
3985 4439
3985 4535
3985 4929
3986 4031
3986 4044
3986 4234
3986 4318
3986 4752
3986 4982
3987 4028
3987 4047
3987 4597
3987 4839
3988 4038
3988 4079
3988 4223
3988 4465
3988 4700
3988 4758
3988 4836
3988 4877
3988 4952
3989 4101
3989 4111
3989 4253
3989 4269
3989 4371
3989 4697
3989 4878
3989 4925
3990 4305
3990 4331
3990 4335
3990 4360
3990 4601
3990 4767
3990 4905
3990 4932
3991 4110
3991 4209
3991 4445
3991 4447
3991 4561
3991 4581
3991 4698
3991 4949
3992 4436
3992 4484
3992 4521
3992 4644
3992 4783
3993 4210
3993 4447
3993 4565
3993 4582
3993 4786
3993 4822
3994 4475
3994 4634
3994 4679
3994 4862
3995 4051
3995 4167
3995 4208
3995 4218
3995 4301
3995 4321
3995 4467
3995 4523
3996 4063
3996 4144
3996 4419
3996 4439
3996 4617
3996 4645
3996 4782
3996 4798
3997 4102
3997 4199
3997 4266
3997 4312
3997 4363
3997 4372
3997 4439
3997 4821
3998 4194
3998 4335
3998 4475
3998 4553
3998 4632
3998 4709
3998 4762
3999 4257
3999 4517
3999 4679
3999 4778
3999 4803
3999 4863
4000 4126
4000 4387
4000 4530
4000 4532
4001 4421
4001 4451
4001 4500
4002 4436
4002 4778
4002 4848
4003 4402
4003 4446
4003 4506
4003 4725
4003 4779
4003 4823
4004 4606
4004 4608
4004 4988
4005 4013
4005 4128
4005 4153
4005 4163
4005 4245
4005 4322
4005 4421
4005 4524
4005 4658
4005 4724
4005 4978
4006 4096
4006 4333
4006 4386
4006 4453
4006 4477
4006 4664
4007 4106
4007 4210
4007 4430
4007 4461
4007 4499
4007 4944
4008 4221
4008 4423
4008 4606
4008 4661
4008 4859
4008 4887
4008 4990
4009 4376
4010 4156
4010 4209
4010 4485
4010 4737
4010 4769
4010 4772
4010 4817
4010 4850
4010 4865
4010 4905
4011 4012
4011 4053
4011 4118
4011 4221
4011 4622
4011 4638
4011 4693
4012 4106
4012 4336
4012 4361
4012 4880
4013 4055
4013 4197
4013 4263
4013 4307
4013 4410
4013 4624
4013 4703
4013 4932
4014 4245
4014 4411
4014 4497
4014 4572
4014 4645
4015 4201
4015 4381
4015 4557
4016 4080
4016 4327
4016 4489
4016 4491
4016 4643
4017 4621
4017 4675
4018 4046
4018 4121
4018 4536
4018 4553
4018 4711
4019 4074
4019 4182
4019 4203
4019 4325
4019 4423
4019 4666
4019 4941
4019 4982
4020 4188
4020 4240
4020 4346
4020 4744
4020 4841
4021 4055
4021 4130
4021 4198
4021 4582
4021 4595
4021 4899
4021 4938
4022 4068
4022 4312
4022 4663
4022 4699
4022 4709
4023 4161
4023 4390
4023 4882
4023 4923
4024 4051
4024 4194
4024 4283
4024 4422
4024 4427
4024 4437
4024 4520
4024 4589
4025 4028
4025 4288
4025 4291
4025 4443
4025 4469
4025 4480
4025 4695
4026 4228
4026 4240
4026 4459
4026 4561
4027 4101
4027 4166
4027 4168
4027 4186
4028 4109
4028 4225
4028 4485
4028 4578
4028 4726
4028 4773
4028 4845
4029 4408
4029 4618
4029 4680
4029 4698
4029 4810
4029 4849
4030 4117
4030 4175
4030 4360
4030 4480
4030 4729
4030 4931
4031 4079
4031 4443
4031 4517
4031 4836
4031 4901
4032 4077
4032 4122
4032 4591
4032 4821
4032 4997
4033 4064
4033 4307
4033 4326
4033 4702
4034 4123
4034 4172
4034 4299
4034 4357
4034 4398
4035 4260
4035 4326
4035 4403
4035 4456
4035 4503
4035 4630
4035 4782
4036 4845
4037 4084
4037 4390
4037 4645
4037 4796
4037 4833
4037 4869
4037 4914
4038 4078
4038 4117
4038 4169
4038 4282
4038 4654
4038 4988
4039 4040
4039 4129
4039 4192
4039 4457
4039 4649
4039 4728
4039 4741
4039 4800
4040 4155
4040 4206
4040 4280
4040 4468
4040 4619
4040 4707
4040 4863
4040 4908
4041 4101
4041 4197
4041 4594
4041 4986
4042 4101
4042 4208
4042 4369
4042 4461
4042 4650
4042 4751
4042 4867
4042 4950
4043 4395
4043 4666
4043 4851
4044 4100
4044 4220
4044 4393
4044 4800
4045 4220
4045 4351
4045 4529
4045 4801
4046 4077
4046 4116
4046 4453
4046 4511
4046 4706
4046 4845
4046 4943
4046 4974
4047 4346
4047 4463
4047 4490
4047 4575
4047 4606
4047 4776
4048 4306
4048 4385
4048 4405
4048 4529
4048 4564
4048 4636
4048 4761
4048 4999
4049 4082
4049 4154
4049 4155
4049 4247
4049 4444
4049 4941
4049 4999
4050 4376
4050 4432
4050 4646
4051 4111
4051 4120
4051 4151
4051 4219
4051 4379
4051 4386
4052 4120
4052 4121
4052 4407
4052 4444
4052 4486
4052 4492
4052 4689
4052 4704
4052 4791
4052 4920
4053 4241
4053 4256
4053 4271
4053 4353
4053 4370
4053 4416
4053 4506
4053 4525
4053 4856
4054 4265
4054 4280
4054 4340
4054 4442
4054 4542
4055 4128
4055 4203
4055 4347
4055 4475
4055 4626
4055 4735
4055 4844
4056 4138
4056 4170
4056 4486
4056 4510
4056 4546
4056 4582
4056 4650
4056 4701
4056 4703
4056 4705
4056 4707
4056 4737
4056 4903
4057 4177
4057 4591
4057 4654
4057 4869
4057 4949
4058 4064
4058 4205
4058 4208
4058 4403
4058 4466
4058 4874
4058 4963
4059 4162
4059 4716
4059 4729
4059 4768
4060 4089
4060 4319
4060 4405
4060 4628
4060 4679
4060 4999
4061 4114
4061 4123
4061 4285
4061 4411
4061 4414
4061 4415
4061 4508
4061 4730
4061 4972
4062 4269
4062 4696
4062 4847
4062 4912
4062 4947
4062 4986
4063 4347
4063 4613
4063 4628
4063 4727
4063 4731
4063 4811
4063 4934
4064 4081
4064 4157
4064 4359
4064 4838
4065 4199
4065 4357
4065 4494
4065 4655
4065 4707
4065 4955
4066 4331
4066 4457
4066 4659
4066 4663
4066 4924
4066 4971
4067 4325
4067 4462
4067 4545
4067 4565
4067 4684
4067 4709
4067 4824
4067 4920
4067 4935
4068 4310
4068 4444
4068 4588
4068 4653
4069 4357
4069 4417
4069 4938
4070 4080
4070 4636
4070 4698
4070 4814
4071 4255
4071 4634
4071 4652
4072 4316
4072 4401
4072 4556
4072 4574
4072 4791
4072 4887
4072 4906
4073 4283
4073 4446
4073 4576
4073 4641
4073 4739
4073 4786
4073 4900
4073 4971
4074 4182
4074 4361
4074 4373
4074 4385
4074 4557
4074 4576
4074 4644
4074 4802
4074 4894
4075 4172
4075 4226
4075 4306
4075 4372
4075 4501
4075 4748
4076 4270
4076 4767
4077 4554
4077 4585
4077 4775
4078 4331
4078 4742
4078 4776
4078 4830
4079 4510
4079 4677
4079 4737
4080 4201
4080 4624
4080 4762
4080 4772
4080 4954
4081 4102
4081 4473
4081 4527
4081 4806
4081 4861
4082 4119
4082 4550
4082 4689
4082 4732
4082 4901
4083 4162
4083 4282
4083 4620
4083 4872
4083 4961
4084 4309
4084 4430
4084 4561
4084 4664
4084 4870
4085 4150
4085 4438
4085 4794
4085 4959
4086 4272
4086 4286
4086 4407
4086 4676
4086 4696
4086 4815
4086 4965
4087 4187
4087 4259
4087 4302
4087 4374
4087 4412
4087 4458
4087 4481
4087 4711
4087 4851
4087 4957
4088 4210
4088 4688
4088 4713
4089 4604
4089 4796
4089 4983
4090 4120
4090 4194
4090 4396
4090 4498
4090 4702
4090 4766
4090 4829
4090 4835
4090 4965
4091 4159
4091 4286
4091 4408
4091 4483
4091 4591
4091 4698
4092 4255
4092 4400
4092 4425
4092 4470
4092 4532
4092 4929
4092 4971
4093 4124
4093 4788
4093 4863
4093 4896
4094 4388
4094 4436
4094 4449
4094 4886
4095 4152
4095 4296
4095 4361
4095 4654
4095 4702
4095 4746
4095 4785
4095 4912
4096 4212
4096 4454
4096 4851
4096 4983
4097 4370
4097 4389
4097 4415
4097 4579
4097 4604
4097 4692
4097 4730
4097 4856
4098 4155
4098 4188
4098 4205
4098 4395
4098 4897
4098 4913
4099 4345
4099 4598
4099 4785
4099 4875
4099 4893
4100 4464
4100 4481
4100 4686
4100 4690
4100 4983
4101 4316
4101 4468
4101 4745
4101 4746
4101 4812
4102 4605
4102 4620
4102 4657
4102 4702
4102 4858
4102 4890
4102 4992
4103 4172
4103 4343
4103 4377
4103 4617
4103 4703
4103 4916
4104 4428
4104 4698
4104 4946
4105 4130
4105 4219
4105 4270
4105 4398
4105 4629
4105 4870
4105 4877
4106 4228
4106 4303
4106 4403
4106 4471
4106 4550
4106 4562
4106 4610
4106 4672
4107 4240
4107 4566
4107 4686
4107 4718
4107 4726
4107 4808
4108 4445
4108 4651
4109 4161
4109 4189
4109 4505
4110 4230
4110 4428
4110 4779
4110 4935
4111 4284
4111 4392
4111 4434
4111 4608
4111 4728
4111 4804
4111 4890
4112 4123
4112 4201
4112 4294
4112 4839
4112 4965
4113 4167
4114 4208
4114 4498
4114 4659
4114 4770
4114 4843
4114 4978
4114 4998
4115 4409
4115 4430
4115 4588
4115 4747
4115 4926
4116 4140
4116 4339
4116 4424
4116 4548
4116 4820
4117 4215
4117 4296
4117 4373
4117 4455
4117 4925
4117 4949
4118 4405
4118 4469
4118 4504
4118 4767
4119 4347
4119 4409
4119 4581
4119 4665
4119 4748
4119 4799
4119 4839
4120 4182
4120 4285
4120 4307
4120 4545
4120 4587
4120 4815
4122 4129
4122 4195
4122 4288
4122 4320
4122 4350
4122 4390
4122 4931
4122 4947
4123 4318
4123 4323
4123 4416
4123 4436
4123 4468
4123 4478
4123 4695
4123 4930
4124 4316
4124 4320
4124 4394
4124 4495
4124 4580
4124 4789
4124 4895
4125 4321
4125 4422
4125 4459
4125 4544
4125 4739
4126 4243
4126 4345
4126 4363
4126 4416
4126 4448
4126 4678
4126 4683
4126 4942
4127 4193
4127 4196
4127 4246
4127 4366
4127 4398
4127 4593
4127 4789
4128 4289
4128 4835
4128 4935
4130 4246
4130 4553
4130 4638
4130 4669
4130 4763
4130 4927
4130 4941
4130 4957
4131 4753
4131 4943
4132 4367
4132 4462
4132 4800
4132 4859
4132 4882
4132 4979
4133 4426
4133 4485
4133 4567
4133 4792
4133 4940
4134 4550
4134 4773
4134 4964
4135 4301
4135 4463
4135 4631
4135 4678
4135 4679
4135 4846
4135 4860
4136 4572
4136 4685
4136 4798
4137 4382
4137 4797
4137 4984
4137 4990
4138 4154
4138 4334
4138 4443
4139 4196
4139 4710
4139 4758
4139 4778
4139 4930
4140 4211
4140 4424
4140 4481
4140 4628
4140 4724
4141 4172
4141 4248
4141 4507
4141 4793
4141 4862
4141 4964
4142 4181
4142 4231
4142 4276
4142 4395
4142 4512
4142 4621
4142 4729
4142 4838
4142 4900
4143 4151
4143 4436
4143 4517
4143 4531
4143 4849
4144 4368
4144 4513
4144 4570
4144 4843
4145 4225
4145 4310
4145 4385
4145 4525
4145 4540
4145 4567
4145 4835
4146 4151
4146 4353
4146 4393
4146 4779
4146 4938
4147 4157
4147 4182
4147 4263
4147 4368
4147 4398
4147 4560
4147 4606
4147 4719
4148 4502
4148 4729
4148 4791
4148 4850
4150 4211
4150 4213
4150 4259
4150 4352
4150 4418
4150 4682
4150 4933
4151 4257
4151 4266
4151 4364
4151 4488
4151 4557
4151 4650
4151 4795
4151 4829
4152 4278
4152 4487
4152 4596
4152 4657
4152 4687
4152 4803
4153 4319
4153 4512
4153 4626
4153 4649
4153 4771
4154 4178
4154 4498
4154 4563
4154 4876
4155 4192
4155 4382
4155 4467
4155 4544
4155 4572
4155 4774
4156 4188
4156 4209
4156 4232
4156 4264
4156 4480
4156 4590
4156 4671
4156 4797
4157 4645
4157 4652
4157 4769
4157 4871
4158 4203
4158 4429
4158 4850
4158 4989
4159 4195
4159 4441
4159 4491
4159 4646
4159 4823
4160 4175
4160 4297
4160 4500
4160 4661
4160 4814
4160 4887
4161 4472
4161 4597
4162 4262
4162 4439
4162 4579
4162 4652
4162 4707
4162 4813
4162 4890
4163 4220
4163 4229
4163 4277
4163 4426
4163 4659
4163 4708
4163 4832
4163 4993
4164 4292
4164 4341
4164 4486
4164 4487
4164 4952
4165 4468
4165 4573
4165 4929
4165 4992
4166 4328
4166 4392
4166 4726
4166 4933
4167 4379
4167 4567
4167 4618
4167 4728
4167 4846
4167 4894
4168 4173
4168 4465
4168 4921
4169 4171
4169 4177
4169 4312
4169 4317
4169 4387
4169 4418
4169 4662
4169 4801
4169 4907
4169 4956
4169 4973
4170 4198
4170 4206
4170 4218
4170 4291
4170 4429
4170 4659
4170 4825
4171 4461
4171 4551
4171 4929
4172 4393
4172 4420
4172 4482
4172 4554
4172 4879
4173 4273
4173 4278
4173 4295
4173 4513
4173 4518
4173 4548
4173 4555
4173 4589
4173 4967
4174 4504
4174 4687
4174 4934
4175 4192
4175 4213
4175 4490
4175 4648
4175 4962
4176 4194
4176 4561
4176 4822
4176 4833
4176 4981
4177 4289
4177 4315
4177 4334
4177 4813
4177 4822
4178 4255
4178 4291
4178 4939
4179 4195
4179 4220
4179 4308
4179 4384
4179 4630
4179 4674
4180 4597
4180 4735
4180 4757
4180 4903
4180 4945
4181 4353
4181 4366
4181 4574
4181 4656
4181 4757
4182 4410
4182 4572
4182 4946
4183 4542
4183 4587
4183 4698
4183 4794
4183 4820
4184 4200
4184 4420
4184 4453
4184 4490
4184 4700
4184 4923
4185 4429
4185 4851
4186 4247
4186 4267
4186 4364
4186 4619
4186 4644
4186 4947
4186 4988
4186 4989
4187 4219
4187 4238
4187 4271
4187 4420
4187 4494
4187 4566
4187 4587
4187 4596
4187 4802
4188 4192
4188 4665
4188 4796
4189 4626
4189 4704
4189 4736
4190 4303
4190 4435
4190 4444
4190 4491
4190 4828
4190 4871
4191 4199
4191 4361
4191 4418
4191 4513
4191 4531
4191 4791
4191 4895
4191 4938
4191 4944
4192 4340
4192 4373
4192 4752
4193 4312
4193 4443
4193 4511
4193 4629
4193 4680
4194 4317
4194 4502
4194 4538
4194 4609
4195 4286
4195 4487
4195 4592
4195 4617
4195 4934
4196 4307
4196 4409
4196 4994
4197 4408
4197 4537
4197 4586
4197 4607
4197 4730
4197 4746
4197 4759
4197 4786
4197 4804
4197 4938
4198 4245
4198 4400
4199 4339
4199 4632
4199 4918
4200 4261
4200 4459
4200 4519
4200 4569
4200 4750
4200 4988
4201 4206
4201 4214
4201 4293
4201 4416
4201 4825
4201 4898
4201 4949
4202 4279
4202 4688
4203 4220
4203 4243
4203 4274
4203 4385
4203 4639
4203 4699
4204 4332
4204 4670
4204 4706
4204 4723
4204 4846
4205 4306
4205 4517
4205 4581
4205 4991
4206 4836
4207 4267
4207 4376
4207 4402
4207 4480
4207 4735
4207 4753
4207 4849
4207 4921
4207 4976
4208 4266
4208 4357
4208 4485
4208 4926
4208 4984
4209 4305
4209 4699
4209 4943
4209 4963
4210 4511
4210 4644
4210 4802
4210 4958
4211 4407
4211 4770
4211 4776
4211 4782
4211 4861
4212 4329
4212 4849
4212 4970
4213 4543
4214 4387
4214 4572
4215 4426
4215 4461
4215 4844
4215 4944
4215 4996
4216 4257
4216 4304
4216 4343
4216 4472
4216 4585
4216 4645
4216 4918
4217 4303
4217 4311
4217 4453
4217 4483
4217 4547
4217 4649
4217 4659
4217 4787
4217 4790
4217 4862
4217 4898
4218 4495
4218 4576
4218 4648
4218 4670
4218 4827
4218 4986
4219 4453
4219 4461
4219 4494
4219 4538
4219 4560
4219 4692
4220 4230
4220 4234
4220 4504
4220 4600
4221 4237
4221 4447
4221 4684
4221 4731
4221 4965
4222 4432
4222 4548
4222 4608
4223 4324
4223 4603
4223 4612
4223 4936
4224 4639
4224 4790
4225 4322
4225 4825
4225 4918
4225 4939
4226 4531
4226 4580
4226 4698
4227 4308
4227 4662
4228 4305
4228 4360
4228 4467
4228 4531
4228 4670
4228 4732
4228 4937
4229 4497
4229 4748
4229 4818
4229 4872
4229 4971
4230 4382
4230 4437
4230 4699
4231 4424
4231 4686
4232 4241
4232 4338
4232 4431
4232 4737
4232 4876
4233 4356
4233 4471
4233 4549
4233 4684
4233 4821
4234 4668
4234 4788
4234 4881
4235 4477
4235 4577
4236 4264
4236 4445
4236 4623
4237 4651
4237 4682
4238 4516
4238 4562
4238 4587
4238 4621
4238 4735
4238 4856
4238 4904
4238 4980
4239 4616
4239 4974
4240 4270
4240 4394
4240 4503
4240 4508
4240 4524
4240 4963
4241 4524
4241 4558
4241 4585
4241 4668
4241 4840
4241 4899
4241 4974
4242 4412
4242 4464
4242 4760
4242 4813
4242 4882
4242 4901
4243 4519
4243 4686
4243 4704
4243 4888
4244 4395
4244 4567
4244 4657
4244 4684
4244 4965
4244 4992
4245 4257
4245 4307
4245 4451
4245 4482
4245 4511
4245 4593
4245 4599
4245 4631
4245 4714
4245 4966
4246 4456
4247 4280
4247 4400
4247 4433
4247 4718
4247 4726
4248 4781
4248 4909
4248 4919
4249 4419
4249 4536
4249 4621
4249 4645
4249 4684
4249 4730
4250 4295
4250 4326
4250 4340
4251 4383
4251 4388
4251 4858
4251 4870
4251 4903
4251 4952
4251 4993
4252 4406
4252 4495
4252 4779
4254 4274
4254 4300
4254 4530
4254 4695
4254 4706
4254 4963
4255 4278
4255 4493
4255 4668
4255 4696
4255 4767
4256 4417
4256 4459
4256 4722
4256 4766
4256 4827
4257 4416
4257 4562
4257 4653
4257 4861
4257 4874
4257 4897
4257 4966
4258 4354
4258 4488
4258 4493
4258 4495
4258 4599
4258 4794
4259 4276
4259 4329
4259 4440
4259 4452
4261 4404
4261 4419
4261 4483
4261 4500
4261 4725
4261 4801
4261 4868
4262 4701
4262 4839
4262 4888
4262 4911
4263 4377
4263 4565
4263 4876
4264 4349
4264 4409
4264 4608
4265 4511
4265 4797
4265 4848
4265 4861
4266 4350
4266 4578
4266 4643
4266 4729
4266 4919
4266 4931
4267 4299
4267 4447
4267 4546
4268 4443
4268 4510
4268 4842
4269 4365
4269 4408
4269 4426
4269 4628
4269 4644
4269 4991
4270 4345
4270 4546
4270 4612
4270 4803
4271 4322
4271 4448
4271 4621
4271 4787
4272 4648
4272 4710
4272 4942
4272 4946
4272 4985
4273 4547
4273 4640
4273 4885
4273 4892
4273 4941
4274 4991
4275 4347
4275 4363
4275 4509
4275 4598
4275 4712
4275 4805
4276 4510
4276 4707
4276 4772
4276 4777
4277 4333
4277 4963
4278 4466
4278 4529
4278 4677
4279 4345
4279 4629
4280 4437
4280 4470
4280 4479
4280 4595
4280 4781
4280 4904
4281 4437
4281 4484
4281 4703
4281 4737
4281 4997
4282 4511
4282 4704
4282 4722
4283 4771
4284 4584
4284 4714
4284 4782
4284 4805
4285 4322
4285 4369
4285 4474
4285 4576
4286 4437
4286 4512
4286 4593
4286 4604
4287 4307
4287 4481
4287 4535
4287 4958
4288 4970
4289 4349
4289 4406
4289 4420
4289 4863
4289 4866
4290 4606
4290 4692
4291 4520
4291 4668
4292 4414
4292 4435
4293 4340
4293 4775
4293 4999
4294 4379
4294 4998
4295 4462
4295 4492
4295 4521
4295 4869
4295 4965
4296 4427
4296 4525
4297 4764
4297 4822
4297 4961
4298 4613
4298 4672
4298 4880
4299 4365
4299 4503
4299 4786
4299 4909
4300 4397
4300 4524
4301 4302
4301 4452
4301 4585
4301 4609
4301 4632
4302 4509
4302 4673
4302 4721
4302 4777
4302 4809
4303 4506
4303 4579
4303 4597
4303 4683
4303 4897
4304 4357
4304 4602
4304 4607
4304 4728
4305 4759
4305 4870
4306 4562
4306 4778
4306 4922
4306 4955
4307 4316
4307 4373
4307 4432
4307 4523
4307 4777
4307 4918
4308 4610
4308 4796
4308 4856
4308 4910
4308 4992
4309 4605
4309 4641
4309 4697
4310 4451
4310 4456
4310 4499
4310 4505
4310 4579
4310 4596
4310 4762
4310 4848
4311 4414
4311 4728
4311 4750
4312 4609
4312 4619
4312 4642
4312 4684
4312 4699
4312 4739
4313 4333
4313 4384
4313 4653
4314 4574
4314 4626
4314 4685
4314 4742
4315 4316
4315 4491
4315 4898
4315 4906
4316 4326
4316 4384
4316 4395
4316 4574
4316 4652
4316 4711
4316 4808
4316 4986
4317 4329
4318 4411
4318 4442
4318 4649
4318 4705
4318 4724
4319 4336
4319 4434
4320 4457
4320 4554
4320 4584
4320 4657
4320 4745
4320 4891
4321 4778
4322 4371
4322 4393
4322 4498
4322 4757
4322 4759
4322 4828
4322 4970
4323 4448
4323 4654
4323 4883
4323 4994
4324 4575
4324 4668
4324 4948
4325 4358
4325 4405
4325 4697
4325 4961
4326 4627
4326 4906
4327 4697
4327 4725
4327 4832
4327 4855
4328 4358
4328 4361
4328 4778
4328 4901
4329 4549
4329 4599
4329 4618
4329 4633
4329 4648
4330 4742
4331 4553
4331 4745
4331 4767
4332 4345
4332 4393
4332 4425
4332 4728
4333 4391
4333 4842
4333 4856
4333 4916
4334 4390
4334 4396
4334 4605
4334 4636
4334 4921
4335 4348
4335 4381
4335 4599
4336 4358
4336 4378
4336 4400
4336 4817
4336 4929
4337 4394
4337 4463
4337 4464
4337 4482
4337 4497
4337 4797
4338 4574
4338 4688
4338 4837
4338 4943
4339 4611
4339 4684
4339 4777
4339 4791
4339 4961
4340 4379
4340 4408
4340 4414
4340 4455
4340 4641
4340 4933
4341 4460
4341 4568
4341 4903
4342 4343
4342 4397
4342 4624
4342 4790
4343 4374
4343 4405
4343 4504
4343 4562
4343 4800
4344 4430
4344 4513
4344 4717
4345 4402
4345 4575
4345 4632
4345 4685
4345 4764
4346 4605
4346 4723
4346 4824
4347 4350
4347 4375
4347 4658
4347 4716
4347 4769
4347 4809
4348 4352
4348 4410
4348 4517
4348 4544
4348 4639
4348 4676
4348 4745
4349 4372
4349 4903
4350 4351
4350 4373
4350 4465
4350 4540
4350 4731
4350 4753
4351 4459
4351 4507
4351 4721
4351 4742
4351 4855
4351 4939
4351 4951
4352 4413
4352 4756
4353 4627
4353 4779
4354 4455
4354 4496
4354 4636
4354 4827
4354 4903
4355 4479
4355 4487
4355 4544
4355 4684
4355 4752
4355 4756
4356 4437
4356 4491
4356 4513
4357 4488
4357 4542
4357 4751
4357 4783
4357 4787
4358 4449
4358 4526
4358 4533
4358 4548
4358 4702
4358 4858
4359 4419
4359 4788
4359 4816
4359 4930
4359 4949
4360 4662
4360 4890
4360 4891
4361 4540
4361 4596
4361 4627
4361 4731
4361 4766
4362 4389
4362 4427
4362 4582
4362 4877
4362 4887
4362 4974
4363 4437
4363 4594
4363 4771
4363 4960
4364 4542
4364 4964
4365 4583
4366 4410
4367 4415
4367 4559
4367 4604
4367 4615
4367 4629
4367 4732
4367 4986
4368 4657
4368 4747
4368 4962
4369 4375
4369 4752
4369 4838
4370 4488
4370 4788
4370 4832
4370 4885
4370 4891
4370 4978
4371 4428
4371 4515
4371 4523
4371 4652
4371 4904
4371 4912
4372 4608
4372 4628
4372 4720
4373 4399
4373 4432
4374 4377
4374 4584
4374 4590
4374 4938
4375 4415
4375 4692
4375 4953
4376 4394
4376 4415
4376 4559
4376 4746
4377 4442
4377 4473
4377 4678
4377 4928
4377 4969
4378 4451
4378 4510
4378 4756
4378 4774
4378 4864
4379 4412
4379 4552
4379 4603
4379 4995
4380 4516
4380 4839
4380 4859
4380 4976
4381 4383
4381 4443
4381 4460
4381 4543
4381 4650
4381 4895
4381 4943
4382 4706
4383 4605
4383 4658
4383 4743
4383 4883
4383 4888
4383 4919
4383 4927
4383 4953
4384 4421
4384 4441
4384 4851
4385 4406
4385 4494
4385 4872
4386 4505
4386 4559
4386 4585
4386 4753
4386 4780
4386 4968
4387 4531
4387 4546
4387 4585
4387 4687
4387 4799
4387 4806
4388 4544
4388 4756
4388 4880
4389 4398
4389 4475
4389 4490
4389 4540
4389 4972
4390 4524
4390 4562
4390 4584
4390 4786
4391 4576
4391 4714
4391 4908
4392 4532
4392 4627
4392 4902
4392 4944
4393 4531
4393 4824
4393 4866
4393 4870
4393 4880
4394 4523
4394 4548
4394 4749
4394 4771
4394 4808
4394 4907
4395 4519
4395 4661
4395 4754
4395 4817
4396 4457
4396 4506
4396 4809
4396 4887
4397 4950
4398 4714
4398 4742
4398 4769
4399 4583
4399 4773
4399 4931
4400 4507
4400 4523
4400 4582
4401 4475
4401 4700
4401 4927
4402 4663
4402 4832
4402 4989
4403 4836
4403 4915
4404 4631
4404 4883
4405 4714
4405 4832
4405 4844
4405 4864
4405 4949
4406 4531
4406 4630
4407 4583
4407 4826
4407 4843
4407 4882
4407 4995
4408 4690
4409 4438
4409 4911
4409 4925
4409 4964
4410 4516
4410 4641
4410 4675
4410 4803
4410 4815
4411 4526
4412 4502
4413 4547
4413 4574
4413 4613
4413 4699
4413 4702
4413 4876
4414 4606
4414 4616
4414 4733
4414 4827
4416 4481
4416 4731
4416 4811
4417 4514
4417 4737
4417 4835
4418 4538
4418 4655
4418 4880
4418 4953
4419 4510
4419 4650
4420 4533
4420 4846
4420 4876
4421 4728
4422 4572
4423 4541
4423 4706
4423 4771
4423 4818
4423 4981
4424 4469
4424 4733
4425 4688
4425 4784
4426 4466
4426 4524
4426 4717
4426 4800
4427 4661
4427 4987
4428 4460
4428 4742
4428 4786
4428 4889
4428 4903
4429 4747
4429 4940
4430 4489
4430 4514
4431 4501
4431 4590
4431 4903
4432 4559
4432 4625
4432 4652
4432 4967
4432 4972
4433 4626
4433 4680
4433 4984
4435 4895
4435 4914
4435 4919
4435 4947
4436 4577
4436 4755
4436 4956
4437 4520
4437 4712
4438 4464
4438 4609
4438 4825
4438 4874
4438 4887
4439 4552
4439 4784
4439 4868
4439 4896
4439 4986
4440 4498
4440 4515
4440 4632
4440 4649
4440 4799
4440 4827
4440 4968
4440 4983
4441 4522
4442 4565
4443 4522
4443 4810
4443 4943
4443 4953
4443 4970
4444 4547
4444 4715
4444 4822
4444 4824
4444 4897
4445 4806
4445 4829
4445 4872
4446 4549
4446 4710
4446 4792
4446 4867
4446 4886
4446 4912
4447 4465
4447 4967
4448 4478
4448 4715
4448 4827
4448 4889
4449 4585
4449 4703
4449 4745
4449 4941
4450 4767
4451 4715
4451 4904
4452 4750
4452 4892
4453 4513
4453 4735
4453 4766
4453 4802
4454 4599
4454 4637
4454 4709
4454 4867
4454 4963
4455 4493
4455 4512
4455 4785
4455 4915
4456 4560
4456 4576
4456 4718
4456 4879
4456 4886
4456 4986
4457 4557
4457 4602
4457 4760
4457 4853
4457 4910
4457 4986
4458 4646
4458 4715
4458 4718
4458 4814
4459 4502
4459 4747
4460 4516
4460 4534
4460 4840
4461 4536
4462 4505
4462 4862
4463 4708
4463 4808
4464 4684
4466 4601
4466 4827
4466 4853
4467 4694
4467 4826
4467 4863
4467 4882
4468 4484
4468 4957
4469 4530
4469 4984
4470 4667
4470 4920
4472 4554
4472 4945
4472 4989
4473 4888
4474 4500
4474 4532
4474 4649
4474 4749
4474 4790
4474 4985
4475 4511
4475 4662
4475 4855
4475 4895
4476 4511
4476 4702
4476 4790
4477 4562
4477 4627
4477 4746
4477 4961
4478 4497
4478 4526
4478 4648
4478 4693
4478 4749
4479 4591
4479 4961
4480 4512
4481 4521
4481 4992
4482 4636
4482 4979
4483 4675
4483 4819
4484 4494
4484 4521
4484 4745
4484 4756
4484 4797
4484 4924
4485 4687
4485 4762
4486 4546
4486 4902
4486 4963
4487 4545
4487 4546
4487 4796
4488 4493
4488 4667
4488 4702
4488 4730
4488 4967
4489 4855
4490 4760
4491 4840
4491 4844
4492 4513
4492 4958
4493 4750
4493 4940
4493 4943
4494 4521
4494 4888
4494 4991
4495 4547
4495 4787
4496 4789
4496 4889
4496 4912
4496 4966
4497 4692
4498 4589
4498 4716
4499 4604
4499 4653
4499 4670
4499 4730
4499 4734
4500 4637
4500 4764
4500 4892
4500 4981
4501 4559
4501 4734
4501 4927
4502 4556
4502 4871
4502 4918
4503 4744
4504 4659
4505 4589
4505 4669
4506 4779
4506 4932
4507 4695
4507 4889
4508 4616
4508 4846
4508 4931
4509 4694
4510 4992
4511 4670
4511 4750
4511 4770
4512 4526
4512 4527
4512 4712
4512 4916
4512 4921
4512 4945
4512 4950
4512 4963
4512 4971
4513 4723
4513 4938
4514 4636
4514 4692
4514 4915
4514 4926
4514 4971
4515 4543
4515 4605
4515 4724
4515 4738
4515 4826
4515 4973
4516 4550
4516 4893
4516 4962
4517 4604
4517 4951
4518 4629
4518 4710
4518 4746
4518 4822
4519 4625
4519 4724
4519 4961
4519 4995
4520 4537
4520 4784
4520 4895
4520 4964
4521 4534
4521 4537
4521 4558
4522 4921
4523 4849
4523 4961
4523 4991
4524 4697
4524 4774
4525 4598
4525 4610
4525 4641
4525 4748
4525 4811
4525 4846
4525 4976
4526 4642
4526 4715
4526 4854
4527 4581
4527 4608
4527 4683
4527 4743
4527 4813
4528 4562
4528 4590
4528 4757
4528 4909
4529 4777
4529 4783
4530 4642
4530 4654
4530 4783
4530 4809
4530 4902
4530 4979
4531 4622
4531 4626
4532 4548
4532 4596
4532 4778
4533 4557
4533 4807
4534 4702
4534 4924
4535 4645
4536 4625
4536 4633
4537 4689
4537 4756
4538 4602
4538 4611
4538 4633
4538 4950
4538 4990
4539 4902
4540 4583
4540 4965
4541 4613
4541 4699
4541 4895
4543 4559
4543 4564
4544 4566
4544 4820
4545 4571
4545 4665
4545 4671
4545 4738
4545 4959
4545 4962
4545 4984
4546 4578
4546 4700
4546 4844
4547 4674
4547 4728
4547 4730
4548 4551
4548 4558
4548 4752
4548 4798
4548 4982
4549 4781
4550 4982
4551 4604
4551 4624
4551 4732
4551 4757
4552 4797
4553 4827
4553 4906
4554 4866
4555 4571
4555 4756
4555 4763
4556 4666
4556 4943
4557 4589
4557 4622
4557 4669
4557 4682
4557 4717
4557 4718
4557 4749
4557 4753
4557 4772
4558 4657
4558 4767
4558 4784
4558 4876
4558 4969
4559 4722
4560 4749
4560 4892
4561 4783
4563 4624
4563 4628
4563 4638
4563 4811
4564 4803
4564 4954
4566 4705
4566 4824
4567 4681
4567 4977
4568 4950
4568 4960
4569 4637
4569 4671
4569 4725
4570 4658
4570 4668
4570 4686
4570 4721
4570 4937
4570 4956
4571 4742
4571 4871
4571 4960
4572 4640
4572 4886
4573 4784
4573 4856
4573 4925
4574 4645
4574 4731
4574 4782
4574 4817
4575 4595
4575 4742
4575 4759
4575 4764
4576 4578
4576 4700
4576 4975
4577 4610
4577 4670
4578 4892
4578 4906
4579 4738
4579 4860
4580 4650
4580 4652
4580 4926
4581 4591
4581 4954
4582 4700
4582 4766
4582 4833
4582 4853
4583 4682
4583 4719
4583 4864
4584 4634
4584 4903
4584 4940
4584 4987
4586 4899
4586 4937
4586 4982
4589 4593
4589 4625
4589 4898
4589 4966
4590 4729
4590 4758
4590 4764
4590 4833
4590 4933
4591 4804
4591 4841
4591 4947
4592 4625
4592 4822
4593 4741
4593 4951
4594 4624
4594 4737
4594 4816
4594 4853
4595 4610
4595 4611
4596 4623
4596 4643
4596 4809
4597 4775
4597 4826
4597 4884
4598 4784
4598 4806
4598 4848
4599 4601
4600 4932
4601 4727
4601 4729
4601 4943
4602 4831
4602 4901
4603 4804
4603 4859
4603 4866
4605 4689
4605 4946
4605 4997
4606 4768
4606 4837
4606 4902
4607 4638
4607 4815
4607 4883
4608 4629
4608 4763
4609 4856
4609 4905
4610 4697
4610 4952
4611 4615
4611 4866
4611 4876
4611 4899
4611 4916
4612 4757
4612 4820
4612 4955
4613 4821
4613 4918
4614 4722
4614 4986
4615 4822
4615 4959
4616 4707
4616 4781
4616 4884
4616 4954
4618 4738
4618 4796
4618 4896
4618 4925
4619 4650
4619 4934
4620 4701
4620 4920
4620 4929
4621 4655
4621 4797
4621 4839
4622 4753
4622 4874
4622 4935
4623 4859
4623 4860
4623 4951
4624 4757
4624 4904
4624 4959
4625 4707
4626 4850
4627 4678
4628 4715
4628 4802
4629 4653
4629 4669
4629 4875
4631 4748
4631 4790
4631 4983
4632 4721
4632 4725
4632 4972
4633 4666
4633 4993
4634 4665
4634 4682
4634 4958
4634 4978
4635 4823
4635 4847
4637 4739
4637 4924
4638 4981
4640 4764
4641 4843
4642 4668
4642 4678
4642 4722
4642 4819
4642 4890
4642 4900
4642 4909
4642 4997
4643 4657
4643 4772
4644 4682
4644 4869
4644 4873
4644 4878
4645 4698
4645 4812
4645 4817
4645 4875
4646 4943
4647 4661
4647 4809
4648 4735
4648 4751
4648 4831
4648 4908
4649 4713
4649 4773
4649 4835
4649 4949
4651 4840
4652 4748
4652 4761
4653 4836
4653 4919
4653 4921
4653 4949
4653 4987
4654 4725
4654 4783
4654 4802
4654 4923
4656 4664
4656 4709
4656 4829
4656 4830
4656 4838
4656 4844
4656 4977
4657 4677
4657 4772
4658 4724
4658 4888
4659 4778
4660 4864
4660 4868
4661 4680
4661 4762
4661 4832
4662 4681
4662 4924
4662 4992
4663 4773
4663 4807
4664 4828
4664 4900
4665 4680
4665 4725
4665 4747
4665 4762
4668 4738
4668 4749
4668 4851
4669 4751
4670 4742
4670 4928
4671 4969
4672 4689
4672 4830
4672 4932
4673 4681
4673 4799
4673 4814
4673 4837
4674 4691
4674 4955
4674 4960
4675 4734
4675 4817
4675 4829
4676 4871
4676 4931
4677 4736
4678 4687
4678 4825
4678 4958
4679 4885
4680 4912
4681 4840
4681 4963
4682 4705
4682 4922
4683 4931
4684 4761
4684 4813
4684 4866
4685 4725
4685 4834
4685 4884
4685 4971
4686 4858
4687 4772
4687 4863
4687 4909
4688 4817
4688 4840
4688 4890
4688 4909
4689 4828
4689 4922
4690 4801
4691 4785
4691 4866
4691 4874
4691 4948
4692 4770
4692 4824
4692 4950
4693 4763
4693 4779
4693 4986
4695 4815
4697 4836
4697 4924
4697 4994
4698 4766
4699 4944
4701 4738
4701 4765
4701 4905
4703 4783
4704 4959
4706 4934
4706 4963
4706 4999
4707 4837
4707 4866
4708 4912
4710 4839
4710 4872
4711 4808
4711 4864
4711 4912
4712 4744
4712 4896
4712 4908
4712 4938
4713 4736
4714 4787
4715 4796
4715 4868
4716 4811
4716 4820
4717 4763
4717 4871
4717 4918
4719 4829
4719 4952
4720 4813
4721 4920
4722 4742
4723 4995
4724 4960
4725 4767
4725 4794
4725 4883
4726 4789
4727 4755
4727 4800
4727 4994
4728 4766
4728 4947
4728 4987
4729 4869
4729 4999
4730 4797
4730 4823
4730 4916
4731 4733
4731 4797
4731 4855
4733 4862
4734 4839
4734 4877
4735 4853
4736 4795
4736 4903
4736 4915
4736 4925
4736 4927
4736 4968
4738 4779
4738 4815
4739 4866
4739 4915
4740 4822
4741 4914
4742 4877
4742 4935
4744 4958
4746 4832
4747 4965
4748 4947
4749 4765
4750 4883
4750 4910
4751 4761
4751 4822
4751 4964
4752 4856
4752 4872
4752 4919
4754 4818
4754 4916
4754 4923
4754 4956
4754 4963
4754 4988
4755 4881
4755 4984
4755 4987
4756 4819
4758 4919
4759 4893
4759 4994
4760 4881
4760 4951
4761 4775
4761 4844
4761 4953
4763 4806
4763 4938
4764 4834
4764 4900
4765 4803
4765 4841
4766 4991
4767 4840
4769 4777
4770 4787
4770 4843
4771 4860
4771 4949
4772 4801
4772 4807
4772 4829
4773 4800
4773 4924
4774 4842
4774 4889
4775 4814
4775 4912
4776 4805
4777 4884
4778 4804
4778 4930
4779 4791
4779 4918
4780 4949
4784 4922
4784 4966
4786 4828
4786 4851
4786 4959
4786 4964
4786 4983
4787 4918
4787 4930
4791 4931
4791 4999
4792 4913
4793 4808
4793 4929
4794 4864
4794 4886
4794 4987
4796 4919
4798 4814
4801 4969
4802 4982
4803 4807
4803 4850
4805 4944
4807 4897
4807 4995
4808 4818
4809 4838
4811 4832
4812 4911
4812 4931
4812 4979
4813 4880
4814 4962
4814 4992
4815 4928
4816 4931
4817 4878
4817 4963
4818 4861
4818 4866
4818 4911
4819 4856
4820 4985
4821 4962
4822 4876
4822 4909
4825 4940
4826 4851
4827 4842
4827 4896
4828 4909
4828 4931
4830 4976
4831 4839
4831 4869
4832 4860
4832 4994
4834 4845
4834 4978
4836 4945
4837 4967
4839 4878
4839 4983
4840 4869
4841 4891
4841 4919
4844 4898
4846 4852
4846 4946
4846 4985
4847 4945
4848 4849
4848 4935
4851 4856
4851 4960
4853 4864
4853 4915
4855 4867
4861 4997
4862 4972
4863 4941
4863 4955
4873 4955
4873 4963
4875 4897
4876 4886
4877 4955
4879 4926
4881 4981
4882 4960
4883 4916
4883 4998
4885 4896
4885 4898
4886 4965
4888 4932
4888 4988
4889 4910
4891 4899
4891 4922
4896 4916
4896 4927
4898 4954
4899 4954
4903 4916
4903 4961
4904 4955
4904 4997
4909 4988
4910 4944
4911 4947
4911 4970
4915 4996
4916 4995
4930 4936
4933 4979
4934 4970
4934 4995
4939 4951
4940 4967
4944 4997
4948 4965
4948 4967
4950 4967
4955 4956
4960 4983
4969 4995
4970 4993
4974 4983
4979 4984
4980 4998
4982 4986
4995 4996
