300 13845
0 4
0 6
0 7
0 8
0 11
0 18
0 20
0 21
0 23
0 25
0 27
0 30
0 36
0 37
0 38
0 40
0 44
0 46
0 51
0 53
0 55
0 59
0 63
0 67
0 69
0 78
0 80
0 84
0 87
0 95
0 104
0 109
0 110
0 122
0 124
0 125
0 127
0 129
0 131
0 133
0 134
0 137
0 138
0 140
0 145
0 153
0 154
0 156
0 157
0 158
0 159
0 161
0 166
0 174
0 178
0 187
0 189
0 190
0 192
0 204
0 206
0 207
0 213
0 225
0 229
0 230
0 231
0 235
0 237
0 240
0 242
0 246
0 248
0 253
0 258
0 262
0 264
0 271
0 272
0 284
0 287
0 288
0 289
0 293
0 299
1 11
1 13
1 17
1 19
1 22
1 25
1 26
1 30
1 40
1 54
1 55
1 56
1 60
1 61
1 62
1 66
1 67
1 74
1 75
1 83
1 84
1 88
1 90
1 91
1 95
1 97
1 113
1 114
1 115
1 120
1 122
1 125
1 126
1 130
1 137
1 138
1 142
1 153
1 157
1 162
1 163
1 169
1 172
1 179
1 181
1 186
1 187
1 190
1 191
1 192
1 196
1 197
1 199
1 201
1 203
1 204
1 205
1 213
1 223
1 228
1 232
1 234
1 236
1 244
1 249
1 250
1 251
1 255
1 256
1 262
1 263
1 272
1 276
1 278
1 279
1 286
1 290
1 293
1 298
2 10
2 13
2 14
2 17
2 19
2 22
2 26
2 31
2 34
2 37
2 38
2 39
2 42
2 43
2 54
2 55
2 56
2 57
2 59
2 61
2 64
2 66
2 67
2 81
2 88
2 93
2 97
2 100
2 108
2 110
2 111
2 113
2 116
2 121
2 123
2 127
2 131
2 132
2 138
2 139
2 140
2 141
2 142
2 150
2 151
2 155
2 158
2 159
2 161
2 163
2 166
2 173
2 175
2 177
2 178
2 182
2 184
2 185
2 186
2 187
2 192
2 195
2 196
2 199
2 204
2 208
2 211
2 213
2 216
2 221
2 224
2 225
2 226
2 227
2 234
2 239
2 249
2 251
2 260
2 262
2 263
2 264
2 267
2 271
2 275
2 277
2 278
2 281
2 283
2 284
2 286
2 287
2 289
2 290
2 293
2 294
2 299
3 6
3 13
3 22
3 27
3 31
3 33
3 36
3 37
3 40
3 42
3 46
3 50
3 51
3 57
3 60
3 62
3 64
3 74
3 76
3 77
3 80
3 81
3 83
3 85
3 96
3 97
3 98
3 99
3 110
3 111
3 112
3 114
3 118
3 120
3 121
3 123
3 128
3 131
3 134
3 137
3 139
3 140
3 142
3 145
3 146
3 151
3 154
3 155
3 157
3 158
3 160
3 163
3 166
3 170
3 172
3 173
3 174
3 183
3 185
3 186
3 190
3 191
3 193
3 196
3 202
3 209
3 213
3 214
3 216
3 221
3 224
3 227
3 230
3 231
3 234
3 238
3 243
3 244
3 246
3 248
3 250
3 256
3 257
3 262
3 263
3 264
3 265
3 267
3 275
3 276
3 278
3 281
3 282
3 291
3 295
3 297
4 5
4 9
4 20
4 22
4 29
4 33
4 34
4 36
4 37
4 38
4 42
4 46
4 49
4 55
4 56
4 57
4 58
4 62
4 69
4 72
4 77
4 85
4 87
4 93
4 102
4 105
4 106
4 107
4 109
4 111
4 114
4 116
4 121
4 122
4 126
4 128
4 131
4 137
4 140
4 141
4 144
4 146
4 154
4 155
4 162
4 163
4 165
4 167
4 175
4 176
4 182
4 189
4 190
4 192
4 193
4 198
4 204
4 208
4 209
4 211
4 212
4 217
4 219
4 222
4 223
4 226
4 238
4 242
4 245
4 248
4 254
4 259
4 262
4 266
4 267
4 268
4 275
4 277
4 281
4 289
4 295
4 296
4 298
5 6
5 7
5 9
5 13
5 14
5 15
5 20
5 24
5 28
5 29
5 30
5 38
5 39
5 42
5 48
5 49
5 54
5 58
5 60
5 62
5 64
5 65
5 71
5 75
5 77
5 85
5 90
5 91
5 96
5 97
5 98
5 99
5 102
5 103
5 104
5 105
5 106
5 110
5 114
5 123
5 124
5 127
5 130
5 136
5 139
5 142
5 143
5 149
5 155
5 168
5 170
5 175
5 176
5 178
5 181
5 184
5 185
5 200
5 202
5 208
5 212
5 215
5 217
5 219
5 221
5 223
5 225
5 227
5 228
5 229
5 236
5 240
5 243
5 244
5 246
5 255
5 256
5 261
5 264
5 265
5 273
5 276
5 277
5 281
5 282
5 286
5 290
5 292
5 297
5 298
5 299
6 7
6 8
6 9
6 11
6 15
6 17
6 18
6 23
6 25
6 27
6 37
6 38
6 43
6 44
6 45
6 46
6 48
6 49
6 51
6 52
6 53
6 61
6 64
6 68
6 70
6 71
6 72
6 74
6 75
6 78
6 81
6 87
6 88
6 89
6 103
6 104
6 107
6 109
6 115
6 116
6 117
6 128
6 132
6 133
6 134
6 136
6 143
6 144
6 152
6 156
6 159
6 160
6 170
6 177
6 178
6 183
6 189
6 191
6 193
6 196
6 197
6 198
6 203
6 204
6 207
6 210
6 211
6 217
6 225
6 227
6 230
6 232
6 234
6 235
6 236
6 242
6 244
6 245
6 249
6 257
6 260
6 269
6 270
6 271
6 273
6 277
6 278
6 279
6 280
6 282
6 283
6 286
6 290
6 292
6 293
6 294
6 298
6 299
7 11
7 15
7 18
7 20
7 23
7 25
7 29
7 30
7 31
7 35
7 36
7 39
7 41
7 42
7 49
7 54
7 56
7 57
7 59
7 79
7 88
7 91
7 92
7 93
7 95
7 100
7 109
7 115
7 121
7 122
7 123
7 124
7 127
7 129
7 131
7 137
7 145
7 150
7 151
7 158
7 159
7 161
7 163
7 165
7 167
7 169
7 172
7 173
7 177
7 180
7 185
7 188
7 190
7 192
7 195
7 212
7 214
7 215
7 217
7 218
7 221
7 233
7 234
7 235
7 237
7 238
7 242
7 243
7 261
7 276
7 279
7 282
7 284
7 287
7 288
7 296
7 297
8 10
8 11
8 18
8 22
8 23
8 24
8 26
8 32
8 41
8 43
8 46
8 47
8 49
8 51
8 52
8 53
8 59
8 63
8 75
8 76
8 82
8 88
8 92
8 103
8 111
8 121
8 123
8 128
8 129
8 138
8 141
8 146
8 149
8 154
8 155
8 160
8 161
8 164
8 165
8 166
8 170
8 173
8 180
8 181
8 182
8 192
8 197
8 199
8 200
8 202
8 206
8 213
8 221
8 222
8 224
8 230
8 234
8 235
8 237
8 238
8 240
8 245
8 247
8 254
8 257
8 263
8 265
8 266
8 268
8 269
8 274
8 280
8 282
8 283
8 284
8 286
8 297
8 298
9 10
9 11
9 12
9 17
9 18
9 29
9 31
9 33
9 34
9 36
9 37
9 39
9 40
9 41
9 52
9 54
9 55
9 56
9 61
9 65
9 66
9 69
9 70
9 72
9 75
9 82
9 86
9 90
9 92
9 100
9 101
9 103
9 105
9 111
9 112
9 113
9 121
9 124
9 126
9 130
9 131
9 132
9 134
9 135
9 142
9 144
9 145
9 147
9 150
9 152
9 157
9 159
9 161
9 163
9 165
9 166
9 167
9 171
9 172
9 173
9 179
9 180
9 190
9 193
9 195
9 202
9 206
9 207
9 217
9 221
9 222
9 225
9 230
9 233
9 234
9 236
9 237
9 242
9 243
9 246
9 247
9 251
9 253
9 256
9 258
9 259
9 261
9 264
9 266
9 273
9 276
9 279
9 281
9 284
9 285
9 286
9 289
9 295
9 296
9 297
9 298
9 299
10 16
10 17
10 22
10 31
10 33
10 34
10 36
10 41
10 42
10 47
10 51
10 54
10 57
10 58
10 63
10 65
10 70
10 71
10 73
10 79
10 80
10 83
10 90
10 93
10 96
10 103
10 104
10 105
10 106
10 107
10 110
10 114
10 117
10 124
10 125
10 127
10 129
10 130
10 140
10 143
10 148
10 155
10 159
10 160
10 162
10 169
10 175
10 177
10 180
10 183
10 184
10 185
10 189
10 192
10 195
10 199
10 200
10 202
10 203
10 204
10 207
10 209
10 210
10 220
10 228
10 231
10 232
10 234
10 235
10 246
10 247
10 249
10 250
10 255
10 258
10 259
10 261
10 270
10 271
10 272
10 273
10 275
10 278
10 279
10 286
10 293
10 294
11 20
11 21
11 34
11 43
11 45
11 50
11 56
11 58
11 59
11 61
11 67
11 70
11 72
11 77
11 81
11 82
11 83
11 84
11 85
11 92
11 94
11 100
11 102
11 104
11 105
11 108
11 111
11 117
11 120
11 121
11 123
11 126
11 130
11 143
11 150
11 151
11 154
11 155
11 158
11 160
11 161
11 166
11 170
11 172
11 179
11 186
11 187
11 193
11 194
11 200
11 203
11 206
11 213
11 214
11 221
11 224
11 226
11 234
11 235
11 241
11 244
11 246
11 247
11 248
11 250
11 254
11 256
11 257
11 259
11 260
11 262
11 276
11 280
11 284
11 287
11 289
11 292
11 293
11 295
11 298
12 15
12 23
12 24
12 26
12 30
12 31
12 37
12 43
12 48
12 49
12 60
12 63
12 64
12 66
12 69
12 71
12 82
12 86
12 87
12 94
12 95
12 97
12 101
12 106
12 111
12 118
12 120
12 121
12 128
12 131
12 136
12 138
12 142
12 143
12 166
12 167
12 170
12 175
12 177
12 178
12 179
12 188
12 189
12 192
12 193
12 194
12 195
12 196
12 202
12 203
12 210
12 215
12 216
12 217
12 227
12 244
12 246
12 251
12 253
12 258
12 260
12 264
12 270
12 275
12 277
12 278
12 282
12 290
12 294
12 295
12 297
13 14
13 16
13 20
13 21
13 23
13 24
13 27
13 31
13 36
13 39
13 40
13 41
13 45
13 47
13 48
13 50
13 52
13 53
13 54
13 55
13 67
13 69
13 75
13 77
13 79
13 81
13 84
13 85
13 89
13 92
13 93
13 99
13 100
13 104
13 108
13 109
13 110
13 111
13 115
13 116
13 118
13 120
13 122
13 125
13 126
13 131
13 133
13 135
13 136
13 140
13 142
13 147
13 153
13 157
13 162
13 163
13 164
13 165
13 166
13 173
13 174
13 177
13 185
13 186
13 190
13 196
13 197
13 201
13 204
13 210
13 211
13 217
13 220
13 221
13 224
13 226
13 227
13 229
13 230
13 232
13 233
13 234
13 238
13 241
13 244
13 245
13 247
13 249
13 260
13 263
13 264
13 272
13 278
13 280
13 281
13 282
13 286
13 287
13 290
13 296
13 298
14 24
14 25
14 26
14 36
14 37
14 49
14 52
14 53
14 57
14 60
14 62
14 69
14 70
14 73
14 75
14 76
14 78
14 81
14 93
14 94
14 98
14 99
14 104
14 109
14 112
14 116
14 119
14 124
14 125
14 128
14 129
14 138
14 139
14 141
14 144
14 150
14 151
14 154
14 156
14 170
14 171
14 179
14 185
14 193
14 194
14 197
14 204
14 209
14 210
14 216
14 218
14 220
14 223
14 234
14 236
14 239
14 243
14 247
14 250
14 258
14 259
14 268
14 269
14 273
14 274
14 276
14 278
14 293
14 296
14 297
14 298
14 299
15 17
15 20
15 23
15 25
15 31
15 32
15 38
15 39
15 43
15 45
15 48
15 50
15 54
15 57
15 63
15 66
15 67
15 73
15 76
15 77
15 79
15 83
15 87
15 90
15 91
15 96
15 99
15 102
15 113
15 114
15 123
15 124
15 131
15 138
15 139
15 140
15 145
15 146
15 147
15 150
15 152
15 156
15 157
15 158
15 162
15 164
15 167
15 170
15 173
15 174
15 176
15 177
15 179
15 181
15 182
15 187
15 188
15 189
15 190
15 191
15 206
15 211
15 214
15 216
15 218
15 220
15 226
15 229
15 231
15 232
15 233
15 237
15 239
15 240
15 247
15 253
15 258
15 260
15 262
15 263
15 278
15 279
15 281
15 282
15 292
15 293
15 298
15 299
16 18
16 19
16 20
16 21
16 22
16 25
16 27
16 32
16 35
16 46
16 51
16 52
16 56
16 62
16 65
16 67
16 73
16 78
16 83
16 86
16 87
16 88
16 94
16 96
16 97
16 101
16 102
16 106
16 110
16 113
16 114
16 115
16 122
16 129
16 130
16 136
16 137
16 139
16 147
16 148
16 149
16 150
16 151
16 158
16 162
16 165
16 166
16 167
16 169
16 173
16 174
16 176
16 181
16 185
16 188
16 189
16 191
16 192
16 193
16 209
16 212
16 216
16 217
16 219
16 225
16 227
16 228
16 229
16 232
16 233
16 238
16 239
16 241
16 242
16 244
16 246
16 250
16 254
16 256
16 258
16 260
16 262
16 264
16 269
16 271
16 276
16 286
16 287
16 288
16 295
16 297
17 20
17 21
17 22
17 23
17 30
17 31
17 32
17 35
17 41
17 46
17 52
17 62
17 66
17 68
17 70
17 76
17 77
17 83
17 86
17 88
17 90
17 94
17 96
17 102
17 104
17 108
17 109
17 110
17 117
17 124
17 125
17 127
17 129
17 137
17 138
17 150
17 151
17 153
17 155
17 159
17 160
17 161
17 167
17 171
17 178
17 180
17 187
17 190
17 195
17 199
17 200
17 209
17 217
17 218
17 219
17 222
17 223
17 226
17 227
17 228
17 231
17 241
17 242
17 245
17 253
17 258
17 259
17 261
17 262
17 266
17 270
17 271
17 280
17 284
17 288
17 292
17 294
17 295
17 298
17 299
18 19
18 21
18 22
18 32
18 34
18 41
18 44
18 45
18 47
18 49
18 50
18 52
18 53
18 54
18 55
18 60
18 62
18 70
18 78
18 82
18 87
18 89
18 92
18 93
18 95
18 97
18 103
18 110
18 113
18 118
18 121
18 131
18 135
18 136
18 139
18 141
18 142
18 144
18 147
18 149
18 151
18 154
18 161
18 163
18 167
18 172
18 173
18 174
18 182
18 190
18 196
18 197
18 205
18 208
18 213
18 217
18 218
18 219
18 221
18 228
18 229
18 230
18 233
18 236
18 238
18 239
18 240
18 244
18 245
18 246
18 250
18 252
18 253
18 262
18 267
18 270
18 274
18 275
18 278
18 279
19 27
19 31
19 32
19 33
19 36
19 37
19 38
19 41
19 42
19 44
19 46
19 47
19 49
19 50
19 57
19 63
19 64
19 67
19 69
19 70
19 72
19 75
19 76
19 81
19 85
19 86
19 89
19 90
19 91
19 93
19 94
19 95
19 104
19 106
19 109
19 110
19 112
19 113
19 115
19 117
19 121
19 123
19 124
19 129
19 131
19 132
19 133
19 138
19 141
19 143
19 144
19 147
19 148
19 151
19 153
19 155
19 156
19 158
19 159
19 162
19 165
19 170
19 177
19 178
19 189
19 192
19 195
19 202
19 208
19 214
19 215
19 216
19 218
19 220
19 223
19 224
19 231
19 232
19 236
19 239
19 243
19 246
19 249
19 250
19 252
19 253
19 254
19 255
19 264
19 271
19 272
19 275
19 280
19 283
19 290
19 292
19 294
19 297
19 298
20 30
20 32
20 35
20 42
20 43
20 47
20 50
20 51
20 53
20 58
20 62
20 67
20 70
20 71
20 73
20 74
20 75
20 76
20 77
20 78
20 80
20 86
20 98
20 99
20 108
20 109
20 112
20 113
20 115
20 117
20 118
20 121
20 129
20 130
20 131
20 132
20 140
20 143
20 144
20 150
20 152
20 153
20 154
20 155
20 156
20 166
20 169
20 171
20 175
20 182
20 184
20 187
20 193
20 195
20 197
20 198
20 200
20 203
20 204
20 211
20 212
20 215
20 217
20 218
20 227
20 229
20 230
20 231
20 233
20 234
20 236
20 242
20 244
20 246
20 248
20 253
20 254
20 256
20 259
20 261
20 263
20 264
20 268
20 269
20 271
20 273
20 274
20 275
20 279
20 280
20 282
20 284
20 287
20 292
20 293
20 296
20 298
21 24
21 26
21 27
21 28
21 30
21 37
21 38
21 42
21 49
21 51
21 57
21 59
21 62
21 68
21 69
21 72
21 73
21 75
21 80
21 81
21 87
21 88
21 90
21 94
21 97
21 98
21 99
21 101
21 103
21 104
21 105
21 106
21 109
21 111
21 113
21 115
21 119
21 120
21 123
21 124
21 125
21 128
21 130
21 131
21 133
21 139
21 142
21 143
21 144
21 153
21 156
21 159
21 162
21 164
21 169
21 172
21 177
21 182
21 185
21 188
21 192
21 193
21 195
21 200
21 202
21 206
21 208
21 209
21 216
21 220
21 222
21 226
21 228
21 230
21 234
21 240
21 241
21 243
21 245
21 249
21 251
21 253
21 254
21 259
21 263
21 264
21 267
21 269
21 271
21 280
21 287
21 288
21 290
22 23
22 25
22 30
22 33
22 35
22 36
22 46
22 48
22 51
22 53
22 54
22 55
22 63
22 64
22 68
22 72
22 73
22 75
22 76
22 77
22 80
22 82
22 97
22 99
22 101
22 103
22 113
22 115
22 116
22 118
22 120
22 121
22 131
22 138
22 146
22 152
22 154
22 155
22 168
22 169
22 172
22 182
22 185
22 186
22 191
22 192
22 193
22 194
22 197
22 203
22 207
22 210
22 211
22 216
22 223
22 225
22 227
22 229
22 231
22 234
22 235
22 237
22 239
22 240
22 242
22 246
22 247
22 254
22 264
22 266
22 277
22 279
22 282
22 284
22 286
22 287
22 289
22 292
22 293
22 296
22 298
22 299
23 24
23 25
23 28
23 31
23 33
23 34
23 41
23 53
23 55
23 56
23 57
23 58
23 59
23 65
23 67
23 70
23 71
23 73
23 74
23 79
23 81
23 82
23 83
23 85
23 86
23 90
23 93
23 96
23 98
23 99
23 102
23 105
23 110
23 112
23 116
23 117
23 120
23 121
23 122
23 123
23 126
23 133
23 134
23 137
23 141
23 145
23 146
23 148
23 149
23 150
23 151
23 159
23 160
23 161
23 164
23 165
23 166
23 171
23 173
23 175
23 179
23 181
23 182
23 191
23 192
23 193
23 195
23 202
23 203
23 204
23 206
23 208
23 210
23 211
23 214
23 216
23 221
23 223
23 228
23 230
23 238
23 239
23 240
23 241
23 247
23 250
23 252
23 253
23 256
23 259
23 261
23 262
23 266
23 270
23 280
23 282
23 283
23 285
23 286
23 289
23 291
23 292
23 297
24 25
24 26
24 30
24 34
24 36
24 37
24 38
24 41
24 43
24 44
24 45
24 54
24 55
24 59
24 62
24 64
24 68
24 74
24 76
24 80
24 81
24 82
24 84
24 89
24 90
24 94
24 98
24 99
24 101
24 106
24 107
24 109
24 112
24 118
24 119
24 122
24 134
24 135
24 136
24 143
24 148
24 152
24 157
24 162
24 164
24 168
24 171
24 174
24 176
24 178
24 179
24 181
24 182
24 184
24 185
24 186
24 187
24 188
24 194
24 197
24 198
24 200
24 201
24 206
24 209
24 211
24 213
24 216
24 222
24 224
24 225
24 227
24 229
24 232
24 233
24 235
24 237
24 241
24 242
24 245
24 249
24 250
24 254
24 258
24 260
24 263
24 266
24 274
24 275
24 276
24 277
24 283
24 284
24 289
24 294
24 298
25 29
25 30
25 31
25 32
25 34
25 35
25 37
25 38
25 41
25 43
25 46
25 47
25 48
25 49
25 52
25 55
25 56
25 64
25 66
25 71
25 74
25 77
25 83
25 84
25 87
25 89
25 90
25 93
25 96
25 98
25 99
25 100
25 110
25 112
25 118
25 121
25 123
25 127
25 129
25 131
25 144
25 149
25 154
25 155
25 157
25 160
25 161
25 163
25 165
25 168
25 171
25 173
25 180
25 181
25 192
25 197
25 201
25 202
25 209
25 214
25 217
25 227
25 229
25 231
25 238
25 245
25 248
25 252
25 255
25 263
25 266
25 272
25 281
25 282
25 288
25 290
25 297
25 298
26 31
26 34
26 38
26 40
26 44
26 53
26 54
26 56
26 57
26 61
26 63
26 65
26 74
26 79
26 80
26 81
26 83
26 86
26 89
26 91
26 93
26 95
26 99
26 106
26 107
26 110
26 113
26 119
26 122
26 124
26 126
26 131
26 133
26 137
26 140
26 142
26 143
26 150
26 153
26 163
26 172
26 173
26 174
26 175
26 176
26 181
26 182
26 183
26 186
26 187
26 190
26 199
26 205
26 210
26 220
26 222
26 225
26 229
26 230
26 235
26 237
26 238
26 248
26 249
26 253
26 255
26 257
26 258
26 260
26 264
26 266
26 270
26 271
26 277
26 278
26 281
26 286
26 290
26 294
26 297
27 35
27 38
27 48
27 50
27 66
27 67
27 69
27 70
27 76
27 79
27 92
27 95
27 96
27 99
27 104
27 105
27 109
27 114
27 120
27 121
27 126
27 128
27 129
27 131
27 135
27 136
27 138
27 140
27 143
27 146
27 147
27 148
27 150
27 153
27 154
27 155
27 157
27 162
27 173
27 183
27 190
27 191
27 192
27 196
27 202
27 204
27 207
27 209
27 210
27 211
27 213
27 214
27 216
27 221
27 240
27 241
27 242
27 243
27 246
27 249
27 254
27 258
27 267
27 272
27 275
27 277
27 281
27 293
27 296
27 297
27 298
27 299
28 29
28 31
28 39
28 42
28 44
28 47
28 49
28 52
28 56
28 58
28 60
28 61
28 65
28 72
28 78
28 81
28 88
28 90
28 91
28 93
28 94
28 97
28 103
28 105
28 108
28 112
28 115
28 121
28 125
28 126
28 128
28 129
28 130
28 135
28 144
28 150
28 156
28 159
28 160
28 166
28 168
28 169
28 171
28 173
28 177
28 179
28 182
28 183
28 185
28 192
28 193
28 207
28 208
28 209
28 212
28 214
28 219
28 224
28 232
28 233
28 238
28 242
28 246
28 247
28 248
28 253
28 255
28 256
28 257
28 259
28 267
28 268
28 271
28 274
28 276
28 277
28 283
28 285
28 289
28 291
28 296
29 34
29 36
29 38
29 39
29 41
29 44
29 46
29 58
29 61
29 65
29 66
29 68
29 70
29 74
29 79
29 87
29 90
29 91
29 92
29 93
29 94
29 96
29 106
29 107
29 108
29 110
29 112
29 113
29 118
29 119
29 123
29 124
29 131
29 132
29 134
29 136
29 138
29 139
29 140
29 141
29 143
29 144
29 147
29 149
29 150
29 151
29 153
29 156
29 159
29 160
29 162
29 165
29 170
29 174
29 175
29 177
29 178
29 180
29 185
29 188
29 192
29 197
29 198
29 206
29 209
29 211
29 220
29 225
29 229
29 230
29 240
29 241
29 244
29 246
29 249
29 254
29 258
29 259
29 269
29 274
29 277
29 285
29 288
29 294
29 295
29 296
29 299
30 31
30 32
30 34
30 40
30 54
30 55
30 66
30 69
30 74
30 79
30 88
30 90
30 92
30 99
30 100
30 103
30 108
30 109
30 114
30 116
30 121
30 123
30 125
30 132
30 133
30 134
30 135
30 136
30 142
30 146
30 150
30 156
30 157
30 158
30 168
30 177
30 180
30 184
30 185
30 194
30 198
30 202
30 208
30 216
30 219
30 221
30 222
30 225
30 227
30 230
30 235
30 241
30 242
30 243
30 247
30 248
30 252
30 255
30 264
30 269
30 275
30 278
30 279
30 280
30 281
30 282
30 286
30 287
30 291
30 292
30 293
30 294
30 298
30 299
31 33
31 36
31 37
31 40
31 42
31 46
31 48
31 58
31 59
31 61
31 62
31 70
31 71
31 72
31 73
31 74
31 84
31 85
31 91
31 94
31 95
31 99
31 103
31 105
31 106
31 108
31 116
31 119
31 124
31 125
31 127
31 128
31 129
31 131
31 137
31 144
31 145
31 147
31 151
31 152
31 153
31 155
31 159
31 160
31 161
31 164
31 174
31 175
31 180
31 186
31 189
31 192
31 203
31 207
31 209
31 210
31 216
31 222
31 231
31 236
31 237
31 239
31 240
31 244
31 248
31 249
31 250
31 251
31 252
31 256
31 263
31 266
31 268
31 282
31 284
31 286
31 288
31 292
31 296
31 297
31 298
31 299
32 33
32 34
32 35
32 37
32 39
32 40
32 46
32 48
32 53
32 54
32 64
32 65
32 68
32 69
32 70
32 72
32 78
32 80
32 82
32 84
32 92
32 97
32 100
32 104
32 109
32 114
32 115
32 119
32 121
32 122
32 123
32 124
32 126
32 128
32 129
32 131
32 134
32 136
32 138
32 140
32 142
32 143
32 144
32 145
32 146
32 152
32 157
32 158
32 160
32 166
32 169
32 177
32 180
32 184
32 185
32 186
32 187
32 194
32 197
32 204
32 206
32 209
32 210
32 214
32 218
32 221
32 226
32 229
32 233
32 234
32 236
32 237
32 241
32 243
32 244
32 245
32 247
32 251
32 253
32 254
32 261
32 262
32 269
32 271
32 272
32 273
32 276
32 282
32 284
32 287
32 289
33 34
33 35
33 39
33 41
33 47
33 52
33 59
33 62
33 63
33 67
33 74
33 75
33 76
33 81
33 82
33 83
33 84
33 85
33 87
33 88
33 90
33 91
33 92
33 94
33 96
33 97
33 99
33 100
33 105
33 108
33 111
33 118
33 121
33 125
33 131
33 132
33 133
33 140
33 142
33 143
33 147
33 148
33 149
33 155
33 156
33 157
33 161
33 165
33 167
33 168
33 172
33 185
33 187
33 190
33 191
33 192
33 196
33 198
33 199
33 202
33 204
33 206
33 208
33 211
33 213
33 215
33 217
33 220
33 221
33 222
33 227
33 234
33 236
33 237
33 242
33 243
33 248
33 251
33 258
33 259
33 261
33 262
33 264
33 265
33 267
33 269
33 272
33 274
33 280
33 281
33 283
33 284
33 285
33 289
33 290
33 296
33 299
34 35
34 37
34 39
34 42
34 45
34 46
34 47
34 49
34 52
34 57
34 62
34 68
34 73
34 75
34 79
34 82
34 83
34 84
34 87
34 91
34 98
34 109
34 113
34 119
34 128
34 130
34 136
34 138
34 143
34 144
34 148
34 149
34 153
34 159
34 160
34 162
34 164
34 166
34 170
34 171
34 172
34 175
34 179
34 184
34 186
34 188
34 190
34 196
34 198
34 201
34 205
34 209
34 214
34 222
34 223
34 225
34 227
34 234
34 236
34 237
34 239
34 242
34 245
34 247
34 251
34 252
34 256
34 269
34 283
34 284
34 286
34 290
34 293
34 294
35 36
35 37
35 39
35 40
35 41
35 46
35 48
35 49
35 51
35 60
35 62
35 64
35 66
35 67
35 68
35 72
35 75
35 78
35 81
35 82
35 85
35 89
35 91
35 92
35 94
35 96
35 99
35 101
35 103
35 104
35 105
35 108
35 111
35 112
35 122
35 123
35 126
35 130
35 132
35 136
35 137
35 138
35 140
35 144
35 149
35 150
35 153
35 154
35 158
35 161
35 166
35 170
35 172
35 176
35 177
35 178
35 181
35 182
35 183
35 184
35 185
35 193
35 194
35 195
35 200
35 201
35 204
35 205
35 206
35 211
35 214
35 223
35 225
35 227
35 228
35 230
35 234
35 235
35 236
35 246
35 247
35 248
35 250
35 253
35 256
35 259
35 260
35 261
35 266
35 267
35 270
35 281
35 282
35 284
35 286
35 290
36 41
36 42
36 43
36 45
36 48
36 51
36 55
36 56
36 57
36 58
36 60
36 61
36 63
36 68
36 70
36 72
36 74
36 82
36 83
36 84
36 88
36 92
36 93
36 101
36 108
36 110
36 113
36 120
36 121
36 122
36 130
36 132
36 135
36 142
36 145
36 146
36 148
36 149
36 151
36 152
36 154
36 161
36 163
36 169
36 172
36 174
36 175
36 177
36 180
36 183
36 185
36 188
36 193
36 196
36 197
36 199
36 200
36 219
36 220
36 224
36 225
36 226
36 227
36 228
36 229
36 230
36 232
36 234
36 237
36 239
36 245
36 246
36 254
36 255
36 258
36 260
36 264
36 266
36 268
36 270
36 274
36 283
36 286
36 296
36 297
37 40
37 41
37 45
37 53
37 55
37 60
37 62
37 73
37 77
37 79
37 80
37 85
37 87
37 91
37 93
37 95
37 96
37 102
37 104
37 107
37 109
37 111
37 113
37 114
37 115
37 116
37 118
37 120
37 127
37 128
37 136
37 138
37 139
37 143
37 145
37 147
37 148
37 149
37 155
37 158
37 168
37 170
37 171
37 174
37 186
37 187
37 189
37 192
37 195
37 198
37 201
37 202
37 205
37 207
37 218
37 219
37 223
37 227
37 229
37 233
37 235
37 236
37 240
37 242
37 243
37 245
37 248
37 257
37 258
37 260
37 262
37 265
37 272
37 273
37 280
37 285
37 288
37 291
37 292
37 296
37 298
38 45
38 46
38 61
38 69
38 73
38 75
38 76
38 79
38 81
38 91
38 92
38 94
38 96
38 97
38 100
38 101
38 106
38 108
38 113
38 122
38 123
38 125
38 127
38 128
38 131
38 132
38 135
38 142
38 145
38 146
38 149
38 151
38 152
38 155
38 158
38 160
38 161
38 163
38 168
38 171
38 173
38 176
38 180
38 183
38 190
38 191
38 194
38 196
38 197
38 202
38 207
38 209
38 212
38 216
38 222
38 223
38 230
38 231
38 237
38 238
38 241
38 243
38 246
38 247
38 248
38 256
38 259
38 260
38 261
38 262
38 263
38 267
38 271
38 273
38 276
38 279
38 283
38 284
38 285
38 288
38 291
38 292
38 293
38 296
39 40
39 42
39 46
39 47
39 48
39 49
39 52
39 58
39 64
39 67
39 75
39 76
39 77
39 79
39 80
39 83
39 87
39 88
39 89
39 95
39 105
39 106
39 107
39 108
39 117
39 120
39 121
39 124
39 125
39 126
39 127
39 130
39 140
39 141
39 146
39 149
39 151
39 155
39 159
39 162
39 167
39 168
39 173
39 175
39 176
39 177
39 187
39 193
39 196
39 197
39 199
39 201
39 212
39 217
39 220
39 223
39 226
39 227
39 231
39 233
39 239
39 240
39 241
39 245
39 249
39 252
39 257
39 265
39 267
39 272
39 274
39 280
39 285
39 288
39 291
39 296
39 297
40 45
40 46
40 47
40 51
40 53
40 54
40 57
40 62
40 63
40 64
40 65
40 67
40 69
40 72
40 76
40 78
40 80
40 81
40 83
40 85
40 88
40 90
40 93
40 97
40 98
40 99
40 104
40 107
40 111
40 115
40 120
40 125
40 128
40 129
40 134
40 135
40 136
40 140
40 141
40 142
40 148
40 150
40 159
40 164
40 165
40 168
40 169
40 170
40 174
40 177
40 178
40 179
40 184
40 185
40 187
40 192
40 193
40 196
40 198
40 203
40 209
40 211
40 214
40 215
40 217
40 220
40 224
40 227
40 228
40 234
40 243
40 244
40 247
40 250
40 252
40 253
40 254
40 259
40 260
40 272
40 274
40 276
40 282
40 283
40 287
40 298
41 44
41 48
41 56
41 58
41 59
41 60
41 61
41 63
41 70
41 77
41 84
41 88
41 89
41 90
41 91
41 96
41 97
41 106
41 107
41 110
41 111
41 114
41 115
41 117
41 120
41 129
41 132
41 136
41 139
41 141
41 142
41 145
41 146
41 149
41 152
41 157
41 158
41 160
41 162
41 164
41 166
41 169
41 178
41 180
41 181
41 184
41 185
41 187
41 189
41 191
41 192
41 196
41 197
41 201
41 204
41 207
41 214
41 215
41 217
41 219
41 223
41 227
41 229
41 232
41 237
41 242
41 245
41 246
41 249
41 251
41 252
41 255
41 262
41 271
41 272
41 275
41 277
41 279
41 283
41 288
41 295
41 297
41 298
42 43
42 47
42 49
42 52
42 56
42 59
42 62
42 67
42 69
42 80
42 81
42 83
42 85
42 88
42 91
42 92
42 93
42 95
42 96
42 97
42 100
42 107
42 114
42 115
42 116
42 119
42 121
42 126
42 128
42 129
42 131
42 132
42 133
42 135
42 137
42 138
42 142
42 143
42 148
42 155
42 157
42 161
42 162
42 166
42 179
42 181
42 185
42 189
42 190
42 192
42 194
42 196
42 197
42 198
42 203
42 204
42 205
42 215
42 220
42 222
42 223
42 224
42 225
42 229
42 235
42 238
42 243
42 245
42 252
42 253
42 255
42 258
42 260
42 263
42 266
42 268
42 269
42 278
42 280
42 281
42 283
42 284
42 285
42 286
42 287
42 289
42 293
42 295
42 296
43 46
43 47
43 48
43 51
43 58
43 60
43 61
43 62
43 63
43 67
43 68
43 71
43 73
43 74
43 79
43 80
43 81
43 82
43 87
43 91
43 94
43 98
43 100
43 102
43 109
43 113
43 115
43 117
43 122
43 126
43 128
43 130
43 136
43 138
43 139
43 140
43 141
43 142
43 143
43 144
43 147
43 148
43 152
43 162
43 163
43 166
43 172
43 173
43 174
43 183
43 186
43 188
43 190
43 193
43 198
43 200
43 207
43 208
43 209
43 213
43 215
43 228
43 231
43 233
43 234
43 237
43 242
43 247
43 251
43 252
43 254
43 255
43 256
43 262
43 263
43 264
43 267
43 268
43 269
43 272
43 275
43 289
43 290
43 292
43 298
44 48
44 49
44 54
44 55
44 56
44 57
44 61
44 62
44 64
44 69
44 72
44 73
44 76
44 78
44 79
44 82
44 88
44 89
44 92
44 103
44 104
44 110
44 116
44 122
44 129
44 137
44 138
44 139
44 140
44 141
44 145
44 151
44 152
44 153
44 158
44 161
44 163
44 166
44 172
44 173
44 176
44 177
44 183
44 184
44 189
44 190
44 191
44 193
44 194
44 195
44 199
44 205
44 209
44 211
44 214
44 217
44 221
44 225
44 231
44 232
44 235
44 238
44 249
44 250
44 253
44 264
44 265
44 270
44 277
44 281
44 284
44 293
44 294
44 298
44 299
45 46
45 49
45 50
45 55
45 57
45 58
45 72
45 74
45 76
45 77
45 84
45 90
45 94
45 96
45 100
45 104
45 108
45 109
45 111
45 116
45 119
45 125
45 131
45 135
45 136
45 144
45 147
45 151
45 155
45 157
45 162
45 165
45 168
45 175
45 183
45 187
45 189
45 190
45 191
45 192
45 193
45 195
45 196
45 201
45 203
45 209
45 213
45 215
45 217
45 218
45 220
45 222
45 237
45 240
45 241
45 253
45 254
45 256
45 258
45 261
45 270
45 281
45 288
45 291
45 292
45 297
46 53
46 54
46 57
46 59
46 60
46 64
46 73
46 74
46 76
46 81
46 83
46 84
46 85
46 87
46 88
46 95
46 96
46 104
46 108
46 120
46 121
46 123
46 135
46 139
46 143
46 150
46 156
46 157
46 161
46 163
46 164
46 165
46 166
46 171
46 172
46 177
46 179
46 184
46 188
46 189
46 190
46 192
46 199
46 204
46 206
46 207
46 212
46 213
46 218
46 219
46 220
46 222
46 224
46 227
46 228
46 230
46 235
46 236
46 242
46 243
46 244
46 245
46 255
46 260
46 266
46 268
46 272
46 273
46 281
46 284
46 288
46 293
46 299
47 48
47 51
47 53
47 55
47 58
47 62
47 63
47 64
47 70
47 71
47 72
47 74
47 80
47 82
47 84
47 87
47 89
47 90
47 91
47 93
47 94
47 97
47 102
47 112
47 115
47 118
47 121
47 124
47 128
47 129
47 131
47 133
47 136
47 137
47 138
47 147
47 151
47 153
47 155
47 156
47 158
47 159
47 160
47 162
47 164
47 168
47 169
47 170
47 171
47 172
47 175
47 176
47 179
47 182
47 185
47 188
47 191
47 195
47 198
47 206
47 207
47 223
47 228
47 232
47 233
47 234
47 239
47 241
47 243
47 247
47 249
47 250
47 253
47 258
47 261
47 262
47 269
47 272
47 273
47 277
47 278
47 281
47 282
47 284
47 288
47 293
47 294
47 298
48 49
48 53
48 54
48 56
48 60
48 65
48 66
48 69
48 72
48 75
48 76
48 78
48 79
48 81
48 84
48 86
48 90
48 93
48 95
48 96
48 115
48 118
48 122
48 123
48 124
48 127
48 128
48 130
48 134
48 152
48 157
48 158
48 159
48 160
48 163
48 164
48 167
48 173
48 174
48 175
48 182
48 189
48 193
48 194
48 196
48 198
48 199
48 201
48 205
48 212
48 215
48 217
48 224
48 225
48 226
48 232
48 237
48 238
48 240
48 246
48 247
48 248
48 251
48 260
48 262
48 265
48 267
48 268
48 269
48 274
48 278
48 285
48 287
48 289
48 291
48 295
48 297
49 51
49 58
49 62
49 63
49 64
49 65
49 67
49 73
49 74
49 75
49 76
49 85
49 89
49 97
49 98
49 106
49 107
49 108
49 112
49 114
49 119
49 124
49 127
49 131
49 133
49 138
49 140
49 141
49 143
49 147
49 151
49 153
49 155
49 156
49 160
49 162
49 163
49 164
49 170
49 174
49 175
49 179
49 180
49 181
49 182
49 188
49 190
49 191
49 193
49 195
49 197
49 204
49 210
49 213
49 220
49 222
49 224
49 226
49 228
49 235
49 238
49 239
49 242
49 244
49 256
49 258
49 264
49 266
49 268
49 274
49 283
49 285
49 288
49 289
49 291
49 292
49 297
50 55
50 56
50 61
50 69
50 71
50 74
50 77
50 84
50 86
50 89
50 94
50 95
50 99
50 101
50 108
50 114
50 118
50 119
50 120
50 122
50 125
50 132
50 134
50 135
50 138
50 139
50 143
50 148
50 154
50 162
50 163
50 169
50 171
50 176
50 178
50 182
50 192
50 198
50 201
50 209
50 210
50 213
50 214
50 220
50 221
50 224
50 228
50 230
50 231
50 237
50 241
50 245
50 251
50 263
50 265
50 271
50 272
50 275
50 276
50 279
50 281
50 287
50 293
50 294
50 296
51 52
51 65
51 69
51 73
51 75
51 76
51 84
51 85
51 96
51 97
51 105
51 107
51 108
51 120
51 125
51 126
51 127
51 129
51 131
51 133
51 134
51 137
51 140
51 147
51 149
51 152
51 155
51 158
51 163
51 165
51 168
51 176
51 177
51 180
51 181
51 182
51 190
51 196
51 198
51 203
51 205
51 208
51 209
51 212
51 216
51 222
51 227
51 230
51 231
51 232
51 233
51 234
51 235
51 236
51 249
51 255
51 259
51 265
51 266
51 269
51 275
51 280
51 282
51 285
51 286
51 287
51 291
51 299
52 53
52 54
52 57
52 59
52 60
52 64
52 71
52 76
52 77
52 78
52 79
52 83
52 84
52 93
52 94
52 102
52 104
52 105
52 110
52 111
52 122
52 123
52 126
52 127
52 129
52 130
52 131
52 139
52 146
52 151
52 166
52 168
52 171
52 172
52 176
52 179
52 182
52 183
52 185
52 189
52 193
52 195
52 199
52 200
52 201
52 204
52 211
52 217
52 226
52 228
52 230
52 231
52 232
52 236
52 238
52 239
52 241
52 244
52 247
52 251
52 252
52 254
52 255
52 256
52 259
52 260
52 263
52 264
52 265
52 270
52 271
52 273
52 276
52 287
52 289
52 294
52 295
52 298
53 55
53 56
53 57
53 61
53 66
53 68
53 70
53 74
53 78
53 80
53 84
53 85
53 88
53 89
53 95
53 99
53 102
53 103
53 105
53 111
53 118
53 121
53 122
53 126
53 127
53 129
53 135
53 138
53 141
53 143
53 146
53 148
53 150
53 151
53 155
53 159
53 161
53 167
53 176
53 178
53 186
53 187
53 188
53 193
53 194
53 195
53 196
53 199
53 200
53 201
53 204
53 210
53 212
53 214
53 216
53 217
53 220
53 226
53 237
53 238
53 241
53 242
53 245
53 249
53 258
53 261
53 262
53 266
53 269
53 271
53 272
53 273
53 276
53 277
53 280
53 281
53 282
54 56
54 58
54 61
54 64
54 69
54 71
54 72
54 76
54 77
54 87
54 88
54 89
54 90
54 93
54 99
54 101
54 102
54 103
54 105
54 114
54 116
54 117
54 121
54 128
54 131
54 134
54 135
54 144
54 145
54 149
54 156
54 163
54 167
54 169
54 171
54 175
54 178
54 179
54 180
54 181
54 184
54 186
54 194
54 195
54 196
54 198
54 201
54 207
54 208
54 210
54 216
54 219
54 221
54 222
54 227
54 228
54 231
54 241
54 250
54 262
54 263
54 269
54 271
54 273
54 274
54 276
54 281
54 282
54 291
54 292
54 293
54 294
54 295
54 299
55 58
55 59
55 62
55 71
55 72
55 74
55 83
55 87
55 89
55 95
55 97
55 107
55 121
55 128
55 130
55 136
55 139
55 140
55 141
55 148
55 155
55 156
55 158
55 159
55 160
55 165
55 170
55 171
55 172
55 177
55 184
55 185
55 187
55 188
55 191
55 193
55 196
55 197
55 201
55 203
55 208
55 210
55 212
55 225
55 229
55 230
55 231
55 233
55 234
55 235
55 243
55 244
55 245
55 249
55 250
55 251
55 253
55 255
55 256
55 257
55 258
55 259
55 263
55 269
55 273
55 275
55 279
55 282
55 285
55 288
55 292
55 294
55 297
55 298
55 299
56 63
56 65
56 67
56 72
56 73
56 78
56 81
56 85
56 86
56 87
56 90
56 91
56 95
56 96
56 97
56 104
56 107
56 108
56 109
56 110
56 112
56 113
56 116
56 117
56 121
56 123
56 124
56 125
56 128
56 133
56 135
56 138
56 139
56 140
56 141
56 142
56 143
56 148
56 151
56 153
56 155
56 157
56 159
56 169
56 175
56 178
56 183
56 188
56 194
56 200
56 202
56 205
56 209
56 210
56 212
56 216
56 223
56 224
56 227
56 236
56 239
56 240
56 241
56 243
56 248
56 256
56 259
56 264
56 269
56 270
56 277
56 280
56 282
56 283
56 284
56 287
56 288
56 290
56 292
56 293
56 295
57 58
57 61
57 63
57 67
57 68
57 69
57 72
57 73
57 76
57 77
57 78
57 80
57 82
57 86
57 94
57 95
57 96
57 97
57 98
57 99
57 104
57 106
57 107
57 116
57 118
57 119
57 120
57 121
57 123
57 124
57 126
57 127
57 128
57 131
57 135
57 141
57 142
57 144
57 148
57 154
57 155
57 157
57 158
57 160
57 163
57 164
57 167
57 168
57 170
57 180
57 183
57 184
57 187
57 190
57 192
57 193
57 194
57 195
57 201
57 206
57 210
57 214
57 225
57 233
57 235
57 239
57 249
57 252
57 253
57 254
57 258
57 261
57 265
57 269
57 272
57 281
57 282
57 286
57 288
57 292
57 293
57 296
58 59
58 60
58 79
58 83
58 89
58 92
58 95
58 96
58 98
58 103
58 104
58 107
58 110
58 114
58 115
58 116
58 120
58 121
58 122
58 125
58 127
58 128
58 131
58 132
58 133
58 136
58 137
58 138
58 140
58 146
58 147
58 148
58 157
58 161
58 163
58 165
58 166
58 167
58 171
58 177
58 179
58 180
58 181
58 185
58 190
58 191
58 194
58 198
58 203
58 204
58 207
58 209
58 212
58 219
58 225
58 226
58 227
58 228
58 233
58 234
58 239
58 243
58 248
58 257
58 261
58 263
58 264
58 267
58 274
58 282
58 285
58 290
58 292
58 295
59 67
59 69
59 70
59 72
59 75
59 78
59 79
59 84
59 85
59 88
59 89
59 93
59 94
59 104
59 105
59 107
59 111
59 112
59 115
59 117
59 118
59 125
59 127
59 135
59 136
59 140
59 143
59 144
59 146
59 150
59 153
59 155
59 156
59 157
59 165
59 167
59 173
59 175
59 176
59 177
59 178
59 179
59 180
59 187
59 188
59 189
59 198
59 200
59 202
59 203
59 211
59 213
59 214
59 216
59 221
59 223
59 238
59 242
59 243
59 246
59 253
59 254
59 255
59 257
59 263
59 265
59 268
59 269
59 274
59 275
59 276
59 291
59 293
59 294
59 295
60 71
60 77
60 79
60 86
60 96
60 98
60 99
60 101
60 103
60 109
60 112
60 114
60 117
60 121
60 122
60 125
60 127
60 135
60 138
60 147
60 153
60 154
60 155
60 157
60 159
60 171
60 176
60 181
60 184
60 188
60 189
60 191
60 195
60 197
60 204
60 207
60 208
60 213
60 214
60 215
60 219
60 220
60 226
60 231
60 233
60 237
60 238
60 239
60 240
60 241
60 243
60 245
60 248
60 252
60 255
60 259
60 261
60 263
60 268
60 269
60 271
60 275
60 276
60 294
60 295
60 297
60 299
61 62
61 63
61 65
61 67
61 79
61 81
61 84
61 85
61 91
61 93
61 94
61 95
61 97
61 102
61 103
61 108
61 109
61 111
61 116
61 119
61 122
61 140
61 143
61 148
61 149
61 153
61 155
61 158
61 159
61 161
61 167
61 174
61 176
61 180
61 188
61 192
61 194
61 198
61 205
61 206
61 208
61 209
61 212
61 213
61 216
61 217
61 220
61 221
61 222
61 223
61 226
61 227
61 231
61 233
61 234
61 237
61 240
61 248
61 249
61 251
61 259
61 260
61 262
61 263
61 265
61 268
61 272
61 273
61 279
61 280
61 282
61 286
61 290
61 293
61 294
61 298
62 69
62 73
62 76
62 77
62 78
62 82
62 83
62 88
62 90
62 95
62 96
62 103
62 109
62 111
62 115
62 127
62 129
62 130
62 131
62 132
62 133
62 135
62 138
62 142
62 144
62 146
62 151
62 155
62 158
62 159
62 161
62 163
62 166
62 167
62 169
62 170
62 172
62 176
62 181
62 189
62 191
62 192
62 193
62 196
62 198
62 200
62 201
62 206
62 208
62 209
62 213
62 215
62 218
62 219
62 221
62 222
62 223
62 226
62 233
62 236
62 237
62 240
62 242
62 248
62 251
62 257
62 262
62 263
62 271
62 278
62 280
62 285
62 286
62 287
62 288
62 289
62 291
63 67
63 81
63 85
63 88
63 94
63 97
63 100
63 104
63 106
63 118
63 119
63 123
63 131
63 137
63 138
63 144
63 145
63 146
63 148
63 150
63 155
63 160
63 163
63 166
63 168
63 171
63 172
63 173
63 186
63 187
63 189
63 191
63 194
63 200
63 205
63 210
63 211
63 214
63 220
63 223
63 225
63 235
63 237
63 240
63 244
63 253
63 254
63 261
63 263
63 264
63 265
63 266
63 267
63 270
63 271
63 278
63 280
63 281
63 282
63 284
63 286
63 289
63 292
63 293
64 66
64 76
64 80
64 81
64 85
64 91
64 92
64 93
64 95
64 100
64 101
64 103
64 104
64 107
64 108
64 112
64 116
64 117
64 118
64 120
64 122
64 125
64 126
64 127
64 131
64 136
64 137
64 139
64 140
64 141
64 143
64 145
64 146
64 147
64 148
64 151
64 154
64 156
64 158
64 162
64 163
64 169
64 176
64 181
64 182
64 193
64 195
64 197
64 199
64 200
64 205
64 207
64 208
64 210
64 211
64 219
64 220
64 221
64 222
64 224
64 225
64 228
64 229
64 236
64 240
64 242
64 243
64 244
64 247
64 248
64 255
64 258
64 261
64 274
64 288
65 72
65 83
65 86
65 87
65 88
65 95
65 98
65 99
65 104
65 108
65 109
65 118
65 120
65 122
65 123
65 125
65 128
65 131
65 136
65 143
65 144
65 147
65 156
65 159
65 160
65 167
65 179
65 188
65 190
65 191
65 193
65 194
65 198
65 200
65 202
65 203
65 205
65 208
65 209
65 215
65 218
65 226
65 229
65 231
65 237
65 239
65 245
65 246
65 248
65 256
65 259
65 263
65 266
65 268
65 270
65 271
65 272
65 273
65 276
65 285
65 288
65 289
65 290
65 291
65 298
65 299
66 67
66 69
66 71
66 75
66 76
66 77
66 93
66 94
66 97
66 99
66 102
66 103
66 104
66 105
66 108
66 109
66 112
66 113
66 115
66 116
66 117
66 121
66 123
66 124
66 128
66 131
66 135
66 137
66 140
66 141
66 142
66 145
66 151
66 157
66 160
66 162
66 169
66 170
66 171
66 172
66 176
66 177
66 178
66 181
66 184
66 188
66 191
66 195
66 198
66 200
66 204
66 206
66 209
66 211
66 214
66 215
66 220
66 222
66 226
66 227
66 228
66 230
66 231
66 232
66 234
66 236
66 237
66 241
66 242
66 244
66 253
66 258
66 261
66 262
66 266
66 269
66 270
66 273
66 274
66 276
66 277
66 283
66 285
66 293
66 296
66 297
67 69
67 70
67 75
67 81
67 83
67 93
67 94
67 96
67 102
67 105
67 111
67 113
67 121
67 123
67 128
67 129
67 134
67 135
67 138
67 145
67 147
67 149
67 154
67 155
67 161
67 176
67 177
67 181
67 183
67 185
67 186
67 190
67 191
67 193
67 194
67 203
67 206
67 208
67 209
67 214
67 218
67 222
67 230
67 231
67 232
67 234
67 235
67 242
67 244
67 256
67 259
67 263
67 267
67 268
67 269
67 270
67 271
67 278
67 279
67 284
67 286
67 290
67 293
68 75
68 76
68 77
68 80
68 85
68 89
68 94
68 96
68 113
68 115
68 119
68 122
68 123
68 124
68 125
68 127
68 133
68 137
68 147
68 149
68 157
68 159
68 167
68 168
68 170
68 176
68 179
68 185
68 186
68 188
68 191
68 194
68 196
68 198
68 199
68 201
68 204
68 212
68 218
68 219
68 222
68 225
68 226
68 231
68 234
68 237
68 238
68 244
68 245
68 247
68 251
68 255
68 258
68 261
68 265
68 269
68 270
68 283
68 284
68 289
68 290
68 291
68 298
69 73
69 84
69 86
69 87
69 88
69 89
69 92
69 97
69 101
69 103
69 105
69 114
69 115
69 118
69 121
69 122
69 130
69 131
69 132
69 133
69 135
69 137
69 139
69 144
69 149
69 153
69 154
69 155
69 156
69 162
69 164
69 165
69 166
69 167
69 168
69 170
69 172
69 174
69 175
69 180
69 181
69 183
69 184
69 188
69 190
69 196
69 197
69 202
69 206
69 208
69 211
69 218
69 220
69 221
69 222
69 227
69 228
69 229
69 230
69 234
69 235
69 243
69 244
69 245
69 249
69 250
69 256
69 260
69 261
69 267
69 268
69 269
69 274
69 277
69 278
69 286
69 291
69 294
70 73
70 74
70 75
70 80
70 82
70 84
70 88
70 89
70 92
70 93
70 96
70 104
70 108
70 109
70 110
70 115
70 116
70 121
70 124
70 125
70 126
70 128
70 138
70 139
70 140
70 145
70 146
70 147
70 149
70 158
70 162
70 163
70 164
70 166
70 167
70 168
70 172
70 173
70 176
70 180
70 182
70 185
70 186
70 189
70 191
70 192
70 194
70 195
70 196
70 197
70 203
70 206
70 208
70 209
70 210
70 213
70 215
70 218
70 221
70 222
70 224
70 225
70 230
70 231
70 232
70 234
70 235
70 236
70 239
70 241
70 243
70 245
70 248
70 249
70 251
70 252
70 255
70 257
70 258
70 262
70 267
70 270
70 272
70 274
70 295
70 296
70 298
71 73
71 74
71 80
71 84
71 89
71 90
71 91
71 93
71 107
71 108
71 110
71 111
71 115
71 119
71 125
71 126
71 128
71 131
71 133
71 146
71 147
71 152
71 161
71 162
71 164
71 166
71 168
71 170
71 173
71 179
71 181
71 186
71 187
71 188
71 196
71 198
71 199
71 202
71 203
71 205
71 207
71 208
71 215
71 217
71 219
71 221
71 222
71 225
71 231
71 235
71 236
71 239
71 241
71 248
71 251
71 253
71 258
71 261
71 264
71 265
71 282
71 287
71 292
71 295
71 296
71 299
72 79
72 82
72 84
72 89
72 90
72 91
72 93
72 95
72 99
72 100
72 105
72 119
72 120
72 123
72 125
72 134
72 135
72 137
72 138
72 142
72 146
72 149
72 152
72 155
72 156
72 157
72 164
72 166
72 171
72 180
72 182
72 186
72 188
72 189
72 190
72 195
72 196
72 201
72 205
72 208
72 209
72 211
72 221
72 222
72 223
72 227
72 228
72 229
72 230
72 231
72 234
72 235
72 238
72 239
72 242
72 244
72 247
72 251
72 257
72 259
72 262
72 264
72 265
72 269
72 279
72 282
72 287
72 290
72 292
72 295
72 296
72 298
72 299
73 77
73 79
73 87
73 90
73 93
73 94
73 98
73 102
73 108
73 111
73 115
73 126
73 127
73 128
73 129
73 130
73 134
73 135
73 138
73 140
73 146
73 148
73 150
73 155
73 160
73 161
73 162
73 168
73 171
73 176
73 177
73 179
73 181
73 184
73 186
73 189
73 192
73 196
73 200
73 202
73 207
73 216
73 219
73 220
73 223
73 224
73 228
73 231
73 233
73 237
73 239
73 245
73 246
73 249
73 253
73 265
73 266
73 268
73 269
73 275
73 276
73 281
73 284
73 288
73 297
73 299
74 77
74 84
74 87
74 91
74 92
74 94
74 96
74 107
74 111
74 122
74 123
74 124
74 125
74 134
74 137
74 141
74 142
74 149
74 152
74 157
74 163
74 164
74 167
74 168
74 169
74 174
74 177
74 181
74 183
74 185
74 186
74 188
74 201
74 208
74 209
74 211
74 212
74 214
74 215
74 216
74 218
74 223
74 226
74 230
74 232
74 236
74 238
74 241
74 242
74 243
74 244
74 253
74 256
74 259
74 263
74 266
74 267
74 270
74 271
74 276
74 277
74 278
74 281
74 284
74 288
74 289
74 296
75 76
75 82
75 83
75 95
75 98
75 99
75 104
75 105
75 106
75 107
75 109
75 110
75 114
75 121
75 122
75 125
75 126
75 131
75 133
75 136
75 137
75 142
75 143
75 150
75 151
75 152
75 156
75 161
75 162
75 164
75 165
75 167
75 168
75 169
75 172
75 180
75 188
75 193
75 198
75 199
75 205
75 210
75 218
75 225
75 227
75 232
75 233
75 239
75 248
75 249
75 251
75 254
75 262
75 264
75 268
75 269
75 274
75 275
75 276
75 277
75 279
75 283
75 291
75 294
75 297
76 78
76 80
76 85
76 87
76 88
76 89
76 90
76 91
76 96
76 97
76 99
76 104
76 106
76 109
76 115
76 117
76 119
76 120
76 122
76 125
76 135
76 138
76 142
76 144
76 145
76 149
76 150
76 153
76 160
76 167
76 171
76 173
76 180
76 190
76 191
76 193
76 194
76 199
76 202
76 203
76 209
76 210
76 212
76 213
76 214
76 215
76 216
76 218
76 228
76 232
76 235
76 236
76 241
76 244
76 245
76 246
76 258
76 260
76 262
76 273
76 279
76 280
76 281
76 285
76 286
76 287
76 296
76 298
77 81
77 83
77 84
77 92
77 95
77 97
77 104
77 109
77 112
77 113
77 118
77 122
77 124
77 125
77 126
77 127
77 130
77 136
77 139
77 141
77 143
77 144
77 148
77 149
77 152
77 154
77 156
77 160
77 161
77 163
77 165
77 169
77 170
77 173
77 176
77 177
77 180
77 181
77 190
77 197
77 204
77 210
77 213
77 227
77 232
77 234
77 235
77 237
77 248
77 250
77 251
77 254
77 256
77 257
77 264
77 274
77 275
77 278
77 280
77 282
77 283
77 286
77 287
77 288
77 289
77 291
77 294
77 297
78 85
78 88
78 91
78 92
78 96
78 97
78 116
78 118
78 124
78 126
78 128
78 130
78 137
78 143
78 156
78 157
78 158
78 159
78 162
78 166
78 177
78 180
78 187
78 188
78 190
78 191
78 192
78 194
78 196
78 199
78 201
78 206
78 210
78 216
78 217
78 218
78 219
78 222
78 228
78 231
78 232
78 234
78 237
78 240
78 241
78 242
78 243
78 245
78 251
78 252
78 253
78 255
78 259
78 261
78 265
78 268
78 269
78 270
78 279
78 282
78 283
78 285
78 288
78 290
78 291
78 294
78 296
78 298
78 299
79 80
79 81
79 85
79 86
79 101
79 102
79 106
79 107
79 112
79 113
79 115
79 118
79 122
79 123
79 125
79 126
79 127
79 132
79 133
79 134
79 136
79 138
79 143
79 144
79 145
79 147
79 151
79 154
79 158
79 160
79 163
79 169
79 170
79 171
79 174
79 175
79 176
79 177
79 178
79 180
79 181
79 182
79 186
79 189
79 190
79 195
79 197
79 200
79 204
79 206
79 207
79 210
79 214
79 215
79 218
79 220
79 223
79 225
79 230
79 231
79 232
79 235
79 238
79 241
79 242
79 243
79 245
79 247
79 248
79 249
79 251
79 256
79 265
79 271
79 274
79 281
79 282
79 285
79 288
79 291
79 298
79 299
80 81
80 84
80 92
80 93
80 94
80 96
80 101
80 105
80 107
80 108
80 113
80 123
80 126
80 128
80 131
80 133
80 134
80 137
80 139
80 144
80 151
80 158
80 160
80 161
80 165
80 166
80 170
80 171
80 172
80 173
80 178
80 183
80 185
80 189
80 194
80 196
80 197
80 198
80 199
80 200
80 201
80 203
80 205
80 206
80 207
80 211
80 214
80 216
80 219
80 221
80 222
80 231
80 234
80 235
80 237
80 244
80 247
80 248
80 253
80 255
80 263
80 264
80 265
80 272
80 276
80 280
80 283
80 288
80 289
80 296
80 298
80 299
81 83
81 88
81 95
81 99
81 101
81 104
81 106
81 108
81 109
81 110
81 120
81 121
81 122
81 126
81 130
81 140
81 145
81 146
81 148
81 149
81 150
81 151
81 155
81 156
81 161
81 163
81 171
81 173
81 177
81 181
81 182
81 186
81 190
81 193
81 194
81 195
81 196
81 199
81 202
81 205
81 208
81 212
81 216
81 219
81 221
81 222
81 233
81 242
81 245
81 249
81 253
81 254
81 262
81 265
81 267
81 270
81 275
81 288
81 293
81 295
81 296
81 298
82 83
82 86
82 90
82 94
82 96
82 110
82 114
82 116
82 117
82 119
82 123
82 125
82 127
82 130
82 135
82 143
82 147
82 148
82 149
82 151
82 154
82 157
82 159
82 168
82 173
82 178
82 186
82 190
82 193
82 194
82 195
82 197
82 199
82 200
82 201
82 207
82 210
82 215
82 218
82 227
82 239
82 242
82 245
82 252
82 255
82 257
82 262
82 267
82 269
82 270
82 271
82 274
82 276
82 277
82 280
82 285
82 288
82 291
82 294
82 296
82 298
82 299
83 84
83 89
83 93
83 95
83 96
83 97
83 101
83 106
83 112
83 114
83 115
83 117
83 122
83 123
83 125
83 126
83 131
83 132
83 135
83 136
83 137
83 138
83 148
83 151
83 157
83 162
83 163
83 164
83 166
83 167
83 168
83 176
83 184
83 185
83 186
83 189
83 194
83 195
83 201
83 206
83 209
83 210
83 214
83 216
83 219
83 221
83 225
83 226
83 227
83 228
83 229
83 230
83 238
83 243
83 246
83 248
83 252
83 264
83 265
83 269
83 270
83 271
83 272
83 273
83 274
83 276
83 282
83 286
83 289
83 291
83 296
83 298
83 299
84 89
84 90
84 92
84 98
84 107
84 113
84 114
84 115
84 117
84 119
84 123
84 125
84 128
84 130
84 131
84 132
84 133
84 139
84 154
84 160
84 164
84 167
84 169
84 175
84 179
84 187
84 191
84 193
84 198
84 199
84 202
84 207
84 211
84 222
84 223
84 225
84 227
84 233
84 236
84 243
84 252
84 254
84 256
84 259
84 261
84 264
84 269
84 270
84 271
84 273
84 278
84 279
84 282
84 283
84 284
84 293
84 296
84 298
85 88
85 90
85 92
85 95
85 101
85 103
85 111
85 112
85 117
85 124
85 127
85 129
85 132
85 135
85 138
85 150
85 151
85 152
85 154
85 156
85 158
85 159
85 164
85 165
85 168
85 171
85 174
85 175
85 177
85 178
85 179
85 183
85 186
85 188
85 190
85 191
85 193
85 194
85 196
85 200
85 201
85 202
85 206
85 211
85 213
85 214
85 217
85 223
85 225
85 232
85 236
85 241
85 245
85 246
85 256
85 257
85 258
85 259
85 261
85 266
85 268
85 269
85 270
85 272
85 279
85 280
85 281
85 283
85 287
85 290
85 291
85 292
85 293
85 295
85 296
86 89
86 94
86 95
86 97
86 99
86 103
86 104
86 108
86 111
86 114
86 116
86 121
86 122
86 123
86 125
86 128
86 132
86 134
86 137
86 138
86 146
86 147
86 152
86 153
86 162
86 164
86 168
86 176
86 177
86 180
86 184
86 188
86 195
86 197
86 198
86 199
86 201
86 202
86 206
86 210
86 212
86 216
86 220
86 223
86 224
86 225
86 229
86 232
86 233
86 237
86 238
86 239
86 243
86 247
86 248
86 249
86 259
86 263
86 269
86 270
86 272
86 274
86 275
86 278
86 279
86 281
86 284
86 287
86 288
86 289
86 292
87 89
87 90
87 93
87 97
87 98
87 100
87 105
87 108
87 129
87 130
87 131
87 132
87 133
87 142
87 143
87 144
87 148
87 154
87 165
87 169
87 170
87 173
87 174
87 176
87 178
87 181
87 199
87 201
87 202
87 203
87 206
87 208
87 209
87 212
87 217
87 223
87 226
87 227
87 231
87 234
87 238
87 243
87 246
87 247
87 248
87 250
87 251
87 257
87 261
87 263
87 266
87 267
87 278
87 281
87 285
87 289
87 293
87 298
87 299
88 89
88 92
88 100
88 101
88 102
88 104
88 107
88 109
88 110
88 116
88 119
88 120
88 122
88 123
88 132
88 136
88 137
88 141
88 143
88 144
88 146
88 152
88 154
88 156
88 157
88 158
88 159
88 162
88 163
88 164
88 166
88 174
88 176
88 178
88 179
88 181
88 186
88 190
88 192
88 201
88 204
88 206
88 211
88 213
88 214
88 216
88 223
88 224
88 229
88 230
88 233
88 234
88 236
88 237
88 239
88 241
88 242
88 250
88 253
88 262
88 263
88 264
88 272
88 276
88 278
88 282
88 285
88 293
88 298
89 94
89 96
89 97
89 101
89 102
89 107
89 112
89 118
89 123
89 124
89 125
89 127
89 129
89 131
89 132
89 141
89 146
89 150
89 152
89 156
89 158
89 164
89 167
89 175
89 176
89 183
89 185
89 188
89 193
89 196
89 200
89 205
89 206
89 208
89 212
89 216
89 218
89 219
89 220
89 223
89 224
89 225
89 226
89 231
89 234
89 240
89 245
89 246
89 250
89 254
89 257
89 260
89 261
89 265
89 267
89 270
89 271
89 272
89 274
89 276
89 277
89 280
89 281
89 283
89 289
89 291
90 91
90 92
90 103
90 106
90 111
90 113
90 114
90 116
90 117
90 118
90 125
90 126
90 127
90 131
90 136
90 137
90 139
90 140
90 147
90 149
90 151
90 162
90 165
90 183
90 184
90 187
90 196
90 197
90 205
90 207
90 213
90 217
90 224
90 226
90 229
90 232
90 233
90 242
90 245
90 247
90 248
90 249
90 250
90 258
90 262
90 267
90 271
90 272
90 275
90 278
90 281
90 282
90 283
90 290
90 294
91 94
91 96
91 100
91 103
91 106
91 108
91 115
91 116
91 119
91 122
91 129
91 131
91 143
91 145
91 148
91 149
91 150
91 153
91 155
91 161
91 167
91 171
91 177
91 178
91 180
91 192
91 194
91 196
91 197
91 199
91 202
91 209
91 210
91 219
91 222
91 223
91 226
91 229
91 233
91 239
91 243
91 245
91 248
91 253
91 254
91 258
91 262
91 263
91 272
91 273
91 274
91 277
91 284
91 285
91 291
91 295
92 94
92 96
92 101
92 110
92 111
92 116
92 122
92 138
92 142
92 147
92 152
92 154
92 158
92 161
92 164
92 165
92 169
92 174
92 187
92 189
92 193
92 194
92 196
92 198
92 201
92 202
92 203
92 206
92 209
92 212
92 214
92 216
92 218
92 236
92 239
92 241
92 245
92 246
92 255
92 257
92 259
92 263
92 268
92 271
92 274
92 275
92 280
92 286
92 291
92 293
92 295
92 298
93 100
93 107
93 109
93 110
93 111
93 120
93 122
93 126
93 129
93 133
93 135
93 141
93 147
93 150
93 153
93 161
93 164
93 167
93 169
93 173
93 179
93 185
93 187
93 188
93 191
93 192
93 194
93 201
93 204
93 205
93 207
93 208
93 209
93 212
93 213
93 216
93 221
93 222
93 225
93 227
93 233
93 234
93 235
93 237
93 238
93 239
93 241
93 249
93 252
93 255
93 256
93 259
93 260
93 262
93 263
93 268
93 274
93 276
93 281
93 283
93 285
93 288
93 289
93 290
93 293
93 294
94 99
94 100
94 101
94 105
94 107
94 110
94 111
94 112
94 113
94 116
94 117
94 122
94 123
94 127
94 130
94 135
94 137
94 139
94 141
94 143
94 144
94 146
94 147
94 148
94 152
94 154
94 165
94 170
94 172
94 173
94 174
94 176
94 178
94 180
94 181
94 186
94 197
94 198
94 200
94 210
94 217
94 221
94 224
94 226
94 227
94 230
94 232
94 233
94 234
94 238
94 239
94 243
94 247
94 249
94 250
94 251
94 254
94 257
94 262
94 271
94 275
94 278
94 289
94 296
94 297
95 98
95 101
95 105
95 108
95 116
95 117
95 122
95 124
95 127
95 129
95 133
95 139
95 142
95 146
95 149
95 150
95 152
95 154
95 158
95 160
95 161
95 165
95 166
95 168
95 171
95 173
95 179
95 181
95 182
95 187
95 189
95 190
95 191
95 194
95 200
95 201
95 203
95 205
95 208
95 210
95 213
95 217
95 219
95 221
95 226
95 227
95 229
95 234
95 238
95 244
95 248
95 249
95 250
95 255
95 260
95 261
95 271
95 275
95 276
95 277
95 281
95 285
95 286
95 289
95 290
95 291
95 299
96 97
96 98
96 105
96 107
96 111
96 118
96 122
96 131
96 133
96 134
96 141
96 143
96 144
96 146
96 148
96 150
96 158
96 160
96 161
96 164
96 166
96 167
96 170
96 172
96 176
96 177
96 178
96 182
96 197
96 199
96 200
96 207
96 217
96 219
96 224
96 227
96 232
96 233
96 238
96 242
96 245
96 247
96 250
96 258
96 260
96 261
96 265
96 268
96 271
96 272
96 289
96 290
96 291
96 294
96 295
96 297
96 299
97 101
97 104
97 105
97 106
97 112
97 114
97 115
97 116
97 117
97 122
97 124
97 129
97 130
97 131
97 135
97 136
97 137
97 144
97 147
97 148
97 151
97 153
97 155
97 156
97 160
97 161
97 162
97 181
97 184
97 187
97 191
97 192
97 194
97 198
97 199
97 200
97 201
97 205
97 211
97 212
97 215
97 217
97 222
97 231
97 239
97 240
97 241
97 242
97 255
97 265
97 273
97 275
97 276
97 280
97 281
97 284
97 289
97 293
97 296
97 298
98 100
98 102
98 103
98 108
98 111
98 122
98 123
98 124
98 125
98 126
98 131
98 145
98 149
98 150
98 154
98 161
98 164
98 165
98 166
98 175
98 182
98 188
98 189
98 193
98 194
98 196
98 205
98 206
98 207
98 213
98 214
98 217
98 219
98 222
98 230
98 231
98 234
98 235
98 236
98 237
98 243
98 244
98 248
98 255
98 256
98 262
98 264
98 265
98 267
98 270
98 271
98 273
98 276
98 278
98 279
98 280
98 281
98 284
98 287
98 288
98 290
99 109
99 124
99 126
99 127
99 128
99 129
99 130
99 131
99 132
99 133
99 145
99 146
99 147
99 152
99 163
99 164
99 169
99 171
99 172
99 173
99 175
99 178
99 180
99 186
99 188
99 192
99 193
99 194
99 195
99 205
99 206
99 212
99 213
99 226
99 238
99 243
99 247
99 251
99 255
99 256
99 261
99 265
99 267
99 270
99 271
99 273
99 274
99 276
99 279
99 280
99 288
99 289
99 290
99 291
99 298
99 299
100 102
100 105
100 107
100 113
100 120
100 125
100 130
100 132
100 133
100 134
100 138
100 139
100 141
100 147
100 148
100 149
100 151
100 152
100 155
100 156
100 158
100 160
100 162
100 164
100 165
100 169
100 173
100 178
100 188
100 192
100 194
100 195
100 198
100 199
100 201
100 203
100 204
100 206
100 208
100 209
100 211
100 212
100 214
100 215
100 218
100 225
100 231
100 233
100 234
100 240
100 241
100 244
100 245
100 246
100 248
100 251
100 256
100 257
100 258
100 260
100 263
100 264
100 268
100 269
100 275
100 280
100 284
100 286
100 290
100 294
100 295
100 297
100 299
101 103
101 105
101 107
101 108
101 111
101 113
101 115
101 118
101 124
101 127
101 128
101 129
101 130
101 132
101 134
101 135
101 137
101 142
101 143
101 147
101 148
101 153
101 156
101 158
101 164
101 166
101 167
101 171
101 172
101 173
101 174
101 176
101 179
101 182
101 187
101 199
101 202
101 204
101 208
101 209
101 211
101 214
101 215
101 217
101 218
101 222
101 225
101 228
101 230
101 231
101 233
101 234
101 235
101 236
101 238
101 244
101 247
101 249
101 257
101 259
101 262
101 266
101 273
101 278
101 281
101 290
101 293
101 294
102 104
102 106
102 107
102 108
102 109
102 115
102 118
102 120
102 121
102 123
102 124
102 125
102 127
102 130
102 133
102 135
102 137
102 141
102 150
102 153
102 156
102 158
102 161
102 163
102 170
102 172
102 175
102 176
102 177
102 178
102 180
102 181
102 182
102 184
102 185
102 187
102 188
102 193
102 199
102 202
102 207
102 218
102 221
102 222
102 229
102 232
102 235
102 236
102 238
102 239
102 246
102 252
102 254
102 258
102 259
102 262
102 267
102 270
102 271
102 272
102 278
102 282
102 296
102 299
103 104
103 107
103 109
103 112
103 119
103 125
103 128
103 136
103 137
103 139
103 141
103 143
103 145
103 148
103 152
103 157
103 159
103 163
103 165
103 166
103 172
103 173
103 178
103 183
103 185
103 186
103 187
103 192
103 193
103 196
103 199
103 202
103 204
103 213
103 225
103 229
103 230
103 231
103 234
103 235
103 238
103 239
103 241
103 246
103 257
103 259
103 262
103 263
103 267
103 268
103 273
103 275
103 276
103 283
103 285
103 290
103 291
103 292
103 298
104 105
104 106
104 107
104 108
104 109
104 113
104 115
104 117
104 118
104 121
104 125
104 130
104 135
104 137
104 149
104 151
104 152
104 154
104 160
104 167
104 168
104 169
104 170
104 176
104 177
104 180
104 181
104 182
104 185
104 190
104 191
104 198
104 199
104 203
104 205
104 209
104 212
104 217
104 218
104 219
104 220
104 223
104 230
104 236
104 238
104 244
104 245
104 247
104 251
104 253
104 257
104 258
104 259
104 261
104 269
104 272
104 273
104 283
104 284
104 287
104 288
104 289
104 293
104 295
104 299
105 107
105 110
105 117
105 119
105 120
105 122
105 129
105 130
105 133
105 136
105 141
105 145
105 146
105 147
105 148
105 151
105 152
105 154
105 162
105 165
105 166
105 169
105 170
105 173
105 186
105 187
105 191
105 198
105 204
105 205
105 206
105 208
105 210
105 215
105 219
105 221
105 223
105 229
105 233
105 235
105 236
105 239
105 244
105 245
105 247
105 255
105 263
105 264
105 265
105 268
105 269
105 271
105 272
105 275
105 280
105 283
105 287
105 290
105 294
105 295
106 108
106 111
106 113
106 114
106 120
106 121
106 122
106 126
106 127
106 131
106 133
106 134
106 138
106 140
106 146
106 147
106 148
106 156
106 164
106 170
106 172
106 174
106 177
106 179
106 184
106 188
106 190
106 191
106 192
106 198
106 199
106 202
106 204
106 206
106 210
106 216
106 219
106 224
106 227
106 228
106 232
106 234
106 238
106 242
106 243
106 244
106 255
106 259
106 260
106 261
106 265
106 267
106 268
106 270
106 275
106 282
106 285
106 289
106 290
106 294
106 295
106 296
107 108
107 111
107 112
107 113
107 118
107 120
107 123
107 129
107 130
107 131
107 132
107 134
107 136
107 140
107 145
107 150
107 152
107 153
107 154
107 157
107 159
107 163
107 165
107 169
107 172
107 173
107 174
107 178
107 181
107 184
107 186
107 187
107 189
107 191
107 195
107 199
107 203
107 206
107 214
107 216
107 219
107 221
107 227
107 230
107 237
107 238
107 239
107 241
107 244
107 246
107 251
107 253
107 256
107 260
107 261
107 262
107 263
107 267
107 271
107 276
107 281
107 282
107 283
107 284
107 287
107 289
107 290
107 292
107 293
107 294
107 295
108 110
108 114
108 117
108 119
108 129
108 132
108 133
108 135
108 136
108 138
108 140
108 144
108 145
108 147
108 148
108 151
108 152
108 153
108 154
108 157
108 173
108 176
108 178
108 181
108 183
108 184
108 190
108 191
108 193
108 197
108 202
108 208
108 216
108 217
108 221
108 230
108 232
108 234
108 237
108 241
108 242
108 244
108 254
108 258
108 260
108 262
108 263
108 264
108 265
108 269
108 278
108 279
108 289
108 290
108 293
108 295
108 296
109 111
109 112
109 113
109 121
109 128
109 129
109 131
109 134
109 138
109 140
109 142
109 143
109 150
109 157
109 159
109 161
109 166
109 168
109 169
109 170
109 172
109 179
109 181
109 184
109 187
109 189
109 190
109 192
109 196
109 201
109 206
109 211
109 215
109 216
109 217
109 220
109 231
109 236
109 237
109 239
109 243
109 246
109 248
109 250
109 252
109 254
109 260
109 270
109 273
109 280
109 285
109 286
109 290
109 291
109 292
109 299
110 111
110 113
110 117
110 121
110 122
110 123
110 125
110 126
110 127
110 134
110 139
110 142
110 144
110 150
110 157
110 159
110 170
110 173
110 180
110 182
110 189
110 190
110 191
110 196
110 197
110 198
110 199
110 207
110 208
110 211
110 216
110 217
110 220
110 222
110 225
110 242
110 243
110 246
110 247
110 250
110 251
110 255
110 256
110 260
110 262
110 264
110 268
110 269
110 272
110 274
110 278
110 279
110 283
110 286
110 288
110 290
110 291
111 113
111 115
111 117
111 122
111 125
111 131
111 132
111 135
111 137
111 138
111 139
111 141
111 145
111 156
111 157
111 159
111 167
111 172
111 175
111 178
111 185
111 189
111 192
111 209
111 211
111 216
111 218
111 219
111 222
111 228
111 232
111 233
111 235
111 236
111 238
111 239
111 240
111 243
111 244
111 248
111 251
111 253
111 260
111 262
111 264
111 269
111 272
111 273
111 276
111 278
111 282
111 286
111 288
111 291
111 292
112 119
112 120
112 122
112 123
112 125
112 126
112 128
112 129
112 132
112 133
112 139
112 140
112 149
112 153
112 157
112 162
112 164
112 170
112 181
112 185
112 192
112 195
112 204
112 205
112 206
112 207
112 209
112 210
112 213
112 214
112 223
112 229
112 231
112 237
112 247
112 255
112 257
112 258
112 259
112 261
112 262
112 263
112 267
112 268
112 269
112 274
112 275
112 278
112 279
112 283
112 286
112 287
112 288
112 290
112 292
113 115
113 122
113 125
113 126
113 127
113 128
113 129
113 130
113 136
113 145
113 148
113 149
113 154
113 165
113 167
113 168
113 171
113 175
113 186
113 187
113 189
113 192
113 195
113 200
113 202
113 204
113 205
113 211
113 215
113 217
113 218
113 219
113 220
113 228
113 229
113 231
113 233
113 237
113 239
113 241
113 243
113 248
113 250
113 252
113 254
113 256
113 259
113 263
113 267
113 268
113 269
113 271
113 276
113 282
113 288
113 290
113 293
113 295
113 296
113 299
114 117
114 123
114 124
114 127
114 129
114 130
114 137
114 141
114 145
114 146
114 150
114 151
114 158
114 159
114 167
114 171
114 176
114 181
114 182
114 186
114 188
114 191
114 196
114 198
114 200
114 205
114 206
114 207
114 212
114 214
114 220
114 221
114 223
114 224
114 230
114 232
114 233
114 238
114 240
114 241
114 244
114 245
114 250
114 251
114 253
114 256
114 259
114 261
114 262
114 269
114 270
114 272
114 279
114 280
114 281
114 282
114 283
114 284
114 292
114 297
114 298
115 120
115 124
115 129
115 130
115 133
115 138
115 139
115 151
115 152
115 154
115 160
115 166
115 172
115 173
115 174
115 175
115 176
115 178
115 179
115 181
115 184
115 190
115 192
115 208
115 211
115 213
115 216
115 224
115 226
115 227
115 229
115 231
115 232
115 236
115 244
115 248
115 251
115 260
115 262
115 265
115 267
115 271
115 273
115 276
115 280
115 283
115 284
115 285
115 286
115 290
115 291
115 292
115 297
115 299
116 121
116 124
116 126
116 129
116 132
116 139
116 142
116 147
116 149
116 152
116 155
116 164
116 165
116 167
116 168
116 169
116 172
116 173
116 174
116 176
116 177
116 179
116 181
116 185
116 188
116 189
116 193
116 194
116 196
116 198
116 200
116 201
116 202
116 203
116 205
116 206
116 207
116 211
116 212
116 213
116 217
116 219
116 220
116 238
116 241
116 242
116 243
116 245
116 259
116 265
116 272
116 273
116 274
116 276
116 277
116 281
116 282
116 285
116 287
116 290
116 292
116 295
116 297
117 127
117 128
117 131
117 132
117 133
117 135
117 139
117 143
117 146
117 152
117 158
117 165
117 171
117 172
117 181
117 182
117 185
117 186
117 188
117 189
117 192
117 195
117 196
117 197
117 201
117 210
117 215
117 216
117 218
117 219
117 221
117 225
117 229
117 230
117 234
117 235
117 236
117 238
117 242
117 249
117 253
117 258
117 260
117 261
117 266
117 267
117 275
117 278
117 280
117 281
117 283
117 286
117 291
117 295
117 296
118 125
118 137
118 140
118 141
118 150
118 153
118 157
118 160
118 162
118 164
118 165
118 166
118 167
118 169
118 170
118 172
118 175
118 176
118 181
118 185
118 186
118 191
118 192
118 194
118 199
118 200
118 202
118 204
118 207
118 214
118 216
118 218
118 221
118 223
118 230
118 236
118 238
118 239
118 241
118 246
118 247
118 249
118 255
118 256
118 258
118 259
118 265
118 266
118 267
118 268
118 271
118 273
118 278
118 279
118 280
118 281
118 283
118 285
118 287
118 296
119 127
119 129
119 130
119 132
119 137
119 145
119 146
119 155
119 156
119 160
119 163
119 167
119 171
119 174
119 177
119 185
119 196
119 197
119 198
119 200
119 206
119 207
119 213
119 214
119 221
119 222
119 232
119 235
119 237
119 241
119 243
119 244
119 250
119 257
119 261
119 262
119 266
119 272
119 273
119 274
119 277
119 282
119 283
119 285
119 286
119 287
119 288
119 289
119 290
119 293
119 297
120 126
120 127
120 129
120 131
120 138
120 142
120 144
120 147
120 149
120 151
120 156
120 166
120 167
120 176
120 177
120 178
120 179
120 181
120 190
120 196
120 198
120 200
120 203
120 206
120 207
120 212
120 214
120 216
120 217
120 218
120 220
120 221
120 222
120 225
120 231
120 241
120 242
120 244
120 248
120 257
120 258
120 260
120 262
120 265
120 270
120 274
120 279
120 280
120 284
120 287
120 288
120 298
120 299
121 125
121 128
121 129
121 133
121 137
121 138
121 139
121 142
121 144
121 149
121 152
121 167
121 170
121 171
121 172
121 173
121 175
121 181
121 184
121 193
121 202
121 205
121 213
121 214
121 215
121 217
121 219
121 221
121 222
121 225
121 229
121 230
121 234
121 239
121 242
121 251
121 252
121 257
121 258
121 263
121 267
121 275
121 277
121 278
121 285
121 292
121 295
121 297
121 298
122 123
122 124
122 125
122 133
122 134
122 140
122 141
122 142
122 143
122 147
122 149
122 153
122 155
122 156
122 157
122 158
122 159
122 160
122 168
122 169
122 173
122 175
122 180
122 182
122 189
122 191
122 194
122 204
122 207
122 211
122 212
122 214
122 216
122 217
122 222
122 224
122 228
122 230
122 233
122 236
122 243
122 245
122 252
122 260
122 263
122 267
122 271
122 272
122 274
122 276
122 284
122 288
122 290
122 293
122 298
123 125
123 129
123 133
123 136
123 138
123 143
123 147
123 150
123 151
123 152
123 153
123 154
123 156
123 166
123 167
123 170
123 171
123 173
123 175
123 184
123 189
123 190
123 192
123 193
123 201
123 204
123 207
123 208
123 210
123 212
123 218
123 225
123 227
123 234
123 235
123 236
123 238
123 242
123 247
123 251
123 255
123 256
123 259
123 260
123 262
123 271
123 274
123 275
123 276
123 279
123 280
123 286
123 288
123 294
123 296
123 298
124 125
124 126
124 128
124 133
124 135
124 139
124 143
124 144
124 146
124 150
124 152
124 153
124 157
124 159
124 162
124 164
124 165
124 166
124 167
124 170
124 172
124 173
124 174
124 175
124 179
124 180
124 181
124 189
124 193
124 198
124 201
124 204
124 214
124 217
124 221
124 222
124 229
124 232
124 235
124 237
124 241
124 249
124 251
124 254
124 262
124 273
124 281
124 283
124 286
124 290
124 292
124 295
125 127
125 128
125 131
125 134
125 138
125 141
125 143
125 148
125 154
125 155
125 160
125 164
125 166
125 169
125 171
125 172
125 179
125 182
125 183
125 187
125 191
125 192
125 193
125 199
125 206
125 216
125 217
125 220
125 223
125 224
125 227
125 228
125 232
125 236
125 238
125 239
125 240
125 243
125 247
125 249
125 251
125 253
125 255
125 263
125 264
125 271
125 277
125 278
125 281
125 282
125 285
125 287
125 293
125 295
126 127
126 130
126 134
126 135
126 141
126 143
126 147
126 150
126 154
126 155
126 157
126 159
126 165
126 166
126 168
126 171
126 172
126 179
126 182
126 187
126 188
126 194
126 195
126 196
126 200
126 202
126 203
126 204
126 205
126 209
126 212
126 214
126 215
126 223
126 224
126 235
126 236
126 240
126 242
126 247
126 249
126 252
126 253
126 258
126 260
126 268
126 269
126 271
126 274
126 276
126 277
126 278
126 280
126 285
126 287
126 288
126 296
126 298
126 299
127 132
127 136
127 139
127 145
127 146
127 148
127 150
127 154
127 159
127 166
127 170
127 174
127 179
127 189
127 192
127 196
127 198
127 201
127 202
127 204
127 205
127 222
127 225
127 227
127 230
127 231
127 233
127 234
127 241
127 252
127 254
127 258
127 262
127 265
127 266
127 271
127 275
127 277
127 280
127 283
127 284
127 285
127 287
127 288
127 291
127 292
127 293
127 297
127 298
128 132
128 135
128 137
128 139
128 140
128 144
128 145
128 150
128 151
128 152
128 153
128 154
128 158
128 160
128 165
128 166
128 168
128 180
128 182
128 185
128 193
128 195
128 196
128 199
128 205
128 210
128 217
128 221
128 228
128 232
128 233
128 235
128 238
128 243
128 245
128 253
128 254
128 257
128 258
128 260
128 261
128 262
128 267
128 268
128 269
128 270
128 271
128 272
128 275
128 278
128 288
128 289
129 131
129 134
129 136
129 141
129 146
129 147
129 151
129 152
129 155
129 156
129 166
129 172
129 173
129 176
129 180
129 196
129 199
129 204
129 211
129 217
129 220
129 225
129 227
129 229
129 230
129 232
129 234
129 238
129 240
129 245
129 247
129 251
129 254
129 255
129 256
129 257
129 265
129 266
129 267
129 281
129 282
129 288
129 291
130 131
130 132
130 133
130 134
130 138
130 141
130 148
130 152
130 155
130 158
130 160
130 161
130 162
130 164
130 170
130 176
130 178
130 183
130 191
130 194
130 198
130 216
130 220
130 222
130 225
130 226
130 227
130 228
130 234
130 238
130 244
130 245
130 247
130 249
130 251
130 252
130 262
130 263
130 266
130 270
130 272
130 281
130 285
130 288
130 298
131 132
131 133
131 137
131 141
131 146
131 147
131 150
131 153
131 159
131 160
131 166
131 169
131 170
131 176
131 180
131 183
131 184
131 193
131 194
131 203
131 204
131 206
131 208
131 212
131 214
131 216
131 222
131 231
131 233
131 234
131 235
131 239
131 245
131 249
131 252
131 259
131 262
131 269
131 273
131 277
131 283
131 285
131 287
131 289
131 291
131 298
132 135
132 136
132 144
132 146
132 147
132 148
132 153
132 159
132 161
132 175
132 182
132 192
132 194
132 195
132 203
132 205
132 207
132 217
132 220
132 223
132 229
132 237
132 238
132 240
132 245
132 248
132 254
132 256
132 268
132 269
132 274
132 279
132 280
132 285
132 289
132 291
132 296
133 134
133 146
133 151
133 155
133 160
133 162
133 163
133 165
133 169
133 173
133 177
133 178
133 179
133 183
133 187
133 189
133 191
133 194
133 198
133 204
133 209
133 210
133 211
133 213
133 214
133 219
133 224
133 228
133 237
133 240
133 245
133 252
133 266
133 268
133 269
133 270
133 274
133 275
133 280
133 282
133 289
133 290
133 293
133 294
133 297
133 298
134 135
134 138
134 142
134 144
134 147
134 150
134 157
134 160
134 162
134 163
134 165
134 166
134 167
134 172
134 173
134 178
134 181
134 183
134 187
134 188
134 190
134 192
134 194
134 196
134 197
134 199
134 200
134 201
134 205
134 210
134 214
134 218
134 219
134 222
134 227
134 229
134 230
134 234
134 238
134 239
134 241
134 245
134 246
134 252
134 255
134 256
134 263
134 264
134 268
134 269
134 274
134 275
134 277
134 278
134 280
134 281
134 284
134 287
134 288
134 289
134 291
134 292
134 295
134 296
134 297
134 298
135 136
135 139
135 140
135 148
135 152
135 157
135 163
135 164
135 169
135 170
135 174
135 181
135 182
135 186
135 187
135 189
135 191
135 193
135 195
135 199
135 203
135 212
135 215
135 221
135 224
135 226
135 230
135 232
135 234
135 236
135 237
135 240
135 241
135 248
135 252
135 255
135 257
135 259
135 261
135 262
135 264
135 266
135 267
135 271
135 276
135 290
135 291
135 295
135 298
135 299
136 138
136 141
136 149
136 151
136 152
136 156
136 163
136 175
136 178
136 181
136 182
136 183
136 190
136 194
136 195
136 211
136 217
136 219
136 226
136 230
136 232
136 233
136 238
136 241
136 243
136 245
136 246
136 253
136 254
136 259
136 261
136 262
136 263
136 268
136 269
136 272
136 273
136 281
136 282
136 284
136 288
136 292
136 293
136 299
137 138
137 141
137 142
137 143
137 144
137 151
137 152
137 155
137 157
137 162
137 166
137 168
137 170
137 175
137 180
137 182
137 183
137 188
137 199
137 200
137 203
137 206
137 210
137 211
137 217
137 222
137 223
137 224
137 226
137 228
137 229
137 234
137 246
137 254
137 255
137 256
137 263
137 271
137 276
137 277
137 279
137 282
137 283
137 284
137 286
137 287
137 288
137 290
137 293
137 294
138 140
138 141
138 144
138 145
138 149
138 150
138 151
138 154
138 156
138 160
138 161
138 162
138 168
138 169
138 170
138 172
138 173
138 177
138 180
138 184
138 185
138 188
138 190
138 195
138 196
138 197
138 198
138 205
138 210
138 212
138 219
138 221
138 226
138 227
138 229
138 232
138 235
138 236
138 243
138 247
138 248
138 254
138 255
138 259
138 262
138 266
138 268
138 274
138 278
138 280
138 281
138 282
138 286
138 295
139 143
139 150
139 154
139 155
139 157
139 159
139 160
139 161
139 168
139 169
139 173
139 176
139 179
139 183
139 184
139 198
139 199
139 202
139 203
139 204
139 212
139 218
139 226
139 229
139 242
139 246
139 249
139 253
139 254
139 257
139 258
139 263
139 270
139 275
139 279
139 282
139 284
139 285
139 294
139 299
140 141
140 146
140 147
140 150
140 151
140 152
140 154
140 170
140 173
140 174
140 178
140 179
140 181
140 191
140 192
140 201
140 206
140 214
140 215
140 217
140 219
140 220
140 221
140 222
140 225
140 232
140 233
140 236
140 238
140 242
140 244
140 245
140 250
140 258
140 259
140 260
140 261
140 264
140 265
140 277
140 278
140 279
140 281
140 286
140 288
140 296
141 145
141 146
141 148
141 149
141 161
141 164
141 166
141 170
141 174
141 181
141 182
141 185
141 188
141 190
141 191
141 194
141 197
141 198
141 202
141 203
141 211
141 213
141 217
141 220
141 221
141 222
141 227
141 232
141 233
141 235
141 239
141 240
141 243
141 244
141 248
141 255
141 258
141 262
141 266
141 274
141 275
141 278
141 280
141 282
141 284
141 285
141 287
141 289
141 292
141 294
141 296
141 298
142 144
142 148
142 151
142 155
142 156
142 160
142 169
142 171
142 176
142 178
142 179
142 180
142 181
142 184
142 194
142 195
142 197
142 198
142 199
142 204
142 205
142 207
142 209
142 216
142 217
142 218
142 220
142 222
142 226
142 227
142 228
142 233
142 239
142 241
142 245
142 254
142 256
142 258
142 263
142 265
142 267
142 268
142 270
142 279
142 281
142 285
142 288
142 293
142 294
142 297
142 298
143 144
143 147
143 151
143 154
143 155
143 156
143 157
143 160
143 173
143 175
143 176
143 177
143 182
143 185
143 186
143 190
143 192
143 193
143 197
143 201
143 209
143 217
143 218
143 223
143 225
143 235
143 242
143 251
143 253
143 256
143 257
143 258
143 263
143 264
143 268
143 269
143 272
143 276
143 280
143 284
143 286
143 289
143 290
143 295
143 296
143 297
144 148
144 149
144 153
144 157
144 171
144 173
144 174
144 176
144 177
144 181
144 187
144 188
144 189
144 190
144 191
144 192
144 194
144 196
144 197
144 205
144 206
144 208
144 211
144 216
144 217
144 219
144 221
144 223
144 224
144 226
144 229
144 232
144 234
144 242
144 243
144 251
144 252
144 257
144 260
144 266
144 270
144 273
144 274
144 280
144 281
144 287
144 288
144 290
144 296
145 147
145 150
145 152
145 156
145 164
145 166
145 172
145 173
145 178
145 187
145 189
145 192
145 193
145 198
145 212
145 214
145 222
145 223
145 224
145 225
145 226
145 233
145 236
145 242
145 243
145 245
145 248
145 256
145 260
145 268
145 269
145 271
145 272
145 278
145 288
145 293
145 294
145 299
146 151
146 154
146 156
146 164
146 165
146 168
146 170
146 179
146 180
146 185
146 188
146 203
146 204
146 208
146 222
146 231
146 232
146 234
146 241
146 244
146 248
146 249
146 250
146 253
146 256
146 257
146 259
146 261
146 267
146 268
146 273
146 277
146 279
146 280
146 283
146 284
146 288
146 290
146 292
146 293
146 294
146 296
146 297
147 149
147 151
147 153
147 158
147 161
147 164
147 173
147 174
147 179
147 181
147 184
147 185
147 186
147 196
147 202
147 206
147 211
147 212
147 214
147 220
147 224
147 226
147 227
147 231
147 232
147 234
147 235
147 236
147 238
147 249
147 252
147 253
147 255
147 257
147 260
147 262
147 266
147 270
147 276
147 280
147 282
147 294
147 297
147 299
148 150
148 151
148 152
148 154
148 159
148 160
148 170
148 171
148 175
148 176
148 180
148 181
148 192
148 196
148 200
148 201
148 202
148 203
148 207
148 211
148 216
148 217
148 219
148 220
148 221
148 230
148 234
148 238
148 247
148 250
148 254
148 258
148 259
148 260
148 264
148 266
148 269
148 270
148 271
148 282
148 283
148 284
148 287
148 288
148 289
148 290
148 292
148 295
148 299
149 152
149 153
149 155
149 160
149 169
149 179
149 180
149 182
149 185
149 187
149 188
149 189
149 195
149 197
149 198
149 200
149 210
149 214
149 216
149 218
149 221
149 224
149 225
149 228
149 235
149 238
149 239
149 241
149 242
149 248
149 250
149 256
149 258
149 262
149 264
149 272
149 274
149 275
149 276
149 287
149 296
149 297
150 158
150 162
150 163
150 164
150 170
150 172
150 175
150 178
150 179
150 185
150 186
150 187
150 189
150 193
150 195
150 210
150 218
150 219
150 220
150 221
150 222
150 230
150 235
150 236
150 238
150 248
150 253
150 254
150 261
150 262
150 263
150 265
150 268
150 269
150 274
150 275
150 277
150 279
150 281
150 287
150 289
150 299
151 152
151 155
151 157
151 167
151 180
151 182
151 184
151 186
151 187
151 189
151 192
151 194
151 199
151 205
151 210
151 218
151 219
151 221
151 223
151 224
151 226
151 227
151 231
151 232
151 238
151 239
151 240
151 244
151 251
151 253
151 255
151 257
151 258
151 259
151 264
151 268
151 270
151 272
151 274
151 275
151 283
151 287
151 288
151 289
151 290
151 293
151 295
151 298
151 299
152 160
152 161
152 163
152 167
152 173
152 175
152 176
152 177
152 180
152 182
152 187
152 193
152 194
152 213
152 216
152 217
152 218
152 219
152 224
152 227
152 228
152 231
152 233
152 238
152 241
152 254
152 256
152 257
152 262
152 273
152 274
152 275
152 277
152 279
152 294
152 297
153 157
153 158
153 172
153 173
153 179
153 180
153 181
153 190
153 192
153 198
153 199
153 203
153 206
153 212
153 214
153 222
153 224
153 233
153 234
153 235
153 245
153 248
153 255
153 256
153 257
153 258
153 262
153 264
153 265
153 270
153 272
153 273
153 274
153 277
153 278
153 281
153 282
153 288
153 289
153 293
153 297
154 164
154 166
154 167
154 168
154 173
154 174
154 176
154 180
154 187
154 197
154 205
154 206
154 208
154 216
154 220
154 222
154 224
154 225
154 226
154 229
154 231
154 234
154 235
154 236
154 237
154 238
154 240
154 245
154 247
154 249
154 251
154 252
154 255
154 257
154 259
154 260
154 262
154 263
154 275
154 278
154 280
154 281
154 282
154 283
154 285
154 286
154 287
154 289
154 290
154 291
154 294
154 298
154 299
155 156
155 157
155 162
155 163
155 164
155 167
155 172
155 180
155 183
155 189
155 191
155 193
155 209
155 214
155 215
155 217
155 221
155 222
155 223
155 228
155 229
155 232
155 235
155 236
155 237
155 239
155 241
155 244
155 245
155 247
155 249
155 250
155 251
155 254
155 257
155 260
155 264
155 269
155 272
155 273
155 276
155 278
155 286
155 288
155 289
155 292
156 157
156 158
156 159
156 165
156 166
156 168
156 170
156 174
156 177
156 179
156 181
156 182
156 192
156 193
156 199
156 200
156 201
156 204
156 205
156 210
156 211
156 217
156 220
156 223
156 225
156 226
156 227
156 228
156 232
156 234
156 235
156 239
156 240
156 244
156 246
156 250
156 259
156 260
156 264
156 271
156 278
156 280
156 289
156 294
156 297
156 298
156 299
157 160
157 161
157 163
157 166
157 172
157 176
157 177
157 180
157 181
157 185
157 186
157 187
157 188
157 195
157 204
157 205
157 206
157 210
157 213
157 218
157 219
157 226
157 227
157 229
157 230
157 233
157 235
157 236
157 238
157 242
157 244
157 245
157 248
157 250
157 251
157 252
157 256
157 260
157 261
157 262
157 264
157 266
157 270
157 271
157 276
157 277
157 280
157 286
157 289
157 290
157 291
158 165
158 169
158 173
158 177
158 178
158 181
158 183
158 186
158 195
158 200
158 201
158 202
158 204
158 205
158 208
158 209
158 210
158 211
158 213
158 215
158 218
158 222
158 223
158 224
158 226
158 227
158 229
158 233
158 238
158 241
158 243
158 245
158 246
158 256
158 257
158 262
158 265
158 268
158 272
158 276
158 277
158 282
158 290
158 295
158 296
158 298
159 167
159 168
159 169
159 172
159 173
159 174
159 175
159 176
159 178
159 181
159 182
159 186
159 187
159 190
159 193
159 196
159 198
159 202
159 204
159 205
159 206
159 207
159 210
159 217
159 230
159 232
159 233
159 234
159 238
159 239
159 243
159 245
159 248
159 251
159 254
159 257
159 258
159 259
159 267
159 272
159 276
159 277
159 281
159 288
159 289
159 297
159 299
160 163
160 166
160 168
160 172
160 173
160 182
160 184
160 188
160 190
160 196
160 198
160 212
160 214
160 215
160 216
160 219
160 221
160 225
160 227
160 230
160 231
160 233
160 236
160 243
160 244
160 247
160 261
160 262
160 264
160 265
160 272
160 273
160 275
160 282
160 283
160 284
160 286
160 288
160 292
160 299
161 162
161 164
161 166
161 175
161 177
161 178
161 179
161 180
161 188
161 191
161 196
161 201
161 203
161 209
161 214
161 215
161 217
161 218
161 223
161 231
161 235
161 236
161 240
161 241
161 242
161 244
161 246
161 248
161 250
161 254
161 255
161 256
161 269
161 274
161 278
161 279
161 280
161 282
161 285
161 286
161 287
161 288
161 290
161 292
161 294
161 295
161 296
162 164
162 165
162 176
162 179
162 182
162 183
162 186
162 188
162 189
162 196
162 209
162 214
162 223
162 224
162 225
162 230
162 231
162 237
162 242
162 244
162 245
162 247
162 250
162 251
162 256
162 257
162 258
162 260
162 261
162 263
162 264
162 268
162 272
162 279
162 288
162 289
162 296
162 298
163 165
163 171
163 172
163 177
163 184
163 192
163 193
163 194
163 196
163 208
163 211
163 212
163 217
163 218
163 228
163 230
163 231
163 232
163 234
163 241
163 243
163 244
163 246
163 248
163 249
163 250
163 255
163 256
163 260
163 264
163 267
163 270
163 276
163 282
163 284
163 286
163 292
163 294
163 296
164 175
164 176
164 177
164 179
164 183
164 184
164 187
164 190
164 198
164 200
164 201
164 202
164 203
164 208
164 210
164 212
164 215
164 216
164 220
164 222
164 227
164 228
164 233
164 239
164 245
164 252
164 253
164 254
164 256
164 257
164 258
164 266
164 269
164 274
164 279
164 285
164 289
164 290
164 291
164 294
164 296
165 166
165 167
165 168
165 169
165 176
165 177
165 178
165 181
165 182
165 185
165 186
165 187
165 189
165 190
165 191
165 193
165 195
165 201
165 204
165 206
165 207
165 209
165 214
165 215
165 216
165 218
165 219
165 222
165 223
165 228
165 229
165 231
165 232
165 234
165 236
165 238
165 240
165 241
165 245
165 246
165 250
165 260
165 264
165 266
165 268
165 270
165 277
165 278
165 281
165 282
165 284
165 292
166 167
166 175
166 177
166 179
166 189
166 191
166 193
166 194
166 196
166 197
166 199
166 203
166 204
166 208
166 209
166 213
166 216
166 218
166 221
166 222
166 224
166 229
166 233
166 239
166 242
166 246
166 248
166 249
166 253
166 265
166 269
166 274
166 276
166 281
166 282
166 291
166 293
166 294
166 299
167 168
167 170
167 177
167 179
167 181
167 184
167 185
167 186
167 194
167 200
167 201
167 206
167 212
167 213
167 214
167 217
167 223
167 230
167 231
167 234
167 236
167 248
167 252
167 255
167 256
167 259
167 260
167 261
167 262
167 264
167 266
167 270
167 273
167 277
167 280
167 282
167 285
167 289
167 293
167 299
168 169
168 171
168 172
168 173
168 174
168 183
168 185
168 189
168 190
168 191
168 192
168 196
168 198
168 199
168 210
168 214
168 217
168 218
168 221
168 222
168 225
168 227
168 234
168 237
168 239
168 246
168 249
168 250
168 251
168 254
168 258
168 264
168 267
168 271
168 273
168 274
168 277
168 280
168 281
168 286
168 288
168 291
168 292
168 293
168 294
168 295
169 172
169 176
169 177
169 182
169 188
169 196
169 202
169 204
169 209
169 211
169 213
169 215
169 216
169 217
169 221
169 222
169 223
169 226
169 230
169 235
169 236
169 237
169 239
169 241
169 242
169 244
169 245
169 251
169 253
169 255
169 258
169 263
169 264
169 265
169 266
169 270
169 273
169 281
169 282
169 285
169 287
169 288
169 291
169 292
169 294
169 296
169 298
170 175
170 177
170 181
170 182
170 183
170 186
170 188
170 189
170 191
170 199
170 203
170 205
170 208
170 209
170 211
170 214
170 215
170 216
170 218
170 220
170 221
170 223
170 227
170 233
170 237
170 238
170 239
170 248
170 253
170 255
170 257
170 258
170 262
170 265
170 267
170 272
170 274
170 276
170 277
170 282
170 291
170 292
170 293
170 298
171 172
171 173
171 174
171 175
171 178
171 182
171 186
171 187
171 198
171 202
171 204
171 207
171 211
171 220
171 224
171 225
171 227
171 228
171 230
171 234
171 235
171 236
171 238
171 243
171 249
171 251
171 254
171 255
171 259
171 261
171 262
171 264
171 270
171 271
172 173
172 176
172 178
172 180
172 186
172 188
172 190
172 191
172 200
172 205
172 209
172 210
172 213
172 216
172 218
172 219
172 223
172 233
172 239
172 240
172 243
172 245
172 246
172 254
172 258
172 266
172 267
172 268
172 271
172 273
172 276
172 279
172 281
172 288
172 290
172 292
172 299
173 179
173 187
173 193
173 197
173 200
173 207
173 209
173 210
173 211
173 214
173 215
173 216
173 225
173 235
173 236
173 240
173 241
173 242
173 243
173 244
173 246
173 250
173 256
173 258
173 262
173 264
173 265
173 266
173 271
173 272
173 273
173 275
173 276
173 283
173 285
173 291
173 296
173 298
173 299
174 176
174 177
174 181
174 182
174 184
174 189
174 191
174 192
174 193
174 195
174 196
174 201
174 205
174 209
174 213
174 214
174 218
174 222
174 224
174 229
174 239
174 240
174 248
174 254
174 256
174 259
174 261
174 262
174 265
174 266
174 270
174 271
174 272
174 273
174 274
174 280
174 288
174 291
174 298
175 185
175 187
175 189
175 190
175 201
175 206
175 211
175 216
175 217
175 219
175 220
175 223
175 224
175 225
175 226
175 230
175 231
175 233
175 235
175 243
175 244
175 245
175 248
175 255
175 258
175 261
175 262
175 263
175 264
175 268
175 270
175 272
175 274
175 275
175 278
175 279
175 281
175 283
175 284
175 286
175 287
175 291
175 292
175 293
176 177
176 182
176 183
176 184
176 185
176 188
176 189
176 194
176 197
176 198
176 199
176 205
176 206
176 208
176 211
176 212
176 214
176 216
176 217
176 222
176 223
176 226
176 231
176 234
176 240
176 243
176 245
176 247
176 248
176 250
176 252
176 255
176 271
176 272
176 275
176 277
176 283
176 284
176 285
176 287
176 288
176 293
176 296
176 298
176 299
177 181
177 183
177 192
177 194
177 196
177 201
177 210
177 212
177 213
177 214
177 216
177 219
177 221
177 223
177 225
177 228
177 232
177 238
177 241
177 242
177 246
177 247
177 251
177 254
177 255
177 258
177 259
177 262
177 263
177 267
177 268
177 269
177 272
177 275
177 277
177 279
177 284
177 289
177 291
177 293
177 294
177 295
177 296
177 298
178 181
178 191
178 192
178 194
178 195
178 201
178 204
178 205
178 210
178 216
178 217
178 218
178 219
178 222
178 223
178 225
178 229
178 230
178 231
178 236
178 237
178 238
178 239
178 241
178 247
178 255
178 260
178 263
178 264
178 268
178 274
178 280
178 281
178 284
178 286
178 287
178 288
178 289
178 291
178 294
178 295
178 296
178 298
178 299
179 182
179 183
179 186
179 187
179 188
179 198
179 202
179 204
179 206
179 208
179 212
179 213
179 219
179 221
179 226
179 230
179 237
179 239
179 243
179 248
179 251
179 252
179 255
179 259
179 261
179 262
179 266
179 275
179 276
179 277
179 278
179 280
179 282
179 287
179 290
179 291
179 294
179 295
179 296
180 182
180 194
180 196
180 203
180 205
180 208
180 211
180 212
180 213
180 215
180 220
180 224
180 226
180 227
180 229
180 230
180 231
180 235
180 236
180 240
180 241
180 250
180 253
180 256
180 259
180 261
180 266
180 271
180 281
180 286
180 292
180 293
180 298
180 299
181 182
181 184
181 185
181 188
181 192
181 200
181 201
181 202
181 205
181 207
181 208
181 212
181 217
181 218
181 220
181 228
181 234
181 235
181 241
181 242
181 244
181 246
181 251
181 253
181 256
181 259
181 260
181 271
181 273
181 274
181 275
181 276
181 278
181 279
181 284
181 292
181 295
181 298
181 299
182 183
182 189
182 190
182 199
182 201
182 203
182 205
182 210
182 213
182 218
182 219
182 221
182 223
182 225
182 227
182 228
182 230
182 231
182 236
182 239
182 241
182 245
182 250
182 262
182 264
182 265
182 268
182 269
182 271
182 277
182 278
182 283
182 284
182 287
182 289
182 298
183 185
183 187
183 188
183 202
183 203
183 204
183 206
183 209
183 212
183 215
183 224
183 225
183 227
183 229
183 231
183 235
183 238
183 240
183 242
183 243
183 244
183 245
183 247
183 262
183 265
183 268
183 269
183 272
183 280
183 284
183 290
183 291
183 292
183 293
183 295
183 299
184 185
184 190
184 191
184 192
184 193
184 194
184 196
184 197
184 198
184 200
184 201
184 205
184 207
184 208
184 211
184 212
184 214
184 216
184 217
184 218
184 219
184 225
184 236
184 243
184 247
184 250
184 255
184 257
184 258
184 259
184 261
184 265
184 267
184 271
184 274
184 276
184 278
184 281
184 284
184 289
184 292
184 295
184 297
184 298
185 186
185 191
185 198
185 216
185 217
185 228
185 237
185 239
185 242
185 249
185 253
185 254
185 256
185 257
185 259
185 265
185 267
185 271
185 272
185 274
185 277
185 279
185 281
185 288
185 293
185 294
185 298
186 199
186 200
186 201
186 204
186 209
186 210
186 211
186 216
186 217
186 218
186 223
186 224
186 228
186 232
186 233
186 236
186 239
186 244
186 249
186 250
186 252
186 253
186 255
186 256
186 258
186 260
186 263
186 264
186 270
186 271
186 273
186 275
186 276
186 278
186 280
186 284
186 286
186 288
186 293
187 191
187 194
187 195
187 197
187 199
187 200
187 203
187 206
187 207
187 209
187 213
187 214
187 220
187 221
187 223
187 225
187 230
187 231
187 232
187 233
187 235
187 236
187 237
187 238
187 240
187 241
187 255
187 259
187 262
187 263
187 265
187 267
187 268
187 270
187 276
187 280
187 285
187 286
187 299
188 189
188 190
188 191
188 194
188 203
188 206
188 210
188 211
188 214
188 215
188 216
188 217
188 219
188 224
188 225
188 226
188 227
188 229
188 234
188 235
188 236
188 238
188 248
188 251
188 254
188 255
188 256
188 260
188 266
188 270
188 273
188 275
188 278
188 283
188 284
188 285
188 290
188 292
188 297
189 190
189 195
189 196
189 198
189 199
189 202
189 206
189 207
189 212
189 217
189 220
189 222
189 237
189 239
189 242
189 244
189 247
189 249
189 254
189 255
189 256
189 258
189 260
189 261
189 262
189 264
189 267
189 272
189 274
189 275
189 280
189 283
189 287
189 291
189 297
190 202
190 214
190 217
190 232
190 239
190 241
190 244
190 245
190 251
190 255
190 257
190 258
190 270
190 274
190 276
190 283
190 286
190 292
190 293
190 295
190 298
191 198
191 206
191 207
191 208
191 218
191 225
191 226
191 228
191 232
191 233
191 238
191 239
191 240
191 242
191 244
191 245
191 249
191 252
191 257
191 261
191 262
191 264
191 266
191 270
191 279
191 281
191 282
191 287
191 291
191 296
192 193
192 195
192 197
192 198
192 207
192 208
192 219
192 227
192 234
192 235
192 236
192 246
192 247
192 248
192 249
192 253
192 257
192 259
192 265
192 266
192 269
192 279
192 281
192 282
192 283
192 288
192 289
192 294
192 296
192 297
193 197
193 198
193 199
193 201
193 202
193 206
193 220
193 224
193 225
193 227
193 229
193 236
193 238
193 239
193 241
193 243
193 244
193 247
193 248
193 252
193 253
193 258
193 260
193 262
193 265
193 266
193 268
193 270
193 275
193 278
193 279
193 280
193 282
193 283
193 284
193 287
193 288
193 290
193 291
193 292
193 293
193 295
193 298
194 199
194 207
194 208
194 210
194 212
194 213
194 220
194 221
194 225
194 228
194 229
194 235
194 238
194 239
194 242
194 244
194 247
194 248
194 250
194 251
194 253
194 260
194 261
194 270
194 271
194 274
194 276
194 279
194 281
194 288
194 294
194 295
194 299
195 199
195 204
195 212
195 217
195 227
195 229
195 231
195 233
195 235
195 236
195 244
195 245
195 252
195 258
195 260
195 262
195 263
195 265
195 267
195 269
195 274
195 278
195 280
195 283
195 284
195 285
195 286
195 288
195 289
195 291
195 292
195 295
196 203
196 204
196 210
196 214
196 215
196 219
196 225
196 226
196 233
196 235
196 236
196 237
196 248
196 250
196 252
196 256
196 258
196 262
196 264
196 265
196 268
196 270
196 276
196 282
196 283
196 288
196 291
196 296
197 205
197 206
197 212
197 213
197 221
197 223
197 225
197 229
197 235
197 236
197 240
197 243
197 249
197 252
197 254
197 259
197 262
197 264
197 266
197 271
197 277
197 278
197 280
197 282
197 285
197 286
197 287
197 295
198 199
198 202
198 204
198 215
198 217
198 220
198 225
198 229
198 230
198 231
198 235
198 241
198 243
198 244
198 246
198 253
198 255
198 278
198 282
198 283
198 285
198 290
198 292
198 293
198 298
198 299
199 203
199 206
199 207
199 210
199 211
199 213
199 219
199 221
199 223
199 227
199 234
199 236
199 239
199 241
199 248
199 250
199 263
199 265
199 270
199 272
199 275
199 283
199 286
199 287
199 288
199 291
200 202
200 203
200 204
200 207
200 210
200 211
200 213
200 214
200 216
200 218
200 219
200 220
200 221
200 222
200 223
200 228
200 235
200 248
200 251
200 252
200 262
200 269
200 273
200 278
200 282
200 283
200 285
200 286
200 287
200 299
201 205
201 206
201 210
201 211
201 221
201 222
201 224
201 235
201 236
201 245
201 249
201 253
201 266
201 269
201 270
201 274
201 288
201 289
201 290
201 294
201 296
201 297
202 204
202 210
202 211
202 215
202 216
202 220
202 221
202 224
202 225
202 228
202 234
202 237
202 239
202 241
202 244
202 247
202 251
202 256
202 261
202 262
202 263
202 265
202 270
202 273
202 275
202 276
202 279
202 281
202 283
202 288
202 289
203 208
203 210
203 212
203 221
203 225
203 226
203 232
203 237
203 243
203 245
203 248
203 251
203 261
203 266
203 270
203 275
203 277
203 280
203 283
203 287
203 289
203 294
203 299
204 205
204 207
204 208
204 211
204 212
204 214
204 217
204 224
204 226
204 231
204 236
204 238
204 245
204 246
204 247
204 255
204 259
204 260
204 270
204 271
204 273
204 274
204 277
204 285
204 288
204 290
204 291
204 292
204 296
204 298
205 207
205 209
205 210
205 211
205 214
205 219
205 222
205 225
205 232
205 233
205 243
205 247
205 250
205 253
205 260
205 262
205 264
205 270
205 271
205 274
205 275
205 281
205 289
205 291
205 294
205 297
205 298
206 208
206 210
206 214
206 216
206 222
206 227
206 228
206 231
206 233
206 239
206 243
206 245
206 246
206 255
206 256
206 261
206 263
206 265
206 269
206 274
206 277
206 280
206 289
206 295
207 211
207 212
207 219
207 220
207 223
207 225
207 227
207 231
207 235
207 239
207 241
207 246
207 253
207 255
207 260
207 261
207 264
207 266
207 267
207 275
207 276
207 281
207 282
207 287
207 290
207 294
207 299
208 209
208 211
208 214
208 216
208 222
208 226
208 228
208 233
208 235
208 238
208 242
208 246
208 248
208 252
208 256
208 260
208 266
208 274
208 275
208 281
208 287
208 291
208 293
208 296
209 212
209 213
209 217
209 220
209 225
209 228
209 229
209 232
209 234
209 238
209 247
209 248
209 249
209 252
209 255
209 260
209 262
209 265
209 267
209 270
209 272
209 277
209 279
209 286
209 291
209 295
210 211
210 215
210 217
210 220
210 224
210 226
210 230
210 231
210 234
210 237
210 238
210 244
210 247
210 248
210 253
210 262
210 263
210 270
210 273
210 274
210 276
210 278
210 281
210 285
210 287
210 292
210 293
210 296
211 212
211 214
211 216
211 218
211 223
211 225
211 229
211 231
211 232
211 233
211 235
211 238
211 239
211 245
211 246
211 247
211 256
211 257
211 258
211 260
211 269
211 271
211 274
211 276
211 278
211 280
211 283
211 287
211 292
211 294
211 298
212 213
212 214
212 215
212 219
212 221
212 225
212 226
212 232
212 234
212 238
212 239
212 240
212 249
212 250
212 253
212 256
212 260
212 264
212 272
212 276
212 279
212 282
212 283
212 288
212 291
212 293
212 294
212 298
213 215
213 220
213 224
213 226
213 235
213 247
213 249
213 252
213 255
213 257
213 259
213 260
213 268
213 271
213 272
213 273
213 279
213 282
213 283
213 287
213 288
213 290
213 292
213 294
213 296
213 297
213 298
214 217
214 218
214 221
214 225
214 227
214 229
214 230
214 232
214 235
214 242
214 244
214 245
214 251
214 252
214 253
214 256
214 257
214 261
214 262
214 267
214 270
214 275
214 276
214 277
214 278
214 283
214 288
214 289
214 296
214 297
215 217
215 219
215 225
215 227
215 229
215 234
215 235
215 236
215 239
215 240
215 242
215 244
215 245
215 248
215 249
215 250
215 253
215 257
215 259
215 261
215 262
215 265
215 277
215 280
215 281
215 282
216 218
216 219
216 230
216 235
216 236
216 238
216 239
216 242
216 246
216 251
216 253
216 255
216 257
216 258
216 260
216 264
216 265
216 266
216 268
216 269
216 270
216 276
216 278
216 279
216 280
216 281
216 287
216 289
216 291
216 294
217 219
217 221
217 222
217 225
217 226
217 233
217 234
217 238
217 239
217 241
217 243
217 244
217 247
217 254
217 256
217 265
217 270
217 271
217 272
217 276
217 283
217 285
217 288
217 296
218 219
218 223
218 225
218 226
218 236
218 243
218 244
218 247
218 249
218 250
218 251
218 255
218 256
218 259
218 260
218 261
218 262
218 264
218 265
218 267
218 270
218 271
218 276
218 281
218 282
218 283
218 284
218 286
218 290
218 294
218 295
218 299
219 222
219 223
219 225
219 227
219 229
219 231
219 233
219 241
219 242
219 247
219 248
219 250
219 254
219 256
219 257
219 258
219 259
219 263
219 264
219 268
219 271
219 278
219 279
219 280
219 285
219 287
219 290
219 296
219 297
219 298
220 222
220 223
220 234
220 237
220 242
220 247
220 254
220 259
220 264
220 269
220 272
220 289
220 296
220 297
220 298
221 235
221 240
221 245
221 246
221 247
221 248
221 255
221 261
221 263
221 269
221 271
221 273
221 274
221 276
221 277
221 279
221 280
221 282
221 285
221 290
221 292
221 294
222 224
222 227
222 228
222 230
222 235
222 236
222 238
222 247
222 251
222 253
222 255
222 256
222 257
222 260
222 265
222 271
222 273
222 275
222 276
222 277
222 278
222 284
222 286
222 290
222 292
222 293
222 295
222 297
222 299
223 225
223 227
223 228
223 235
223 238
223 240
223 243
223 247
223 250
223 251
223 255
223 257
223 264
223 267
223 268
223 270
223 277
223 280
223 281
223 287
223 290
223 294
223 297
224 225
224 228
224 229
224 231
224 233
224 234
224 236
224 238
224 241
224 244
224 246
224 250
224 269
224 272
224 273
224 274
224 275
224 280
224 284
224 285
224 287
224 292
224 293
224 295
225 227
225 241
225 246
225 249
225 256
225 257
225 258
225 262
225 267
225 268
225 269
225 270
225 279
225 282
225 291
225 292
225 294
226 228
226 239
226 244
226 245
226 250
226 251
226 252
226 254
226 258
226 259
226 262
226 267
226 275
226 276
226 277
226 280
226 281
226 285
226 291
226 294
226 298
227 230
227 232
227 236
227 242
227 246
227 247
227 255
227 257
227 261
227 263
227 267
227 268
227 269
227 271
227 273
227 274
227 276
227 278
227 283
227 285
227 295
228 235
228 236
228 240
228 244
228 246
228 248
228 254
228 255
228 257
228 260
228 267
228 268
228 269
228 270
228 278
228 280
228 283
228 286
228 287
228 288
228 290
228 295
228 296
228 299
229 231
229 236
229 237
229 238
229 240
229 242
229 250
229 255
229 256
229 257
229 262
229 264
229 266
229 268
229 269
229 278
229 279
229 285
229 288
229 296
229 298
229 299
230 231
230 238
230 239
230 241
230 249
230 250
230 256
230 259
230 262
230 263
230 265
230 268
230 269
230 273
230 279
230 280
230 282
230 288
230 289
230 298
231 233
231 242
231 245
231 246
231 247
231 248
231 249
231 250
231 255
231 256
231 260
231 264
231 265
231 268
231 272
231 275
231 277
231 278
231 281
231 282
231 289
231 294
231 295
232 237
232 238
232 239
232 241
232 245
232 246
232 249
232 255
232 256
232 261
232 262
232 263
232 265
232 268
232 270
232 272
232 273
232 282
232 291
232 292
232 294
232 297
232 299
233 235
233 238
233 239
233 240
233 243
233 246
233 248
233 249
233 250
233 253
233 254
233 257
233 261
233 262
233 266
233 271
233 280
233 282
233 285
233 287
233 291
233 293
233 294
233 297
233 298
233 299
234 237
234 238
234 241
234 245
234 248
234 250
234 252
234 254
234 271
234 272
234 273
234 275
234 276
234 281
234 284
234 288
234 291
234 294
234 295
234 296
235 238
235 239
235 241
235 245
235 250
235 253
235 255
235 256
235 259
235 262
235 266
235 272
235 282
235 284
235 292
235 293
235 296
235 297
235 298
236 248
236 257
236 258
236 261
236 263
236 268
236 269
236 271
236 273
236 274
236 277
236 282
236 284
236 296
236 297
236 299
237 240
237 241
237 244
237 254
237 258
237 272
237 273
237 277
237 280
237 283
237 293
237 294
237 296
238 242
238 243
238 247
238 250
238 259
238 268
238 270
238 273
238 276
238 277
238 285
238 286
238 288
238 294
238 297
238 298
238 299
239 242
239 245
239 248
239 253
239 256
239 258
239 259
239 260
239 261
239 262
239 268
239 269
239 272
239 273
239 277
239 278
239 281
239 283
239 284
239 285
239 290
239 295
239 296
240 241
240 247
240 249
240 255
240 256
240 263
240 264
240 273
240 276
240 283
240 285
240 287
240 289
240 291
240 298
241 245
241 246
241 247
241 248
241 249
241 253
241 261
241 267
241 269
241 275
241 278
241 279
241 283
241 287
241 289
241 296
241 299
242 244
242 249
242 255
242 256
242 257
242 259
242 260
242 261
242 262
242 263
242 264
242 265
242 270
242 271
242 273
242 276
242 282
242 283
242 284
242 292
242 293
242 294
242 295
242 297
242 298
242 299
243 246
243 247
243 251
243 252
243 258
243 259
243 260
243 268
243 269
243 271
243 279
243 281
243 285
243 286
243 288
243 292
243 293
243 295
244 248
244 250
244 254
244 256
244 257
244 259
244 261
244 263
244 265
244 267
244 268
244 269
244 270
244 273
244 274
244 275
244 279
244 280
244 284
244 291
244 292
244 295
244 297
244 298
245 250
245 252
245 270
245 276
245 277
245 284
245 285
245 286
245 287
245 289
245 290
245 293
246 247
246 251
246 255
246 257
246 260
246 261
246 263
246 265
246 270
246 273
246 275
246 278
246 280
246 282
246 285
246 288
246 289
246 291
246 292
246 294
247 248
247 252
247 253
247 254
247 256
247 258
247 261
247 266
247 269
247 270
247 271
247 272
247 274
247 275
247 279
247 285
247 290
247 291
248 249
248 252
248 254
248 259
248 263
248 265
248 266
248 268
248 271
248 275
248 277
248 281
248 284
248 287
248 288
248 289
248 296
249 251
249 253
249 263
249 267
249 271
249 276
249 285
249 289
249 291
249 293
249 297
250 253
250 259
250 263
250 265
250 269
250 272
250 274
250 280
250 283
250 286
250 288
250 289
250 292
250 293
250 294
250 296
251 253
251 254
251 258
251 261
251 267
251 269
251 271
251 272
251 275
251 276
251 280
251 290
251 291
251 292
251 293
251 296
251 299
252 253
252 259
252 261
252 265
252 266
252 269
252 273
252 274
252 278
252 285
252 287
252 297
252 298
253 254
253 256
253 260
253 265
253 272
253 274
253 276
253 277
253 278
253 281
253 283
253 289
253 293
253 294
253 295
253 297
253 298
254 260
254 270
254 272
254 273
254 274
254 278
254 282
254 284
254 285
254 287
254 288
254 296
254 298
255 261
255 262
255 263
255 269
255 271
255 273
255 274
255 275
255 277
255 278
255 283
255 284
255 287
255 288
255 299
256 258
256 260
256 263
256 268
256 273
256 279
256 280
256 282
256 288
256 291
256 295
256 296
256 298
257 264
257 266
257 270
257 277
257 278
257 284
257 291
257 298
257 299
258 259
258 261
258 273
258 278
258 281
258 284
258 286
258 290
258 294
258 295
258 299
259 260
259 261
259 262
259 266
259 268
259 269
259 272
259 278
259 281
259 284
259 288
259 292
260 263
260 265
260 267
260 268
260 273
260 274
260 279
260 280
260 281
260 284
260 288
260 290
260 291
260 294
260 295
260 298
261 264
261 265
261 275
261 276
261 277
261 280
261 281
261 283
261 285
261 287
261 292
261 294
261 295
262 263
262 264
262 267
262 272
262 274
262 275
262 278
262 279
262 284
262 297
262 298
262 299
263 264
263 269
263 271
263 275
263 279
263 281
263 286
263 291
263 297
264 266
264 269
264 271
264 273
264 276
264 277
264 279
264 280
264 281
264 282
264 284
264 290
264 293
264 295
264 297
264 299
265 267
265 272
265 273
265 274
265 279
265 285
265 286
265 287
266 267
266 270
266 272
266 280
266 282
266 285
266 288
266 292
266 295
266 296
267 269
267 272
267 275
267 276
267 284
267 289
267 291
267 292
267 297
267 299
268 270
268 276
268 278
268 280
268 281
268 292
268 294
268 297
269 277
269 280
269 281
269 282
269 283
269 284
269 287
269 291
269 294
269 295
269 298
269 299
270 272
270 284
270 289
270 292
270 294
271 274
271 275
271 278
271 280
271 281
271 283
271 286
271 287
271 290
271 295
271 298
272 275
272 283
272 285
272 289
272 290
272 291
272 292
272 294
272 295
272 298
273 276
273 278
273 280
273 288
273 290
273 291
273 294
274 275
274 277
274 278
274 280
274 283
274 285
274 290
274 291
274 292
274 297
274 299
275 276
275 279
275 280
275 284
275 285
275 287
275 291
275 295
275 298
276 278
276 280
276 288
276 290
277 280
277 282
277 283
277 284
277 294
278 281
278 282
278 285
278 294
278 297
278 299
279 281
279 284
279 285
279 295
279 297
279 299
280 282
280 287
280 291
280 292
280 297
280 298
281 284
281 286
281 293
281 294
282 283
282 286
282 287
282 289
282 294
282 297
283 292
283 293
283 298
283 299
284 286
284 290
284 295
284 299
285 286
285 290
285 295
285 296
286 289
286 290
286 294
286 295
286 296
286 297
287 288
287 289
287 290
287 292
287 293
287 294
287 296
287 299
288 290
288 293
288 294
288 295
288 298
289 290
289 294
290 294
291 292
291 294
291 296
291 297
291 298
292 294
293 294
293 295
294 296
294 297
294 299
295 296
295 297
296 297
296 299
297 298
298 299
