5000 22500
0 209
0 297
0 408
0 1244
0 1496
0 2008
0 3791
1 48
1 834
1 1079
1 1469
1 1720
1 1871
1 2355
1 3201
1 3230
1 3359
1 3382
1 3603
1 3705
1 4967
1 4969
2 208
2 464
2 478
2 977
2 1079
2 1722
2 2375
2 2401
2 2840
2 2897
2 3685
2 3901
2 4387
2 4472
2 4640
3 83
3 689
3 982
3 1179
3 1262
3 1543
3 1664
3 1840
3 2069
3 2361
3 2396
3 3175
3 3432
3 4429
3 4706
4 19
4 1504
4 1724
4 1986
4 2842
4 3992
4 4269
5 1157
5 1158
5 1403
5 4886
5 4935
6 378
6 1381
6 1633
6 2006
6 2066
6 2930
6 3763
6 4167
6 4250
7 585
7 634
7 1010
7 1434
7 2082
7 2468
7 2767
7 2985
7 3007
7 3029
7 3917
7 3962
7 4034
7 4256
7 4275
8 2222
8 3446
8 3551
8 4326
9 153
9 254
9 286
9 377
9 593
9 692
9 1426
9 1584
9 1783
9 2987
9 3099
9 3462
9 3892
9 4330
9 4354
10 231
10 299
10 1013
10 2613
10 3567
10 4348
10 4662
10 4683
10 4998
11 485
11 1515
11 1698
11 2473
11 3822
12 1174
12 2825
12 4744
13 255
13 1133
13 1312
13 1668
13 2207
13 2979
13 3144
14 438
14 439
14 732
14 743
14 1031
14 1146
14 1658
14 2557
14 2890
14 3026
14 3315
14 4052
14 4477
14 4581
14 4954
15 567
15 832
15 857
15 890
15 1886
15 2373
15 2639
15 2757
15 2890
15 3314
15 3381
15 3695
15 4371
15 4536
15 4840
16 557
16 586
16 1000
16 1512
16 1842
16 2060
16 2213
16 2281
16 3025
16 3282
16 3473
16 3860
16 4174
16 4614
16 4717
17 1403
17 2937
17 3185
18 500
18 2181
18 3142
18 3362
18 4711
19 518
19 1006
19 1011
19 1190
19 1583
19 1656
19 1688
19 1832
19 1958
19 2898
19 2988
19 3188
19 3896
19 4161
20 1215
20 1496
20 2287
20 2478
20 2562
20 4197
20 4493
20 4835
21 251
21 783
21 1085
21 1133
21 1813
21 2473
21 3183
21 3431
21 4019
22 215
22 1073
22 1082
22 1195
22 1835
22 1935
22 2089
22 2410
22 2760
22 2832
22 3334
22 3840
22 4315
22 4674
22 4980
23 542
23 984
23 1090
23 1354
23 2525
23 3669
24 184
24 1093
24 1904
24 3750
24 4199
25 494
25 1641
25 1701
25 1708
25 2432
25 3012
25 3497
25 4788
26 2277
26 2449
26 4744
26 4774
27 978
27 1258
27 3238
28 490
28 512
28 887
28 1626
28 2398
28 2451
28 2953
28 3029
28 3046
28 3622
28 3824
28 4390
28 4643
28 4659
28 4863
29 970
29 2645
30 417
30 995
30 1811
30 2626
30 2745
30 2849
30 4732
30 4962
31 389
31 506
31 1683
31 2801
31 3708
31 3801
31 4375
32 78
32 913
32 2096
32 2502
32 3088
32 3497
33 172
33 482
33 910
33 1118
33 1407
33 2026
33 2579
33 2916
33 3021
33 3026
33 3079
33 3626
33 3870
33 4234
33 4256
34 167
34 3062
34 3270
34 4665
34 4782
35 256
35 327
35 511
35 2999
35 4854
36 1405
36 2976
36 3153
36 4433
37 1672
37 2404
37 3147
37 3646
37 3738
38 314
38 412
38 480
38 502
38 573
38 2017
38 2251
38 2328
38 2422
38 2470
38 2686
38 2956
38 3398
38 4185
38 4562
39 752
39 3123
39 3165
39 3637
39 3771
39 4103
39 4817
40 311
40 540
40 616
40 777
40 1730
40 1927
40 3348
40 3877
40 4978
41 2362
41 3449
41 3922
42 209
42 1121
42 2102
42 4810
43 706
43 732
43 1098
43 1517
43 1663
43 1737
43 1947
43 2111
43 3063
43 3210
43 3286
43 3749
43 3958
43 4496
43 4634
44 2659
44 2921
44 3947
44 4078
44 4850
45 2859
45 3321
45 3566
46 535
46 1531
46 1712
46 1751
46 1924
46 1986
46 2148
46 2864
46 3147
46 4031
46 4270
46 4443
47 1212
47 1290
47 1475
47 3185
47 3410
48 160
48 752
48 1507
48 1642
48 2010
49 1242
49 1712
49 1848
49 2212
49 2716
50 379
50 2202
50 2262
50 4271
50 4590
51 560
51 651
51 1108
51 1540
51 1629
51 2286
51 2602
51 3928
51 4353
51 4854
51 4932
52 499
52 832
52 862
52 943
52 1034
52 1088
52 1207
52 1689
52 2111
52 2294
52 2429
52 2866
52 3226
52 3455
52 4377
53 366
53 655
53 1270
53 1780
53 1862
53 2166
53 2199
53 2726
53 3115
53 3174
53 3363
53 3394
53 3782
53 3938
53 4692
54 157
54 359
54 1552
54 1852
54 1881
54 2172
54 2295
54 2416
54 3432
54 3824
54 3892
54 4351
54 4560
54 4693
54 4815
55 151
55 200
55 811
55 1174
55 2232
55 2244
55 4145
55 4691
56 1099
56 2202
56 2389
56 2803
56 3636
57 1502
57 2879
57 4978
58 189
58 228
58 1110
58 1427
58 1571
58 1810
58 1900
58 4179
59 73
59 1375
59 2207
59 2262
59 2266
59 3369
59 4494
59 4899
60 408
60 1132
60 1648
60 2006
60 2136
60 3004
60 3146
60 4224
61 672
61 1681
61 2049
61 2142
61 2435
61 2995
61 3002
61 3257
61 3273
61 4702
62 388
62 1261
62 1637
62 1844
62 2461
62 4016
63 1193
63 2157
63 2284
63 2901
63 3504
63 3877
63 4902
63 4947
64 499
64 655
64 682
64 691
64 754
64 1684
64 1749
64 2349
64 2918
64 3240
64 3666
64 4068
64 4168
64 4628
64 4836
65 668
65 1092
65 1420
65 1889
65 2151
66 648
66 851
66 1514
67 152
67 504
67 1475
67 1564
67 2562
67 2690
68 954
68 1888
68 2680
68 3837
68 4247
68 4702
69 587
69 1330
69 4105
69 4291
69 4292
70 282
70 518
70 603
70 1525
70 2213
70 2221
70 2599
70 3296
70 3401
70 4027
70 4062
70 4063
70 4544
70 4695
70 4795
71 711
71 995
71 1402
71 1451
71 1558
71 1572
71 1574
71 3593
71 4419
71 4438
72 348
72 460
72 553
72 897
72 1224
72 1411
72 1482
72 2123
72 2242
72 3115
72 3975
72 3981
72 4447
72 4624
72 4784
73 168
73 351
73 737
73 881
73 2796
73 2876
73 2915
73 2962
73 3548
73 3562
73 4020
73 4666
73 4860
73 4933
74 1090
74 1542
74 1888
74 2896
75 312
75 2232
75 2692
75 3098
75 3934
76 175
76 451
76 719
76 975
76 1520
76 1664
76 1988
76 3096
76 3233
76 3447
76 3479
76 4132
76 4241
76 4345
76 4418
77 866
77 2120
77 3298
77 3752
77 4044
77 4183
78 213
78 348
78 512
78 771
78 1424
78 1943
78 2535
78 2703
78 3487
78 4158
78 4253
78 4752
78 4868
78 4951
79 621
79 802
79 2222
79 3196
79 3321
79 3342
79 4419
80 634
80 677
80 1537
80 1719
80 1765
80 2344
80 2440
80 2607
80 2799
80 2888
80 3294
80 3968
80 4214
80 4591
80 4856
81 1276
81 2995
81 4019
82 1455
82 2006
82 2127
82 2555
82 2991
82 3701
82 4941
83 3020
83 3165
83 4007
83 4845
83 4990
84 209
84 494
84 731
84 2179
84 2932
84 3588
84 4010
84 4021
84 4449
84 4869
85 329
85 660
85 883
85 1491
85 1790
85 2649
85 3491
85 4348
85 4709
86 731
86 2095
86 2371
86 2648
86 3914
87 1014
87 1582
87 1811
87 2834
87 2980
87 3535
87 4129
87 4899
88 552
88 918
88 1110
88 1282
88 1286
88 1322
88 1531
88 2503
88 3482
88 3980
88 4163
88 4378
88 4410
89 228
89 753
89 1291
89 1718
89 1729
89 2562
89 3914
89 4077
89 4148
89 4745
89 4886
90 146
90 300
90 1269
90 1357
90 1401
90 1454
90 1583
90 1680
90 1762
90 1785
90 2045
90 2240
90 3621
90 4064
90 4930
91 312
91 514
91 899
91 1772
91 2362
91 3832
91 4808
92 185
92 317
92 2951
92 3235
92 4545
92 4732
92 4873
93 378
93 811
93 1211
93 2015
93 3758
93 3934
93 4039
94 1443
94 2664
94 2783
94 3016
94 3339
94 3629
94 4367
95 439
95 893
95 1222
95 1469
95 1694
95 1941
95 1977
95 2033
95 2341
95 3249
95 3895
95 4144
95 4188
95 4191
95 4333
96 636
96 676
96 1423
96 1618
96 1799
96 2674
96 3154
96 4049
96 4146
96 4559
96 4605
96 4690
96 4692
96 4874
96 4979
97 1004
97 2226
97 2617
97 2844
97 3545
97 4385
98 1162
98 2028
98 2100
98 2472
98 3026
98 3236
98 3262
98 3805
98 3955
98 4335
98 4364
98 4428
98 4441
98 4509
98 4919
99 533
99 2701
99 4016
99 4208
99 4239
99 4249
99 4375
99 4592
99 4886
100 456
100 1300
100 1389
100 1600
100 1603
100 2381
100 2684
100 2918
100 3476
100 3550
100 3638
100 3834
100 3883
100 4099
100 4758
101 168
101 649
101 781
101 1007
101 1115
101 1702
101 2156
101 2292
101 2360
101 2429
101 2807
101 3166
101 3337
101 4275
101 4639
102 1451
102 1999
102 4264
102 4638
102 4999
103 458
103 627
103 1000
103 1618
103 2038
103 2174
103 2700
103 2705
103 2942
103 3240
103 3997
103 4047
103 4477
103 4570
103 4942
104 906
104 1900
104 1994
104 3062
104 3471
104 3572
104 3664
104 4239
105 589
105 929
105 1402
105 1614
105 1724
105 2972
105 3321
105 3708
105 3988
105 4355
106 717
106 2473
106 2555
106 2560
106 3771
106 4096
107 188
107 204
107 394
107 909
107 961
107 1713
107 2752
107 3075
107 3284
107 3377
107 4008
107 4177
107 4193
107 4462
107 4645
108 2769
108 3877
108 3954
108 4974
109 455
109 533
109 2096
109 2878
109 2921
109 3625
109 4471
110 329
110 389
110 514
110 1021
110 1716
110 1767
110 2101
110 3173
110 3604
110 3941
111 733
111 1091
111 1291
111 1924
111 3214
111 3416
111 3438
111 4770
112 378
112 2066
112 2101
112 2165
112 3178
112 3495
112 4743
112 4998
113 868
113 1952
113 2244
114 222
114 297
114 569
114 1144
114 1558
114 1717
114 2474
114 3325
114 4959
115 192
115 417
115 1185
115 2278
115 4138
115 4142
115 4432
115 4990
116 359
116 372
116 499
116 801
116 1191
116 1236
116 1518
116 1706
116 2034
116 2124
116 2141
116 2832
116 2998
116 4176
116 4836
117 708
117 1240
117 1612
117 1883
117 4103
117 4183
117 4554
118 647
118 1502
118 1732
118 1810
118 2084
118 2443
118 3059
118 3278
118 4288
118 4684
119 269
119 800
119 990
119 1002
119 1880
119 2042
119 2177
119 2400
119 3878
119 4873
120 1013
120 1545
120 1914
121 617
121 670
121 798
121 1032
121 1165
121 1198
121 1299
121 1439
121 1749
121 3100
121 3386
121 3751
121 3823
121 3864
121 4112
122 176
122 257
122 402
122 668
122 1880
122 1990
122 2030
122 3806
122 3988
123 2119
123 2473
123 2943
123 4162
124 321
124 418
124 494
124 1745
124 1847
125 494
125 606
125 1049
125 1915
125 2572
125 3223
125 3646
125 4264
125 4276
125 4296
126 1486
126 2794
126 2842
126 4834
127 383
127 1170
127 1289
127 1789
127 2101
127 3637
127 4199
127 4378
127 4783
128 277
128 329
128 1714
128 1736
128 2165
128 3551
128 4467
129 408
129 2473
129 3795
129 3820
130 385
130 1681
130 1844
130 3341
130 4077
130 4341
130 4694
131 1545
131 2244
131 3535
131 4357
131 4850
132 560
132 1790
132 2234
132 4016
132 4031
132 4808
133 814
133 880
133 882
133 989
133 1028
133 1196
133 1593
133 1970
133 2957
133 3210
133 3617
133 3638
133 4559
133 4980
133 4986
134 228
134 426
134 1451
134 2479
134 4121
134 4399
134 4478
135 465
135 3190
135 3899
135 4142
135 4512
135 4669
136 1170
136 1193
136 1889
136 2030
136 3142
136 4184
137 4031
137 4432
138 1066
138 1582
138 2633
138 3223
138 4292
138 4807
139 706
139 810
139 926
139 1000
139 1422
139 1667
139 1875
139 2123
139 2761
139 3292
139 3353
139 3937
139 4102
139 4377
139 4903
140 228
140 1278
140 2192
140 2748
140 3822
140 4281
141 1238
141 3477
141 3899
142 350
142 433
142 1144
142 1494
142 1995
142 2869
142 3907
142 4726
143 341
143 851
143 1494
143 1514
143 2503
143 2610
143 3244
144 1413
144 1926
144 2023
144 2358
144 3208
144 3420
144 4504
144 4711
145 1612
145 2869
145 3267
145 3492
145 3664
146 426
146 537
146 791
146 2027
147 785
147 823
147 1085
147 2234
147 4859
148 200
148 255
148 358
148 901
148 978
148 1131
148 1950
148 2246
148 2611
148 4288
149 767
149 1168
149 2601
149 4208
149 4744
150 970
150 1249
150 1493
150 2704
150 3328
150 3897
151 460
151 1079
151 1818
151 2094
151 2170
151 2295
151 2740
151 3108
151 3154
151 3724
151 3965
151 4143
151 4445
151 4911
152 331
152 421
152 1631
152 2182
152 2500
152 2594
152 2899
152 3166
152 3541
152 3619
152 4403
152 4487
152 4622
152 4994
153 161
153 207
153 992
153 2072
153 2127
153 2227
153 2354
153 2539
154 1157
154 1271
154 3791
154 3910
155 802
155 1495
155 1623
155 1950
155 2554
155 3156
155 3801
155 4554
155 4744
156 616
156 1666
156 2682
156 4348
156 4962
157 753
157 1986
157 2202
157 3164
157 4201
157 4449
158 1108
158 1528
159 864
159 2120
159 2235
159 2539
159 2829
159 4331
160 449
160 1082
160 1294
160 1471
160 1728
160 2003
160 2156
160 2490
160 2552
160 2871
160 2958
160 4380
160 4560
160 4993
161 612
161 738
161 775
161 2160
161 2527
161 2578
161 2984
161 3133
161 3770
161 3872
161 3937
161 4328
161 4402
161 4841
162 1784
162 2235
162 2680
162 2991
162 3010
162 4031
162 4873
163 621
163 4683
164 497
164 1141
164 1456
164 1951
164 2096
164 2618
164 3010
164 3583
165 786
165 2151
165 2878
165 2947
165 4128
166 443
166 577
166 657
166 820
166 863
166 2417
166 2985
166 3003
166 3082
166 3219
166 3224
166 3685
166 4049
166 4095
166 4396
167 250
167 326
167 1464
167 1520
167 2746
167 3019
167 3131
167 3649
167 3743
167 4236
167 4497
167 4565
167 4719
167 4969
168 1417
168 1623
168 1826
168 2217
168 2560
168 2714
168 2861
168 2909
168 3147
168 3152
168 4270
169 307
169 1127
169 1384
169 1687
169 2680
169 4078
170 262
170 383
170 996
170 3335
170 3581
170 4138
170 4167
170 4296
170 4629
171 796
171 3298
171 4747
172 714
172 974
172 1005
172 1291
172 2393
172 2806
172 3252
172 3722
172 4291
172 4531
173 1139
173 1177
173 1217
173 1471
173 1892
173 2800
173 2906
173 2944
173 3113
173 3135
173 3382
173 4245
173 4420
173 4513
173 4803
174 717
174 876
174 2247
174 2525
174 2573
174 2864
174 3152
174 4129
174 4391
174 4657
175 298
175 397
175 2633
176 361
176 634
176 743
176 1667
176 1700
176 1849
176 2051
176 2600
176 3407
176 3432
176 3656
176 4232
176 4498
176 4733
177 620
177 4657
178 616
179 1205
179 2310
179 2459
179 3732
179 3988
179 4341
180 2479
180 2626
180 2857
180 3342
180 3521
180 3969
180 4278
180 4293
180 4375
181 1790
181 2227
181 3255
181 3385
181 4716
181 4766
182 242
182 1779
182 2835
182 3257
182 3791
182 3928
182 4985
183 1460
183 2714
183 3121
183 4288
184 188
184 284
184 643
184 1082
184 1357
184 1421
184 1901
184 2024
184 2213
184 2252
184 2339
184 3968
184 4026
184 4879
185 394
185 1377
185 1551
185 1757
185 2329
185 2906
185 3212
185 3777
185 3952
185 3978
185 4555
185 4564
185 4634
185 4704
186 257
186 821
186 1888
186 2781
186 3515
186 3581
187 533
187 2226
187 2227
187 3943
187 4014
187 4029
187 4711
188 1185
188 3567
189 232
189 742
189 917
189 1785
189 2145
189 2469
189 2542
189 2580
189 2673
189 2938
189 3179
189 3607
189 3952
189 4334
190 479
190 722
190 916
190 1482
190 1615
190 1938
190 3068
190 3754
190 3767
190 3802
190 4087
190 4158
190 4373
190 4392
190 4660
191 506
191 2215
191 2638
191 2879
191 3273
191 4282
192 264
192 270
192 435
192 572
192 1022
192 1394
192 1584
192 1792
192 2194
192 2485
192 2747
192 3067
192 3138
192 3181
193 297
193 1055
193 1495
193 1921
193 2022
193 3451
194 1174
194 1185
194 1673
194 2648
194 2811
194 2970
194 3866
194 4434
195 851
195 1455
195 1682
195 1924
195 2649
195 2732
195 2879
195 3194
195 3508
195 4302
195 4998
196 2517
196 3500
196 3947
196 4824
197 370
197 1251
197 1460
197 2803
197 3806
197 4231
197 4293
197 4834
198 945
198 1356
198 2051
198 2378
198 2398
198 2574
198 2670
198 2926
198 3163
198 3503
198 3587
198 3901
198 4462
198 4636
198 4942
199 260
199 394
199 994
199 1010
199 1397
199 2024
199 2135
199 2810
199 2936
199 3209
199 3363
199 3498
199 3591
199 3919
199 4484
200 215
200 712
200 1016
200 1408
200 1442
200 1635
200 2079
200 2390
200 2595
200 2678
200 3104
200 4689
200 4799
201 265
201 1362
201 2972
201 4216
201 4783
202 1416
202 2652
202 3298
202 3717
202 4716
203 1238
203 3269
203 4730
204 324
204 569
204 1550
204 1712
204 2484
204 2844
204 4779
205 2388
205 2392
205 3500
205 4208
205 4613
206 1330
206 1347
206 1883
206 2672
206 3121
206 4078
207 492
207 1335
207 1580
207 2504
207 2742
207 2868
207 2876
207 3136
207 3162
207 3453
207 3571
207 3761
207 4639
207 4641
208 3088
208 3090
208 3544
209 551
209 572
209 1175
209 1345
209 1372
209 1850
209 2391
209 2582
209 3334
209 3846
209 3888
209 4952
210 923
210 950
210 1520
210 1544
210 1690
210 2187
210 2987
210 3033
210 3594
210 3712
210 3966
210 4329
210 4431
210 4633
210 4640
211 837
211 1157
211 3578
211 3982
211 4618
212 1570
212 2308
212 2680
212 4900
212 4921
213 2215
213 3567
213 3701
213 4019
213 4632
213 4884
214 220
214 1804
214 3949
214 4848
215 1290
215 2661
216 312
216 327
216 1683
216 1908
216 1984
216 3140
216 4808
217 1211
217 2217
217 2255
217 2839
217 3307
217 3438
217 3669
217 3822
217 3841
217 3980
217 4179
217 4274
218 1339
218 1870
218 2932
218 3470
218 3501
219 1763
219 2284
219 3342
219 4014
219 4613
220 332
220 478
220 1415
220 2093
220 2282
220 2561
220 2705
220 2725
220 2832
220 3126
220 3191
220 3447
220 4017
220 4505
221 827
221 1347
221 1460
221 1959
221 2786
221 3364
222 578
222 763
222 769
222 1097
222 1749
222 1935
222 2115
222 2375
222 2880
222 3346
222 3843
222 4329
222 4635
222 4877
223 447
223 1174
223 1507
223 2948
223 3567
223 3713
223 4561
223 4808
224 352
224 527
224 563
224 1185
224 2633
224 2734
224 3312
224 3537
225 292
225 537
225 1029
225 1498
225 1884
225 2728
225 3053
225 4779
226 1174
226 1745
226 4452
226 4779
228 457
228 863
228 1691
228 1936
228 2335
228 2585
228 2957
228 3103
228 3323
228 3843
228 4320
229 1324
229 1455
229 1494
229 3431
229 4661
230 562
230 1898
230 2340
230 2661
230 3208
230 3542
230 3820
230 4503
231 1389
231 1782
231 2080
231 2100
231 2272
231 2374
231 2752
231 3054
231 3124
231 3452
231 3780
231 3818
231 4949
231 4995
232 1417
232 1549
232 2497
233 373
233 800
233 1278
233 2531
233 3877
233 3878
233 4128
233 4629
234 1180
234 1828
234 1880
234 2501
234 2762
234 3307
234 4105
235 710
235 736
235 845
235 1285
235 1674
235 1968
235 2048
235 3203
235 4864
236 291
236 1263
236 1376
236 1573
236 1618
236 1738
236 1812
236 1902
236 2182
236 2259
236 3279
236 3591
236 3609
236 4437
236 4949
237 343
237 678
237 1670
237 1820
237 1862
237 2877
237 3017
237 3430
237 3480
237 3823
237 3973
237 4542
237 4597
237 4825
237 4917
238 1588
238 1629
238 2119
238 4292
238 4434
239 664
239 724
239 846
239 948
239 1431
239 1506
239 1538
239 1616
239 1912
239 3657
239 3754
239 3956
239 4012
239 4456
239 4520
240 648
240 1264
240 2875
240 4617
240 4748
241 1143
241 1362
241 1739
241 1772
241 2071
241 3074
241 3482
241 3555
241 3637
241 3826
241 4661
241 4848
242 424
242 548
242 1196
242 2082
242 3155
242 3162
242 3296
242 3641
242 3776
242 3788
242 3975
242 4037
242 4815
242 4837
243 774
243 933
243 1221
243 2177
243 2656
243 3047
243 3244
243 3517
243 3717
243 4086
244 984
244 1564
244 2704
244 2892
244 4991
245 329
245 2149
245 3134
246 262
246 419
246 654
246 2085
246 2538
246 2642
246 2657
246 2794
246 3964
246 4179
246 4281
247 929
247 2235
247 2544
247 3059
247 4532
247 4962
248 2554
248 2959
248 3020
248 3508
248 3556
248 3842
249 307
249 757
249 1108
249 2202
249 3485
249 4210
249 4580
249 4618
249 4794
250 1238
250 1515
250 1995
250 2377
250 2701
250 2951
250 3529
250 3703
251 318
251 479
251 1281
251 1747
251 2257
251 2567
251 3028
251 3283
251 3366
251 3693
251 4052
251 4195
251 4366
251 4660
252 1290
252 2701
252 3307
253 1189
253 1240
253 3307
253 4714
254 864
254 1058
254 1099
254 1271
254 2729
254 4019
254 4124
255 424
255 787
255 1035
255 1294
255 1342
255 1967
255 2131
255 3445
255 3751
255 4025
255 4190
255 4511
255 4865
256 438
256 471
256 1442
256 1622
256 1704
256 1805
256 1907
256 1944
256 2194
256 2238
256 2587
256 2740
256 3129
256 4522
257 772
257 1154
257 1373
257 1480
257 1865
257 2318
257 2349
257 2621
257 2795
257 2987
257 3079
257 3569
257 4181
258 3047
258 3511
258 4043
259 954
259 1008
259 1131
259 1244
259 1889
259 2163
259 3264
259 4096
259 4282
259 4792
259 4888
260 1609
260 1681
260 2781
260 3326
260 3982
260 4348
260 4464
261 631
261 1307
261 1548
261 1559
261 1963
261 2352
261 2384
261 3070
261 3220
261 3375
261 3677
261 3705
261 4175
261 4475
261 4872
262 294
262 503
262 1154
262 1503
262 1822
262 1840
262 1961
262 2770
262 3360
262 3429
262 4582
262 4858
262 4915
263 1278
263 1381
263 1547
263 1609
263 2878
264 808
264 2389
264 3297
264 4002
264 4589
265 857
265 949
265 967
265 1788
265 1831
265 2267
265 2773
265 2880
265 3083
265 3237
265 3384
265 4397
265 4544
265 4696
266 580
266 1673
266 2031
266 3185
266 3203
266 4010
267 552
267 1205
267 1810
267 2340
268 281
268 1207
268 1391
268 1481
268 1485
268 1858
268 1892
268 2504
268 3631
268 3889
268 4151
268 4220
268 4329
268 4418
268 4901
269 448
269 1022
269 1783
269 1808
269 2838
269 2941
269 3026
269 3249
269 3513
269 3834
269 3859
269 4057
269 4780
269 4909
270 2862
270 4772
271 722
271 948
271 1263
271 1591
271 2456
271 3157
271 3459
271 3464
271 3560
271 3734
271 3856
271 3861
271 4405
271 4760
271 4809
272 795
272 4529
273 1549
273 1806
273 2246
273 2266
273 2972
273 4454
273 4615
273 4794
274 774
274 1144
274 2286
274 2471
274 2861
274 3926
275 596
275 1244
275 1531
276 433
276 3196
276 3542
276 3717
276 4332
276 4886
277 922
277 939
277 1120
277 1268
277 2264
277 2317
277 2398
277 2428
277 2500
277 2693
277 2719
277 3730
277 3788
277 3921
278 958
278 2353
278 3402
278 3428
278 4311
279 791
279 891
279 1325
279 2514
279 2804
279 2885
279 3406
279 3640
279 3903
279 4302
279 4985
280 504
280 1717
280 1846
280 2235
280 3074
280 4061
280 4479
281 350
281 1174
281 3701
281 3732
281 3808
281 4006
282 1110
282 1736
282 2489
282 3059
282 3578
282 3791
282 3982
282 4356
282 4998
283 488
283 508
283 590
283 1232
283 1295
283 1335
283 1684
283 1743
283 2630
283 2740
283 3046
283 3316
283 4631
283 4893
283 4936
284 912
284 1668
284 3431
284 4116
284 4632
285 307
285 1070
285 1382
285 2459
285 3268
285 3589
285 4019
285 4618
285 4702
286 711
286 823
286 999
286 1811
286 2066
286 3297
286 4341
287 2400
287 3142
287 3173
288 1074
288 2405
288 3664
289 626
289 964
289 996
289 1612
289 1811
289 2226
289 3410
289 4592
289 4847
290 1637
290 1674
290 2455
290 2652
290 4014
290 4078
291 1066
291 1347
291 4179
291 4278
292 340
292 522
292 1098
292 2009
292 2725
292 2957
292 3630
292 3960
292 3962
292 4360
292 4517
292 4610
292 4668
292 4895
293 3551
293 3891
293 3949
293 4271
293 4601
293 4694
294 1582
294 1712
294 2819
294 3750
295 441
295 449
295 480
295 799
295 806
295 1856
295 2339
295 2342
295 2616
295 2694
295 3293
295 3840
295 4062
295 4641
295 4705
296 411
296 2948
296 3449
296 4070
297 942
297 1563
297 1577
297 1771
297 2272
297 2334
297 3166
297 3395
297 3592
297 3883
297 4226
297 4636
298 1023
298 1780
298 2240
298 2346
298 2784
298 3052
298 3563
298 3608
298 3685
298 3993
298 4082
298 4160
298 4402
298 4698
299 907
299 917
299 1263
299 1269
299 1359
299 1824
299 1853
299 2002
299 2350
299 2866
299 3033
299 3230
299 3527
299 3734
300 2861
300 3808
300 3833
300 3994
300 4302
300 4761
301 341
301 1242
301 2870
301 2948
301 2969
301 3341
301 3678
301 4292
302 1014
302 1560
302 1918
302 2392
302 3317
302 3995
302 4010
302 4278
303 2473
303 4216
304 358
304 605
304 1779
304 2312
304 3270
304 3482
304 4770
304 4991
305 1565
305 1588
305 3235
305 3396
305 4873
306 1005
306 1997
306 2254
306 3427
306 3681
306 3738
306 4516
306 4997
307 803
307 1294
307 2121
307 2589
307 2614
307 3299
307 3728
307 3904
307 4388
307 4436
307 4708
307 4837
308 526
308 1083
308 1613
308 2047
308 2983
308 2985
308 3302
308 3322
308 3659
308 3734
308 4428
308 4500
308 4643
308 4648
308 4672
309 1455
309 2023
309 2222
309 2278
309 3057
309 3158
309 3832
309 3926
309 3929
309 4033
309 4504
310 1029
310 3077
311 354
311 415
311 784
311 833
311 1348
311 1568
311 1608
311 1795
311 2624
311 3154
311 3336
311 3382
311 4202
311 4942
312 510
312 1046
312 1111
312 1281
312 1774
312 1910
312 2288
312 2416
312 2426
312 2837
312 4692
312 4963
313 558
313 1093
313 2870
313 4066
314 317
314 324
314 605
314 785
314 1160
314 1430
314 2362
314 2734
314 3012
314 3307
314 3878
314 4148
314 4568
314 4921
315 1487
315 1772
315 2466
315 2854
315 4219
315 4864
315 4989
316 768
316 983
316 1327
316 1970
316 2216
316 2452
316 2586
316 2898
316 3741
316 4263
316 4423
316 4567
316 4641
316 4652
316 4906
317 834
317 946
317 1041
317 2481
317 2640
317 3028
317 3169
317 3653
317 4111
317 4626
317 4675
317 4682
317 4822
318 580
318 1898
318 4201
319 930
319 1975
319 2362
319 3329
319 4714
320 539
320 660
320 978
320 1157
320 2283
320 2875
320 4207
320 4439
321 637
321 890
321 1255
321 1414
321 2050
321 2918
321 2968
321 3083
321 3496
321 3819
321 3867
321 4048
321 4095
321 4468
322 1303
322 2095
322 4066
322 4957
323 453
323 839
323 884
323 1488
323 1865
323 2356
323 2487
323 3279
323 3411
323 3480
323 3584
323 3728
323 3830
323 3884
323 4279
324 601
324 1027
324 1069
324 1097
324 1154
324 1401
324 2399
324 2956
324 3594
324 3968
324 3973
324 4076
324 4971
325 1244
325 1926
325 2392
325 2765
325 2811
325 3972
325 4810
326 462
326 1675
326 1794
326 2015
326 2157
326 4580
327 398
327 518
327 926
327 972
327 1109
327 1293
327 1313
327 2529
327 3043
327 3741
327 3973
327 4065
327 4879
328 358
328 1303
328 1383
328 1669
329 345
329 830
329 1585
329 1891
329 2055
329 2403
329 3571
329 3869
329 4079
329 4470
329 4607
330 346
330 1080
330 1179
330 1578
330 1820
330 1965
330 2691
330 2832
330 3374
330 3562
330 3784
330 3886
330 4536
330 4663
330 4707
331 752
331 2254
331 2971
331 4294
331 4532
332 963
332 1077
332 1138
332 1247
332 2022
332 4801
333 497
333 1243
333 2241
333 3882
333 4310
333 4632
333 4779
334 1662
334 2843
334 3713
334 3943
334 4974
335 2347
335 3581
335 3678
336 578
336 721
336 1046
336 1313
336 1855
336 1957
336 2045
336 2557
336 2740
336 3110
336 3520
336 3558
336 4052
336 4083
336 4200
337 871
337 1346
337 1655
337 2467
337 2575
337 2674
337 2813
337 3377
337 3587
337 3594
337 3648
337 3894
337 4521
337 4651
337 4746
338 503
338 583
338 685
338 1812
338 1890
338 2064
338 2577
338 2905
338 3281
338 3490
338 3663
338 3996
338 4227
338 4359
338 4916
339 651
339 741
339 1157
339 2979
339 3057
339 3238
339 4183
340 1922
340 3508
341 525
341 828
341 1604
341 1902
341 2187
341 2189
341 2402
341 2768
341 3199
341 3272
341 3634
341 3851
341 4290
342 382
342 563
342 621
342 792
342 1049
342 3845
342 4378
342 4554
342 4743
343 373
343 1122
343 1894
343 2460
343 2839
343 4512
343 4683
344 1274
344 1609
344 2434
344 3031
344 3534
344 4006
344 4774
344 4869
344 4962
345 990
345 2512
345 2728
345 3121
345 4669
346 990
346 1038
346 1189
346 1952
346 1975
346 1999
346 2095
346 3841
347 363
347 2569
347 2571
347 3463
347 3491
347 3994
347 4561
347 4887
348 837
348 1668
348 1981
348 2626
349 500
349 530
349 1055
349 2077
349 3508
349 3636
349 4788
350 1033
350 1446
350 1453
350 1631
350 2292
350 2699
350 2983
350 3104
350 3256
350 3381
350 3939
350 4090
350 4243
351 800
351 2672
351 2909
351 3263
351 4673
351 4807
352 425
352 1146
352 1711
352 1808
352 2104
352 3026
352 3189
352 3276
352 3532
352 3605
352 3668
352 3800
352 3968
352 4213
353 383
353 1759
353 1898
353 2405
353 4771
353 4929
353 4992
354 606
354 797
354 929
354 2261
354 2435
354 3242
354 3295
354 3566
354 3664
354 3791
355 423
355 640
355 2246
355 2305
355 2857
355 3312
356 799
356 895
356 1054
356 1410
356 1596
356 2197
356 2373
356 2718
356 2776
356 3209
356 3368
356 3496
356 3829
356 4017
356 4351
357 958
357 1662
357 1668
357 2844
357 3994
357 4305
358 2107
358 2196
358 2651
358 2752
358 2907
358 2985
358 3113
358 3510
358 3773
358 3884
358 4149
358 4784
359 2271
359 2930
360 424
360 917
360 926
360 1446
360 2055
360 2693
360 3260
360 3400
360 3439
360 3487
360 4053
360 4175
360 4256
360 4833
360 4885
361 913
361 1789
361 2325
361 2508
361 4070
362 992
362 1343
362 2842
362 3845
362 4156
362 4419
362 4617
362 4718
362 4959
363 517
363 629
363 633
363 1076
363 1511
363 2521
363 2561
363 2950
363 3814
363 3999
363 4178
363 4436
363 4733
363 4751
364 1651
364 2301
364 2588
364 2649
364 2843
364 2878
364 2966
364 4434
365 833
365 942
365 1563
365 1653
365 1705
365 2639
365 2814
365 2927
365 3087
365 3456
365 3702
365 3880
365 4172
365 4234
365 4505
366 370
366 1486
366 2165
366 2284
366 3023
366 3303
366 3758
366 4884
366 4899
367 1038
367 2443
367 2959
367 3119
367 4632
368 640
368 795
368 912
368 3723
368 4539
368 4808
369 762
369 786
369 2584
369 3750
369 3826
369 4921
370 847
370 924
370 1831
370 1948
370 2105
370 2759
370 2888
370 3104
370 3318
370 4221
370 4369
370 4787
370 4948
371 597
371 607
371 1726
371 1777
371 2013
371 2076
371 2115
371 3177
371 3423
371 3585
371 3665
371 3730
371 3938
371 4323
371 4768
372 730
372 827
372 1258
372 1276
372 2471
372 3504
373 632
373 1088
373 2132
373 2275
373 2551
373 3136
373 3246
373 3623
373 3710
373 3773
373 4806
373 4956
373 4980
374 527
374 899
374 1285
374 1796
374 3692
374 3897
375 759
375 770
375 2499
375 2539
375 2565
375 2790
375 2971
375 2976
375 3341
376 1478
376 2862
376 3345
376 4921
377 468
377 3463
377 4766
378 798
378 861
378 1053
378 1543
378 1896
378 2743
378 3075
378 3484
378 4227
378 4413
378 4537
378 4704
379 793
379 1331
379 1511
379 1591
379 2248
379 2289
379 3143
379 3186
379 3670
379 3743
379 3828
379 4507
379 4695
379 4780
380 786
380 1153
380 1264
380 3132
380 3278
381 1193
381 2559
381 3032
381 3517
381 3907
382 909
382 1016
382 1253
382 1376
382 1769
382 2094
382 2675
382 2886
382 3019
382 3250
382 3401
382 3557
382 3697
382 4037
383 776
383 1385
383 2052
383 2117
383 2332
383 2746
383 3510
383 3902
383 3973
383 4421
383 4705
383 4840
384 485
384 563
384 1251
384 1328
384 2049
384 3372
384 3943
384 4007
385 657
385 1227
385 1583
385 1946
385 2043
385 2059
385 2133
385 2391
385 3218
385 4090
385 4426
385 4522
385 4582
385 4802
386 3406
386 3534
386 4203
386 4264
386 4301
386 4554
387 1547
387 2588
387 2658
387 3378
387 4551
387 4771
388 834
388 1231
388 1357
388 1393
388 1484
388 1801
388 2490
388 2581
388 2925
388 3071
388 3075
388 3105
388 4574
388 4980
389 490
389 677
389 764
389 1483
389 1562
389 1591
389 1699
389 2414
389 3814
389 4037
389 4089
389 4118
389 4185
390 864
390 1462
390 2478
390 2850
390 3811
390 3885
390 4549
390 4851
391 1194
391 1247
391 1925
391 2296
391 3451
391 4568
392 3737
392 4137
392 4880
392 4985
393 2809
393 3297
393 3537
393 3722
393 4274
394 875
394 2149
394 2200
394 2825
394 2875
394 3482
394 4131
394 4270
394 4271
394 4745
395 1005
395 3208
395 3574
395 3752
395 4294
395 4378
395 4419
395 4989
396 2642
396 2971
396 3303
396 4244
397 1053
397 1232
397 1723
397 2189
397 2253
397 2640
397 3055
397 3128
397 3444
397 3925
397 4045
397 4427
397 4944
397 4983
398 2611
398 2638
398 2774
398 3637
398 3775
399 536
399 795
399 974
399 1221
399 1555
399 2211
399 2781
399 2798
399 3244
399 4748
400 3700
401 1796
401 2502
401 3244
401 3345
401 4655
402 877
402 884
402 1007
402 1505
402 2338
402 2383
402 2532
402 3091
402 3913
402 4091
402 4593
402 4622
402 4892
402 4980
403 1804
403 2042
403 3497
404 700
404 788
404 904
404 1152
404 1320
404 1765
404 1819
404 1930
404 1943
404 2341
404 2490
404 3247
404 3490
404 4245
404 4846
405 633
405 715
405 1302
405 1387
405 1855
405 2532
405 2702
405 2810
405 3338
405 3375
405 3586
405 4409
405 4777
405 4778
405 4925
406 529
406 865
406 883
406 3504
406 4007
407 1276
407 1569
407 2701
407 3436
407 4007
407 4569
408 483
408 966
408 1084
408 1107
408 1204
408 2069
408 2288
408 3405
408 3456
408 3817
408 4344
408 4773
409 484
409 1496
409 2030
409 2491
410 616
410 1710
410 1888
410 2232
410 3733
410 3771
410 4399
410 4568
411 843
411 856
411 1835
411 2481
411 2558
411 2612
411 2711
411 2770
411 2796
411 3538
411 3648
411 3991
411 4349
411 4916
412 1067
412 1717
412 2834
412 3402
413 1666
413 2701
413 4385
413 4880
414 1452
414 1550
414 4414
414 4449
414 4701
415 1347
415 1360
415 1417
415 1611
415 2658
415 2819
416 1554
416 1922
416 2347
416 2379
416 3882
417 425
417 922
417 1905
417 2107
417 2712
417 2997
417 3007
417 4213
417 4253
417 4266
417 4352
417 4482
417 4639
418 695
418 1198
418 1296
418 1567
418 1670
418 1748
418 1821
418 2319
418 3192
418 3997
418 4400
418 4543
418 4699
418 4820
419 442
419 459
419 911
419 1233
419 1372
419 1448
419 1600
419 2198
419 3101
419 3452
419 3510
419 4087
419 4193
419 4437
420 1077
420 1375
420 1486
420 3321
420 3806
420 4797
421 1101
421 3156
421 4294
422 640
422 2999
422 3012
422 3222
422 3629
422 3833
423 965
423 1069
423 1151
423 1944
423 2273
423 2594
423 3343
423 3828
423 4085
423 4102
423 4541
423 4706
423 4708
423 4725
424 2010
424 2885
424 3074
424 3328
424 3410
424 3681
425 4580
425 4850
426 463
426 815
426 1124
426 1214
426 1697
426 2494
426 2543
426 2871
426 2977
426 3051
426 4272
426 4787
426 4901
427 865
427 1137
427 1717
427 1899
427 2136
427 2143
427 2965
427 3297
427 4991
428 777
428 1099
428 2204
428 2769
428 4452
429 688
429 1215
429 2366
429 4109
429 4414
429 4776
430 569
430 1476
430 2377
430 3747
430 4121
430 4434
431 2245
431 3107
432 1003
432 1445
432 1665
432 1706
432 1795
432 2162
432 2492
432 2962
432 2967
432 3159
432 3394
432 3859
432 3981
432 4522
432 4751
433 576
433 839
433 1812
433 1873
433 2197
433 2451
433 2587
433 3225
433 3433
433 3600
433 3735
433 4535
433 4637
434 990
434 1284
434 1305
434 1384
434 2615
434 3854
434 4953
435 864
435 1772
435 2569
435 2698
435 3137
435 3497
435 3949
436 662
436 1112
436 1587
436 2000
436 2105
436 2348
436 2666
436 3128
436 3272
436 3405
436 3448
436 3644
436 3765
436 4387
436 4821
437 1565
437 2226
437 2232
437 2255
437 2393
437 2874
437 3032
437 3428
437 4861
438 1531
438 1693
438 1888
438 3482
438 4268
438 4973
439 1015
439 1147
439 1494
439 1564
439 1647
439 2601
439 3010
439 3088
439 3222
439 4138
440 3774
440 4341
441 733
441 875
441 1673
441 1681
441 3295
441 3795
441 3988
441 4454
442 1132
442 1258
442 1682
442 4268
442 4727
443 539
443 562
443 912
443 1491
443 3537
443 4588
444 733
444 1441
444 2048
444 2823
444 3152
444 3303
444 3528
444 4011
444 4443
445 2102
446 581
446 2042
446 2498
446 3637
446 3671
447 779
447 1419
447 2152
447 2535
447 2986
447 3251
447 3282
447 3453
447 3570
447 3594
447 4412
447 4642
447 4773
447 4789
448 2611
448 3471
448 3833
448 4305
448 4452
449 1143
449 1174
449 1287
449 2279
449 3269
449 3304
449 4148
449 4348
449 4433
450 646
450 758
450 842
450 946
450 1421
450 1830
450 3392
450 4017
450 4279
450 4373
450 4407
450 4555
450 4626
450 4719
450 4919
451 605
451 1611
451 1914
451 2783
451 2835
451 3288
452 506
452 2392
452 2508
452 3640
452 3671
452 3943
452 4545
452 4985
453 566
453 1168
453 1185
453 1641
453 1793
453 2441
453 2465
453 3515
453 4326
453 4711
454 1528
454 2560
454 2618
454 3183
454 3418
455 510
455 531
455 685
455 959
455 2161
455 2323
455 2333
455 2529
455 3718
455 4198
455 4510
455 4828
455 4841
455 4852
456 2379
456 2681
456 2748
456 2892
456 3930
456 4077
456 4665
456 4716
456 4743
457 484
457 937
457 1287
457 1675
457 1745
457 2266
457 2970
457 4179
457 4265
457 4761
458 851
458 1017
458 1900
458 2473
458 2836
458 3470
458 3969
458 4389
459 668
459 1138
459 4781
460 1285
460 2896
460 3090
460 3285
460 3980
460 4086
460 4549
461 1058
461 1375
461 2859
461 3297
461 3410
462 833
462 920
462 948
462 1135
462 1976
462 2351
462 2536
462 3102
462 3155
462 3855
462 3923
462 4069
462 4562
462 4930
463 2066
463 2465
463 4167
463 4186
463 4638
464 767
464 1456
464 1693
464 4748
465 773
465 887
465 942
465 1638
465 1735
465 2384
465 2975
465 3334
465 3683
465 3812
465 4221
465 4238
465 4421
465 4441
466 600
466 969
466 1571
466 1582
466 2517
466 2928
466 3328
467 580
467 885
467 1189
467 2222
467 4898
468 572
468 704
468 834
468 1281
468 1822
468 1935
468 2079
468 2164
468 2778
468 2997
468 3287
468 4164
468 4232
468 4343
469 1276
469 1495
469 1794
469 2142
470 475
470 488
470 573
470 761
470 1865
470 2017
470 2265
470 2570
470 3054
470 3337
470 3568
470 3577
470 4487
470 4734
470 4787
471 1153
471 1271
471 2347
471 3364
471 3501
471 3637
472 845
472 1413
472 2083
472 2713
472 2819
472 3553
472 3994
472 4545
473 841
473 1654
473 2405
473 2554
473 2692
473 2739
473 3004
473 3304
474 1712
474 2212
474 2316
474 3295
474 4932
475 1491
475 3681
475 3783
475 4294
475 4503
475 4594
475 4864
476 2354
476 2812
476 4551
477 2682
477 3703
477 3794
477 4011
477 4813
478 2610
478 2648
478 3376
478 3914
478 3969
478 4504
479 566
479 1644
479 2515
479 4389
479 4990
480 1322
480 1672
480 1681
480 1968
480 2455
480 2498
480 3134
481 762
481 1208
481 2914
481 4684
481 4887
482 736
482 1343
482 3640
482 4293
482 4589
482 4792
483 4310
484 666
484 1740
484 2051
484 2184
484 2406
484 2422
484 2805
484 3346
484 3563
484 3606
484 3668
484 4338
484 4498
485 880
485 1314
485 1367
485 2021
485 2074
485 2365
485 3280
485 3434
485 3601
485 3672
485 4417
485 4441
485 4881
486 529
486 736
486 2737
486 2839
486 3010
486 3826
487 1196
487 1679
487 2428
487 2766
487 3109
487 3124
487 3143
487 3490
487 3562
487 3777
487 4005
487 4020
487 4177
487 4351
487 4828
488 2022
488 2896
488 4155
488 4163
488 4594
489 648
489 2151
489 2234
489 2478
489 2707
489 3047
489 4262
490 1325
490 1476
490 1736
490 2714
491 2301
491 2812
491 3348
491 4282
491 4378
491 4711
492 513
492 1745
492 1952
492 2714
492 2930
492 3020
492 3774
492 4156
493 1247
493 1810
493 3012
493 3312
493 3410
493 4332
494 611
494 1535
494 1852
494 2763
494 3262
494 3305
494 3643
494 3909
494 4114
494 4427
494 4430
495 648
495 795
495 1004
495 1918
495 1998
495 2517
495 3107
495 3335
495 3750
495 4184
495 4655
496 645
496 882
496 1048
496 1116
496 1425
496 1459
496 1586
496 2069
496 2275
496 2826
496 3289
496 4189
496 4323
496 4631
496 4677
497 676
497 1190
497 1229
497 1577
497 1684
497 1843
497 2007
497 2263
497 2733
497 2777
497 3101
497 3265
497 4015
498 1030
498 1870
498 2006
498 2432
498 3214
499 960
499 978
499 1625
499 1674
499 1758
499 2809
499 3764
500 724
500 976
500 1136
500 3170
500 3192
500 3381
500 3576
500 3687
500 4089
500 4133
500 4283
500 4550
500 4578
501 1708
501 2573
501 2728
501 3257
501 3451
501 3700
501 3781
502 1058
502 2302
502 3783
502 4179
502 4391
503 1490
503 2921
503 4113
504 815
504 860
504 1155
504 1852
504 2288
504 2394
504 2907
504 3435
504 3468
504 3757
504 3888
504 4556
504 4815
505 707
505 1659
505 2158
505 2263
505 2467
505 2608
505 2828
505 2845
505 2977
505 3371
505 3557
505 3730
505 3762
505 3873
505 4337
506 986
506 1747
506 1860
506 2342
506 2401
506 2961
506 3284
506 3728
506 3869
506 4364
506 4578
506 4634
507 4730
508 552
508 1156
508 2247
508 3090
508 3339
508 4835
509 654
509 1714
509 4265
509 4370
509 4834
509 4921
510 537
510 1745
510 2909
510 3516
510 3598
510 3678
510 4138
510 4531
511 1130
511 1319
511 1753
511 1935
511 2017
511 2050
511 2880
511 3645
511 3650
511 3857
511 3959
511 4111
511 4187
511 4876
512 647
512 1147
512 1201
512 1452
512 2389
512 2555
512 3972
512 4888
513 879
513 1961
513 2176
513 2240
513 2567
513 2871
513 2949
513 3454
513 4133
513 4647
513 4664
513 4671
513 4768
513 4980
514 780
514 1003
514 1016
514 1081
514 1095
514 2770
514 2817
514 3483
514 3552
514 3651
514 3693
514 4366
514 4690
515 854
515 1444
515 2008
515 2345
515 3737
515 4669
516 918
516 1156
516 1210
516 2387
516 2466
516 2664
516 3903
516 3906
517 1305
517 1465
517 1570
517 3752
517 4131
518 575
518 1328
518 2400
518 2495
518 3372
518 3721
518 4288
518 4880
519 1486
519 1515
519 1712
519 1968
519 3492
519 4766
520 993
520 1504
520 1514
520 1662
520 2245
520 3511
520 3581
520 3891
521 854
521 2163
521 3565
521 4353
521 4869
521 4871
522 891
522 1194
522 4021
522 4385
523 1170
523 1291
523 1683
523 2408
523 3787
523 4732
524 565
524 764
524 1117
524 1277
524 1822
524 1919
524 1928
524 2000
524 2094
524 2636
524 3379
524 3584
524 3908
524 4457
524 4910
525 2262
525 2959
525 4999
526 791
526 2042
526 2103
526 2999
526 4059
526 4999
527 735
527 909
527 1293
527 1937
527 2321
527 2961
527 3143
527 3192
527 3683
527 3695
527 3950
527 4587
527 4822
528 2102
528 3297
528 3516
528 4207
528 4512
529 686
529 709
529 1260
529 1332
529 1424
529 2169
529 2269
529 2918
529 3467
529 4042
529 4091
529 4327
529 4538
530 826
530 831
530 1016
530 1167
530 1214
530 1385
530 2265
530 2314
530 2695
530 3253
530 3419
530 3754
530 4365
530 4616
531 1089
531 1362
531 1494
531 2692
531 4539
532 1536
532 1918
532 2226
532 2834
532 3446
532 4845
533 1390
533 2370
533 2600
533 2640
533 2727
533 3015
533 3251
533 3322
533 3900
533 4230
533 4380
533 4571
534 1211
534 1254
534 2230
534 2364
534 2554
534 4957
535 768
535 835
535 1597
535 1734
535 1864
535 2813
535 3308
535 3309
535 3323
535 3499
535 3670
535 4102
535 4266
535 4404
536 728
536 850
536 902
536 923
536 991
536 1107
536 1311
536 1939
536 1996
536 3204
536 3682
536 3931
536 4329
536 4426
537 598
537 849
537 1198
537 1268
537 1390
537 2210
537 2757
537 2810
537 3421
537 3652
537 3663
537 3755
538 1682
538 2040
538 3719
538 4154
538 4339
538 4566
539 847
539 1016
539 1052
539 1338
539 1773
539 1785
539 2137
539 2702
539 3075
539 3114
539 3568
539 3580
539 3773
540 618
540 1027
540 1053
540 1593
540 1696
540 1760
540 1820
540 2017
540 3638
540 4134
540 4152
540 4324
540 4666
540 4937
541 897
541 1562
541 1586
541 1667
541 1843
541 1906
541 1909
541 2036
541 2705
541 2871
541 3453
541 4537
541 4804
541 4872
541 4963
542 870
542 1059
542 1664
542 2021
542 2319
542 2419
542 2731
542 3026
542 3960
542 4153
542 4482
542 4706
542 4735
542 4963
543 2072
543 3399
543 4357
543 4747
543 4873
544 1173
544 1908
544 2366
544 2914
544 3074
544 4126
545 1315
545 1547
545 2340
545 4781
546 868
546 2067
546 2538
546 3047
546 3206
546 3339
546 4443
547 1021
547 1925
547 1927
547 1949
547 2514
547 2554
547 3553
547 3597
547 3907
547 4059
547 4292
547 4443
548 1570
548 2283
548 2405
548 3168
548 3882
548 4002
548 4434
550 1870
550 3270
550 3633
550 3910
551 2466
551 2477
551 2839
552 1477
552 1700
552 2147
552 2481
552 2574
552 2641
552 2711
552 4174
552 4185
552 4374
552 4793
552 4926
553 1324
553 2031
553 2325
553 4010
554 652
554 1681
554 2157
554 4271
555 1099
555 1138
555 2112
555 2713
555 3196
555 3529
555 3636
556 660
556 993
556 1090
556 1193
556 1716
556 2951
556 2980
556 3376
556 4732
557 821
557 845
557 933
557 1091
557 1674
557 4302
558 1228
558 1359
558 1568
558 2311
558 2485
558 2621
558 2686
558 2967
558 3038
558 3078
558 3754
558 3993
558 4416
558 4540
559 2191
559 2427
559 2749
559 2921
559 3009
559 3972
560 709
560 1385
560 1433
560 1766
560 1992
560 2134
560 2447
560 3413
560 3643
560 4046
560 4087
560 4441
560 4596
561 651
561 1193
561 1208
561 2972
561 3559
561 3611
561 4061
561 4851
562 602
562 1039
562 1152
562 1294
562 1473
562 1792
562 2307
562 2326
562 2679
562 2920
562 3395
562 3484
562 4087
563 769
563 871
563 905
563 2375
563 2890
563 3176
563 3346
563 3392
563 3561
563 4153
563 4510
563 4914
564 933
564 1303
564 1569
564 1611
564 1614
564 1623
564 4474
565 1014
565 4059
566 887
566 1318
566 1370
566 1827
566 1831
566 2416
566 3211
566 3265
566 3340
566 3614
566 3749
566 4151
566 4931
567 1666
567 1981
567 2517
567 2734
567 4554
567 4869
568 1131
568 3107
568 3158
568 3203
568 4702
569 961
569 2249
569 2433
569 2592
569 2807
569 2827
569 2860
569 3413
569 3796
569 3857
569 4060
569 4257
570 1185
570 1889
570 2427
570 2522
570 3036
571 1254
571 1588
571 2489
571 3640
571 4655
571 4965
572 800
572 960
572 1462
572 1813
572 2999
572 3350
573 2016
573 3164
573 3897
573 3947
573 4854
573 4957
574 1490
574 1515
574 3053
574 4288
575 977
575 1272
575 1905
575 2169
575 2180
575 2336
575 3237
575 4024
575 4388
575 4513
575 4682
575 4720
575 4814
575 4954
576 1201
576 1282
576 2312
576 3180
576 4612
577 1462
577 1675
577 2976
577 3303
577 3808
577 4288
578 995
578 996
578 2486
578 2497
578 2971
578 4010
578 4326
579 4205
580 697
580 880
580 1980
580 2033
580 2062
580 2201
580 2456
580 2585
580 2674
580 4226
580 4409
580 4979
581 916
581 2293
581 2993
581 3097
581 3356
581 3380
581 3586
581 3662
581 4058
581 4335
581 4552
581 4868
581 4923
581 4945
582 995
582 1110
582 1764
582 1826
582 1889
582 2302
582 2366
582 2948
582 4186
583 1129
583 2864
583 4391
583 4902
584 2254
584 2850
584 2963
584 3252
584 4154
584 4601
584 4726
585 1029
585 1137
585 3964
585 4718
586 1981
586 2230
586 2704
586 2785
586 3470
586 4331
586 4569
587 839
587 897
587 1711
587 1892
587 2057
587 2059
587 2086
587 2236
587 2243
587 2496
587 3083
587 3744
587 3869
587 4285
588 701
588 736
588 1194
588 1486
588 2376
588 3285
588 3345
588 3431
588 3545
589 665
589 764
589 1111
589 1128
589 1874
589 2593
589 3210
589 3392
589 3601
589 3654
589 3852
589 4146
589 4555
589 4906
590 3118
590 3787
590 4988
591 1654
591 2869
591 3312
591 3446
592 2301
592 2461
592 2486
592 2615
592 4444
592 4801
593 1560
593 1784
593 2849
593 2992
593 3732
593 3737
593 4186
594 1194
594 1238
594 1701
594 2053
594 2148
594 4156
595 752
595 2168
595 2869
595 3438
595 4276
595 4747
595 4854
596 816
596 927
596 1960
596 2079
596 2182
596 2264
596 2551
596 2773
596 3111
596 3241
596 3766
596 4552
596 4573
596 4944
597 1205
597 1986
597 2274
597 3208
597 4449
598 1413
598 2713
598 2835
598 4011
598 4113
598 4310
599 1085
599 1221
599 2030
599 2212
599 2729
599 2875
599 2970
600 928
600 975
600 1027
600 1032
600 1233
600 1235
600 1891
600 2384
600 2726
600 3055
600 4351
600 4751
600 4795
600 4895
601 1030
601 1675
601 2347
601 4589
602 808
602 1058
602 1261
602 3004
602 3173
602 4293
602 4797
603 1141
603 1643
603 1926
603 2112
603 2388
603 2649
603 3396
603 4131
604 1772
604 2690
604 3268
604 4244
604 4669
605 976
605 1222
605 1500
605 1834
605 1930
605 2166
605 2306
605 3626
605 3753
605 4071
605 4948
605 4975
606 916
606 987
606 1219
606 1852
606 2185
606 2269
606 2547
606 2623
606 2763
606 2771
606 2933
606 4304
606 4609
607 2232
607 2611
607 3391
607 4059
607 4723
608 1058
608 2286
608 3378
608 3385
608 3646
608 4446
609 1221
609 3822
609 4135
609 4673
609 4959
610 901
610 1341
610 1354
610 4078
610 4730
611 865
611 1536
611 1549
611 1925
611 3278
611 3417
611 3678
611 3929
611 4339
612 1026
612 2498
612 3235
612 3640
612 4618
613 817
613 2096
613 2165
613 2179
613 2427
613 2846
613 3152
613 3806
613 4061
613 4848
614 1038
614 1160
614 4886
615 708
615 774
615 1215
615 1341
615 1545
615 1629
615 2023
615 2168
615 2308
615 2835
615 3516
615 3763
615 3990
615 4709
615 4935
616 1329
616 1355
616 1875
616 2159
616 2694
616 2821
616 2856
616 3472
616 3770
616 4408
616 4477
617 1772
617 2928
617 3037
617 3492
617 3878
617 4250
617 4701
617 4779
618 960
618 1014
618 1077
618 1418
619 823
619 1108
619 3358
619 3508
619 3882
619 4601
619 4957
620 689
620 844
620 1511
620 1577
620 1814
620 1850
620 1869
620 2336
620 2410
620 3336
620 4097
620 4114
620 4390
620 4876
621 1349
621 2007
621 2208
621 2816
621 3015
621 3028
621 3496
621 3638
621 4075
621 4139
621 4223
621 4327
622 658
622 1973
622 2077
622 2645
622 2715
622 2783
623 1729
623 2084
623 2618
623 2859
623 4154
624 1258
624 2537
624 2714
624 4683
625 865
625 1211
625 2354
625 2588
625 3574
625 3841
625 4367
626 911
626 924
626 1372
626 1726
626 2147
626 2430
626 2507
626 3390
626 3828
626 4081
626 4107
626 4161
626 4220
626 4394
627 1144
627 3415
627 3417
627 3887
628 725
628 1068
628 1309
628 2270
628 2298
628 3101
628 3199
628 3277
628 3430
628 3892
628 4263
628 4317
628 4435
628 4575
628 4795
629 688
629 1215
629 2989
629 3180
629 3719
630 3142
630 3351
631 1402
631 4288
632 1132
632 1413
632 1495
632 1641
632 1648
632 1997
632 2449
632 3168
632 3980
632 3992
632 4464
633 2400
633 3257
633 3578
634 1278
634 2227
634 2769
635 2053
635 2439
635 2690
635 2738
635 4617
636 1462
636 2226
636 2524
636 4116
637 1074
637 1416
637 1549
637 2478
638 752
638 2765
638 3304
638 4305
639 825
639 993
639 1021
639 1129
639 1669
639 2286
639 2424
639 2573
639 2794
639 3158
639 3553
639 3636
639 4551
639 4997
640 907
640 1543
640 2534
640 2886
640 2942
640 3768
640 3933
640 4071
640 4088
640 4877
640 4943
640 4954
641 1127
641 1716
641 2048
641 2852
642 651
642 974
642 1148
642 1382
642 1732
642 2130
642 2149
642 4617
643 1005
643 2241
643 3733
644 648
644 918
644 2191
644 2870
644 2959
644 4529
645 668
645 1131
645 1784
645 2023
645 3794
646 1242
646 1536
646 2461
646 2555
646 2562
646 4433
646 4618
647 1587
647 1852
647 2631
647 2767
647 2897
647 3001
647 3354
647 3434
647 4034
647 4238
647 4316
647 4809
647 4889
648 1135
648 1389
648 1594
648 1650
648 1860
648 2196
648 2975
648 3697
648 3849
648 4856
649 3709
649 3930
650 1127
650 1612
650 1683
650 1828
650 2234
650 2517
650 3646
650 4019
650 4410
651 934
651 948
651 1220
651 2160
651 2900
651 3145
651 3177
651 3666
651 3699
651 4812
651 4994
652 863
652 1003
652 1080
652 2005
652 2028
652 2828
652 2899
652 3472
652 3860
652 3927
652 4034
652 4102
652 4390
652 4954
653 808
653 1070
653 2084
653 4262
653 4512
654 973
654 1071
654 1086
654 1352
654 1993
654 2421
654 2592
654 3627
654 4536
654 4690
654 4849
654 4956
654 4995
655 1133
655 1282
655 1764
655 2497
655 2809
655 3572
655 4454
656 2120
656 3667
656 4613
657 1215
657 2274
657 4216
658 987
658 1509
658 1902
658 2830
658 2960
658 3189
658 3202
658 3262
658 3373
658 3641
658 4143
658 4223
658 4256
658 4883
659 1739
659 2227
659 2969
659 3325
659 4454
659 4947
660 674
660 1423
660 1747
660 1878
660 2106
660 2425
660 2881
660 3430
660 3696
660 3780
660 4097
660 4158
661 1931
661 3088
661 4665
661 4709
662 1284
662 2657
662 3556
662 3832
662 4006
662 4638
663 1108
663 1715
663 2142
663 2266
663 2484
663 3764
663 4512
664 1927
664 3599
664 3764
664 3842
664 4792
665 1074
665 1106
665 1894
665 2040
665 2296
665 3267
665 3463
665 3678
665 4807
666 2491
666 2969
666 3298
666 4224
666 4712
666 4947
667 1131
667 1351
667 1487
667 2951
667 3222
667 3535
667 4271
668 683
668 687
668 1046
668 1676
668 1818
668 2730
668 2820
668 3612
668 3749
668 3950
668 4846
669 860
669 1228
669 1410
669 1521
669 1721
669 1933
669 2735
669 2775
669 3327
669 3397
669 3659
669 4552
669 4616
669 4692
669 4967
670 2364
670 2478
670 2749
670 3633
670 4683
670 4792
670 4900
671 1536
671 1574
671 1914
671 3301
671 3604
671 4197
671 4287
672 813
672 1054
672 1228
672 2270
672 2582
672 2764
672 3133
672 3464
672 3570
672 3809
672 3856
672 4008
672 4635
672 4676
673 1168
673 1739
673 1884
673 2738
673 2801
673 3203
673 3351
673 3589
673 4033
673 4632
673 4813
674 1813
674 1870
674 3005
675 1384
675 1949
675 1952
675 2823
675 2989
675 3119
675 3298
676 1347
676 1629
676 2143
676 2191
676 3350
676 4029
676 4661
676 4973
677 1396
677 1730
677 1786
677 1847
677 2804
677 3716
677 4033
677 4531
678 1581
678 4156
678 4478
678 4902
679 899
679 1208
679 1465
679 2411
679 2645
679 3633
679 3639
679 4729
680 1017
680 1070
680 2602
680 3140
680 3491
680 3495
680 4121
680 4244
680 4551
681 1633
681 2443
682 876
682 1157
682 1341
682 3742
683 2377
683 2393
683 3529
684 1182
684 1560
684 2562
684 2704
684 2943
684 3257
684 4680
685 2302
685 4665
686 868
686 1718
686 2999
687 1158
687 1428
687 2235
687 2501
687 3801
687 4128
687 4754
688 707
688 1301
688 1770
688 1869
688 2549
688 2740
688 2855
688 3116
688 3135
688 3888
688 4286
688 4386
688 4650
689 1572
689 1574
689 2095
689 2136
689 2424
689 3036
689 4613
690 1121
690 1278
690 1452
690 1643
690 2441
690 2625
690 2842
691 2255
691 3298
691 4207
691 4216
691 4726
691 4950
692 1290
692 1633
692 1666
692 2023
693 1322
693 1927
693 3036
693 3438
693 4126
694 1866
694 2092
694 2811
694 4813
695 1491
695 1581
695 1923
695 2143
695 2584
695 2885
695 3500
695 3826
695 4121
695 4224
695 4378
696 1005
696 1261
696 1682
696 1759
696 1931
696 4935
697 995
697 1986
697 2849
697 3992
698 710
698 1090
698 1138
698 1671
698 2443
698 3140
698 4488
699 995
699 1133
699 1168
699 2232
699 3639
699 4294
700 796
700 1122
700 1189
700 2491
700 4293
700 4311
700 4601
700 4712
700 4776
700 4990
701 838
701 855
701 1012
701 1124
701 1731
701 2111
701 3150
701 3293
701 3392
701 3503
701 3680
701 4309
701 4408
701 4857
702 733
702 932
702 1428
702 1570
702 1804
702 2473
702 2734
702 3387
702 4010
703 821
703 963
703 964
703 1904
703 2901
703 2914
703 4016
703 4953
704 1330
704 2459
704 2565
704 3725
704 3854
704 3878
704 4141
704 4357
704 4419
704 4603
705 2878
705 3821
706 955
706 2031
706 2165
706 2395
706 2857
706 3348
706 4783
707 2053
707 2971
707 3820
707 3903
707 4302
707 4714
707 4939
708 898
708 1365
708 1795
708 1913
708 1935
708 2352
708 2445
708 2810
708 3233
708 3266
708 3430
708 3461
708 4303
709 2498
709 3165
709 3417
709 3418
710 734
710 1011
710 1059
710 1314
710 1356
710 1425
710 1969
710 2094
710 3836
710 3893
710 4136
710 4786
710 4828
711 778
711 832
711 1586
711 2104
711 2188
711 2337
711 2547
711 2938
711 3677
711 3961
711 4122
711 4490
711 4541
712 2499
712 4148
712 4385
713 837
713 875
713 2947
713 4594
713 4711
714 748
714 818
714 1178
714 1791
714 1928
714 2129
714 2259
714 3202
714 3530
714 3608
714 3760
714 3800
714 4499
714 4546
715 2136
715 2310
715 3723
715 4019
715 4673
716 2126
716 3703
716 3772
716 4203
717 732
717 905
717 1177
717 1356
717 1766
717 2590
717 2877
717 3021
717 3615
717 3921
717 4317
717 4836
717 4904
718 1160
718 1278
718 1673
718 2638
718 3508
718 3832
718 4902
718 4992
719 1291
719 1870
719 2262
719 3709
719 4011
720 827
720 854
720 2316
720 2393
720 2498
720 2572
720 2947
720 3121
720 3206
720 3725
720 4078
720 4492
721 1312
721 2142
721 2672
721 2774
722 785
722 1044
722 1131
722 2610
722 2859
722 3742
722 3995
722 4992
723 1716
723 2075
723 2274
723 3182
723 4569
724 866
724 999
724 1866
724 2316
724 2474
725 1132
725 2031
725 2308
725 2762
725 2980
726 784
726 1385
726 1740
726 1860
726 2133
726 2323
726 2614
726 2623
726 2688
726 2699
726 2784
726 3489
726 3550
726 4204
726 4646
727 1145
727 1322
727 2573
727 2611
727 3396
727 3555
727 3775
727 4043
727 4988
728 2345
728 2459
729 817
729 1900
729 2435
729 3146
729 3470
729 4128
729 4729
730 1395
730 1448
730 1735
730 2528
730 2557
730 2764
730 2810
730 2973
730 3526
730 3744
730 3748
730 4022
730 4080
730 4195
731 934
731 987
731 1096
731 1268
731 1632
731 1802
731 2673
731 3052
731 3279
731 3452
731 3575
731 4317
731 4695
732 2844
732 4270
732 4355
732 4444
732 4729
733 1124
733 1204
733 2216
733 2523
733 2934
733 3579
733 3628
733 3697
733 3912
733 3958
733 4365
734 767
734 930
734 1540
734 2661
734 3553
735 785
735 2296
735 3436
735 3885
736 1500
736 1757
736 1980
736 2251
736 2962
736 3056
736 3215
736 4018
736 4083
736 4134
736 4586
737 1049
737 1612
737 3821
737 4747
738 1106
738 1264
738 1274
738 1914
739 2602
739 2732
739 3213
739 3227
739 3929
740 1202
740 2658
740 4292
741 842
741 1295
741 1467
741 1667
741 2280
741 2448
741 2603
741 2742
741 4057
741 4149
741 4297
741 4499
741 4833
741 4895
742 1259
742 1994
742 2119
742 2432
742 2704
742 2849
742 4247
742 4389
742 4921
743 1449
743 1545
743 1736
743 1999
743 2495
743 3267
743 4184
744 2143
744 4566
745 3053
745 3107
745 3791
745 4729
745 4845
746 937
746 1247
746 2049
746 2739
747 774
747 2408
747 3118
747 3369
747 3692
747 4007
748 955
748 1900
748 2016
748 2277
748 2405
748 3144
748 3544
748 4276
748 4594
748 4761
749 853
749 995
749 3611
749 3633
749 4824
750 1759
750 3335
750 3529
750 4792
751 1129
751 2484
751 2692
751 2737
751 3004
751 4301
751 4712
751 4792
752 1097
752 1361
752 2056
752 2476
752 2756
752 3030
752 3546
752 3657
752 3834
752 4005
753 1075
753 1097
753 1437
753 1700
753 2275
753 2528
753 2628
753 2945
753 3540
753 3630
753 3857
753 4413
753 4466
754 1005
754 2738
754 3329
754 3474
754 3877
754 4244
754 4831
755 1502
755 2287
755 2537
755 3341
755 3406
755 3551
755 4264
755 4880
756 2245
756 2460
756 3420
756 4449
756 4924
757 909
757 1834
757 1941
757 2558
757 2673
757 2952
757 3044
757 3117
757 3400
757 3823
757 3895
757 3938
757 4802
757 4954
758 1403
758 1452
758 1925
758 2053
758 2254
758 2424
758 2875
758 4370
758 4391
758 4748
759 1831
759 1868
759 2060
759 2430
759 2506
759 2576
759 3481
759 3510
759 3524
759 4091
759 4178
759 4620
759 4800
759 4870
760 1491
760 1745
760 2846
760 3016
760 3415
760 3567
760 3583
760 3899
760 4124
760 4771
760 4824
761 821
761 1810
761 2879
761 3914
762 1970
762 2123
762 2332
762 2452
762 2504
762 2528
762 2599
762 2841
762 3112
762 3433
762 4075
762 4625
762 4909
763 1290
763 1870
763 2142
763 2745
763 2786
763 4850
764 2072
764 2661
764 3269
764 4276
764 4444
765 1642
765 2658
765 2734
765 3328
765 3671
765 4268
765 4754
766 1261
766 1540
766 1712
766 2031
766 2287
766 2371
767 824
767 947
767 953
767 1297
767 1575
767 2061
767 2370
767 2536
767 2660
767 3638
767 3694
767 4060
768 883
768 1066
768 1452
768 2279
768 2366
768 2405
768 2441
768 3180
768 3537
769 1303
769 1796
769 3252
769 3709
770 1407
770 1616
770 1748
770 2787
770 2895
770 2950
770 3552
770 3986
770 4065
770 4150
770 4344
770 4575
770 4620
770 4970
771 2734
771 2803
771 3364
771 4962
772 1289
772 2698
772 2729
772 4748
772 4880
773 1572
773 3278
773 3474
773 3574
774 879
774 1791
774 1865
774 2445
774 2558
774 2705
774 2841
774 3018
774 3019
774 3112
774 4032
775 1066
775 1203
775 2392
775 3378
775 3742
775 3801
776 995
776 3183
776 3701
776 3926
776 4011
776 4432
777 911
777 1218
777 1225
777 1327
777 1552
777 1864
777 1916
777 2161
777 2529
777 3045
777 3072
777 3480
777 4755
778 2618
779 1443
779 1582
779 1708
779 2102
779 2465
779 4950
780 2008
780 2932
781 974
781 2290
781 2617
781 3140
781 4588
782 4244
782 4247
782 4782
783 1703
783 1896
783 2146
783 2173
783 2399
783 2828
783 2830
783 2958
783 3024
783 3084
783 3682
783 3919
783 4472
783 4696
784 984
784 1558
784 2200
784 2404
784 2554
784 3581
784 4989
785 1061
785 1068
785 1080
785 1232
785 1349
785 1361
785 2268
785 2673
785 3218
785 3259
785 4523
786 1011
786 1162
786 1518
786 2779
786 3383
786 3426
786 3828
786 3881
786 4022
786 4584
786 4619
786 4958
787 825
787 1174
787 2101
787 2839
787 3841
787 3949
787 4199
788 2991
788 3203
788 4156
789 1739
789 4280
790 992
790 1381
790 1647
790 2302
790 3692
790 3811
791 2019
791 2746
791 2956
791 3315
791 3647
791 3662
791 3852
791 3961
791 4089
791 4111
791 4469
791 4606
792 871
792 1782
792 1783
792 1905
792 2233
792 2577
792 2821
792 2897
792 3217
792 3506
792 3739
792 4111
792 4322
792 4394
793 1030
793 1493
793 1614
793 2204
793 3053
793 3090
793 3348
793 3845
793 4817
794 4850
795 989
795 1003
795 1851
795 2280
795 2462
795 2793
795 2860
795 3512
795 4660
795 4856
795 4994
796 1501
796 1699
796 1929
796 2115
796 2420
796 2722
796 2865
796 3413
796 3573
796 4001
796 4075
796 4395
796 4945
797 935
797 1523
797 1617
797 1773
797 2414
797 2488
797 2593
797 3655
797 3767
797 3952
797 4067
797 4233
797 4285
797 4819
798 2049
798 3945
798 4391
799 913
799 1166
799 1303
799 1475
799 2601
799 3297
799 3556
799 3723
799 3747
799 4539
800 898
800 1488
800 1765
800 2595
800 2788
800 2924
800 4117
800 4535
800 4650
800 4692
800 4710
801 1101
801 1328
801 2165
801 2610
801 3147
801 4264
801 4694
801 4834
802 944
802 1833
802 2640
802 2863
802 3100
802 3131
802 3422
802 3744
802 4536
802 4786
802 4842
802 4931
802 4933
803 1588
803 2042
803 2649
803 2698
803 2857
803 2921
803 3420
803 4464
804 885
804 1396
804 2177
804 2995
804 3106
804 3257
804 3304
804 3929
804 4997
805 899
805 1173
805 3196
805 3534
805 3717
805 3854
805 3866
805 3922
805 3974
805 4730
806 1403
806 1725
806 3267
806 3529
806 4262
806 4301
807 2287
807 2308
807 3132
807 3331
807 3542
807 4568
808 1457
808 1586
808 1738
808 2249
808 2304
808 2694
808 4100
808 4283
808 4579
808 4686
808 4897
808 4923
809 912
809 3428
809 3810
809 4293
809 4921
810 1651
810 4712
811 1516
811 1961
811 2056
811 2170
811 2629
811 2920
811 3114
811 3570
811 4204
811 4374
811 4630
811 4844
811 4967
812 1590
812 2056
812 2336
812 2343
812 2685
812 2782
812 2988
812 3049
812 3056
812 3447
812 4257
812 4289
812 4621
812 4664
812 4692
813 996
813 1243
813 1271
813 1312
813 2215
813 2524
813 2809
813 4326
813 4592
814 2633
814 2857
814 3213
814 3565
814 4247
815 1289
815 1571
815 2571
815 2948
815 4302
816 1251
816 1682
816 1806
816 1975
816 2930
816 3725
816 3882
817 1233
817 1329
817 1980
817 2666
817 2751
817 3260
817 3688
817 3699
817 3814
817 3970
817 4445
817 4670
817 4796
818 930
818 4996
818 4998
819 1131
819 2049
819 2379
819 3588
819 4568
820 1456
820 1718
820 2077
820 2092
820 3121
820 3436
820 3566
820 4716
821 994
821 1036
821 1155
821 1567
821 1635
821 1874
821 2984
821 3796
821 3902
821 4315
821 4460
822 963
822 1343
822 3165
822 3477
822 4119
822 4269
822 4367
823 1220
823 1385
823 1627
823 2280
823 2604
823 2913
823 3226
823 3360
823 3509
823 3838
823 4573
823 4970
824 2016
824 3223
824 3307
825 1237
825 1442
825 1845
825 2344
825 2429
825 3176
825 3219
825 3296
825 3318
825 3680
825 3799
825 4117
825 4905
826 1572
826 2301
826 2400
826 3597
827 898
827 1222
827 1404
827 2349
827 2702
827 3414
827 4089
827 4136
827 4248
827 4336
827 4762
827 4816
828 1030
828 1122
828 1922
828 2785
829 1325
829 1884
829 4105
829 4203
829 4449
830 1926
830 3134
830 4288
831 1914
831 1994
831 2885
831 3312
831 4939
832 1804
832 2244
832 2278
832 2970
832 3593
832 3854
833 1846
833 3173
833 3410
833 3845
833 4244
833 4978
834 3964
834 4747
834 4935
835 2471
835 2676
836 1641
836 3399
836 3752
836 4044
837 1232
837 1358
837 1842
837 2317
837 2585
837 2684
837 3045
837 4570
837 4608
837 4814
837 4920
837 4943
838 1921
838 2234
838 2514
838 2544
838 3820
838 4357
839 1141
839 1493
839 3031
839 4287
839 4611
839 4864
840 1141
840 2970
840 4438
840 4618
841 1353
841 1448
841 1659
841 2086
841 2273
841 2360
841 2469
841 2475
841 2868
841 3079
841 4062
841 4223
841 4715
841 4786
842 1880
842 2874
843 1396
843 1693
843 1951
843 3153
843 3954
844 1487
844 1644
844 1712
844 3791
844 4941
845 847
845 1269
845 1450
845 2193
845 2882
845 2899
845 3776
845 3829
845 3858
845 4218
845 4418
845 4671
846 1315
846 1898
846 3146
846 3897
847 1058
847 1127
847 1436
847 2849
847 2878
847 2970
847 3121
847 3848
848 1698
848 2230
848 2502
848 3023
848 3077
848 3774
848 4205
849 2499
849 2765
849 2798
849 4414
850 1405
850 4512
851 946
851 1065
851 1232
851 1295
851 1308
851 1346
851 1781
851 2051
851 2430
851 3414
851 3743
852 1495
852 1793
852 2245
852 2435
852 2618
852 3593
852 4718
852 4884
853 882
853 1164
853 1699
853 1735
853 1768
853 2131
853 2445
853 2706
853 2772
853 3099
853 3250
853 3539
853 3740
853 4622
854 1236
854 1349
854 1650
854 2020
854 2134
854 2592
854 3041
854 3051
854 3319
854 3543
854 4020
854 4943
855 1276
855 1994
855 2071
855 2271
855 2477
855 2571
855 2812
855 3301
856 1170
856 1282
856 1866
856 2539
857 1334
857 2192
857 2524
857 3168
857 3288
858 1547
858 1751
858 1918
858 4774
859 1681
859 1724
859 2016
859 2075
859 2690
859 2728
859 2862
859 2947
859 4096
859 4774
860 1558
860 2262
860 3098
860 3491
860 4239
861 2979
862 2302
862 3047
862 3795
862 4138
862 4273
862 4882
863 1898
863 2565
863 2732
863 3062
863 3795
864 895
864 1047
864 1095
864 2019
864 2111
864 3003
864 3865
864 4321
864 4469
864 4849
864 4866
865 1932
865 2318
865 2752
865 2824
865 3170
865 3557
865 3624
865 3948
865 4087
865 4259
865 4509
866 1882
866 2188
866 2236
866 2332
866 2629
866 2940
866 3256
866 3829
866 4094
866 4169
866 4328
866 4426
866 4758
867 876
867 901
867 1132
867 2042
867 2656
868 870
868 1742
868 1753
868 1802
868 1862
868 1956
868 2666
868 2981
868 3081
868 3476
868 4457
868 4784
869 1360
869 2031
869 2127
869 2544
869 4019
869 4105
869 4165
870 1911
870 3074
870 4433
871 1675
871 1698
871 2836
871 2989
871 3745
871 3775
872 1147
872 2781
872 3002
872 3396
872 3491
872 3821
873 913
873 1351
873 2862
873 3144
873 3995
873 4268
874 912
874 929
874 1173
874 1847
875 967
875 1041
875 1075
875 1563
875 1845
875 1856
875 2488
875 2576
875 2705
875 3262
875 3338
875 3898
876 914
876 975
876 2038
876 2653
876 3041
876 3466
876 3577
876 3872
876 3881
876 4087
876 4496
876 4685
877 1014
877 1101
877 1189
877 1715
877 2434
877 2874
877 3345
877 4449
877 4655
878 912
878 1182
878 1362
878 2301
878 3022
878 3185
879 1999
879 3716
879 4029
879 4776
880 1724
880 2972
880 3369
880 4454
880 4776
881 970
881 1030
881 1383
881 1981
881 3897
882 1323
882 1444
882 1531
882 2277
882 2395
882 3156
882 3581
882 3745
882 3822
883 985
883 1056
883 1639
883 1722
883 2106
883 2383
883 2726
883 3042
883 3103
883 3679
883 3970
883 4737
884 2438
884 2439
884 3866
884 4503
885 893
885 895
885 998
885 1839
885 1938
885 2172
885 2407
885 2708
885 3029
885 3569
885 4243
885 4263
885 4372
886 2424
886 3053
886 3667
887 1794
887 3146
887 3312
887 3474
887 3611
887 4761
888 1148
888 1570
888 1671
888 2325
889 2804
889 3876
889 4443
890 1491
890 1789
890 2989
890 3516
890 3528
890 3596
890 3671
890 4113
891 1437
891 1818
891 1955
891 2257
891 2506
891 2720
891 3065
891 3473
891 3731
891 3813
891 4089
891 4222
891 4982
892 2108
892 2366
892 3436
892 3725
893 1514
893 2849
893 3934
893 4281
893 4569
893 4831
894 1059
894 1213
894 1224
894 1762
894 2458
894 3092
894 3281
894 3554
894 3712
894 3803
894 3883
894 4037
894 4134
894 4245
894 4372
895 1002
895 3122
895 3742
895 4210
895 4985
896 2707
896 3312
896 3385
896 3431
896 3553
896 4367
897 1452
897 2234
897 3235
897 3954
897 4126
898 2554
898 3783
899 921
899 1234
899 1543
899 1548
899 1748
899 2041
899 2105
899 2566
899 2889
899 4065
899 4295
900 1614
900 1959
900 3362
900 3596
900 4613
901 2303
901 2383
901 2413
901 2853
901 2923
901 3373
901 3531
901 3685
901 4032
901 4327
901 4597
901 4690
902 3288
902 3329
902 3537
903 1282
903 1981
903 2411
903 2495
903 3222
903 3331
904 1201
904 2748
904 4774
905 1243
905 1515
905 1978
905 3598
905 4835
906 967
906 1346
906 1691
906 1713
906 2014
906 2228
906 2293
906 3096
906 3455
906 4134
906 4583
906 4628
906 4799
906 4853
907 2211
907 2508
907 2846
907 4900
908 1351
908 2465
908 3722
908 4434
908 4962
909 1582
909 1710
909 2393
909 3023
910 1498
910 1672
910 2404
910 3537
910 3545
910 3763
910 3914
910 4962
911 2010
911 3599
911 4729
912 1288
912 1304
912 1627
912 2153
912 3852
912 4092
912 4160
912 4180
912 4948
913 1706
913 1719
913 1890
913 2199
913 2599
913 2826
913 3425
913 3564
913 4558
913 4652
913 4696
914 1717
914 2006
914 2502
914 3477
914 4551
914 4727
915 1574
915 1931
915 2053
915 2991
915 3324
915 4033
915 4539
915 4996
916 1651
916 3500
916 4439
916 4835
917 964
917 1612
917 2347
917 2879
917 3625
917 4788
918 1309
918 1321
918 1874
918 1901
918 2074
918 2099
918 2576
918 3151
918 3642
918 3656
918 3869
918 4491
919 1476
919 3402
920 1794
920 2181
920 3036
920 3491
920 4262
920 4727
921 1286
921 2661
921 2765
921 3364
922 937
922 4590
923 1870
923 2632
923 3511
924 974
924 1251
924 1493
924 2140
924 2473
924 2478
924 2514
924 2806
925 2424
925 2965
925 3255
925 3301
925 3317
926 1420
926 1614
926 1806
926 2085
926 2353
926 2432
926 2525
926 2573
926 2790
926 3907
926 4479
926 4629
926 4801
927 1914
927 3137
927 3195
927 4331
928 1629
928 2262
928 2661
928 2812
928 3134
929 1126
929 1411
929 2480
929 3209
929 3608
929 3831
929 4187
929 4230
929 4485
929 4495
929 4725
930 1007
930 1359
930 2125
930 2240
930 2394
930 2553
930 2722
930 3359
930 3670
930 3741
930 4517
930 4696
931 1284
931 1900
931 3208
932 1100
932 1262
932 1967
932 2216
932 2535
932 2579
932 2848
932 3092
932 3116
932 3696
932 3743
932 4306
932 4628
932 4653
933 1426
933 1785
933 2047
933 2356
933 2370
933 2751
933 2757
933 3334
933 3673
933 3761
933 4100
933 4891
934 1026
934 2495
934 3947
935 1354
935 1790
935 1828
935 1857
935 2040
935 2461
935 2514
935 3497
935 3504
935 4488
935 4766
935 4854
936 1137
936 1478
936 2560
936 4121
937 1369
937 1858
937 1965
937 2186
937 2303
937 2504
937 3305
937 3618
937 3979
937 4321
937 4583
937 4667
938 2518
939 970
939 2071
939 2698
939 3470
939 4141
940 1092
940 2219
940 2676
940 3794
940 4208
941 1307
941 1615
941 2206
941 2636
941 3357
941 3466
941 3647
941 3729
941 3960
941 4083
941 4104
941 4172
941 4379
941 4412
941 4833
942 990
942 1148
942 1625
942 2362
943 2261
943 3165
943 4864
943 4996
944 2192
944 2847
945 1132
945 1210
946 2443
946 3242
946 4028
947 2008
947 2875
947 4588
947 4973
947 4974
948 2008
948 2749
948 2765
948 3391
948 4186
948 4669
949 978
949 4070
949 4231
950 1133
950 1416
950 2479
950 4612
950 4791
951 1147
951 2522
951 3545
951 4302
951 4754
952 1145
952 2278
952 2560
952 2870
952 3492
952 4512
953 1672
953 1729
953 2491
953 2946
953 3263
953 3418
953 3559
953 3989
953 4109
954 2087
954 2718
954 2925
954 3199
954 3338
954 3819
954 3853
954 4177
954 4312
954 4336
954 4596
954 4640
954 4710
955 1031
955 1095
955 1510
955 2026
955 2591
955 3080
955 3170
955 3184
955 3536
955 3846
955 4146
955 4285
955 4706
956 1436
957 1339
957 1347
957 2732
957 3914
957 4399
957 4788
958 1434
958 2922
958 2990
958 3260
958 3407
958 3444
958 3461
958 3462
958 3569
958 3699
958 3935
958 4209
958 4951
959 1312
959 1654
960 1050
960 1471
960 1523
960 2962
960 3444
960 3753
960 3770
960 4074
960 4100
960 4218
960 4427
960 4574
961 1647
961 2508
961 4044
961 4184
962 1009
962 1084
962 1887
962 1896
962 1965
962 2263
962 2269
962 2821
962 2953
962 2960
962 3021
962 3620
962 4018
962 4365
962 4605
963 1022
963 1218
963 1241
963 1348
963 1940
963 2446
963 3422
963 3503
963 3651
963 4514
963 4582
963 4658
964 1064
964 1265
964 1479
964 1910
964 2380
964 2523
964 2726
964 2935
964 2982
964 3601
964 4235
964 4417
965 2869
965 4007
965 4991
966 1278
966 2095
966 3222
966 3358
967 2366
967 2682
967 2734
967 2971
967 3703
967 3783
967 3837
967 3994
967 4590
967 4612
967 4716
967 4749
967 4997
968 1156
968 4997
969 1220
969 1292
969 1481
969 1622
969 1910
969 1913
969 2116
969 2291
969 3025
969 3170
969 3605
969 3730
969 3755
969 4893
970 1298
970 1423
970 2273
970 2777
970 3028
970 3148
970 3266
970 3533
970 3851
970 4456
970 4952
971 1430
971 4810
972 1247
972 1550
972 2084
972 3588
973 2072
973 2692
973 3988
974 1645
974 2111
974 2332
974 2596
974 3085
974 3280
974 3861
974 4008
974 4631
974 4670
975 1718
975 1978
975 2301
975 2538
975 4201
976 2247
977 1475
977 2642
977 2681
977 2989
977 3542
978 1248
978 1695
978 2351
978 3577
978 3614
978 3748
978 3784
978 3865
978 3935
978 4738
979 1647
979 2085
979 2854
979 4845
980 992
980 1038
980 1998
980 2071
980 3321
980 3491
980 3910
980 4155
980 4282
981 1322
981 1418
981 1671
981 3415
982 2484
983 1070
983 1247
983 1351
983 1383
983 1531
983 3742
983 3980
984 1500
984 1594
984 1985
984 2002
984 2115
984 2607
984 2719
984 2893
984 3245
984 3322
984 3480
984 3823
985 1894
985 2279
985 3206
985 3551
986 1215
986 2884
987 2465
987 3328
987 3915
987 4131
987 4464
988 1205
988 2222
988 2798
988 2874
988 3515
988 3752
988 3947
989 1502
989 1644
989 3165
989 4782
990 1709
990 1713
990 1824
990 1992
990 2447
990 2810
990 3961
990 4073
990 4182
990 4934
991 1205
991 1715
991 2387
991 2928
991 4391
992 1196
992 1369
992 1615
992 1777
992 1916
992 2079
992 2667
992 2727
992 3707
992 3776
992 4048
993 1350
993 1707
993 2131
993 2240
993 3259
993 4003
993 4020
993 4081
993 4088
993 4388
993 4457
993 4538
994 1683
994 2486
994 2819
994 3637
994 4077
994 4219
995 2519
995 2580
995 3360
995 3648
995 3656
995 3661
995 4324
996 1059
996 1184
996 2052
996 2582
996 2735
996 2939
996 3013
996 3349
996 4060
996 4261
996 4710
997 1403
997 1717
997 2010
997 2781
997 4184
998 2246
998 2438
998 2992
998 3899
999 1329
999 1661
999 1748
999 1854
999 2250
999 2597
999 2755
999 2920
999 3067
999 3240
999 3862
999 4206
999 4852
1000 1662
1000 1698
1000 1807
1000 2843
1000 2846
1000 3410
1000 3832
1000 4039
1000 4618
1001 1148
1001 1194
1001 1221
1001 1504
1001 2424
1001 4296
1002 1064
1002 1135
1002 1656
1002 2061
1002 2332
1002 3044
1002 3452
1002 3592
1002 3687
1002 3977
1002 4498
1002 4648
1002 4958
1003 1729
1003 2613
1003 3156
1004 1196
1004 1333
1004 1885
1004 1902
1004 2329
1004 2454
1004 3443
1004 3460
1004 3634
1004 4185
1004 4472
1004 4526
1004 4555
1005 1084
1005 2906
1005 3014
1005 3560
1005 3601
1005 3647
1005 3673
1005 4827
1005 4920
1006 1243
1006 2376
1006 2734
1006 2836
1006 2989
1006 4210
1006 4215
1007 1090
1007 3098
1007 4888
1008 1178
1008 1602
1008 1777
1008 1958
1008 2399
1008 2552
1008 2585
1008 2753
1008 3411
1008 3650
1008 4038
1008 4092
1008 4981
1008 4993
1009 2211
1009 2951
1009 3992
1010 1462
1010 1636
1010 2486
1010 3633
1010 4028
1011 2202
1011 3369
1011 3982
1011 4835
1012 1375
1012 1456
1012 3121
1012 4732
1012 4749
1012 4817
1013 1519
1013 1809
1013 1858
1013 1909
1013 2080
1013 2463
1013 2837
1013 3116
1013 3302
1013 4555
1013 4604
1013 4734
1013 4837
1014 1041
1014 1446
1014 1613
1014 2223
1014 2741
1014 3024
1014 3091
1014 3448
1014 3614
1014 3816
1015 1113
1015 1728
1015 2670
1015 2671
1015 2802
1015 2808
1015 3120
1015 3176
1015 3228
1015 3548
1015 3658
1015 4298
1015 4314
1015 4538
1016 1121
1016 1148
1016 3147
1016 4119
1017 1105
1017 1483
1017 1805
1017 2908
1017 3058
1017 3279
1017 3424
1017 3429
1017 3835
1017 3966
1017 4394
1017 4706
1017 4928
1018 1070
1018 1560
1018 3298
1018 4121
1018 4203
1019 1381
1019 1623
1019 2072
1020 1104
1020 1691
1020 1874
1020 2032
1020 2496
1020 2553
1020 2556
1020 2831
1020 3433
1020 3814
1020 3912
1020 3999
1020 4236
1020 4806
1020 4883
1021 1318
1021 1329
1021 1463
1021 1749
1021 1920
1021 1970
1021 2724
1021 2756
1021 2958
1021 3592
1021 3690
1021 3951
1022 1724
1022 2798
1022 3372
1023 2290
1023 2588
1023 2819
1023 3244
1023 4831
1024 2738
1024 3565
1024 3572
1024 4884
1025 1813
1025 2484
1025 3791
1026 1175
1026 1224
1026 1481
1026 2741
1026 2760
1026 3562
1026 4248
1026 4295
1026 4448
1026 4472
1026 4695
1026 4821
1026 4968
1027 1420
1027 2819
1027 2971
1027 4124
1028 1558
1028 1889
1028 2455
1028 2836
1028 2850
1029 1273
1029 1649
1029 1664
1029 2240
1029 2385
1029 2406
1029 2587
1029 2646
1029 2927
1029 2934
1029 3603
1029 4193
1030 1226
1030 1658
1030 1700
1030 1859
1030 1985
1030 2195
1030 2365
1030 3315
1030 3691
1030 4139
1031 4504
1031 4531
1031 4718
1032 1495
1032 1502
1032 1922
1032 2829
1032 3438
1032 3667
1032 3764
1032 4845
1033 1465
1033 2400
1033 2602
1033 2626
1033 3910
1033 3995
1033 4280
1033 4932
1034 1202
1034 1995
1034 3934
1035 1926
1035 2177
1035 2435
1035 3267
1035 4247
1036 1148
1037 1796
1037 2254
1037 4239
1037 4278
1037 4474
1038 1206
1038 1388
1038 1748
1038 1983
1038 2097
1038 2134
1038 2902
1038 3461
1038 4089
1038 4094
1038 4254
1039 2857
1039 2909
1039 3545
1039 3723
1039 3954
1039 4311
1039 4848
1040 1760
1040 1893
1040 2034
1040 2079
1040 2416
1040 2792
1040 3236
1040 3279
1040 3395
1040 3807
1040 3816
1040 4048
1040 4181
1040 4583
1040 4961
1041 1240
1041 1997
1041 3012
1041 3637
1042 1806
1042 1914
1042 2690
1042 3722
1042 3810
1042 3822
1043 1496
1043 1925
1043 2632
1043 3304
1043 4754
1044 1385
1044 1576
1044 1860
1044 2004
1044 2270
1044 2623
1044 3063
1044 3084
1044 3480
1044 3612
1044 3779
1044 4825
1044 4895
1044 4971
1045 2262
1045 2892
1046 3153
1046 3596
1046 3669
1046 4873
1047 1091
1047 1153
1047 1570
1047 1647
1047 2362
1047 2537
1047 3572
1047 4210
1047 4262
1047 4414
1047 4503
1048 1278
1048 1458
1048 1870
1048 2179
1048 2692
1048 3578
1049 1313
1049 1453
1049 2094
1049 2394
1049 2402
1049 2831
1049 2880
1049 3110
1049 3205
1049 3924
1049 4562
1049 4666
1050 2681
1050 3418
1050 3793
1051 1271
1051 1316
1051 2914
1051 3599
1051 4454
1052 1571
1052 1911
1052 2312
1052 2632
1052 3583
1052 3778
1052 4270
1052 4357
1052 4594
1053 1201
1053 1949
1053 2296
1053 2692
1053 3458
1053 3542
1053 4002
1053 4288
1054 1203
1054 1278
1054 1524
1054 2783
1054 3822
1055 1450
1055 1692
1055 2041
1055 2269
1055 2685
1055 2863
1055 2997
1055 3017
1055 3066
1055 3266
1055 3879
1055 4409
1055 4675
1056 1636
1056 1712
1056 3142
1056 3227
1056 3431
1056 4757
1057 1323
1057 1701
1057 1714
1057 2477
1057 2503
1057 2892
1057 2930
1057 3206
1057 3941
1057 4096
1057 4124
1057 4201
1058 1369
1058 1483
1058 2483
1058 2624
1058 2827
1058 4306
1058 4633
1058 4784
1058 4906
1059 1286
1059 4516
1060 2676
1060 3521
1060 3599
1060 4442
1061 1493
1061 1673
1061 1758
1061 2569
1061 2707
1061 4824
1062 1360
1062 3709
1062 4661
1062 4932
1063 2785
1064 1264
1064 1898
1064 2325
1064 2971
1064 3671
1065 1612
1065 2006
1065 2120
1065 2531
1065 4301
1066 1320
1066 1503
1066 1946
1066 2045
1066 2295
1066 2311
1066 2673
1066 2817
1066 4688
1066 4758
1066 4908
1067 1573
1067 1626
1067 1874
1067 1958
1067 2221
1067 2724
1067 2994
1067 3274
1067 3562
1067 3571
1067 3786
1067 4027
1067 4240
1067 4819
1068 1952
1068 2642
1068 2707
1068 3681
1068 4006
1068 4291
1068 4743
1069 1077
1069 1193
1069 1290
1069 2084
1069 2366
1069 2427
1070 1501
1070 1563
1070 2267
1070 2494
1070 2685
1070 3102
1070 3691
1070 3940
1070 4572
1070 4934
1071 1274
1071 4270
1071 4747
1072 4154
1073 1258
1073 1581
1073 2207
1073 2979
1073 3491
1073 4615
1073 4999
1074 1389
1074 2295
1074 3460
1074 3665
1074 3905
1074 4052
1074 4187
1074 4255
1074 4374
1074 4621
1074 4692
1074 4883
1075 1637
1075 2870
1075 3147
1075 4145
1075 4301
1076 2312
1076 4939
1077 1087
1077 1179
1077 1945
1077 2986
1077 3230
1077 3309
1077 3609
1077 3937
1077 4111
1077 4118
1077 4706
1078 2302
1078 2310
1078 2555
1078 2806
1078 4078
1079 3005
1079 4391
1080 1975
1080 3625
1080 4165
1081 2602
1081 2847
1081 2854
1081 4163
1082 1110
1082 1271
1082 1898
1082 2869
1082 3692
1082 3737
1082 4531
1083 1143
1083 1813
1083 1911
1083 1997
1083 2157
1083 2290
1083 3062
1083 4479
1084 1550
1084 2112
1084 2794
1084 3752
1085 1095
1085 1135
1085 1209
1085 2138
1085 2196
1085 2346
1085 3697
1085 3784
1085 3798
1085 3958
1085 3997
1085 4187
1086 1193
1086 1625
1086 1922
1086 2798
1086 3304
1086 3376
1086 3945
1086 4932
1087 1975
1087 2781
1087 3012
1087 4370
1087 4414
1088 1354
1088 2715
1088 3636
1088 4745
1089 1664
1089 2097
1089 2352
1089 2369
1089 2726
1089 3332
1089 3523
1089 4020
1089 4606
1089 4647
1089 4664
1089 4681
1089 4942
1089 4976
1090 1311
1090 1757
1090 1905
1090 2639
1090 3600
1090 4408
1090 4499
1090 4780
1090 4862
1090 4956
1091 1217
1091 1665
1091 1670
1091 2292
1091 2468
1091 2470
1091 3289
1091 4401
1091 4646
1091 4670
1091 4806
1091 4846
1092 1518
1092 1838
1092 2028
1092 2239
1092 2272
1092 2646
1092 2756
1092 2876
1092 3411
1092 3839
1092 4470
1092 4586
1092 4645
1093 1473
1093 1591
1093 1738
1093 2221
1093 2329
1093 2374
1093 2697
1093 2891
1093 2922
1093 3711
1093 4054
1093 4218
1093 4321
1094 1763
1094 3572
1094 4010
1095 1668
1095 1708
1095 3791
1095 3845
1095 3882
1095 4590
1096 3811
1096 3833
1097 1883
1097 3703
1097 4603
1097 4835
1097 4947
1098 1444
1098 2075
1098 2864
1098 4723
1099 1399
1099 2190
1099 2665
1099 3048
1099 3609
1099 4071
1099 4115
1099 4187
1099 4316
1099 4584
1099 4622
1100 2140
1100 2461
1100 4145
1100 4163
1100 4516
1101 1177
1101 1192
1101 1219
1101 1776
1101 2334
1101 3292
1101 3424
1101 3704
1101 3715
1101 4374
1101 4584
1101 4635
1102 1258
1102 1312
1102 2015
1102 3178
1102 3545
1102 3598
1102 4539
1103 1729
1103 2283
1103 3758
1104 1173
1104 1672
1104 1926
1104 2244
1104 2435
1104 2501
1104 2573
1104 2715
1104 2979
1104 3385
1105 1572
1105 3088
1105 3195
1105 3451
1105 3990
1106 2198
1106 3060
1106 3481
1106 3532
1106 3612
1106 3718
1106 3917
1106 3955
1106 4241
1106 4556
1106 4610
1106 4753
1106 4784
1107 1257
1107 2202
1107 2502
1107 3273
1107 4059
1107 4280
1107 4301
1107 4492
1107 4701
1107 4847
1107 4880
1108 1299
1108 1371
1108 1691
1108 1881
1108 2391
1108 2577
1108 2988
1108 3017
1108 3693
1108 4027
1109 1306
1109 1383
1109 1826
1109 2008
1109 2022
1109 2424
1109 2427
1109 3134
1109 4216
1110 1235
1110 1293
1110 1983
1110 2253
1110 2905
1110 3720
1110 3813
1110 4146
1110 4266
1110 4986
1111 1157
1111 1443
1111 2108
1111 2347
1111 2930
1111 3005
1111 4029
1112 1904
1112 2244
1112 2951
1112 4661
1112 4813
1113 1793
1113 2783
1113 3914
1113 4269
1113 4503
1113 4947
1114 1302
1114 1333
1114 1723
1114 1843
1114 1942
1114 2058
1114 2330
1114 2337
1114 2694
1114 2978
1114 3384
1114 3450
1114 4032
1114 4630
1114 4865
1115 1545
1115 1981
1115 2077
1115 2439
1115 4077
1116 1528
1116 2245
1116 2928
1116 3312
1117 1157
1117 2077
1117 2559
1117 3077
1117 4138
1117 4810
1118 1210
1118 2642
1118 3005
1118 3345
1118 3449
1118 3810
1118 4433
1118 4580
1119 1185
1119 1569
1119 2441
1119 3032
1119 3153
1119 3164
1119 4311
1119 4348
1120 1141
1120 1362
1121 1209
1121 1586
1121 1802
1121 2159
1121 2535
1121 2540
1121 3314
1121 3748
1121 3871
1121 4380
1121 4422
1121 4541
1122 1350
1122 1821
1122 1850
1122 1953
1122 2069
1122 2384
1122 2986
1122 3381
1122 4160
1122 4225
1122 4374
1122 4688
1123 2395
1123 2438
1123 3158
1123 3303
1123 4747
1124 1306
1124 1572
1124 2829
1124 4612
1124 4749
1125 4356
1125 4638
1126 1170
1126 1528
1126 2119
1126 2460
1126 3185
1126 4109
1127 1179
1127 1835
1127 2780
1127 2988
1127 3258
1127 3464
1127 3819
1127 4258
1127 4386
1127 4597
1127 4967
1128 1848
1128 2345
1128 2610
1128 2806
1128 2879
1128 2959
1128 3053
1128 4339
1129 1596
1129 1704
1129 2510
1129 2578
1129 2808
1129 2924
1129 3668
1129 3812
1129 4082
1129 4143
1129 4751
1129 4806
1130 3074
1130 3324
1130 4414
1130 4548
1130 4612
1130 4691
1131 1313
1131 1640
1131 1895
1131 2773
1131 2949
1131 3861
1131 3881
1131 4994
1132 1446
1132 1474
1132 1679
1132 2414
1132 2447
1132 2925
1132 3479
1132 4330
1132 4387
1133 1372
1133 2088
1133 2109
1133 2273
1133 2355
1133 3204
1133 3557
1133 4380
1133 4689
1133 4977
1134 2645
1134 3376
1134 3451
1134 3866
1134 4028
1134 4488
1135 1981
1135 2692
1135 3378
1135 3763
1135 4443
1136 1240
1136 1287
1136 1536
1136 2092
1136 2149
1136 2801
1136 3164
1136 3808
1136 4545
1137 1216
1137 1224
1137 1627
1137 1805
1137 1861
1137 1867
1137 2208
1137 3532
1137 3616
1137 3797
1137 4351
1137 4636
1138 1821
1138 2313
1138 3000
1138 3271
1138 3729
1138 3831
1138 3901
1138 3931
1138 3960
1138 4104
1138 4538
1139 1347
1139 1796
1139 2656
1140 1285
1140 2067
1140 3723
1140 4996
1141 1887
1141 2082
1141 2114
1141 2509
1141 3452
1141 3541
1141 4120
1141 4309
1141 4426
1141 4874
1142 1381
1142 2246
1142 2801
1142 4446
1142 4657
1143 1280
1143 1281
1143 1499
1143 1559
1143 2113
1143 2355
1143 3175
1143 3228
1143 3584
1143 3937
1143 4459
1143 4648
1144 1830
1144 2055
1144 2122
1144 2606
1144 2772
1144 3829
1144 3939
1144 3966
1144 4114
1144 4838
1144 4865
1145 1197
1145 1385
1145 1442
1145 1519
1145 1567
1145 2315
1145 2996
1145 3050
1145 3498
1145 4080
1145 4343
1145 4587
1145 4806
1146 4990
1147 1500
1147 1656
1147 2159
1147 3125
1147 3216
1147 3300
1147 3569
1147 3741
1147 3744
1147 4022
1147 4915
1148 1219
1148 2356
1148 2431
1148 2706
1148 2712
1148 3587
1148 3865
1148 4110
1148 4876
1149 1564
1149 2393
1149 2943
1149 4732
1150 1487
1150 1813
1150 2284
1150 2843
1150 3418
1150 3451
1150 3471
1150 4066
1150 4367
1150 4592
1150 4617
1150 4782
1151 1375
1151 1384
1151 2762
1151 3378
1151 4702
1152 2661
1152 3969
1152 4978
1153 1863
1153 2581
1153 2605
1153 2622
1153 3400
1153 3726
1153 3828
1153 3961
1153 4025
1153 4098
1153 4499
1153 4695
1154 1793
1154 2823
1154 2948
1154 2970
1154 4249
1155 3255
1155 3556
1155 3598
1156 2280
1156 2343
1156 2372
1156 2699
1156 2782
1156 3712
1156 3731
1156 3735
1156 4396
1156 4803
1156 4856
1156 4903
1157 1489
1157 1551
1157 1650
1157 2162
1157 2768
1157 3315
1157 4396
1158 1464
1158 1562
1158 2012
1158 2822
1158 3069
1158 3148
1158 3381
1158 3657
1158 4100
1158 4206
1158 4263
1158 4668
1158 4686
1159 1904
1159 2449
1159 2819
1159 3037
1159 3752
1160 1359
1160 1753
1160 1831
1160 2056
1160 2993
1160 3013
1160 3018
1160 3136
1160 4259
1160 4318
1160 4374
1160 4931
1161 1927
1161 2283
1161 2947
1161 3295
1162 2149
1163 1951
1163 2486
1163 2790
1164 1212
1164 2642
1164 4301
1165 1306
1165 2371
1165 2664
1165 4532
1166 1295
1166 1389
1166 1414
1166 2021
1166 2153
1166 2295
1166 2876
1166 3233
1166 3371
1166 3951
1166 4024
1166 4111
1166 4132
1166 4528
1167 1383
1167 1714
1167 2943
1168 1281
1168 1546
1168 1840
1168 2057
1168 2206
1168 2742
1168 3433
1168 3648
1168 4168
1168 4581
1168 4964
1169 2127
1169 2870
1169 3012
1169 3119
1169 4492
1170 1367
1170 1461
1170 1707
1170 2038
1170 2616
1170 2824
1170 3056
1170 3379
1170 3576
1170 4879
1171 2023
1171 2478
1171 2774
1171 3723
1171 3947
1172 2070
1172 2739
1172 3708
1172 4779
1173 1657
1173 1817
1173 1887
1173 2620
1173 2974
1173 3052
1173 3361
1173 4461
1173 4614
1173 4679
1173 4708
1174 1454
1174 1935
1174 2303
1174 2982
1174 4233
1174 4448
1174 4457
1175 2498
1175 2794
1175 4205
1175 4792
1175 4978
1176 1736
1176 2659
1176 3387
1176 4769
1177 2538
1177 2809
1178 1493
1178 1555
1178 1924
1178 2358
1178 2562
1178 3491
1179 1210
1179 4455
1180 1401
1180 1489
1180 1492
1180 1501
1180 1544
1180 1577
1180 2121
1180 2203
1180 2248
1180 2533
1180 2712
1180 3456
1180 4225
1180 4604
1181 1383
1181 2812
1181 3331
1181 3341
1181 3833
1181 4265
1181 4978
1182 1970
1182 2013
1182 2194
1182 2475
1182 3080
1182 3174
1182 3302
1182 3442
1182 3659
1182 3714
1182 4158
1182 4229
1182 4654
1183 2393
1183 3098
1183 4996
1184 1285
1184 1609
1184 2219
1184 2371
1184 3596
1184 4203
1185 2346
1185 2533
1185 3507
1185 3613
1185 3942
1185 4189
1185 4510
1185 4651
1186 2389
1186 3146
1186 4950
1187 1550
1187 1674
1187 2071
1187 2565
1187 2790
1187 2943
1187 3214
1187 3721
1187 4779
1187 4794
1187 4887
1188 1427
1188 2022
1188 2658
1188 2713
1188 3416
1188 3821
1188 3876
1189 1517
1189 1913
1189 1935
1189 2419
1189 2567
1189 3110
1189 3473
1189 4018
1189 4272
1189 4572
1190 1651
1190 3723
1190 3876
1191 2008
1191 2783
1191 2839
1191 4446
1192 3806
1192 4568
1192 4632
1192 4898
1193 1696
1193 2636
1193 2880
1193 3007
1193 3309
1193 3411
1193 3619
1193 4466
1194 1345
1194 1738
1194 2117
1194 2343
1194 2381
1194 2485
1194 3661
1194 3860
1194 4740
1194 4823
1195 1949
1195 2207
1195 3545
1195 3588
1195 4529
1196 1286
1196 1647
1196 3023
1196 3122
1196 3492
1196 3565
1197 2878
1197 2943
1197 3362
1197 3664
1197 4989
1198 1354
1198 3098
1198 3185
1198 3417
1198 3497
1198 3907
1198 4515
1198 4684
1199 1950
1199 2524
1199 3808
1199 4239
1199 4732
1200 1682
1200 2358
1200 4208
1200 4769
1201 1216
1201 2047
1201 2205
1201 2365
1201 3408
1201 3584
1201 3682
1201 4243
1201 4495
1201 4804
1201 4951
1202 1398
1202 2007
1202 2216
1202 2516
1202 2710
1202 2725
1202 3060
1202 3071
1202 3254
1202 3715
1202 4058
1202 4277
1202 4575
1203 1626
1203 2002
1203 2087
1203 2155
1203 2327
1203 2719
1203 3300
1203 3998
1203 4112
1203 4168
1203 4308
1203 4659
1203 4752
1204 1211
1204 1289
1204 1923
1204 2491
1204 3239
1205 2076
1205 2116
1205 2385
1205 3289
1205 3390
1205 3411
1205 4040
1205 4430
1205 4468
1205 4977
1206 1897
1206 1927
1206 4019
1207 1554
1207 2573
1207 3119
1207 3123
1207 3132
1207 3227
1207 3458
1207 3500
1207 4680
1208 1412
1208 1463
1208 1875
1208 2832
1208 2893
1208 2958
1208 3064
1208 3400
1208 4358
1208 4559
1208 4674
1208 4806
1209 1642
1209 1973
1209 2376
1209 2875
1209 3500
1209 3722
1210 2012
1210 2097
1210 2253
1210 2263
1210 2273
1210 2385
1210 2480
1210 3114
1210 3220
1210 4465
1210 4993
1211 1492
1211 1867
1211 2718
1211 3198
1211 3624
1211 3706
1211 3784
1211 3828
1211 4083
1211 4829
1212 1447
1212 1795
1212 1905
1212 2088
1212 2134
1212 3687
1212 3825
1212 3966
1212 4171
1212 4350
1212 4364
1212 4563
1212 4904
1213 1514
1213 1811
1213 2008
1213 4106
1214 1490
1214 2006
1215 1692
1215 2399
1215 2597
1215 2796
1215 2881
1215 3549
1215 3981
1215 4567
1215 4934
1216 1524
1216 1683
1216 1870
1216 2148
1216 2395
1216 2436
1216 2774
1216 2823
1216 2966
1216 4439
1217 1560
1217 1763
1217 1904
1217 2027
1217 3876
1217 4131
1217 4264
1217 4549
1217 4848
1217 4999
1218 1899
1218 2537
1218 3171
1218 4137
1218 4155
1218 4744
1219 2739
1219 3915
1220 1918
1220 2325
1220 2495
1220 4673
1221 1836
1221 2182
1221 2223
1221 2568
1221 2574
1221 2579
1221 2863
1221 3210
1221 3983
1221 4402
1222 1284
1222 1478
1222 1572
1222 2408
1223 1763
1223 2283
1223 2434
1223 4167
1223 4549
1224 3497
1224 3989
1224 3994
1224 4869
1225 1428
1225 1560
1225 2501
1225 3719
1226 1416
1226 1927
1226 3106
1226 4367
1227 1775
1227 2246
1227 4973
1228 1574
1228 1888
1228 2154
1228 2518
1228 2704
1228 2946
1229 1542
1229 2143
1229 2748
1229 2823
1229 3317
1229 3326
1229 4797
1230 2729
1230 3625
1230 4539
1231 1524
1231 2219
1231 4684
1232 1476
1232 1986
1232 2219
1232 2388
1233 4965
1233 4998
1234 1549
1234 2027
1234 2271
1235 1811
1235 1990
1235 2096
1235 3106
1236 1238
1236 1807
1236 2148
1236 2179
1236 3137
1236 3446
1236 4467
1237 2438
1237 2455
1237 2633
1237 2874
1237 2930
1237 4103
1237 4311
1238 2082
1238 2285
1238 2307
1238 2421
1238 2595
1238 2907
1238 3166
1238 3552
1238 3977
1238 4705
1239 2310
1239 3195
1239 3521
1239 3611
1239 3982
1239 4103
1239 4281
1240 1679
1240 1787
1240 2110
1240 2511
1240 3468
1240 3840
1240 4008
1240 4062
1240 4459
1240 4481
1240 4678
1241 1264
1241 3914
1241 3915
1241 4310
1241 4356
1241 4801
1241 4861
1242 1335
1242 2494
1242 2504
1242 3064
1242 3181
1242 3212
1242 3432
1242 3552
1242 3627
1242 4054
1242 4381
1242 4483
1243 1263
1243 1833
1243 1910
1243 2492
1243 2580
1243 2872
1243 3247
1243 3958
1243 3967
1243 4118
1243 4362
1244 1439
1244 1785
1244 1913
1244 1972
1244 2318
1244 2694
1244 3538
1244 3997
1244 4123
1244 4606
1244 4892
1245 1565
1245 2053
1245 2103
1245 3119
1245 4488
1245 4782
1246 1804
1246 2071
1246 2083
1246 3593
1246 3826
1246 4010
1246 4611
1246 4869
1247 1467
1247 1620
1247 1891
1247 2063
1247 3308
1247 4409
1247 4546
1247 4553
1247 4686
1248 1687
1248 1794
1248 2531
1248 3348
1248 3964
1249 1463
1249 1747
1249 2349
1249 2372
1249 2670
1249 2747
1249 2941
1249 3111
1249 3683
1249 4212
1249 4238
1249 4327
1249 4670
1249 4936
1250 1436
1250 2271
1250 2689
1250 2847
1251 2105
1251 2133
1251 2733
1251 2784
1251 2855
1251 2887
1251 3086
1251 3108
1251 3730
1251 4843
1251 4865
1252 2495
1252 3535
1252 4273
1253 3088
1253 3567
1254 1579
1254 1597
1254 1783
1254 1992
1254 2425
1254 2670
1254 3110
1254 3310
1254 3724
1254 3960
1254 4760
1254 4796
1254 4862
1255 3140
1256 1382
1256 3098
1256 3596
1256 4716
1257 1393
1257 2348
1257 2568
1257 2575
1257 2666
1257 2695
1257 2887
1257 2917
1257 3450
1257 3591
1257 3796
1257 3871
1257 4366
1257 4582
1258 1656
1258 2796
1258 3260
1258 3432
1258 3864
1258 4108
1258 4169
1258 4582
1258 4883
1259 1294
1259 1365
1259 1670
1259 1676
1259 1774
1259 2076
1259 2099
1259 2132
1259 3220
1259 3677
1259 4740
1259 4876
1259 4907
1259 4926
1260 2495
1260 3196
1260 4207
1260 4554
1261 1301
1261 1920
1261 2250
1261 2492
1261 2630
1261 3338
1261 3525
1261 3579
1261 4214
1261 4380
1261 4875
1262 2804
1262 3242
1263 1581
1263 1637
1263 2222
1263 2672
1263 2732
1263 3005
1263 3974
1263 4561
1264 1799
1264 2175
1264 2197
1264 2231
1264 2740
1264 3486
1264 3663
1264 4060
1264 4242
1264 4674
1265 1428
1265 1745
1265 1796
1265 2862
1265 3588
1265 4782
1266 2077
1266 2274
1266 2564
1266 2610
1266 3885
1266 3943
1266 4142
1267 1629
1268 1451
1268 1555
1268 1708
1268 2075
1268 2884
1268 3907
1268 4861
1269 1351
1269 2222
1269 3023
1269 4662
1270 2358
1270 2560
1270 2572
1270 2618
1270 3597
1270 3778
1270 3878
1270 4219
1271 2324
1271 2653
1271 3027
1271 3569
1271 4037
1271 4071
1271 4351
1271 4404
1271 4579
1272 1614
1272 2878
1272 3239
1272 4119
1272 4662
1273 1681
1273 1784
1273 1793
1273 4950
1274 1627
1274 1721
1274 2035
1274 2239
1274 2282
1274 2297
1274 2983
1274 3513
1274 3867
1274 4054
1274 4068
1274 4322
1275 2027
1275 2266
1275 2525
1275 2701
1275 3022
1275 3057
1275 3273
1275 3553
1275 4273
1276 1874
1276 1902
1276 2061
1276 2094
1276 2628
1276 3373
1276 3714
1276 3807
1276 4558
1276 4777
1277 1811
1277 3325
1277 3516
1277 3717
1278 1407
1278 2237
1278 2289
1278 2352
1278 2494
1278 2883
1279 1611
1279 2354
1279 2479
1279 2617
1279 3194
1279 3427
1279 3752
1279 4199
1280 1324
1280 1857
1280 3376
1280 3701
1280 3758
1280 4850
1281 2438
1281 4210
1281 4554
1282 2155
1282 2595
1282 2667
1282 2668
1282 3124
1282 3755
1282 4362
1282 4423
1282 4883
1282 4994
1283 2308
1283 4282
1284 1302
1284 1415
1284 1929
1284 1963
1284 2237
1284 3514
1284 3776
1284 3893
1284 4035
1284 4048
1284 4060
1285 2175
1285 2419
1285 2767
1285 3044
1285 3445
1285 3676
1285 3851
1285 3924
1285 4636
1285 4764
1286 1372
1286 1525
1286 1634
1286 1727
1286 2132
1286 2203
1286 2319
1286 2986
1286 3176
1286 3247
1286 4622
1287 1843
1287 1943
1287 2233
1287 2349
1287 3111
1287 3237
1287 3727
1287 3875
1287 3971
1287 4127
1287 4841
1287 4891
1288 1455
1288 2632
1288 2969
1288 3270
1288 4029
1289 1887
1289 1932
1289 1982
1289 2725
1289 2754
1289 3085
1289 3475
1289 3868
1289 4052
1289 4074
1289 4751
1290 1415
1290 1688
1290 1913
1290 2608
1290 3394
1290 4453
1290 4573
1290 4637
1290 4856
1291 1697
1291 1722
1291 1827
1291 2214
1291 2240
1291 3021
1291 3354
1291 3863
1291 4579
1291 4995
1292 1648
1292 1908
1292 3418
1292 4684
1292 4714
1292 4999
1293 1570
1293 2181
1293 2875
1293 2972
1293 3945
1293 4305
1294 1847
1294 3009
1294 3036
1295 1675
1295 1923
1295 2839
1295 3701
1295 4201
1295 4782
1296 1343
1296 1354
1296 4201
1296 4830
1297 1654
1297 2921
1297 3295
1297 4011
1297 4179
1297 4219
1297 4743
1298 2400
1298 4747
1299 1504
1299 1560
1299 1609
1299 2261
1299 2388
1299 2943
1299 4854
1300 1486
1300 1507
1300 2980
1300 3288
1300 3415
1301 3553
1301 3633
1302 3270
1302 4219
1303 1355
1303 2172
1303 2428
1303 3033
1303 3067
1303 3647
1303 3962
1303 4099
1303 4206
1303 4893
1304 2084
1304 3416
1304 3664
1304 3703
1304 3899
1305 2063
1305 2097
1305 2111
1305 2352
1305 3467
1305 3621
1305 3630
1305 3749
1305 3892
1305 4541
1305 4616
1305 4706
1305 4885
1306 1704
1306 1800
1306 3582
1306 3623
1306 3786
1306 3991
1306 4130
1306 4160
1306 4164
1306 4641
1306 4686
1306 4955
1307 1924
1307 2661
1307 3032
1307 3077
1307 3497
1307 3719
1307 4250
1307 4464
1308 2474
1308 2632
1308 3521
1308 3926
1308 4292
1308 4684
1308 4859
1309 3877
1310 2783
1310 3273
1310 3415
1310 3446
1310 3521
1310 3703
1310 4745
1311 1570
1311 2226
1311 2803
1311 3255
1311 3341
1311 3954
1312 1369
1312 1585
1312 1617
1312 1876
1312 2755
1312 3204
1312 3375
1312 3768
1312 3871
1312 4760
1313 1846
1313 1921
1313 2215
1313 2781
1313 3195
1314 2438
1314 4216
1315 1321
1315 1632
1315 1817
1315 2038
1315 2073
1315 2509
1315 2606
1315 2724
1315 2761
1315 3085
1315 3381
1315 3564
1315 3608
1316 1610
1316 2159
1316 2348
1316 2824
1316 2841
1316 3052
1316 3357
1316 3573
1316 3718
1316 3756
1316 3946
1316 4114
1316 4401
1316 4920
1317 2200
1317 4148
1318 1736
1318 2739
1319 1531
1319 2048
1319 2804
1319 3517
1319 4845
1320 2067
1320 2486
1320 2559
1320 2573
1320 4250
1320 4673
1321 3194
1321 3458
1322 1329
1322 1567
1322 1680
1322 2488
1322 2536
1322 3577
1322 3600
1322 3957
1322 4441
1322 4528
1323 1492
1323 1563
1323 2357
1323 2430
1323 2695
1323 2908
1323 2964
1323 3099
1323 3109
1323 3221
1323 3259
1323 4146
1323 4397
1324 2334
1324 2386
1324 2481
1324 2706
1324 3128
1324 3205
1324 3699
1324 3731
1324 3850
1324 3987
1324 4429
1324 4767
1325 1592
1325 1646
1325 2324
1325 2777
1325 3058
1325 3157
1325 3413
1325 3621
1325 4521
1325 4604
1325 4777
1325 4977
1326 4148
1326 4250
1326 4880
1326 4898
1327 1427
1327 2473
1327 3194
1327 3416
1327 4197
1327 4835
1328 1802
1328 1928
1328 2505
1328 2960
1328 3043
1328 3530
1328 3587
1328 3753
1328 4173
1328 4587
1328 4707
1328 4775
1329 2571
1329 2992
1329 4864
1330 1389
1330 1947
1330 2195
1330 2344
1330 2630
1330 3354
1330 3851
1330 3925
1330 4314
1330 4365
1330 4700
1330 4955
1331 1922
1331 2042
1331 3031
1331 3362
1331 4165
1331 4478
1332 1994
1332 3470
1332 3928
1332 3941
1332 4281
1333 1417
1333 1779
1333 1888
1333 2834
1333 2965
1333 3239
1333 3811
1333 4718
1333 4797
1333 4939
1334 1335
1334 1378
1334 1548
1334 2339
1334 2899
1334 2940
1334 3657
1334 3844
1334 4076
1334 4253
1334 4324
1334 4456
1334 4593
1334 4923
1335 1427
1335 2434
1335 3263
1335 3733
1335 4044
1335 4378
1336 1428
1336 2364
1336 3391
1336 4021
1337 2284
1337 2340
1337 2539
1337 3295
1337 4998
1338 2878
1338 3321
1338 4296
1338 4326
1338 4680
1338 4727
1338 4761
1339 1608
1339 1871
1339 2128
1339 2311
1339 2475
1339 2673
1339 2709
1339 2779
1339 3019
1339 3386
1339 3647
1339 3654
1339 4314
1340 2555
1340 2896
1340 2951
1340 4432
1341 1361
1341 1879
1341 2237
1341 2355
1341 2863
1341 3089
1341 3641
1341 3919
1341 4060
1341 4308
1341 4513
1341 4696
1342 3692
1343 1477
1343 1566
1343 1865
1343 2100
1343 2121
1343 2957
1343 2998
1343 3291
1343 3538
1343 3690
1343 4022
1344 2102
1344 2283
1344 2682
1344 3451
1344 3470
1345 1671
1345 1751
1345 2969
1345 3599
1345 3877
1345 4086
1345 4103
1345 4281
1346 2191
1346 2283
1346 2738
1346 3214
1346 3763
1346 4861
1347 1962
1347 2782
1347 2787
1347 2985
1347 3100
1347 3175
1347 3219
1347 4919
1348 1642
1348 2143
1348 2301
1348 3002
1348 3307
1348 3501
1348 3922
1349 1611
1349 2870
1349 3183
1349 3848
1349 4165
1349 4247
1349 4270
1350 2120
1350 3537
1350 3891
1351 1535
1351 1778
1351 2822
1351 2997
1351 3711
1351 4437
1351 4470
1351 4550
1351 4658
1351 4784
1352 2279
1352 2392
1352 2980
1352 3164
1352 3713
1353 1959
1353 2804
1353 3152
1353 3268
1353 4078
1353 4414
1354 2591
1354 2941
1354 3067
1354 3371
1354 3506
1354 3697
1354 4448
1354 4593
1354 4628
1355 2354
1355 2443
1355 2980
1355 3922
1355 4757
1355 4997
1356 1644
1356 2316
1356 3140
1356 3604
1356 4269
1357 1925
1357 2219
1357 2438
1357 3107
1357 3516
1357 3745
1358 1609
1358 2075
1358 2387
1358 2774
1358 3037
1359 2734
1359 2836
1359 3005
1359 4341
1360 1594
1360 2141
1360 2166
1360 2500
1360 2543
1360 3234
1360 3248
1360 3445
1360 3538
1360 3870
1360 4069
1360 4463
1361 1487
1361 2302
1361 2484
1362 1365
1362 1738
1362 1769
1362 1792
1362 1905
1362 2431
1362 2924
1362 3789
1362 4450
1362 4857
1363 1959
1363 2992
1363 3639
1363 4714
1364 2930
1364 4043
1364 4250
1365 1406
1365 2358
1365 2465
1366 1495
1366 1643
1366 2215
1366 2498
1366 2928
1366 3053
1366 3325
1367 1648
1367 2049
1367 2181
1367 2230
1367 2498
1367 2979
1367 3485
1367 3559
1368 1654
1368 2436
1368 3037
1368 3431
1368 3588
1368 4817
1369 1729
1369 1998
1369 2154
1369 3995
1370 1810
1370 1880
1370 2211
1370 2309
1370 2638
1370 2963
1370 4231
1370 4282
1370 4439
1370 4988
1371 1759
1371 1923
1371 2515
1371 3427
1371 4370
1371 4655
1372 1682
1372 2976
1372 3810
1372 4231
1372 4861
1373 3995
1373 4296
1373 4991
1374 3747
1374 4105
1375 1776
1375 1933
1375 2093
1375 2668
1375 3237
1375 3454
1375 3464
1375 3942
1375 4172
1375 4338
1376 1978
1376 2006
1376 2798
1376 3168
1376 3717
1376 4086
1376 4179
1376 4293
1376 4355
1376 4474
1377 3567
1377 4142
1377 4355
1377 4661
1377 4772
1378 2844
1378 4021
1378 4455
1379 1402
1379 1897
1379 2879
1379 4788
1380 2737
1380 3182
1381 2171
1381 2494
1381 2557
1381 3355
1381 3951
1381 4038
1381 4064
1381 4392
1381 4469
1381 4593
1382 1400
1382 1445
1382 1843
1382 1854
1382 1966
1382 2583
1382 2967
1382 3071
1382 3148
1382 3816
1382 3847
1382 4484
1383 1676
1383 2013
1383 2189
1383 2904
1383 3654
1383 4020
1383 4091
1383 4719
1383 4938
1384 1448
1384 2719
1384 2929
1384 3030
1384 3483
1384 3839
1384 3985
1384 4094
1384 4521
1384 4753
1384 4964
1385 1420
1385 1609
1385 1611
1385 2042
1385 2806
1385 3537
1385 4723
1385 4991
1386 1623
1386 1669
1386 2836
1386 2943
1386 3793
1386 4772
1386 4810
1387 1668
1387 2801
1387 2836
1387 3438
1387 4603
1388 1651
1388 1995
1388 2075
1388 2309
1388 2852
1388 3119
1388 3449
1388 3745
1388 3934
1388 4006
1388 4442
1389 1898
1389 2103
1390 2611
1391 1710
1391 1923
1391 3324
1391 4612
1392 3213
1392 3451
1392 3822
1392 4342
1392 4791
1393 1751
1393 2192
1393 2512
1393 2544
1394 2377
1394 2781
1394 3574
1395 1848
1395 4367
1395 4745
1395 4898
1396 1665
1396 2343
1396 2428
1396 2683
1396 2907
1396 3421
1396 3433
1396 3892
1396 4027
1396 4076
1396 4094
1396 4473
1397 1571
1398 2027
1398 2508
1398 3239
1398 4137
1398 4504
1398 4831
1398 4990
1399 1666
1399 1844
1399 3022
1399 3180
1399 3420
1399 3775
1399 4638
1400 2499
1400 2976
1400 3264
1400 3922
1400 4474
1401 2163
1401 2234
1401 2424
1401 3127
1401 3239
1401 3285
1401 3764
1402 1856
1402 2156
1402 2994
1402 3019
1402 3129
1402 3228
1402 3499
1402 4510
1402 4536
1402 4910
1402 4919
1403 1448
1403 2203
1403 2594
1403 2597
1403 2660
1403 3103
1403 3352
1403 3804
1403 4584
1403 4724
1404 1428
1404 1581
1404 1725
1404 2192
1404 4851
1405 1602
1405 2155
1405 2899
1405 3293
1405 3405
1405 3616
1405 3751
1405 3858
1405 4071
1405 4619
1405 4693
1405 4804
1405 4938
1406 1463
1406 1840
1406 2060
1406 2210
1406 2574
1406 2606
1406 2751
1406 2768
1406 2813
1406 2973
1406 3916
1406 3966
1406 4547
1406 4697
1407 1443
1407 1710
1407 2027
1407 2762
1407 2812
1407 3416
1407 3559
1407 4702
1407 4888
1407 4900
1408 3036
1408 4594
1409 2140
1409 4801
1410 1767
1410 2707
1410 2861
1410 2909
1410 4311
1410 4801
1411 2833
1411 3121
1411 3168
1411 3391
1411 3497
1411 3732
1412 2211
1412 3307
1412 3324
1412 4070
1412 4148
1412 4419
1413 1809
1413 1834
1413 3081
1413 3116
1413 3643
1413 3739
1413 3785
1413 4067
1413 4159
1413 4279
1413 4828
1414 1990
1414 3578
1414 3903
1414 4691
1414 4965
1415 1959
1415 2312
1415 2857
1415 4348
1415 4788
1416 1573
1416 1874
1416 1972
1416 1980
1416 2050
1416 2323
1416 2545
1416 2693
1416 3370
1416 4457
1416 4557
1417 1423
1417 1556
1417 2383
1417 2575
1417 3102
1417 3139
1417 3232
1417 3675
1417 3780
1417 4377
1417 4381
1418 1985
1418 2186
1418 2402
1418 2481
1418 2643
1418 2688
1418 2955
1418 3346
1418 3422
1418 3484
1418 3978
1418 4015
1418 4785
1419 1486
1419 1732
1419 2358
1419 2657
1419 2658
1419 2680
1419 3821
1419 3882
1419 4845
1420 1886
1420 1944
1420 2091
1420 2342
1420 3157
1420 3316
1420 3468
1420 3852
1420 4258
1420 4785
1420 4857
1421 2230
1421 2844
1421 3326
1421 3463
1422 1476
1422 2149
1422 4776
1422 4888
1423 2484
1423 3500
1423 3826
1423 4807
1424 1811
1424 2638
1424 2859
1424 3183
1424 3195
1424 3222
1424 3303
1425 3222
1425 3238
1426 2698
1426 2716
1426 3458
1426 3474
1426 4601
1426 4921
1427 2012
1427 2467
1427 2604
1427 2867
1427 3445
1427 3704
1427 3760
1427 3957
1427 4123
1427 4187
1427 4843
1428 1746
1428 1799
1428 1955
1428 2490
1428 2647
1428 3383
1428 3682
1428 4024
1428 4755
1429 2689
1429 2692
1429 4730
1430 2260
1430 2822
1430 2929
1430 2968
1430 3282
1430 3311
1430 3569
1430 3652
1430 4003
1430 4067
1430 4322
1430 4336
1430 4428
1431 2681
1431 3047
1431 3372
1431 4044
1431 4488
1432 1925
1432 2119
1432 2645
1432 2843
1432 2965
1432 3882
1432 4128
1432 4900
1433 1614
1433 2852
1433 2972
1433 4615
1433 4743
1434 2676
1434 3929
1434 3964
1435 1498
1435 2207
1435 2503
1435 4898
1436 2124
1436 2223
1436 2240
1436 2628
1436 2893
1436 3066
1436 3073
1436 3614
1436 3619
1436 4402
1436 4574
1436 4707
1437 1547
1437 1775
1437 2435
1437 3004
1437 3350
1437 4503
1437 4545
1438 3787
1438 3922
1438 4145
1438 4632
1438 4771
1438 4887
1439 2404
1439 2854
1439 4391
1440 1683
1440 2379
1440 2716
1440 3821
1440 4131
1440 4781
1441 1942
1441 2319
1441 2487
1441 2799
1441 2863
1441 3080
1441 3767
1441 3867
1441 3892
1441 4024
1441 4166
1441 4260
1441 4335
1441 4600
1442 2928
1442 2947
1442 3406
1442 4039
1442 4273
1443 1622
1443 2516
1443 2553
1443 2800
1443 2938
1443 2998
1443 3468
1443 3893
1443 4245
1443 4923
1443 4977
1444 1750
1444 1850
1444 2445
1444 2528
1444 2654
1444 2903
1444 4015
1444 4290
1444 4401
1444 4696
1444 4936
1444 4983
1445 1662
1445 2946
1445 3168
1445 3436
1445 4116
1445 4203
1446 2042
1446 2310
1446 2340
1447 1644
1447 2112
1447 2971
1447 3088
1447 3989
1447 4568
1448 1542
1448 1997
1448 2601
1448 2632
1448 3350
1448 3399
1448 3637
1448 3969
1448 4141
1449 1985
1449 2028
1449 2220
1449 2242
1449 2788
1449 2791
1449 2866
1449 3116
1449 3404
1449 3530
1449 3606
1449 3785
1449 4372
1449 4507
1450 1547
1450 3708
1450 4847
1451 1812
1451 2587
1451 2624
1451 2986
1451 3015
1451 3044
1451 3186
1451 3673
1451 3724
1451 4120
1451 4785
1452 1499
1452 1964
1452 2082
1452 2317
1452 2570
1452 3081
1452 3274
1452 3754
1452 3975
1453 1458
1453 1675
1453 3121
1453 3269
1453 4638
1453 4813
1454 1715
1454 1789
1454 2436
1454 2632
1454 3326
1454 4824
1454 4830
1455 1658
1455 1713
1455 1996
1455 2280
1455 3080
1455 3624
1455 3691
1455 4708
1455 4785
1455 4825
1456 1499
1456 1523
1456 1686
1456 2063
1456 2904
1456 2957
1456 3467
1456 3768
1456 4132
1456 4621
1456 4628
1457 2284
1458 1535
1458 1935
1458 2003
1458 2141
1458 2144
1458 2570
1458 2998
1458 3346
1458 3389
1458 3465
1458 4025
1458 4232
1458 4421
1459 1889
1459 1990
1459 2226
1459 2466
1459 3304
1459 4106
1460 2269
1460 2628
1460 2763
1460 2918
1460 3017
1460 3271
1460 3715
1460 3765
1460 3913
1460 4189
1460 4441
1460 4473
1461 2075
1461 3535
1461 3733
1462 1583
1462 1974
1462 3096
1462 3167
1462 3347
1462 3353
1462 3617
1462 3900
1462 4570
1462 4877
1463 1897
1463 2296
1463 2846
1463 4629
1463 4886
1464 2843
1464 2875
1464 3194
1464 4249
1464 4851
1465 1711
1465 1769
1465 2078
1465 2238
1465 2627
1465 2635
1465 3018
1465 3300
1465 3310
1465 3586
1465 3815
1465 3900
1466 1701
1466 3244
1466 3325
1466 4503
1467 2362
1467 4761
1468 2302
1468 3325
1468 3717
1468 4464
1468 4772
1469 1807
1469 1914
1469 3182
1469 3876
1469 3882
1469 4138
1469 4162
1469 4997
1470 2479
1470 2790
1470 2812
1470 3385
1470 4389
1470 4817
1471 2477
1471 3053
1471 3119
1471 3914
1471 4834
1472 2537
1473 1751
1473 1826
1473 2192
1473 2387
1473 2554
1473 2783
1473 3278
1473 4588
1474 2649
1474 3810
1474 4156
1474 4471
1475 1809
1475 1895
1475 2150
1475 2485
1475 2764
1475 3117
1475 3248
1475 3615
1475 3840
1475 4190
1475 4483
1476 1685
1476 1843
1476 1945
1476 2000
1476 2677
1476 3755
1476 4472
1476 4777
1476 4852
1476 4853
1477 2497
1477 2833
1478 1905
1478 2276
1478 3310
1478 3498
1478 3541
1478 4012
1478 4055
1478 4261
1478 4366
1478 4546
1478 4598
1478 4625
1480 3497
1480 3515
1480 4142
1481 2438
1481 2846
1481 3335
1481 3611
1481 3794
1482 2027
1482 2302
1482 3692
1482 4444
1482 4859
1483 1675
1483 2072
1483 2345
1483 2790
1483 2921
1483 4694
1483 4783
1483 4813
1483 4847
1484 1883
1484 2499
1484 3787
1484 4613
1485 2491
1485 2518
1485 4044
1485 4439
1486 1665
1486 2184
1486 2422
1486 2679
1486 3422
1486 3807
1486 4741
1486 4829
1487 1605
1487 2967
1487 3054
1487 3411
1487 3619
1487 3705
1487 3827
1487 3960
1487 4151
1487 4855
1488 2084
1488 2774
1488 3206
1488 3542
1488 4142
1489 1708
1489 1784
1489 2084
1489 2377
1489 2518
1489 3171
1489 4887
1490 1598
1490 1746
1490 1869
1490 2190
1490 2406
1490 2509
1490 3086
1490 3973
1490 4153
1490 4171
1490 4211
1490 4424
1491 1823
1491 2132
1491 2272
1491 2532
1491 2960
1491 3236
1491 4032
1491 4386
1491 4793
1492 2095
1492 2652
1492 2884
1492 3989
1492 3990
1492 4657
1493 1695
1493 2063
1493 2213
1493 2415
1493 3145
1493 3659
1493 3948
1493 4393
1493 4942
1494 1497
1494 1563
1494 1686
1494 1946
1494 2456
1494 2606
1494 2736
1494 3272
1494 3857
1494 4501
1495 1606
1495 2863
1495 3272
1495 3617
1495 3746
1495 4570
1495 4643
1495 4890
1496 1606
1496 2188
1496 2567
1496 2894
1496 3314
1496 3344
1496 3756
1496 3880
1496 4528
1496 4604
1496 4955
1497 2602
1497 2885
1497 4615
1498 1628
1498 1814
1498 2035
1498 2360
1498 2594
1498 3048
1498 3409
1498 3457
1498 3538
1498 4309
1498 4740
1498 4787
1499 2130
1499 2411
1500 2937
1500 4446
1500 4941
1501 2633
1501 3837
1501 4121
1501 4748
1502 1639
1502 2583
1502 3179
1502 3632
1502 3765
1502 3839
1502 4394
1502 4654
1502 4805
1502 4927
1503 3107
1503 3190
1503 3566
1503 3588
1503 3747
1503 4044
1503 4493
1503 4611
1504 2667
1504 2752
1504 2773
1504 2817
1504 3000
1504 3055
1504 3424
1504 3963
1504 4225
1504 4496
1504 4836
1505 1560
1505 2491
1505 3504
1506 2191
1506 2951
1506 3010
1506 3504
1506 3529
1506 3791
1506 3926
1506 4162
1506 4443
1507 2193
1507 2214
1507 2370
1507 2373
1507 2516
1507 2822
1507 2908
1507 3210
1507 3444
1507 3623
1507 4823
1507 4881
1508 1793
1508 2884
1509 3387
1510 2071
1510 2790
1510 2976
1511 1524
1511 1582
1511 2584
1512 2436
1512 2786
1512 3213
1512 3551
1512 3793
1512 4197
1512 4446
1513 1767
1513 3180
1513 3535
1513 3771
1513 3899
1513 4128
1514 1593
1514 2139
1514 2782
1514 3260
1514 3472
1514 3714
1514 3881
1514 4005
1514 4020
1514 4753
1515 1766
1515 1890
1515 2146
1515 2236
1515 2607
1515 3161
1515 3638
1515 3698
1515 4153
1515 4688
1516 2181
1516 2896
1516 3581
1517 2261
1517 3899
1517 4871
1518 3122
1518 3517
1518 4962
1519 2092
1519 2389
1519 3385
1519 3732
1519 4205
1520 1730
1520 2963
1520 3106
1520 4010
1520 4589
1520 4959
1521 2148
1521 2279
1521 2874
1521 3934
1521 4355
1522 1564
1522 3378
1522 3640
1522 3752
1522 3837
1523 2932
1523 3328
1523 4105
1524 1655
1524 2014
1524 2646
1524 2820
1524 2920
1524 3631
1524 3702
1524 3715
1524 4682
1524 4740
1524 4908
1525 1925
1525 3147
1526 2154
1526 2439
1526 2833
1527 1637
1527 1908
1527 2825
1527 4414
1527 4869
1528 1723
1528 2109
1528 2194
1528 3019
1528 3247
1528 3343
1528 3645
1528 4173
1528 4337
1528 4349
1528 4555
1529 2092
1529 2140
1529 2154
1529 2471
1529 3485
1529 3521
1529 3646
1530 1648
1530 2937
1530 3183
1530 3335
1530 4186
1530 4210
1530 4479
1530 4771
1531 2052
1531 2339
1531 2369
1531 3179
1531 3755
1531 3999
1531 4314
1531 4565
1532 1651
1532 1804
1532 2524
1532 3123
1532 3504
1532 3508
1533 2083
1533 2284
1533 4792
1534 1636
1534 1764
1534 2271
1534 2518
1534 3059
1534 3164
1534 4432
1535 2948
1535 3428
1535 4617
1536 2450
1536 2944
1536 2997
1536 3256
1536 3315
1536 3532
1536 3727
1536 4060
1536 4572
1536 4598
1537 1570
1537 2716
1537 4137
1537 4326
1537 4529
1537 4898
1538 2617
1538 3774
1539 2222
1539 2714
1539 2869
1539 3451
1540 1590
1540 1770
1540 2026
1540 2190
1540 2275
1540 3063
1540 3379
1540 3654
1540 3938
1540 4475
1540 4681
1540 4826
1541 1889
1541 1915
1541 1959
1541 4273
1542 1603
1542 1797
1542 2012
1542 2196
1542 2490
1542 2519
1542 2687
1542 2727
1542 3606
1542 3829
1542 3933
1542 4221
1543 2441
1543 3667
1543 4162
1544 2008
1544 2713
1545 1639
1545 1726
1545 2025
1545 2141
1545 2313
1545 2688
1545 2822
1545 3220
1545 3977
1545 4447
1546 1921
1546 2010
1546 4474
1547 1979
1547 2041
1547 2386
1547 2546
1547 3084
1547 3679
1547 3939
1547 4676
1547 4892
1548 1564
1548 3492
1548 3709
1548 3722
1548 4531
1548 4748
1549 1639
1549 1875
1549 2043
1549 2063
1549 2303
1549 3552
1549 3779
1549 4062
1549 4225
1549 4395
1550 2033
1550 2193
1550 2533
1550 4275
1550 4461
1550 4473
1550 4556
1550 4579
1550 4721
1550 4907
1551 2947
1551 3206
1551 4443
1552 2301
1552 3528
1552 4754
1552 4941
1553 2366
1553 3208
1553 3263
1553 3396
1553 4974
1554 2318
1554 2723
1554 3496
1554 3634
1554 3819
1554 4040
1554 4344
1554 4451
1554 4519
1554 4557
1554 4735
1554 4737
1554 4803
1555 1613
1555 2155
1555 2166
1555 2507
1555 2621
1555 2733
1555 2788
1555 3061
1555 3663
1555 3699
1555 3966
1555 4299
1556 1790
1556 4439
1556 4452
1557 1786
1557 3127
1557 3190
1557 3317
1558 2239
1558 2299
1558 2889
1558 2950
1558 3000
1558 3432
1558 3679
1558 3824
1558 3918
1558 4491
1559 2466
1559 4861
1560 1622
1560 1634
1560 2129
1560 2195
1560 3191
1560 4460
1560 4928
1561 2362
1561 3168
1561 3903
1561 4718
1562 2835
1562 4888
1563 2301
1563 3106
1563 3244
1563 3492
1563 3646
1563 3866
1563 4124
1564 2139
1564 2675
1564 2906
1564 3133
1564 3710
1564 4051
1564 4071
1564 4081
1564 4933
1565 2039
1565 2137
1565 2252
1565 2440
1565 3116
1565 3166
1565 3220
1565 3755
1565 4346
1565 4440
1565 4695
1565 4925
1566 1775
1566 1951
1566 2234
1566 2358
1566 4028
1566 4274
1567 2449
1567 3009
1567 3882
1567 4269
1567 4471
1568 1710
1568 1950
1568 2075
1568 2555
1568 2835
1568 3214
1569 1697
1569 2545
1569 2893
1569 3181
1569 3233
1569 3366
1569 3838
1569 4001
1569 4024
1569 4327
1569 4631
1569 4987
1570 1680
1570 2406
1570 2446
1570 3773
1570 3975
1570 4349
1571 1696
1571 2982
1571 2990
1571 3054
1571 3157
1571 3275
1571 3514
1571 4107
1571 4559
1571 4975
1572 1577
1572 2383
1572 2530
1572 2582
1572 2780
1572 3035
1572 4837
1572 4971
1573 1918
1573 1984
1573 2284
1573 2804
1573 3263
1574 1905
1574 2547
1574 2744
1574 3720
1574 3818
1574 3998
1574 4055
1574 4303
1574 4380
1574 4914
1575 1758
1575 3004
1575 4339
1576 3324
1576 3596
1577 1951
1577 1997
1577 2749
1578 3470
1578 3528
1578 3589
1579 1784
1579 2245
1579 2613
1579 2989
1579 3263
1579 3758
1580 2459
1580 4449
1580 4478
1580 4848
1581 2257
1581 2382
1581 3065
1581 3478
1581 3712
1581 3779
1581 3905
1581 4079
1581 4468
1581 4868
1582 1906
1582 1956
1582 2041
1582 2044
1582 2487
1582 2876
1582 3853
1582 3948
1583 1718
1583 3273
1583 3458
1583 3725
1583 4154
1583 4612
1584 2354
1584 2405
1584 3396
1584 4921
1585 1784
1585 1990
1585 2126
1585 3004
1585 3325
1586 3701
1586 4342
1587 2149
1587 2601
1587 2769
1587 3783
1587 4355
1587 4410
1587 4444
1587 4774
1588 1735
1588 2182
1588 2913
1588 3571
1588 3698
1588 3936
1588 4298
1588 4520
1588 4604
1588 4639
1588 4651
1589 1931
1589 2681
1589 2874
1589 3178
1589 4341
1589 4935
1590 1693
1590 3669
1590 3982
1590 4014
1590 4884
1591 2340
1591 2769
1591 3402
1592 1828
1592 3544
1592 3941
1592 3980
1592 4601
1593 3372
1593 3833
1593 4701
1594 1672
1594 1793
1594 2525
1594 2729
1594 3521
1594 4808
1595 1642
1595 1718
1596 3629
1597 2274
1597 2455
1597 2497
1597 2517
1597 2537
1597 3031
1597 3418
1597 4016
1597 4156
1597 4264
1597 4494
1597 4813
1598 2290
1598 3239
1598 4588
1598 4718
1599 1730
1599 4568
1599 4997
1600 2427
1600 2681
1600 3288
1600 3331
1600 3427
1601 1654
1601 2296
1601 3285
1601 3566
1601 4162
1601 4847
1602 2305
1602 2657
1602 3639
1602 3887
1603 1789
1603 1952
1603 2274
1603 2411
1603 3678
1603 4669
1603 4749
1603 4848
1603 4899
1604 2432
1604 2588
1604 2798
1604 3364
1604 4357
1605 2027
1605 3491
1605 4924
1605 4947
1606 1894
1606 1986
1606 4941
1607 1625
1607 1959
1607 2278
1607 2901
1607 3633
1607 4029
1607 4179
1607 4467
1608 2538
1608 4783
1609 1805
1609 2361
1609 3382
1609 3452
1609 3924
1609 4188
1609 4502
1609 4878
1610 1898
1611 1691
1611 2019
1611 2146
1611 2908
1611 2960
1611 3864
1611 4025
1611 4261
1611 4937
1612 1905
1612 2897
1612 3017
1612 3150
1612 3310
1612 3724
1612 4285
1612 4408
1613 2884
1613 3290
1613 3795
1614 1742
1614 2494
1614 2906
1614 3579
1614 3704
1614 3913
1614 4517
1614 4930
1615 4617
1616 3168
1616 4208
1616 4702
1616 4712
1617 3171
1617 3348
1618 1900
1618 2232
1618 2569
1618 2572
1618 3713
1618 4179
1618 4950
1619 1623
1619 4772
1620 2498
1620 2602
1620 3774
1621 2562
1621 2844
1621 2966
1621 2991
1621 3307
1621 3733
1621 4293
1621 4632
1622 1767
1622 3801
1622 4592
1623 2065
1623 2260
1623 2558
1623 3520
1623 3673
1623 3768
1623 3971
1623 4023
1623 4462
1624 1637
1624 2140
1624 2896
1624 3195
1624 3369
1625 1719
1625 2021
1625 2412
1625 2923
1625 3030
1625 3177
1625 3287
1625 3635
1625 3798
1625 4322
1625 4552
1626 1724
1626 2544
1626 3223
1627 1844
1627 2748
1627 3341
1627 4271
1627 4531
1628 2142
1628 2165
1628 2829
1628 2937
1628 3910
1628 4271
1629 3595
1629 3635
1629 3756
1629 3815
1629 4024
1629 4252
1629 4297
1629 4298
1629 4346
1630 1643
1630 2947
1630 3331
1631 2284
1631 3267
1631 3402
1631 3752
1631 3778
1631 3837
1631 4205
1631 4727
1632 3173
1632 3358
1632 4432
1632 4493
1632 4613
1633 2051
1633 2073
1633 2916
1633 3259
1633 3472
1633 3734
1633 3996
1633 4067
1633 4170
1633 4759
1633 4823
1633 4892
1634 2284
1635 2525
1635 2539
1635 3059
1635 3290
1635 3625
1635 4774
1636 1705
1636 1855
1636 1890
1636 2335
1636 2420
1636 2556
1636 2568
1636 3083
1636 3448
1636 3563
1636 3631
1636 3799
1637 1657
1637 1831
1637 1933
1637 2683
1637 2830
1637 4692
1637 4708
1637 4740
1637 4860
1638 3410
1639 1900
1639 4531
1639 4935
1640 2120
1640 2136
1640 2515
1640 2901
1640 3664
1640 3669
1640 4269
1641 1667
1641 1971
1641 2248
1641 2257
1641 2703
1641 2977
1641 3357
1641 3942
1641 4123
1641 4441
1641 4853
1642 1663
1642 1664
1642 2041
1642 2288
1642 2848
1642 3618
1642 3861
1642 3862
1642 4045
1642 4185
1643 2069
1643 2076
1643 2731
1643 3117
1643 3879
1643 3936
1643 4125
1643 4144
1643 4237
1643 4755
1643 4925
1644 1803
1644 2009
1644 2132
1644 2276
1644 2480
1644 3408
1644 3549
1644 3800
1644 3824
1644 4509
1645 1729
1645 1915
1645 2525
1645 3709
1645 4019
1645 4339
1645 4592
1645 4929
1647 1934
1647 3073
1647 3189
1647 3198
1647 3248
1647 3741
1647 3976
1647 4117
1647 4658
1648 1721
1648 2116
1648 2155
1648 2828
1648 3003
1648 3048
1648 3476
1648 3797
1648 4507
1648 4633
1649 1880
1649 2804
1649 3497
1649 3559
1649 3636
1650 2241
1650 2388
1650 3778
1651 2355
1651 2523
1651 2695
1651 3048
1651 3069
1651 3115
1651 3785
1651 4784
1651 4915
1652 2151
1652 2645
1652 4326
1652 4615
1653 2353
1653 3107
1653 3833
1654 2216
1654 2258
1654 2437
1654 3409
1654 3724
1654 3748
1654 3864
1654 4415
1654 4596
1655 1710
1655 1739
1655 2648
1655 2774
1655 2834
1655 3190
1655 3431
1655 3593
1655 4950
1656 2103
1656 3369
1656 4106
1657 2027
1657 3969
1657 4244
1658 1671
1658 3238
1658 3775
1659 2692
1659 2875
1659 3137
1659 3194
1659 3329
1659 3566
1659 3897
1659 4061
1659 4632
1660 1949
1660 2278
1660 2657
1660 4028
1660 4438
1660 4776
1660 4861
1661 2559
1661 2739
1661 4611
1661 4941
1662 2074
1662 2091
1662 2412
1662 2793
1662 2808
1662 3731
1662 3831
1662 4610
1662 4741
1662 4860
1663 1786
1663 1998
1663 4199
1664 2565
1664 2849
1664 4224
1664 4515
1665 1763
1665 1897
1665 3396
1665 3903
1665 4941
1666 2073
1666 2311
1666 2315
1666 2712
1666 2956
1666 3260
1666 3665
1666 3901
1666 4118
1666 4602
1667 1779
1667 3820
1667 4044
1668 1749
1668 2037
1668 2391
1668 2593
1668 2679
1668 3013
1668 3426
1668 3432
1668 4500
1669 1707
1669 1762
1669 1780
1669 1905
1669 2155
1669 2329
1669 2429
1669 2509
1669 2677
1669 3218
1669 4151
1669 4826
1670 4887
1671 2440
1671 2500
1671 2817
1671 3363
1671 3827
1671 4330
1671 4506
1671 4731
1671 4737
1671 4908
1672 1799
1672 2193
1672 2630
1672 3699
1672 3823
1672 3977
1672 4307
1672 4640
1672 4784
1673 1782
1673 1861
1673 2476
1673 3380
1673 3421
1673 3849
1673 3851
1673 4139
1673 4254
1673 4608
1674 1865
1674 2457
1674 2813
1674 3097
1674 3170
1674 3657
1674 3835
1674 4090
1674 4383
1674 4429
1675 1783
1675 1824
1675 2456
1675 3167
1675 3333
1675 3359
1675 4889
1676 1725
1676 2211
1676 2785
1676 3285
1676 4442
1677 1739
1677 1870
1677 2096
1677 2491
1678 1794
1678 2656
1678 3593
1678 4011
1679 2212
1679 2261
1679 4594
1680 2102
1680 2310
1681 2306
1681 2494
1681 3652
1681 4038
1681 4144
1681 4195
1681 4915
1682 1728
1682 2550
1682 2773
1682 2915
1682 3100
1682 4232
1682 4263
1682 4704
1683 2893
1683 3343
1683 3469
1683 3513
1683 3594
1683 3680
1683 4071
1683 4804
1684 2006
1684 2366
1684 2479
1684 2946
1684 4142
1684 4504
1685 1973
1685 2016
1685 2790
1685 2928
1685 3637
1685 3681
1685 4296
1685 4551
1685 4743
1686 3059
1686 3750
1686 3866
1686 4848
1686 4997
1687 2018
1687 2125
1687 2344
1687 2616
1687 2908
1687 3169
1687 3299
1687 3494
1687 3564
1687 3676
1687 4054
1687 4056
1687 4284
1688 1745
1688 3588
1688 3926
1688 4711
1689 2656
1689 3372
1689 3604
1690 2781
1690 3173
1691 1908
1691 1950
1691 3002
1691 3238
1691 3295
1691 3358
1691 3949
1691 4888
1692 2392
1692 2664
1692 2749
1692 2951
1692 4355
1692 4443
1693 3138
1693 3200
1693 3291
1693 3296
1693 3409
1693 3948
1693 3984
1693 4178
1693 4553
1693 4668
1693 4768
1694 2658
1694 3350
1694 4282
1695 1984
1695 2119
1695 2143
1695 2393
1695 2801
1695 2909
1695 3090
1695 3255
1695 3553
1695 3633
1695 3733
1696 2130
1696 3325
1696 4554
1696 4845
1697 1904
1697 2798
1697 3713
1698 2061
1698 2275
1698 2678
1698 2814
1698 2915
1698 3176
1698 3282
1698 3354
1698 4009
1698 4372
1698 4671
1699 2130
1699 3036
1700 1715
1700 3943
1700 4014
1700 4031
1701 2160
1701 2904
1701 3352
1701 3661
1701 3912
1701 3987
1701 4110
1701 4112
1701 4336
1701 4427
1701 4696
1702 1725
1702 1847
1702 2658
1702 2765
1702 2781
1702 3031
1702 3555
1702 4224
1702 4898
1703 2149
1703 2645
1703 3005
1703 3165
1703 4165
1704 3168
1704 4281
1706 3362
1706 4131
1706 4231
1708 2381
1708 2866
1708 3038
1708 3154
1708 4261
1708 4325
1708 4371
1708 4405
1708 4778
1709 1995
1709 2309
1709 2571
1709 3252
1709 3995
1709 4103
1709 4899
1710 2464
1710 2758
1710 3188
1710 3505
1710 3818
1710 4017
1710 4194
1710 4300
1710 4553
1712 2863
1712 3054
1712 3109
1712 3487
1712 3682
1712 4784
1713 1790
1713 2092
1713 3471
1713 3833
1713 4264
1713 4311
1713 4452
1714 2771
1714 2866
1714 2915
1714 3207
1714 3359
1714 3403
1714 3702
1714 3707
1714 4122
1714 4286
1714 4426
1715 1726
1715 1972
1715 2182
1715 2299
1715 2370
1715 2608
1715 3089
1715 3361
1715 3702
1715 4692
1716 1746
1716 1948
1716 2144
1716 2616
1716 2635
1716 2750
1716 2838
1716 3308
1716 3662
1716 4404
1716 4423
1717 1863
1717 1869
1717 2236
1717 2264
1717 2526
1717 2665
1717 2717
1717 3849
1717 3908
1718 1928
1718 2504
1718 2580
1718 2603
1718 4189
1718 4351
1718 4362
1718 4658
1718 4751
1719 1790
1719 1973
1719 2443
1719 2728
1719 4138
1719 4305
1719 4684
1719 4884
1720 2095
1720 3098
1720 3369
1721 1844
1721 2234
1721 4488
1722 2638
1722 3793
1722 3989
1722 4834
1723 2713
1723 3168
1723 3362
1723 4446
1724 1731
1724 1906
1724 2159
1724 2298
1724 3188
1724 3392
1724 3971
1724 4245
1724 4838
1725 1869
1725 2603
1725 3184
1725 3344
1725 3383
1725 3635
1725 3893
1725 3896
1725 3979
1725 4067
1725 4860
1726 2486
1726 3974
1726 3989
1727 4701
1728 3808
1728 4162
1728 4770
1728 4869
1728 4957
1729 1778
1729 2098
1729 2169
1729 2368
1729 2934
1729 4098
1729 4300
1729 4480
1730 2586
1730 2597
1730 2768
1730 2780
1730 2956
1730 3066
1730 3205
1730 3237
1730 4080
1730 4359
1730 4913
1731 3633
1731 4434
1731 4854
1731 4900
1732 1938
1732 1996
1732 2233
1732 2292
1732 2981
1732 2996
1732 3111
1732 3459
1732 3591
1732 3653
1732 4003
1732 4303
1733 2246
1733 2262
1733 2459
1733 2645
1733 2833
1733 3328
1734 2762
1734 3980
1735 3667
1735 3821
1736 1785
1736 1941
1736 2098
1736 2445
1736 2907
1736 3390
1736 3730
1736 3736
1736 3977
1737 4326
1738 2353
1739 2356
1739 2904
1739 3170
1739 3365
1739 3777
1739 3938
1739 4298
1739 4315
1739 4599
1740 2633
1740 3378
1740 3482
1740 3721
1740 4433
1741 2148
1741 2364
1741 2515
1741 3106
1742 2071
1742 3022
1742 4203
1743 3329
1744 3633
1744 3708
1744 4183
1745 1756
1745 2037
1745 2058
1745 2326
1745 2683
1745 3668
1745 4738
1746 2309
1746 2432
1746 2503
1746 2625
1746 2947
1746 3037
1746 3737
1746 3771
1746 3945
1747 3528
1747 3599
1747 3992
1748 2266
1748 4294
1749 2168
1749 2441
1749 3164
1749 3391
1749 4939
1750 2884
1750 3772
1750 4028
1750 4331
1751 1791
1751 2038
1751 2437
1751 2523
1751 2964
1751 3467
1751 3746
1751 3921
1751 4214
1751 4275
1752 3703
1752 3787
1752 3980
1753 2023
1753 2794
1753 4590
1754 2204
1754 3134
1754 3173
1754 3534
1754 4184
1754 4203
1755 2103
1755 2664
1755 2896
1755 3387
1755 4898
1756 3535
1756 4446
1757 2823
1757 2879
1757 3701
1757 4723
1757 4747
1758 2644
1758 2756
1758 2997
1758 3102
1758 3292
1758 3532
1758 3710
1758 3838
1758 4475
1758 4499
1758 4802
1758 4930
1759 2170
1759 2253
1759 2275
1759 2398
1759 2609
1759 2912
1759 3714
1759 4396
1759 4475
1759 4653
1759 4885
1760 2852
1761 1889
1761 3144
1761 3195
1761 3537
1761 3640
1761 4603
1762 2486
1762 3700
1762 3772
1762 4532
1763 1849
1763 1939
1763 2087
1763 2259
1763 2382
1763 2756
1763 2910
1763 3021
1763 3796
1763 4372
1764 2185
1764 2787
1764 3707
1764 3754
1764 4263
1764 4279
1764 4307
1764 4482
1764 4519
1764 4598
1764 4956
1764 4958
1765 2499
1765 3173
1765 3239
1765 3264
1765 3629
1765 4109
1766 2316
1766 3244
1766 3387
1766 3572
1766 4859
1767 1896
1767 2094
1767 3039
1767 3097
1767 3332
1767 3759
1767 4405
1767 4586
1767 4695
1767 4707
1767 4946
1768 2932
1768 3123
1768 4370
1769 2474
1769 2681
1769 3471
1769 3625
1769 4028
1769 4163
1770 1981
1770 1999
1770 2261
1770 2309
1770 3418
1771 2588
1771 2884
1771 4231
1772 2568
1772 2660
1772 2744
1772 3327
1772 4398
1772 4469
1772 4505
1772 4627
1772 4707
1773 2562
1773 3534
1773 3713
1773 4638
1773 4694
1774 1922
1774 1981
1774 4529
1774 4941
1775 1792
1775 2341
1775 2458
1775 2566
1775 2591
1775 2975
1775 3192
1775 3561
1775 3768
1775 4057
1775 4707
1775 4857
1776 3020
1776 4162
1778 2387
1778 3351
1778 4207
1778 4807
1779 1896
1779 1948
1779 2231
1779 2338
1779 3050
1779 3130
1779 3181
1779 3281
1779 3809
1779 4480
1779 4923
1780 2379
1780 2517
1780 3303
1780 4131
1780 4873
1781 2040
1781 2497
1781 3639
1781 3793
1781 4163
1781 4629
1782 1846
1782 3290
1782 4769
1782 4835
1783 4548
1784 2647
1784 2853
1784 2907
1784 4084
1784 4206
1784 4799
1784 4885
1784 4914
1785 1866
1785 2502
1785 3088
1785 3268
1786 1892
1786 2172
1786 2868
1786 3101
1786 3167
1786 3357
1786 3414
1786 3823
1786 4133
1786 4421
1786 4610
1786 4731
1787 3639
1787 3811
1787 3822
1788 2843
1788 3153
1788 3196
1789 1850
1789 2050
1789 2639
1789 2711
1789 2853
1789 3379
1789 3412
1789 3484
1789 3958
1789 4221
1790 1936
1790 2298
1790 3191
1790 3435
1790 3592
1790 3888
1790 4409
1790 4979
1791 2559
1791 2914
1791 3369
1791 3415
1791 4103
1791 4293
1791 4478
1792 1921
1792 2618
1792 2652
1792 2713
1792 2737
1792 3146
1792 3596
1792 3599
1792 3837
1793 1987
1793 2357
1793 2687
1793 3340
1793 3770
1793 4233
1793 4345
1793 4572
1794 1901
1794 2045
1794 3531
1794 3658
1794 3698
1794 4058
1794 4272
1794 4604
1794 4705
1795 1998
1795 2077
1795 2661
1795 3364
1795 3633
1795 3775
1795 4141
1795 4199
1795 4769
1796 2131
1796 2791
1796 2858
1796 2918
1796 3199
1796 3803
1796 4120
1796 4491
1796 4635
1797 4142
1797 4702
1798 2207
1798 3153
1798 3252
1798 3597
1798 4594
1798 4729
1799 2914
1799 3016
1799 3764
1799 4061
1799 4847
1800 2084
1800 2474
1800 3153
1800 4103
1800 4638
1801 2376
1801 2515
1801 2689
1801 2862
1801 3012
1801 3596
1802 4126
1802 4723
1802 4882
1803 1915
1803 2436
1803 2811
1803 2937
1803 3239
1803 3899
1803 3928
1803 3930
1804 2328
1804 2570
1804 2814
1804 2822
1804 3571
1804 3977
1804 4052
1804 4608
1804 4838
1805 2168
1805 3227
1805 4070
1805 4655
1805 4745
1806 2193
1806 2758
1806 3919
1806 4068
1806 4180
1806 4263
1806 4303
1806 4372
1806 4445
1806 4495
1806 4966
1807 2688
1807 3073
1807 3388
1807 3886
1807 3998
1807 4026
1807 4272
1807 4383
1807 4538
1807 4562
1807 4627
1807 4865
1808 3929
1809 3567
1809 4566
1810 2110
1810 3489
1810 3672
1810 3699
1810 3748
1810 3865
1810 4173
1810 4371
1810 4710
1811 2020
1811 2195
1811 2398
1811 2967
1811 3355
1811 4160
1811 4538
1812 2613
1812 3002
1812 4043
1813 2511
1813 2665
1813 2706
1813 3174
1813 3179
1813 3735
1813 4365
1813 4575
1813 4764
1814 3140
1814 3427
1815 2157
1815 2301
1815 2870
1815 4810
1816 2489
1816 2769
1816 2819
1816 2971
1816 3168
1816 3567
1816 3667
1816 4443
1816 4665
1816 4873
1817 2232
1817 2806
1817 3158
1817 4128
1817 4183
1817 4474
1817 4899
1817 4900
1818 4783
1819 2861
1819 4119
1819 4471
1820 3297
1821 2245
1821 3074
1821 3235
1821 3820
1821 3988
1822 2108
1822 3158
1822 3517
1822 3583
1822 3877
1823 2491
1823 3242
1824 2136
1824 2408
1824 2538
1824 3010
1824 3639
1824 4370
1825 2835
1825 3772
1825 4683
1826 1936
1826 2265
1826 2448
1826 2697
1826 3262
1826 3349
1826 3591
1826 3654
1826 3675
1826 4403
1826 4795
1827 1931
1827 2309
1827 2376
1827 3598
1827 3669
1827 4747
1827 4808
1828 1893
1828 1901
1828 1962
1828 2076
1828 2425
1828 3081
1828 3605
1828 3773
1828 3908
1828 4277
1828 4621
1830 2031
1830 2869
1830 3737
1831 2204
1831 2278
1831 3057
1831 3485
1831 3583
1831 3972
1831 4561
1831 4992
1832 2376
1832 3180
1832 4769
1833 2405
1833 2732
1833 3290
1833 3535
1833 3565
1833 4673
1834 2715
1835 2168
1835 4801
1835 4854
1836 2503
1836 2571
1836 3009
1836 4109
1836 4113
1836 4239
1836 4503
1836 4629
1836 4998
1837 2022
1837 2102
1837 2474
1837 2862
1837 4747
1838 2514
1838 3358
1838 4729
1839 2010
1839 4389
1839 4691
1840 3431
1840 4957
1841 2625
1841 2803
1841 3127
1841 3451
1841 4077
1841 4950
1842 2522
1842 3264
1842 3418
1842 4985
1843 2970
1844 2335
1844 2727
1844 2905
1844 3343
1844 3560
1844 3655
1844 3685
1844 3730
1844 4377
1844 4450
1845 4093
1845 4813
1846 1917
1846 2044
1846 2338
1846 3103
1846 3580
1846 3644
1846 3660
1846 4423
1846 4435
1846 4891
1846 4972
1847 2033
1847 3641
1847 3996
1847 4001
1847 4101
1847 4192
1847 4245
1847 4422
1847 4573
1847 4909
1848 1859
1848 1877
1848 2268
1848 2343
1848 2552
1848 3112
1848 3413
1848 3532
1848 3576
1848 4081
1848 4940
1848 4961
1849 3178
1849 4638
1850 2489
1850 2745
1850 3090
1850 3508
1850 4845
1851 1950
1851 3639
1851 3772
1851 4594
1852 3391
1852 3528
1852 3669
1852 4378
1852 4545
1853 2465
1853 3910
1854 2564
1854 2692
1854 4871
1855 3090
1855 3588
1855 4244
1855 4810
1856 4106
1856 4503
1856 4548
1856 4743
1856 4754
1857 2076
1857 2348
1857 2506
1857 2590
1857 3159
1857 3205
1857 3356
1857 3695
1857 3699
1857 3785
1857 4030
1857 4150
1857 4327
1858 2085
1858 2143
1858 2786
1858 2852
1858 4278
1859 3183
1859 3994
1859 4830
1860 2010
1860 2785
1860 4006
1860 4250
1861 3264
1861 3470
1861 4999
1862 2151
1862 4589
1862 4657
1863 2271
1863 2588
1863 2991
1863 3629
1863 4342
1863 4754
1863 4769
1864 2449
1864 3002
1864 3535
1864 3989
1864 4588
1866 2011
1866 2036
1866 2763
1866 2944
1866 3001
1866 3489
1866 3563
1866 3977
1866 4417
1866 4574
1866 4909
1867 1880
1867 4059
1868 1997
1868 3171
1868 3508
1868 3949
1868 4357
1868 4439
1868 4554
1869 2436
1869 3529
1869 4776
1870 2065
1870 2686
1870 3003
1870 3693
1870 4829
1871 2459
1871 2572
1871 2680
1871 3324
1871 3415
1871 3471
1871 3972
1871 3994
1871 4141
1871 4548
1871 4617
1871 4947
1872 2610
1872 2672
1872 3596
1872 4002
1872 4554
1873 2846
1873 3123
1873 3504
1873 3752
1874 2211
1874 2979
1874 3897
1874 4061
1874 4105
1874 4884
1875 1924
1875 2254
1875 2518
1875 3876
1876 4219
1877 2584
1877 3227
1877 4356
1878 1998
1878 2075
1878 2438
1878 2514
1878 2864
1878 2892
1878 3637
1878 4135
1878 4869
1879 2222
1879 4580
1879 4749
1880 2058
1880 2924
1880 3133
1880 3608
1880 3825
1880 4058
1880 4253
1880 4484
1881 2222
1881 2951
1881 4179
1881 4748
1882 2085
1882 2157
1882 3005
1882 3203
1883 1970
1883 2160
1883 2450
1883 2513
1883 2763
1883 3486
1883 3570
1883 3749
1883 3911
1883 4253
1883 4476
1884 2055
1884 2076
1884 2795
1884 2907
1884 2988
1884 3398
1884 3552
1884 3630
1884 3668
1884 3855
1884 4753
1884 4764
1885 2833
1885 3180
1886 3118
1886 4953
1887 2130
1887 4494
1888 2000
1888 2385
1888 2568
1888 3530
1888 3624
1888 4755
1888 4832
1888 4948
1889 2223
1889 2893
1889 3051
1889 4191
1889 4524
1889 4914
1890 2010
1890 2030
1890 3304
1890 3364
1890 3822
1890 4205
1891 2749
1892 2016
1892 3239
1892 3926
1893 1908
1893 1973
1893 2932
1893 4590
1894 2105
1894 2156
1894 2440
1894 3308
1894 3381
1894 3685
1894 3707
1894 3744
1894 4194
1894 4230
1894 4343
1895 3842
1895 4002
1895 4135
1895 4691
1895 4887
1896 2658
1896 3057
1896 3273
1896 3285
1896 3841
1896 4116
1896 4662
1897 2097
1897 2259
1897 2931
1897 3044
1897 3336
1897 3452
1897 3765
1897 3809
1897 4567
1897 4647
1897 4913
1898 3245
1898 3374
1898 3568
1898 4101
1898 4161
1898 4767
1899 2417
1899 2903
1899 3063
1899 3211
1899 3442
1899 3498
1899 3577
1899 3648
1899 4180
1899 4565
1899 4908
1899 4911
1899 4971
1900 2237
1900 2760
1900 3403
1900 3890
1900 4212
1900 4457
1900 4833
1901 3598
1901 3733
1901 3774
1901 4830
1903 1925
1903 2947
1903 3639
1903 3781
1903 3891
1904 2003
1904 2145
1904 2621
1904 3452
1904 4390
1904 4436
1904 4675
1904 4778
1904 4914
1905 3252
1905 3637
1905 4086
1905 4824
1906 3142
1906 3504
1906 4492
1907 2491
1907 3774
1907 4887
1908 2487
1908 2663
1908 2768
1908 3217
1908 3755
1908 3965
1908 4315
1908 4518
1908 4798
1909 2698
1909 3747
1909 4603
1910 3206
1910 4730
1910 4761
1910 4941
1911 2061
1911 2104
1911 2201
1911 2423
1911 3060
1911 3224
1911 3294
1911 3323
1911 3586
1911 4404
1911 4542
1911 4763
1912 2565
1912 3763
1913 2829
1913 3417
1914 2457
1914 3130
1914 3437
1914 3856
1914 4221
1914 4746
1914 4979
1915 1996
1915 2061
1915 2294
1915 2329
1915 2507
1915 2570
1915 2581
1915 3940
1915 3984
1915 4020
1915 4790
1916 2404
1916 2584
1916 4294
1916 4701
1916 4732
1916 4974
1917 2085
1917 2432
1917 2645
1917 2790
1917 3771
1918 1980
1918 2269
1918 2528
1918 3228
1918 3705
1918 4052
1918 4158
1918 4306
1918 4597
1919 1975
1919 3203
1919 3747
1919 3980
1919 4011
1919 4531
1920 2989
1920 3213
1921 2239
1921 2260
1921 2542
1921 2759
1921 2882
1921 3138
1921 3510
1921 4060
1921 4172
1921 4437
1922 2267
1922 2552
1922 3068
1922 3311
1922 3584
1922 4117
1922 4401
1922 4707
1923 2635
1923 2915
1923 3287
1923 3359
1923 3381
1923 3530
1923 4407
1923 4505
1923 4738
1923 4908
1924 2129
1924 2213
1924 2428
1924 2462
1924 2527
1924 2805
1924 3523
1924 4475
1924 4876
1925 2034
1925 2866
1925 3089
1925 4120
1925 4178
1925 4961
1926 2307
1926 2582
1926 2651
1926 2910
1926 3232
1926 3425
1926 3740
1926 4055
1926 4245
1927 2038
1927 2416
1927 2683
1927 4015
1927 4575
1927 4667
1927 4736
1927 4891
1928 2255
1928 2562
1928 3047
1928 3252
1928 3574
1928 3708
1928 3737
1928 3876
1928 3992
1928 4771
1929 2732
1929 2879
1929 2901
1929 4033
1929 4342
1930 3372
1930 4077
1930 4129
1931 2004
1931 2337
1931 2420
1931 2623
1931 2840
1931 3383
1931 3456
1931 3955
1931 4230
1931 4360
1932 3417
1932 4096
1932 4532
1933 3597
1934 2126
1934 4531
1934 4899
1935 2266
1935 2455
1935 2847
1935 3972
1935 4726
1936 2783
1936 3032
1936 3737
1936 3907
1937 3640
1937 3822
1938 2439
1938 2713
1938 2790
1938 2909
1938 3142
1938 3954
1938 4801
1938 4989
1939 4033
1940 2499
1940 2884
1940 4162
1940 4442
1941 3556
1942 4135
1943 2101
1943 2255
1943 4197
1943 4342
1943 4947
1944 3213
1944 3511
1944 3783
1944 4488
1945 2112
1946 2625
1946 3555
1946 3764
1946 4210
1946 4929
1947 2247
1947 2512
1947 2633
1947 3016
1947 4096
1947 4138
1947 4454
1947 4549
1948 3833
1948 4302
1949 2201
1949 2760
1949 2832
1949 2977
1949 3539
1949 3635
1949 4487
1949 4508
1949 4552
1949 4646
1950 1996
1950 2090
1950 2249
1950 2585
1950 2867
1950 3049
1950 3359
1950 3650
1950 4085
1951 2556
1951 2868
1951 3720
1951 3736
1951 3776
1951 3782
1951 3888
1951 4009
1951 4855
1951 4918
1952 2380
1952 2826
1952 3207
1952 3698
1952 3984
1952 4482
1952 4484
1952 4643
1952 4937
1953 2659
1953 2864
1953 3269
1953 4103
1954 2049
1955 2112
1955 2701
1955 4769
1956 4216
1956 4900
1957 1990
1957 2680
1957 3010
1957 3239
1957 3345
1957 3878
1957 4116
1957 4205
1958 2762
1958 3331
1958 3342
1958 3528
1958 4471
1959 2059
1959 2832
1959 2908
1959 2917
1959 3766
1959 3872
1959 4099
1959 4527
1960 2230
1960 2287
1960 3934
1961 2127
1961 2466
1961 2732
1961 2833
1961 3185
1961 3719
1961 4274
1962 2642
1962 3417
1962 4817
1962 4959
1963 2439
1963 3477
1963 3604
1963 4096
1964 2377
1964 3567
1964 4109
1964 4291
1964 4996
1965 2508
1965 3339
1965 3781
1966 2803
1966 2829
1966 2844
1966 3989
1966 4439
1966 4569
1967 2101
1967 2786
1967 2901
1967 3399
1967 3415
1968 2061
1968 2595
1968 2603
1968 2866
1968 3003
1968 3258
1968 3388
1968 3720
1968 4361
1968 4619
1968 4818
1968 4980
1969 2434
1969 3264
1969 3331
1969 4985
1970 2884
1970 3781
1971 2512
1971 2937
1971 4549
1971 4569
1971 4712
1972 3156
1972 3787
1972 3882
1973 2159
1973 2620
1973 2827
1973 3718
1973 3784
1973 4202
1973 4317
1973 4352
1973 4644
1973 4860
1974 2690
1974 2823
1974 3178
1974 3599
1974 3887
1975 2894
1975 2895
1975 3191
1975 3760
1975 3874
1975 4227
1975 4484
1975 4506
1975 4816
1976 2411
1976 2774
1976 2809
1976 4341
1976 4442
1977 2290
1977 2806
1977 3738
1977 4887
1978 2220
1978 2369
1978 2817
1978 2926
1978 3052
1978 3587
1978 3836
1978 3904
1978 4193
1978 4377
1978 4428
1978 4742
1979 2427
1979 2531
1979 3326
1979 4655
1981 2249
1981 3502
1981 4160
1981 4190
1981 4777
1981 4865
1982 2364
1982 2729
1982 3664
1982 3848
1982 4294
1982 4539
1982 4854
1982 4888
1982 4962
1983 2108
1983 2354
1983 2477
1983 3196
1983 3420
1983 4638
1984 2350
1984 2357
1984 2511
1984 2696
1984 2954
1984 3084
1984 3343
1984 3426
1984 3693
1984 3730
1984 4290
1984 4773
1985 2928
1985 3589
1985 4859
1986 2275
1986 2322
1986 2696
1986 2752
1986 3081
1986 3105
1986 3853
1986 4706
1987 2179
1987 2192
1987 2515
1987 3362
1987 4355
1988 2648
1988 4208
1988 4452
1988 4730
1989 2408
1989 3926
1989 4207
1989 4280
1989 4342
1989 4478
1990 2927
1990 3091
1990 3092
1990 3650
1990 3860
1990 4147
1990 4228
1990 4336
1990 4914
1991 2049
1991 3288
1991 4326
1992 2573
1992 2588
1992 4002
1992 4539
1993 3866
1993 4124
1993 4207
1994 2081
1994 2117
1994 2141
1994 2428
1994 2926
1994 2954
1994 3261
1994 4188
1994 4409
1994 4575
1995 2717
1995 2722
1995 2808
1995 2935
1995 2955
1995 2996
1995 3819
1995 4127
1995 4327
1995 4465
1996 2847
1996 3428
1996 3625
1996 3878
1996 4116
1996 4492
1997 2002
1997 2183
1997 2629
1997 3237
1997 3489
1997 3920
1997 3997
1997 4725
1998 2653
1998 2927
1998 3170
1998 3522
1998 3797
1998 4313
1998 4686
1998 4706
1998 4750
1999 2097
1999 3486
1999 3509
1999 3554
1999 4057
1999 4174
1999 4383
1999 4609
1999 4753
1999 4874
2000 2157
2000 2748
2000 2812
2000 3907
2001 2501
2001 2716
2001 3142
2001 3572
2002 3059
2003 2449
2003 3183
2003 3667
2003 3752
2003 3972
2004 4691
2005 3501
2005 3640
2005 4093
2005 4443
2006 2159
2006 2223
2006 3712
2006 4499
2006 4511
2006 4668
2007 4093
2007 4129
2007 4353
2007 4615
2008 2164
2008 2381
2008 2912
2008 2918
2008 3043
2008 3245
2009 2140
2009 2745
2009 3387
2009 4201
2009 4953
2010 2097
2010 2469
2010 3245
2010 3616
2010 4034
2010 4543
2010 4787
2011 2230
2011 2615
2011 3090
2011 4494
2012 3012
2012 3664
2012 3795
2012 4375
2012 4726
2013 2525
2013 3023
2013 4988
2014 3930
2014 4014
2015 2039
2015 2129
2015 2699
2015 3125
2015 3187
2015 3484
2015 3736
2015 3968
2015 4707
2015 4821
2015 4955
2015 4975
2016 2237
2016 2355
2016 2810
2016 3093
2016 3886
2016 4001
2016 4300
2016 4412
2016 4565
2017 2235
2017 3750
2017 4492
2017 4861
2018 2676
2018 3290
2018 3887
2018 3972
2019 3180
2020 4291
2020 4665
2020 4772
2021 2537
2021 2573
2021 2715
2021 2806
2021 2951
2021 3474
2021 3742
2022 2337
2022 3038
2022 3547
2022 3679
2022 3769
2022 4459
2022 4463
2022 4826
2022 4993
2023 2087
2023 2263
2023 2356
2023 3028
2023 4064
2023 4071
2023 4350
2023 4598
2024 2083
2024 2544
2024 2645
2025 2102
2025 2179
2025 4291
2026 2392
2026 3270
2026 4262
2026 4594
2027 2740
2027 3812
2027 3830
2027 4079
2027 4081
2027 4943
2028 3542
2028 4059
2028 4898
2029 2435
2029 2514
2029 2617
2029 4589
2030 2068
2030 2321
2030 2331
2030 2600
2030 3013
2030 3021
2030 3209
2030 3462
2030 3874
2030 4986
2031 2166
2031 2511
2031 2906
2031 3061
2031 3177
2031 4147
2031 4915
2031 4981
2032 2345
2032 3180
2032 4113
2032 4662
2033 2486
2033 2854
2033 3415
2033 4287
2033 4356
2033 4488
2034 2234
2034 3285
2034 3572
2034 4135
2034 4145
2034 4882
2035 3841
2035 3972
2035 4059
2035 4137
2036 2255
2036 2435
2036 3122
2036 3795
2036 4988
2037 2286
2037 2823
2037 3098
2037 3500
2037 3848
2039 3516
2039 3964
2039 4156
2039 4810
2040 2493
2040 2500
2040 2923
2040 3467
2040 3785
2040 3952
2040 3965
2040 4256
2040 4369
2040 4608
2040 4734
2041 2943
2041 3992
2041 4276
2041 4588
2041 4953
2042 2997
2042 3354
2042 3888
2042 4284
2042 4400
2042 4976
2043 2163
2043 2833
2043 3010
2043 3428
2044 2738
2044 3758
2045 3708
2045 4389
2046 2836
2046 3471
2046 3639
2047 4353
2047 4939
2047 4941
2048 2062
2048 2195
2048 2248
2048 3250
2048 3879
2048 4359
2048 4416
2048 4462
2048 4620
2048 4668
2048 4832
2049 2357
2049 2415
2049 3205
2049 3698
2049 3805
2049 4320
2049 4940
2050 2092
2050 2148
2050 3194
2050 3270
2050 3278
2050 3428
2050 3474
2050 4096
2050 4532
2051 2438
2051 2499
2051 2801
2051 2909
2051 3544
2051 4757
2052 2354
2052 3321
2052 3826
2052 4438
2052 4516
2053 2412
2053 2532
2053 2592
2053 4053
2053 4081
2053 4125
2053 4330
2053 4595
2053 4773
2054 4096
2054 4207
2055 4888
2056 3947
2056 4077
2056 4342
2056 4899
2057 2157
2057 2672
2057 2801
2057 3132
2057 3267
2057 3492
2057 3581
2057 3945
2057 4464
2058 4219
2058 4545
2059 2255
2059 3285
2059 3878
2060 2345
2060 2819
2060 3742
2060 4601
2061 2358
2061 2539
2061 3118
2061 3339
2061 3385
2061 4167
2061 4215
2061 4273
2061 4278
2062 2227
2062 2804
2062 2879
2062 3203
2062 4414
2063 2734
2063 3341
2063 3551
2063 4603
2064 2120
2064 3010
2064 3833
2064 4732
2065 3369
2065 4093
2065 4776
2065 4871
2066 2069
2066 2349
2066 3055
2066 3129
2066 3672
2066 3976
2066 4027
2066 4057
2066 4161
2066 4229
2066 4825
2067 2124
2067 2150
2067 2644
2067 2712
2067 3084
2067 3253
2067 3531
2067 3809
2067 3836
2067 4230
2067 4764
2067 4944
2069 2232
2069 2786
2069 2850
2069 3321
2069 3544
2069 4059
2069 4851
2069 4978
2070 2079
2070 2336
2070 2464
2070 2799
2070 3073
2070 3603
2070 3647
2070 3657
2070 3908
2070 4236
2070 4289
2070 4402
2070 4622
2070 4930
2071 3064
2071 3289
2071 3359
2071 3502
2071 3627
2071 3689
2071 4222
2072 2463
2072 2483
2072 2691
2072 2770
2072 3083
2072 3513
2072 3695
2072 3696
2072 4133
2074 2525
2074 2969
2074 4296
2074 4694
2074 4748
2074 4779
2074 4794
2074 4847
2075 2620
2075 2899
2075 2956
2075 3145
2075 3913
2075 4984
2076 2112
2076 4348
2076 4385
2076 4776
2077 2684
2077 2855
2077 3513
2077 3557
2077 3644
2077 4263
2077 4473
2077 4819
2078 3713
2080 3016
2080 4771
2081 2290
2081 2572
2081 2642
2081 2965
2081 3022
2081 3671
2081 4356
2081 4551
2081 4847
2082 2234
2082 2835
2082 2948
2082 3565
2083 2209
2083 2505
2083 2643
2083 2766
2083 2788
2083 2832
2083 3041
2083 3327
2083 3727
2083 4065
2083 4260
2084 2640
2084 2941
2084 3729
2084 3892
2084 4139
2084 4915
2085 2131
2085 2954
2085 3192
2085 3533
2085 3603
2085 3606
2085 4477
2085 4634
2085 4688
2086 4580
2086 4655
2087 3127
2087 3910
2087 4655
2087 4788
2087 4899
2088 3004
2088 3206
2088 3774
2088 4709
2089 2843
2089 3194
2089 3227
2089 3325
2089 4467
2090 3037
2090 3567
2090 4138
2091 2435
2091 3127
2091 4446
2092 2195
2092 2394
2092 2454
2092 3056
2092 3084
2092 3953
2092 4072
2092 4955
2093 4186
2093 4503
2094 3153
2094 3521
2094 4183
2094 4444
2095 2577
2095 2799
2095 3246
2095 3757
2095 4030
2095 4170
2095 4343
2095 4461
2096 2723
2096 2936
2096 3683
2096 3757
2096 3765
2096 3797
2096 3816
2096 4255
2096 4304
2097 2241
2098 2192
2098 2963
2098 3298
2098 3841
2098 4478
2098 4479
2099 2247
2099 2657
2099 2803
2099 2812
2099 4702
2099 4766
2100 2715
2100 3810
2100 3954
2100 4492
2100 4788
2101 2360
2101 2541
2101 2619
2101 2863
2101 2985
2101 3293
2101 3696
2101 4502
2101 4704
2102 2281
2102 2297
2102 2422
2102 2521
2102 3084
2102 3294
2102 3318
2103 2113
2103 2913
2103 3110
2103 3343
2103 3540
2103 3603
2103 3843
2103 4279
2103 4309
2103 4892
2104 3004
2104 4370
2105 2946
2105 2976
2105 3599
2105 4006
2105 4339
2105 4539
2105 4569
2105 4776
2106 3589
2106 3906
2107 2847
2107 3002
2107 3897
2108 2231
2108 2256
2108 2784
2108 2881
2108 3200
2108 3648
2108 4173
2108 4187
2108 4575
2108 4640
2108 4778
2109 2531
2109 2980
2109 3152
2109 3934
2110 2411
2110 3810
2110 4310
2111 4781
2112 2905
2112 3407
2112 3435
2112 3490
2112 3884
2112 4404
2112 4563
2112 4961
2113 3903
2113 4163
2113 4611
2114 2388
2114 3929
2114 4434
2115 2277
2115 2531
2115 4124
2115 4924
2116 3528
2116 4208
2117 3222
2117 3358
2117 3545
2117 3721
2117 4033
2117 4389
2117 4391
2118 3485
2118 3758
2119 2469
2119 2710
2119 2736
2119 2771
2119 2904
2119 3595
2119 4253
2119 4345
2119 4489
2120 2766
2120 3234
2120 4166
2120 4240
2120 4346
2120 4812
2120 4885
2120 4895
2121 2163
2121 2704
2121 3244
2121 3593
2121 4419
2122 2392
2122 2825
2122 3252
2122 3339
2122 3565
2122 3722
2122 4657
2123 3140
2123 4939
2124 2266
2124 2424
2124 2672
2124 2689
2124 4126
2125 4105
2126 2238
2126 2313
2126 2543
2126 3202
2126 3251
2126 3512
2126 3543
2126 3720
2126 3984
2126 4220
2126 4622
2126 4828
2127 2147
2127 2614
2127 3524
2127 3705
2127 3814
2127 3870
2127 4338
2127 4361
2127 4428
2127 4690
2128 2478
2129 4078
2129 4434
2130 2228
2130 2398
2130 2546
2130 3216
2130 3314
2130 3585
2130 3728
2130 4057
2130 4168
2130 4405
2131 2277
2131 2474
2131 3721
2131 4029
2131 4702
2131 4743
2132 2441
2132 3077
2132 4831
2132 4985
2133 4568
2133 4569
2133 4714
2133 4935
2133 4941
2134 4880
2135 2819
2135 3329
2135 4357
2135 4442
2136 2256
2136 2450
2136 2593
2136 2674
2136 2944
2136 4387
2136 4751
2136 4765
2136 4982
2137 3876
2138 2524
2138 2857
2138 3206
2138 3534
2138 4590
2138 4701
2139 2157
2139 2739
2139 4208
2140 2175
2140 2566
2140 2683
2140 3421
2140 3610
2140 3909
2140 4228
2140 4368
2140 4981
2141 3255
2141 4135
2141 4569
2142 2152
2142 2583
2142 2998
2142 3643
2142 3815
2142 4527
2142 4626
2142 4676
2142 4682
2143 2448
2143 2568
2143 2757
2143 3346
2143 4485
2143 4527
2143 4823
2144 2835
2144 3738
2144 3806
2144 3930
2144 4432
2144 4532
2145 2499
2145 2657
2145 2861
2145 4033
2145 4618
2146 2168
2146 4854
2147 2682
2147 4011
2147 4474
2148 2712
2148 3082
2148 3145
2148 3422
2148 4218
2148 4482
2148 4593
2148 4818
2149 2328
2149 2607
2149 2927
2149 3262
2149 4423
2149 4608
2149 4977
2150 3723
2150 4239
2150 4673
2151 2185
2151 2606
2151 2712
2151 2881
2151 3403
2151 3591
2151 3851
2151 3960
2151 4636
2151 4863
2152 3178
2152 3269
2152 4331
2153 3928
2154 2195
2154 2201
2154 2784
2154 3711
2154 3902
2154 3946
2154 4017
2154 4168
2154 4350
2154 4465
2154 4905
2155 2489
2155 3887
2155 4888
2156 2441
2156 3295
2156 3542
2156 4208
2157 2750
2157 2816
2157 3687
2157 3939
2157 4609
2157 4802
2158 2474
2158 3604
2158 4488
2158 4882
2159 3772
2159 4414
2159 4848
2160 4953
2161 2179
2161 2652
2161 2701
2161 2979
2161 3303
2162 2287
2162 2704
2162 3717
2162 4305
2163 2184
2163 3283
2163 3319
2163 3755
2163 3788
2163 3819
2163 4013
2163 4742
2163 4764
2163 4833
2164 2625
2164 3257
2164 3358
2164 4155
2164 4592
2164 4618
2165 2702
2165 3111
2165 3740
2165 3741
2165 3790
2165 4097
2165 4482
2165 4738
2166 2168
2166 2204
2167 2309
2167 4019
2167 4033
2168 2646
2168 2796
2168 2894
2168 3435
2168 3461
2168 4104
2168 4362
2168 4431
2169 2432
2169 2626
2169 3036
2169 3107
2169 3255
2169 4106
2169 4433
2170 3350
2170 3810
2170 4683
2170 4691
2170 4747
2170 4772
2170 4861
2171 2901
2171 3597
2171 4273
2172 2432
2172 2707
2172 2811
2172 4273
2172 4438
2173 2554
2173 2649
2173 4165
2173 4355
2174 2354
2174 2477
2174 2617
2174 2698
2174 2842
2174 3012
2174 3671
2174 4310
2175 3031
2175 3745
2175 4532
2175 4974
2176 4288
2176 4493
2177 2225
2177 2299
2177 2636
2177 2644
2177 2666
2177 3069
2177 3603
2177 3911
2177 4435
2177 4666
2177 4993
2178 2443
2178 2992
2178 4588
2178 4613
2179 2273
2179 2510
2179 2788
2179 2893
2179 3230
2179 3541
2179 3847
2179 4752
2180 3504
2180 4880
2181 2383
2181 2399
2181 2541
2181 2848
2181 3184
2181 3187
2181 3246
2181 3423
2181 4087
2181 4874
2182 4137
2182 4433
2183 2728
2183 3152
2183 3910
2183 4250
2183 4629
2184 2388
2184 3417
2184 3418
2184 3943
2185 2648
2185 4774
2186 3182
2186 4824
2187 3597
2188 2659
2188 3134
2188 3738
2189 3213
2189 4391
2190 2672
2190 3004
2190 3891
2190 4126
2190 4250
2191 2587
2191 2695
2191 2746
2191 3008
2191 3605
2191 3632
2191 3819
2191 3924
2191 4316
2191 4463
2192 2281
2192 2820
2192 4052
2192 4251
2192 4373
2192 4894
2192 4958
2193 2790
2193 3708
2193 4205
2193 4296
2194 3132
2194 3268
2194 4154
2194 4612
2195 2434
2195 2946
2195 3127
2195 3471
2196 2405
2196 2424
2197 2991
2197 3182
2197 3930
2197 3969
2197 3990
2197 4029
2198 2371
2198 2892
2198 2991
2198 3037
2198 3772
2198 4219
2198 4781
2199 3324
2199 4493
2200 2550
2200 2740
2200 2818
2200 3087
2200 3161
2200 3170
2200 3315
2200 3812
2200 3981
2200 4143
2200 4193
2200 4547
2201 2659
2201 2738
2202 2409
2202 2551
2202 2640
2202 3018
2202 3226
2202 3274
2202 3580
2202 4233
2202 4649
2203 2400
2203 4999
2204 2380
2204 2523
2204 2606
2204 2736
2204 3698
2204 3900
2204 4241
2204 4343
2204 4542
2204 4597
2205 4224
2205 4443
2206 2569
2206 3559
2206 4044
2206 4163
2206 4375
2206 4443
2207 2214
2207 2639
2207 3643
2207 3727
2207 3918
2207 4364
2207 4682
2207 4768
2207 4986
2208 2972
2208 3146
2208 4747
2209 2376
2209 3326
2209 3449
2209 4370
2209 4464
2210 2659
2210 3144
2210 4568
2210 4702
2210 4745
2211 2600
2211 2702
2211 3207
2211 3259
2211 3631
2211 3769
2211 4648
2211 4703
2212 2249
2212 2276
2212 2368
2212 2577
2212 2671
2212 2711
2212 3078
2212 3306
2212 3942
2212 4530
2212 4977
2213 2271
2213 2522
2213 3750
2213 4197
2213 4375
2214 2286
2214 2325
2214 3329
2214 3969
2214 4356
2214 4749
2215 2678
2215 2693
2215 2722
2215 3040
2215 3091
2215 3099
2215 3333
2215 3379
2215 3570
2215 4533
2216 4138
2216 4201
2217 2378
2217 2426
2217 2470
2217 2526
2217 2756
2217 3011
2217 3085
2217 3138
2217 3884
2217 3921
2217 4178
2217 4550
2217 4917
2218 2325
2218 3500
2218 3772
2219 2221
2219 2228
2219 2304
2219 2751
2219 3459
2219 4233
2219 4316
2219 4327
2219 4546
2219 4664
2220 3438
2220 3716
2220 4410
2221 3431
2221 3692
2221 4850
2221 4871
2221 4880
2222 3353
2222 4092
2222 4466
2222 4818
2222 4968
2223 3369
2223 3837
2223 4766
2223 4813
2224 2455
2224 2854
2224 3842
2224 4612
2225 3173
2226 2337
2226 2375
2226 2415
2226 2500
2226 3313
2226 4696
2226 4775
2227 2550
2227 2574
2227 2726
2227 3042
2227 3052
2227 3249
2227 3305
2227 3657
2227 4552
2228 3009
2228 3298
2228 3990
2228 4950
2229 2812
2229 4439
2230 3099
2230 3175
2230 3226
2230 3569
2230 3642
2230 4092
2230 4122
2230 4778
2231 3845
2231 4494
2232 3377
2232 3655
2232 4079
2232 4340
2232 4713
2232 4912
2233 3692
2234 3439
2234 3620
2234 3893
2234 4034
2235 2488
2235 2668
2235 2985
2235 3125
2235 3908
2235 3925
2235 4756
2235 4786
2235 4842
2236 3387
2236 3945
2236 4871
2237 2489
2237 3180
2237 3636
2237 3885
2237 4776
2238 2569
2238 3876
2238 4163
2238 4197
2238 4207
2238 4273
2238 4399
2239 3134
2239 3794
2240 3556
2241 2761
2241 3089
2241 3641
2241 3991
2241 4177
2241 4368
2241 4550
2241 4578
2241 4814
2241 4844
2241 4982
2242 3059
2242 3339
2242 3719
2242 3943
2242 4339
2242 4467
2242 4611
2243 3364
2243 4021
2243 4782
2243 4817
2244 2759
2244 2788
2244 2890
2244 3412
2244 3715
2244 3869
2244 4565
2244 4686
2244 4763
2245 2568
2245 2624
2245 2877
2245 3029
2245 3729
2245 4065
2245 4540
2245 4866
2246 2412
2246 2724
2246 2733
2246 3030
2246 3145
2246 3782
2246 3894
2246 4883
2247 2691
2247 2695
2247 2986
2247 3008
2247 3097
2247 3461
2247 3628
2247 4074
2247 4555
2247 4984
2248 3182
2248 3431
2248 3566
2248 3738
2249 3074
2249 3820
2249 4590
2250 2656
2250 3152
2250 3646
2250 4532
2251 3667
2251 4231
2252 3208
2252 4702
2253 2439
2253 2555
2253 2613
2253 3417
2253 3891
2253 4186
2253 4761
2253 4886
2254 2298
2254 2523
2254 2630
2254 2735
2254 2868
2254 2917
2254 3450
2254 3680
2254 4659
2255 2292
2255 2407
2255 2482
2255 2604
2255 3161
2255 3453
2255 4074
2255 4987
2256 4665
2256 4683
2257 2835
2257 4262
2258 3032
2258 3123
2258 3326
2258 4028
2258 4331
2258 4479
2258 4770
2258 4959
2259 3196
2259 3994
2259 4410
2259 4781
2260 3326
2260 3732
2260 4116
2261 2331
2261 2361
2261 3034
2261 3150
2261 3230
2261 3933
2261 4087
2261 4482
2261 4598
2262 2526
2262 2677
2262 2741
2262 3177
2262 3859
2262 4572
2262 4658
2263 3288
2263 3974
2264 3182
2264 4353
2264 4504
2265 3565
2265 3667
2265 3903
2265 4197
2266 2448
2266 2590
2266 2670
2266 2868
2266 3476
2266 4652
2266 4828
2267 3891
2268 2774
2268 3235
2269 4549
2270 2279
2270 2432
2270 4271
2271 2563
2271 2799
2271 2953
2271 3251
2271 3429
2271 3592
2271 4318
2271 4789
2272 3700
2272 3772
2273 2601
2273 3345
2273 4589
2274 2336
2274 2908
2274 3017
2274 3653
2274 4072
2274 4233
2274 4849
2274 4943
2274 4979
2275 2765
2275 3222
2275 3639
2275 4389
2275 4452
2276 4033
2276 4106
2276 4301
2276 4566
2276 4749
2277 2827
2277 2838
2277 3087
2277 3094
2277 3202
2277 3654
2277 3770
2277 3784
2277 3847
2277 4051
2278 2563
2278 2628
2278 3046
2278 4173
2278 4193
2278 4542
2278 4843
2278 4916
2279 2888
2279 3247
2279 4034
2279 4191
2279 4371
2279 4643
2279 4658
2279 4789
2279 4815
2280 2515
2280 2806
2280 3446
2280 3588
2281 2471
2281 2571
2281 2794
2281 3059
2281 3132
2281 3826
2281 4007
2282 3737
2282 4990
2283 2475
2283 2733
2283 3056
2283 3229
2283 3505
2283 3695
2283 4234
2283 4918
2284 2902
2284 2958
2284 3653
2284 3728
2284 3754
2285 3597
2286 2462
2286 2871
2286 3176
2286 3408
2286 3726
2286 3727
2286 4648
2286 4789
2286 4972
2287 2485
2287 2586
2287 3072
2287 3115
2287 3332
2287 3852
2287 4350
2287 4384
2287 4719
2288 2316
2288 2441
2288 3722
2288 4273
2288 4817
2288 4831
2289 2503
2289 2833
2289 4378
2290 3205
2290 3224
2290 3452
2290 4081
2290 4275
2290 4470
2290 4500
2290 4763
2290 4982
2292 2524
2292 3152
2292 4121
2292 4683
2293 3501
2293 4694
2294 3235
2294 3317
2294 4788
2295 2405
2295 2489
2295 3152
2295 3372
2295 4385
2295 4902
2296 2871
2296 3066
2296 3084
2296 3253
2296 3797
2296 3868
2296 3920
2296 4170
2296 4892
2297 3362
2297 3436
2297 3717
2297 3732
2297 4712
2297 4932
2298 2909
2298 3062
2298 3364
2298 3574
2298 4673
2299 2436
2299 2834
2299 3745
2299 4824
2300 2825
2300 2843
2300 2896
2300 3144
2301 2490
2301 3447
2301 3612
2301 4883
2301 4904
2302 2304
2302 2725
2302 3260
2302 4248
2302 4373
2302 4435
2303 2573
2303 3144
2303 3774
2304 2879
2304 2969
2304 3845
2304 4105
2305 2348
2305 2417
2305 2545
2305 2597
2305 2853
2305 3101
2305 3136
2305 3245
2305 4001
2305 4327
2305 4547
2305 4866
2305 4885
2306 4201
2306 4348
2307 2976
2307 3399
2307 3553
2307 4492
2307 4531
2308 3464
2308 3496
2308 3918
2308 3920
2308 4065
2308 4468
2308 4651
2308 4672
2308 4722
2308 4775
2309 2665
2309 2755
2309 2760
2309 2955
2309 3260
2309 3522
2309 4013
2309 4923
2310 2973
2310 3027
2310 3388
2310 3395
2310 4057
2310 4164
2310 4472
2310 4630
2310 4795
2311 2424
2311 3168
2311 4718
2311 4771
2312 2324
2312 3224
2312 3398
2312 3812
2312 4312
2312 4365
2312 4459
2312 4606
2312 4695
2312 4836
2313 3669
2313 4199
2314 2762
2314 2965
2314 4231
2315 2602
2315 2878
2315 4154
2315 4419
2315 4854
2316 2463
2316 2483
2316 2506
2316 2742
2316 2886
2316 3027
2316 3034
2316 4354
2316 4890
2317 2364
2317 2571
2317 3516
2317 3910
2318 3914
2318 4503
2318 4714
2318 4990
2319 2474
2319 2501
2319 3471
2319 3521
2320 3023
2320 3122
2320 4016
2320 4399
2320 4709
2321 3238
2322 2959
2322 3449
2322 4043
2322 4594
2322 4694
2323 2842
2323 3020
2323 3633
2323 3771
2323 4367
2323 4810
2325 2780
2325 2912
2325 3626
2325 4212
2325 4316
2325 4799
2325 4833
2325 4915
2326 2661
2326 3326
2326 4367
2326 4947
2327 2554
2327 3436
2328 2461
2328 3223
2328 3396
2328 3415
2328 3511
2328 4665
2328 4783
2329 3391
2330 4270
2330 4280
2330 4291
2331 3709
2331 3832
2331 4711
2331 4947
2332 2963
2332 2999
2332 4031
2332 4561
2333 2502
2333 2859
2333 3598
2333 4454
2333 4729
2334 2514
2334 3681
2335 2859
2335 2989
2335 3032
2335 4039
2335 4419
2335 4962
2336 4129
2336 4665
2336 4754
2336 4887
2336 4941
2337 3574
2337 3664
2337 4116
2337 4124
2337 4726
2338 2839
2338 4274
2339 4515
2340 2520
2340 2775
2340 3333
2340 3390
2340 4263
2340 4372
2340 4524
2340 4755
2340 4994
2341 2781
2341 3915
2342 2565
2342 3821
2343 2715
2343 4516
2343 4566
2343 4974
2344 3671
2345 2390
2345 2880
2345 3281
2345 3408
2345 3726
2345 4023
2345 4136
2345 4750
2345 4915
2346 3273
2346 3633
2346 3992
2346 4103
2346 4179
2347 2350
2347 3103
2347 3433
2347 3519
2347 3552
2347 3895
2347 3967
2347 4058
2347 4522
2348 2852
2348 3964
2348 4116
2348 4871
2349 3793
2350 2400
2350 2745
2350 2806
2350 4142
2350 4148
2350 4594
2350 4781
2350 4783
2351 3848
2351 3877
2352 4515
2353 2476
2353 2485
2353 2621
2353 2773
2353 2865
2353 3563
2353 3628
2353 3734
2353 3748
2353 4110
2353 4602
2354 3527
2354 3645
2354 3727
2354 4285
2354 4325
2354 4717
2355 2569
2355 3542
2355 3954
2355 4757
2356 3016
2356 3312
2356 3534
2356 4029
2356 4661
2357 3471
2357 4438
2357 4711
2357 4712
2358 2383
2358 2758
2358 2978
2358 3785
2358 3890
2358 4787
2358 4909
2359 2632
2359 2716
2359 2732
2359 2839
2360 2947
2361 3934
2361 4348
2362 2545
2362 2669
2362 3212
2362 4015
2362 4211
2362 4839
2362 4862
2363 2728
2363 3194
2363 3244
2363 3723
2363 4247
2363 4791
2363 4996
2364 2401
2364 3079
2364 3503
2364 3659
2364 4036
2364 4037
2364 4095
2364 4130
2364 4610
2365 3267
2365 3482
2366 3026
2366 3412
2366 3652
2366 3656
2366 4055
2366 4872
2367 3329
2368 2408
2368 2836
2368 2995
2368 3119
2368 4444
2368 4488
2368 4504
2368 4991
2369 2658
2369 2803
2369 3268
2369 3416
2369 3529
2370 4886
2371 2472
2371 2647
2371 3026
2371 3282
2371 3361
2371 3496
2371 4157
2371 4251
2371 4700
2371 4971
2372 2544
2372 3020
2372 4471
2372 4479
2372 4594
2373 3059
2373 3535
2373 4845
2374 3989
2374 4014
2375 2804
2375 3545
2375 3903
2376 2418
2376 2653
2376 2891
2376 2973
2376 3128
2376 3580
2376 4337
2376 4380
2377 2776
2377 3114
2377 3259
2377 3533
2377 3658
2377 3736
2377 4089
2377 4778
2377 4790
2378 2729
2378 3285
2379 2485
2379 3026
2379 3082
2379 3286
2379 3338
2379 3408
2379 3861
2379 4547
2379 4916
2379 4919
2380 2729
2380 2854
2380 4617
2381 2825
2381 3345
2381 3534
2381 3922
2381 4131
2381 4265
2381 4716
2381 4783
2383 2864
2383 4965
2384 2980
2384 3223
2384 3529
2384 4801
2385 3723
2385 3778
2385 4184
2386 4010
2386 4216
2386 4702
2387 2415
2387 2417
2387 2887
2387 3082
2387 3197
2387 3886
2387 4030
2387 4114
2387 4543
2387 4720
2388 2407
2388 2428
2388 2574
2388 2607
2388 3464
2388 3488
2388 3665
2388 4050
2389 2587
2389 2929
2389 3093
2389 3405
2389 3587
2389 3698
2389 4076
2389 4194
2389 4440
2389 4755
2390 2618
2390 4135
2390 4419
2391 3671
2392 2796
2392 2949
2392 3677
2392 3862
2392 4222
2392 4256
2393 2754
2393 2821
2393 2941
2393 3370
2393 3467
2393 4012
2393 4686
2394 3264
2394 3832
2394 4128
2394 4999
2395 2482
2395 2641
2395 2867
2395 2986
2395 3035
2395 3071
2395 3124
2395 3248
2395 3390
2395 3852
2395 4496
2396 2737
2396 4494
2396 4531
2397 2615
2397 3057
2397 3821
2397 3988
2397 4141
2397 4410
2398 4021
2398 4183
2398 4794
2399 3264
2399 3436
2399 3544
2400 2413
2400 2941
2400 3689
2400 4383
2400 4867
2400 4918
2401 3667
2401 3700
2401 4163
2401 4988
2402 2449
2402 2809
2402 3331
2402 4293
2402 4835
2402 4992
2403 2680
2404 3133
2404 3776
2404 3987
2404 4277
2404 4466
2404 4499
2404 4627
2404 4677
2404 4688
2404 4944
2405 3280
2405 3526
2405 3641
2405 4218
2405 4627
2406 2460
2406 4270
2406 4613
2407 3345
2407 4478
2408 2543
2408 2824
2408 2832
2408 3186
2408 3768
2408 3797
2408 4085
2408 4417
2408 4734
2409 2478
2409 2846
2409 3589
2410 3449
2410 4086
2410 4116
2411 2795
2411 3092
2411 3100
2411 3381
2411 3609
2411 3893
2411 4051
2411 4171
2411 4538
2412 3427
2412 3428
2412 4749
2413 2648
2413 2989
2413 3463
2413 3495
2413 4016
2414 2835
2414 2870
2414 3511
2414 4326
2414 4974
2415 3077
2415 3312
2415 3611
2416 2613
2416 2874
2416 3990
2417 3122
2417 3269
2417 4771
2418 3171
2418 3242
2418 3922
2418 4249
2418 4929
2419 2465
2419 4851
2420 3252
2420 3391
2420 3941
2420 3949
2420 4791
2420 4824
2420 4929
2421 2658
2421 2999
2421 3023
2421 3964
2421 4766
2421 4959
2422 2930
2422 3057
2422 4205
2422 4464
2423 2638
2423 2642
2423 4355
2423 4594
2423 4861
2424 3865
2424 3942
2424 4226
2424 4254
2425 2783
2425 3636
2426 2698
2426 2892
2426 4554
2427 2731
2427 2913
2427 3201
2427 3281
2427 3575
2427 4079
2427 4363
2427 4583
2428 2560
2428 3521
2428 3597
2429 3303
2429 4113
2429 4126
2430 2714
2430 3032
2430 3417
2430 3597
2430 3701
2430 3988
2430 4007
2431 3771
2431 4224
2431 4239
2432 2532
2432 2534
2432 3172
2432 3580
2432 4351
2434 2838
2434 2923
2434 3080
2434 3085
2434 3174
2434 3258
2434 3496
2434 3682
2434 3683
2435 3258
2435 3421
2435 4233
2435 4390
2435 4906
2436 3591
2436 4073
2436 4074
2436 4115
2436 4144
2436 4235
2436 4462
2436 4868
2437 2842
2437 3701
2438 3642
2438 3850
2438 4212
2438 4309
2438 4948
2439 3021
2439 3254
2439 3302
2439 3615
2439 4170
2439 4200
2439 4369
2439 4806
2440 2522
2440 2680
2440 2682
2440 2745
2440 2781
2440 2843
2440 3183
2441 2621
2441 2759
2441 2881
2441 3398
2441 3902
2441 4533
2442 2785
2442 3669
2442 4039
2443 2595
2443 2868
2443 3125
2443 4346
2443 4394
2443 4496
2443 4537
2444 4014
2444 4568
2444 4985
2445 2682
2445 2921
2445 4957
2446 2833
2446 4007
2446 4066
2446 4492
2446 4618
2446 4900
2447 3290
2447 4439
2447 4467
2448 3410
2448 4446
2449 2685
2449 2712
2449 2761
2449 3100
2449 3753
2449 4377
2449 4622
2449 4671
2450 3639
2450 3854
2451 2499
2451 3555
2452 2930
2452 2972
2452 4205
2452 4709
2453 2849
2454 2834
2454 2937
2454 3794
2454 3969
2454 4135
2455 2814
2455 3113
2455 3548
2455 3610
2455 3942
2455 3971
2455 4300
2455 4681
2456 3005
2456 3328
2456 4467
2457 2649
2457 2790
2457 3057
2457 4262
2457 4370
2458 2825
2458 3090
2459 2856
2459 3042
2459 3921
2459 4118
2459 4229
2459 4358
2459 4685
2459 4879
2460 2548
2460 2585
2460 2665
2460 2736
2460 3160
2460 3221
2460 3592
2460 3613
2460 3682
2460 4457
2460 4925
2461 2488
2461 2493
2461 2820
2461 3082
2461 3993
2461 4604
2461 4739
2461 4742
2461 4778
2462 2970
2462 3222
2462 3700
2462 4247
2462 4580
2462 4657
2463 2625
2463 3378
2463 3783
2463 4031
2463 4128
2463 4757
2464 2501
2464 3351
2464 4772
2465 3013
2465 3207
2465 4169
2465 4361
2465 4403
2465 4502
2465 4576
2466 2599
2466 2779
2466 2906
2466 3361
2466 3770
2466 4570
2466 4916
2466 4922
2466 4931
2467 3328
2468 3342
2468 3376
2468 3396
2468 3500
2469 2869
2469 2879
2469 3463
2469 3822
2469 3887
2469 4399
2469 4792
2469 4999
2470 3297
2471 2845
2471 2882
2471 3584
2471 3696
2471 4056
2471 4372
2471 4411
2471 4421
2471 4570
2471 4705
2472 3640
2472 4603
2473 2655
2473 3102
2473 4084
2473 4258
2473 4346
2474 2647
2474 2931
2474 3557
2474 3710
2474 3857
2474 4053
2476 2501
2476 2963
2476 3238
2476 3988
2476 3995
2476 4770
2477 2577
2477 2641
2477 2684
2477 2830
2477 3101
2477 3505
2477 3767
2477 4241
2477 4573
2478 3052
2478 3356
2478 3963
2478 4254
2478 4460
2478 4462
2479 3352
2479 3354
2479 3422
2479 3441
2479 4146
2479 4313
2479 4460
2479 4593
2479 4892
2480 2839
2481 2976
2481 2992
2481 3062
2481 3515
2481 3941
2482 3164
2483 2811
2483 3463
2483 3808
2483 4028
2483 4137
2483 4162
2484 2666
2484 3561
2484 3642
2484 3698
2484 3875
2484 4159
2484 4644
2484 4896
2485 2707
2485 3012
2485 4569
2485 4835
2486 3286
2486 3493
2486 3615
2486 3973
2486 4497
2486 4969
2487 2626
2487 2879
2487 3906
2487 4566
2487 4830
2487 4996
2488 3982
2488 4732
2489 2543
2489 2754
2489 3076
2489 3135
2489 3696
2489 4027
2489 4226
2489 4785
2490 2515
2490 3088
2490 3646
2490 3943
2490 4264
2490 4504
2491 2756
2491 3094
2491 3869
2491 4222
2491 4411
2492 3317
2492 4137
2492 4779
2492 4850
2492 4859
2493 3750
2493 3801
2493 3885
2493 3926
2494 2980
2494 3009
2494 3716
2494 4059
2495 2604
2495 2760
2495 3129
2495 3883
2495 4060
2495 4084
2495 4344
2495 4915
2496 2875
2496 3964
2496 4389
2497 3233
2497 3464
2497 3496
2497 3798
2497 3888
2497 4369
2497 4428
2497 4803
2497 4874
2498 3266
2498 3300
2498 3370
2498 3856
2498 3978
2498 4840
2499 2712
2499 3248
2499 3610
2499 3927
2499 4885
2500 2901
2500 4302
2501 2881
2501 2986
2501 3282
2501 3333
2501 3744
2501 4793
2501 4975
2502 2752
2502 2919
2502 2978
2502 3289
2502 3450
2502 3963
2502 4236
2502 4447
2503 3175
2503 3361
2503 3479
2503 3983
2503 4459
2503 4570
2503 4645
2503 4803
2504 3417
2504 3709
2504 4301
2504 4900
2505 2672
2505 3501
2505 3795
2506 2995
2506 3378
2506 3458
2506 3482
2506 3758
2506 4141
2506 4632
2506 4684
2507 2874
2507 3137
2508 2509
2508 2750
2508 3211
2508 3274
2508 3760
2508 4490
2508 4506
2508 4658
2508 4979
2509 3290
2509 3678
2509 3723
2509 3787
2509 4391
2509 4714
2510 3581
2510 4281
2510 4432
2511 3288
2511 3511
2511 4165
2511 4611
2512 3029
2512 3105
2512 3388
2512 3421
2512 3524
2512 3665
2512 3958
2512 3967
2512 4413
2512 4499
2512 4800
2513 4532
2514 2549
2514 2838
2514 3116
2514 3744
2514 4297
2514 4976
2515 2596
2515 2962
2515 3563
2515 3843
2515 3857
2515 4213
2515 4623
2516 2638
2516 2859
2516 3301
2517 2777
2517 3038
2517 3641
2517 3695
2517 3900
2517 4202
2517 4373
2517 4753
2518 2575
2518 2578
2518 2592
2518 2720
2518 2853
2518 3336
2518 3412
2518 3853
2518 4849
2519 3646
2519 4711
2520 3974
2521 2946
2521 3190
2521 3737
2521 4269
2521 4278
2522 2813
2522 3198
2522 3573
2522 3686
2522 3711
2522 4177
2522 4253
2522 4260
2522 4345
2522 4822
2523 4280
2523 4551
2523 4782
2524 2606
2524 2636
2524 3130
2524 3221
2524 3484
2524 3940
2524 4790
2524 4913
2525 2643
2525 2731
2525 3736
2525 4507
2525 4605
2525 4967
2526 2884
2526 3906
2526 4730
2526 4953
2527 2930
2528 4561
2528 4569
2528 4957
2529 2564
2529 4126
2529 4673
2529 4973
2530 2564
2530 2785
2530 4669
2531 2653
2531 3008
2531 3159
2531 3453
2531 3479
2531 3819
2531 3939
2531 4212
2531 4358
2532 3023
2532 3542
2532 4268
2532 4662
2533 2559
2533 3708
2533 3897
2533 4455
2534 2584
2534 3427
2534 4249
2534 4292
2536 2859
2536 3565
2536 3930
2536 4464
2536 4859
2537 3177
2537 3302
2537 3510
2537 3643
2537 4206
2537 4240
2537 4862
2537 4945
2538 2912
2538 3188
2538 3513
2538 3673
2538 3686
2538 3939
2538 4030
2538 4520
2538 4690
2539 2688
2539 2815
2539 2924
2539 3069
2539 3184
2539 3453
2539 3530
2539 3638
2540 4016
2541 2765
2541 3053
2541 3301
2541 4830
2542 2794
2542 3420
2542 3625
2542 3725
2542 4031
2543 3416
2543 3438
2543 4131
2544 2557
2544 2796
2544 3025
2544 3272
2544 3412
2544 3549
2544 4254
2544 4337
2545 4276
2546 2914
2546 3738
2546 3750
2546 4011
2547 2611
2547 4996
2548 2714
2548 3185
2548 3206
2548 4296
2548 4493
2549 4029
2549 4588
2549 4794
2550 3268
2550 3556
2550 4732
2552 2642
2552 3348
2552 3972
2553 3077
2553 3147
2553 3235
2553 3463
2553 3722
2553 3787
2553 4019
2554 3151
2554 3246
2554 3550
2554 4230
2554 4790
2555 2616
2555 2908
2555 3081
2555 4584
2555 4722
2555 4728
2555 4938
2556 3022
2556 3036
2556 3147
2556 3182
2556 3517
2556 4039
2557 2739
2557 3406
2557 3716
2557 4714
2558 2618
2558 3515
2558 3806
2558 4282
2559 2821
2559 3313
2559 4045
2559 4120
2559 4173
2559 4323
2559 4498
2559 4650
2559 4740
2560 2566
2560 2758
2560 2865
2560 3125
2560 3785
2560 4081
2560 4557
2560 4637
2561 3878
2561 3995
2561 4332
2561 4601
2561 4990
2562 2629
2562 4115
2562 4232
2562 4261
2562 4468
2562 4614
2563 3223
2563 3257
2563 3501
2563 4378
2563 4808
2564 2628
2564 2766
2564 2893
2564 2905
2564 3765
2564 3840
2564 4158
2564 4235
2564 4470
2564 4475
2564 4728
2565 2882
2565 3389
2565 3487
2565 3603
2565 3653
2565 3744
2565 3844
2565 4853
2566 3255
2566 3725
2566 3915
2566 3943
2566 4864
2567 2689
2567 2801
2567 2969
2567 3031
2567 3144
2567 3495
2567 3771
2568 4797
2569 2915
2569 2964
2569 2994
2569 3087
2569 3115
2569 3336
2569 3533
2569 4609
2570 3088
2570 3118
2570 4638
2571 2731
2571 2866
2571 3163
2571 3956
2571 4325
2571 4482
2571 4891
2572 2604
2572 2655
2572 2679
2572 2758
2572 3075
2572 4146
2572 4486
2572 4734
2572 4814
2573 2723
2573 2853
2573 3493
2573 4214
2574 2738
2574 2970
2574 4886
2575 3190
2575 3775
2575 3982
2575 4276
2575 4783
2576 2728
2576 3273
2576 3837
2577 3463
2577 3876
2577 3906
2578 2680
2578 2946
2578 3495
2578 3681
2578 3778
2579 2610
2579 3771
2579 4244
2579 4548
2579 4880
2581 2704
2581 3257
2582 2698
2582 3244
2582 3574
2582 4043
2582 4772
2583 3335
2583 3692
2583 3719
2584 3219
2584 3526
2584 3607
2584 3618
2584 3749
2584 4261
2584 4279
2584 4286
2584 4390
2585 2999
2585 3270
2585 4492
2586 2909
2586 3127
2586 3801
2586 3906
2586 4247
2586 4757
2586 4921
2587 3416
2587 3795
2587 4281
2587 4611
2588 3081
2588 3444
2588 3731
2588 4586
2588 4708
2588 4725
2588 4839
2589 3385
2589 4474
2589 4716
2590 3090
2590 4712
2591 2698
2591 3891
2591 4148
2591 4341
2591 4985
2592 2613
2592 2803
2592 3312
2592 4357
2592 4504
2593 2610
2593 2728
2593 3667
2593 3806
2593 4305
2593 4791
2595 3107
2595 4294
2595 4769
2596 3036
2596 3142
2596 4162
2596 4512
2597 2615
2597 2847
2597 4471
2598 4145
2598 4493
2598 4899
2599 2632
2599 4274
2599 4294
2599 4601
2600 3090
2600 3118
2600 3556
2600 4848
2601 2763
2601 3034
2601 3066
2601 3279
2601 3695
2601 3729
2601 4225
2601 4636
2601 4822
2602 2807
2602 4058
2602 4125
2602 4164
2602 4243
2602 4347
2602 4634
2603 2932
2603 3269
2603 3598
2603 4106
2604 2617
2604 3257
2604 4116
2605 3747
2605 3808
2605 3982
2606 2829
2606 2947
2606 2989
2606 4808
2608 3474
2608 4011
2608 4138
2608 4769
2609 2701
2609 3832
2609 4965
2610 2797
2610 3621
2610 3627
2610 3779
2610 4626
2610 4963
2611 2777
2611 3007
2611 3276
2611 3788
2611 4279
2611 4460
2611 4591
2611 4707
2613 2907
2613 3186
2613 3960
2613 4040
2613 4091
2613 4489
2613 4755
2613 4892
2614 3495
2614 4783
2615 2711
2615 2814
2615 2935
2615 3300
2615 3401
2615 3762
2615 3780
2615 3971
2615 3983
2615 4926
2616 2689
2616 2963
2616 3123
2616 3544
2616 3783
2616 4455
2617 2906
2617 3014
2617 3191
2617 3498
2617 3894
2617 4527
2617 4573
2617 4623
2618 2636
2618 3054
2618 3445
2618 4118
2618 4721
2618 4737
2619 2739
2619 2869
2619 3152
2619 3288
2619 3781
2619 4810
2620 3196
2620 3669
2620 3783
2621 3969
2621 4529
2622 3671
2622 4129
2623 3926
2623 4882
2624 3325
2624 3402
2624 3709
2624 3738
2624 4093
2624 4305
2624 4310
2624 4701
2625 2722
2625 2886
2625 3309
2625 3411
2625 3426
2625 3447
2625 3807
2625 4279
2625 4708
2626 3467
2626 3696
2626 3867
2626 3874
2626 4146
2626 4160
2626 4380
2626 4553
2626 4822
2627 3420
2628 3427
2628 4580
2628 4989
2629 3351
2630 3545
2630 3719
2630 4268
2630 4834
2631 3252
2632 3018
2632 3730
2632 3881
2632 4372
2632 4699
2632 4707
2633 3013
2633 3176
2633 3228
2633 3736
2633 4157
2633 4225
2633 4322
2634 2864
2634 2928
2634 3348
2634 3778
2634 4203
2634 4434
2635 2839
2635 3118
2635 3949
2635 4070
2635 4341
2636 3321
2637 2825
2637 2885
2638 2662
2638 3232
2638 3785
2638 4466
2638 4511
2638 4570
2638 4768
2639 3324
2639 4566
2640 2798
2640 2874
2640 2971
2640 3596
2640 3745
2641 3156
2642 3102
2642 4263
2642 4334
2642 4634
2642 4841
2643 2785
2643 2836
2643 3185
2643 3667
2643 3848
2643 3992
2644 3119
2644 3278
2644 4039
2644 4124
2644 4138
2644 4224
2644 4276
2645 3188
2645 3818
2645 3936
2645 4143
2645 4343
2646 4774
2647 3930
2647 4588
2647 4830
2648 2856
2648 3075
2648 3113
2648 3494
2648 3741
2648 4195
2648 4571
2648 4905
2649 3460
2649 3715
2649 3927
2649 3961
2649 4048
2649 4556
2649 4796
2650 3583
2650 4709
2651 2829
2651 3362
2651 3671
2651 4126
2651 4432
2651 4452
2651 4655
2652 2898
2652 2990
2652 3159
2652 3186
2652 3354
2652 3925
2652 4003
2652 4098
2652 4318
2652 4952
2653 3793
2653 4155
2653 4199
2654 3517
2654 4516
2655 3482
2656 2818
2656 2837
2656 2853
2656 2926
2656 3049
2656 3510
2656 3843
2656 3883
2656 4374
2657 2887
2657 3354
2657 3543
2657 3962
2657 3978
2657 4394
2657 4671
2657 4725
2658 2684
2658 4508
2658 4537
2658 4623
2659 2667
2659 3068
2659 3160
2659 3189
2659 3558
2659 4122
2659 4245
2659 4865
2659 4923
2660 3147
2660 3214
2660 3964
2661 3018
2661 3224
2661 3248
2661 3843
2661 4190
2662 3578
2662 4292
2663 2943
2663 4990
2664 2667
2664 2683
2664 3393
2664 3634
2664 3948
2664 4073
2664 4110
2664 4546
2664 4574
2664 4812
2665 3350
2665 3899
2666 3713
2666 4723
2666 4953
2667 4135
2667 4342
2668 2885
2668 3420
2669 3876
2670 3416
2671 3303
2671 4683
2672 3082
2672 3253
2672 3768
2672 4263
2672 4740
2672 4844
2673 4743
2674 2972
2674 3238
2674 3820
2674 4270
2675 3004
2675 3954
2676 2938
2676 2967
2676 3093
2676 3656
2676 3881
2676 4100
2676 4460
2676 4513
2676 4919
2676 4952
2677 3555
2678 4494
2678 4588
2678 4902
2679 2869
2679 3037
2679 3596
2679 3723
2679 3866
2679 4723
2680 2743
2680 3366
2680 4827
2680 4837
2680 4844
2681 3024
2681 3105
2681 3130
2681 3494
2681 3514
2681 3805
2681 3991
2681 4501
2682 2780
2682 3349
2682 3710
2682 4060
2682 4071
2682 4169
2682 4380
2682 4839
2683 3358
2683 3511
2683 4353
2683 4684
2683 4991
2684 2864
2684 4106
2684 4859
2685 2914
2685 2963
2685 3774
2685 4389
2685 4782
2685 4864
2686 3750
2686 4516
2686 4701
2688 2783
2688 2971
2688 4231
2688 4771
2688 4941
2689 2944
2689 3096
2689 3259
2689 3918
2689 4020
2689 4211
2689 4241
2689 4450
2689 4508
2690 2906
2690 3007
2690 3384
2690 3468
2690 3753
2690 4036
2690 4608
2690 4640
2690 4752
2691 3335
2691 3351
2691 3878
2691 3922
2692 3577
2692 3662
2692 4746
2692 4809
2693 2972
2694 3556
2694 4282
2694 4370
2694 4516
2694 4551
2694 4680
2695 3463
2695 4817
2696 4455
2697 3088
2697 3158
2697 4028
2697 4287
2698 3502
2698 4025
2698 4463
2698 4483
2698 4644
2699 3793
2700 2930
2700 3088
2700 3239
2700 3572
2700 4748
2701 3389
2701 3487
2701 3520
2701 3828
2701 4171
2701 4676
2702 3491
2702 4673
2703 3328
2703 3725
2704 3426
2704 3522
2704 4337
2704 4476
2704 4557
2704 4916
2705 2979
2705 3298
2705 3885
2705 3945
2705 4902
2706 2959
2706 3669
2707 2926
2707 3028
2707 3209
2707 3230
2707 3286
2707 3718
2707 4798
2707 4837
2708 3255
2708 3471
2708 4807
2708 4850
2709 3057
2709 3806
2709 3906
2709 4326
2709 4953
2710 2804
2710 3146
2710 3646
2710 4854
2710 4871
2710 4884
2711 3285
2711 3589
2711 4355
2712 3517
2712 4106
2712 4471
2713 2767
2713 3072
2713 3220
2713 3580
2713 4329
2713 4520
2713 4653
2714 2831
2714 3616
2714 3682
2714 3815
2714 3855
2714 4405
2714 4967
2715 2906
2715 2907
2715 3078
2715 3336
2715 3585
2715 4181
2715 4682
2715 4719
2716 2957
2716 3040
2716 3487
2716 3620
2716 3628
2716 4175
2716 4327
2716 4381
2716 4483
2717 3500
2718 3787
2718 4039
2720 3244
2720 3446
2720 4978
2721 3164
2721 3906
2721 4835
2721 4902
2722 2991
2722 4250
2722 4592
2723 3142
2723 4274
2723 4859
2724 3016
2724 3832
2724 4761
2724 4957
2724 4998
2725 3090
2725 3750
2725 4882
2726 4438
2726 4701
2727 2801
2727 3597
2728 2942
2728 3509
2728 3825
2728 4213
2728 4756
2728 4893
2729 2977
2729 3315
2729 3857
2729 3983
2729 4001
2729 4149
2729 4415
2730 2896
2730 3227
2730 3358
2730 3511
2730 3821
2730 4788
2731 3301
2731 4515
2732 3401
2732 3591
2732 3699
2732 4159
2732 4336
2732 4818
2733 3269
2733 3775
2733 4791
2734 3382
2734 3879
2734 4437
2734 4708
2734 4934
2735 2842
2735 3098
2735 3747
2736 2811
2736 2843
2736 2870
2736 3037
2736 3278
2736 4006
2736 4973
2737 3193
2737 3207
2737 3461
2737 3488
2737 3557
2737 3916
2737 4090
2737 4111
2737 4150
2737 4696
2738 2800
2738 3251
2738 3831
2738 3869
2738 4251
2738 4388
2738 4396
2739 2866
2739 2894
2739 3248
2739 3384
2739 3824
2739 4912
2740 3501
2740 3545
2740 3772
2740 4311
2740 4375
2740 4434
2741 2847
2741 3876
2741 4137
2741 4205
2742 3362
2742 3598
2743 2969
2743 3716
2744 2783
2744 4179
2744 4615
2745 2888
2745 3177
2745 3498
2745 3859
2745 4127
2745 4139
2745 4338
2745 4483
2745 4498
2746 3278
2746 3326
2746 3733
2746 4059
2746 4551
2747 3326
2747 3878
2748 3591
2748 3592
2748 3612
2748 3856
2748 3886
2748 4049
2748 4415
2748 4576
2748 4832
2749 3089
2749 3133
2749 3207
2749 3380
2749 3748
2749 4423
2749 4497
2749 4877
2749 4983
2750 3345
2751 3578
2751 3811
2752 4311
2753 3005
2753 3636
2753 4281
2753 4452
2754 2901
2756 2992
2756 4282
2756 4781
2757 3312
2757 3458
2757 3681
2757 4044
2757 4142
2758 3446
2758 3811
2759 4442
2759 4810
2759 4861
2759 4929
2759 4959
2760 2932
2760 3915
2760 4116
2760 4442
2761 2995
2761 3495
2762 2776
2762 3433
2762 3840
2762 4211
2762 4220
2762 4360
2762 4740
2762 4895
2763 3098
2763 3321
2763 4996
2764 3841
2765 3187
2765 3455
2765 3688
2765 4069
2765 4329
2765 4643
2765 4724
2766 3842
2767 3943
2767 4442
2768 3474
2768 4683
2769 3001
2769 3014
2769 3323
2769 3333
2769 3622
2769 3724
2769 3769
2769 4304
2769 4904
2770 2859
2770 3589
2771 3269
2771 4515
2772 3885
2772 4231
2773 2825
2773 3758
2773 4156
2774 3138
2774 3714
2774 3962
2774 4430
2774 4450
2774 4849
2775 2811
2775 4109
2775 4615
2776 3020
2776 3122
2776 3288
2776 3362
2776 3598
2776 3806
2776 4031
2776 4043
2777 4549
2778 3391
2778 3589
2778 4464
2779 2844
2779 3399
2779 4684
2780 3588
2781 2958
2781 3251
2781 4040
2782 2966
2782 3681
2782 4488
2782 4947
2783 3580
2783 3780
2783 4547
2784 2849
2784 4014
2785 2996
2785 3229
2785 3800
2785 3818
2785 3987
2785 4736
2785 4806
2786 2990
2786 3705
2786 3786
2786 3956
2786 3991
2786 4546
2786 4708
2786 4826
2786 4874
2787 3255
2787 4632
2787 4959
2788 4529
2789 2991
2789 3074
2789 3153
2789 3572
2789 4419
2790 3661
2790 4476
2790 4565
2791 3833
2791 3899
2792 4992
2793 2870
2793 3331
2794 3197
2794 3261
2794 4279
2794 4289
2794 4360
2794 4408
2794 4620
2795 3074
2795 3574
2796 3062
2796 3511
2796 3945
2796 4145
2797 2937
2797 4549
2797 4932
2798 2821
2798 3027
2798 3143
2798 4352
2798 4483
2798 4688
2799 2979
2799 3517
2799 4748
2800 4375
2800 4871
2801 3800
2801 3802
2801 3857
2801 4001
2801 4040
2802 3583
2802 4957
2803 3211
2803 3672
2803 3809
2803 4101
2803 4630
2803 4696
2804 2913
2804 3433
2804 4350
2804 4926
2805 3508
2805 3982
2805 4294
2805 4601
2806 3576
2806 3694
2806 4570
2806 4784
2806 4955
2807 3121
2807 4332
2808 3416
2808 4184
2808 4367
2808 4612
2809 3046
2809 3408
2809 3462
2809 3894
2809 4245
2809 4413
2809 4499
2809 4576
2810 3107
2810 3566
2810 3713
2810 3845
2811 2882
2811 3018
2811 3804
2811 4139
2811 4206
2811 4260
2811 4472
2812 2888
2812 4046
2812 4060
2812 4565
2812 4819
2813 2991
2813 3342
2813 3778
2813 3842
2813 4148
2813 4886
2813 4888
2814 3022
2814 4590
2815 3227
2815 4991
2816 3107
2816 3214
2816 3324
2816 4167
2816 4716
2818 3551
2818 3708
2818 3885
2819 3209
2819 3371
2819 3861
2819 4308
2819 4337
2820 4792
2821 3885
2821 4454
2821 4869
2822 3534
2822 4155
2823 3150
2823 3468
2823 3512
2823 3563
2823 3963
2823 4174
2823 4408
2824 4006
2824 4033
2824 4296
2824 4996
2825 3373
2825 3975
2825 4107
2825 4192
2825 4405
2825 4762
2826 3508
2826 4561
2827 3047
2827 3263
2828 3574
2828 4726
2829 3039
2829 3207
2829 3600
2829 3756
2829 4159
2829 4223
2829 4514
2830 3745
2830 4898
2830 4935
2831 3406
2831 3747
2831 3947
2831 4274
2831 4830
2832 3396
2832 4569
2833 3155
2833 3840
2833 4369
2833 4380
2833 4401
2833 4866
2834 2919
2834 3383
2834 3650
2834 4018
2834 4118
2834 4303
2834 4636
2834 4960
2835 3231
2835 3849
2835 4354
2835 4739
2836 3380
2836 3457
2836 3961
2836 4258
2836 4628
2837 3010
2837 3183
2838 3297
2838 3324
2838 4207
2838 4716
2839 3113
2839 3161
2839 4289
2839 4623
2840 4434
2841 4135
2841 4516
2842 3035
2842 3094
2842 3731
2842 3805
2842 4134
2842 4304
2842 4977
2843 3450
2843 3825
2843 4593
2843 4862
2844 3525
2844 3618
2844 4335
2844 4616
2844 4626
2844 4911
2845 3974
2845 4203
2845 4615
2846 3064
2846 3381
2846 4067
2846 4069
2846 4206
2846 4679
2846 4803
2847 3105
2847 3918
2847 4102
2847 4185
2847 4559
2847 4608
2847 4637
2849 2922
2849 2968
2849 3334
2849 3996
2849 4633
2849 4811
2850 2925
2850 3697
2850 3985
2850 4143
2850 4315
2850 4374
2850 4429
2850 4565
2850 4625
2850 4725
2850 4919
2851 2951
2851 3551
2852 2865
2852 2886
2852 3197
2852 3226
2852 3729
2852 3731
2852 4120
2852 4591
2852 4713
2853 4950
2854 2867
2854 2982
2854 3043
2854 3117
2854 4037
2854 4073
2854 4575
2854 4800
2856 2879
2856 3324
2857 3095
2857 3097
2857 3704
2857 3950
2857 3979
2857 4558
2857 4945
2858 2971
2858 3016
2858 4539
2858 4601
2858 4873
2859 2895
2859 3847
2859 3913
2859 4441
2859 4705
2860 2965
2860 3972
2860 4545
2860 4884
2861 3368
2861 3573
2861 3712
2861 4001
2861 4417
2861 4420
2861 4450
2861 4645
2861 4905
2862 3051
2862 3478
2862 4025
2862 4036
2862 4297
2862 4352
2862 4536
2862 4846
2863 3732
2863 4611
2864 2918
2864 3602
2864 4424
2864 4917
2864 4918
2864 4967
2865 3208
2865 3385
2865 3954
2865 4953
2865 4988
2867 2995
2867 3173
2867 3578
2867 3703
2867 4864
2869 3151
2869 3805
2869 4091
2869 4359
2870 3384
2870 3525
2870 4191
2870 4368
2871 4128
2872 3132
2872 3926
2872 4504
2873 3301
2873 3636
2873 4078
2873 4974
2874 2929
2874 3487
2874 4108
2874 4211
2874 4575
2875 3230
2875 4373
2875 4407
2875 4688
2876 2970
2876 3451
2876 3578
2876 3822
2876 4121
2877 3721
2878 3139
2878 3397
2878 3507
2878 3796
2878 4722
2879 3318
2880 3301
2880 3854
2880 4331
2880 4992
2881 2995
2881 4301
2882 3945
2882 4270
2884 2993
2884 3014
2884 3819
2884 4098
2884 4150
2885 2897
2885 3367
2885 3688
2885 4236
2885 4450
2885 4630
2885 4829
2885 4952
2886 3009
2886 4029
2886 4545
2887 4503
2888 3477
2888 4410
2888 4467
2889 3992
2890 3406
2890 4478
2890 4776
2891 4066
2891 4494
2891 4851
2891 4929
2892 3442
2892 3594
2892 3886
2892 4255
2892 4324
2892 4485
2892 4784
2892 4976
2893 4109
2894 4167
2895 2937
2895 4603
2896 3715
2896 3849
2896 4065
2896 4624
2896 4818
2896 4977
2897 4410
2898 3703
2898 3928
2899 3972
2900 4310
2901 3060
2901 3248
2901 3905
2901 3932
2901 4132
2901 4279
2902 3208
2902 4231
2903 3470
2903 4869
2904 3428
2906 3555
2906 4119
2906 4988
2907 3190
2908 3721
2908 4183
2908 4657
2909 3374
2909 3927
2909 4277
2909 4412
2909 4768
2910 3290
2910 3350
2910 3485
2910 4199
2910 4419
2911 3288
2911 3385
2911 4126
2911 4265
2911 4902
2912 3098
2912 4590
2912 4657
2913 3270
2913 3717
2913 3806
2913 4210
2913 4281
2914 3093
2914 3116
2914 3389
2914 3749
2914 4024
2914 4802
2914 4909
2917 3321
2917 3501
2917 4973
2918 3351
2918 3887
2918 4278
2918 4657
2919 3196
2919 4216
2919 4669
2920 3278
2920 3399
2920 3845
2920 4589
2921 3616
2921 3627
2921 3660
2921 3862
2921 4290
2921 4390
2921 4755
2922 3223
2922 3458
2922 3463
2922 4732
2922 4744
2923 2992
2923 3036
2923 3074
2923 3156
2923 3290
2923 3826
2923 4947
2923 4965
2924 3778
2925 3597
2926 4732
2927 3703
2927 3806
2927 4311
2927 4847
2928 3275
2928 3422
2928 3539
2928 3792
2928 3809
2928 4583
2929 3239
2929 3787
2929 3866
2929 3954
2930 3202
2930 4004
2930 4961
2931 3763
2932 3093
2932 3114
2932 3318
2932 3813
2932 3955
2932 3977
2932 4981
2934 4801
2936 4148
2937 2997
2937 3105
2937 3524
2937 3621
2937 3746
2937 4547
2938 3301
2938 4691
2939 2946
2940 3930
2940 4184
2941 3090
2941 3342
2942 3485
2942 3692
2942 3821
2942 3906
2942 4007
2942 4589
2943 3052
2943 4420
2943 4578
2943 4750
2943 4858
2944 2965
2944 3121
2944 3144
2944 4265
2944 4669
2944 4680
2944 4779
2945 3922
2945 4244
2946 3105
2946 3505
2946 3965
2946 4453
2946 4465
2946 4600
2947 4706
2947 4755
2947 4969
2948 3216
2948 3258
2948 3476
2948 3730
2948 3790
2948 4674
2948 4728
2949 3190
2949 3578
2950 4532
2950 4845
2951 3601
2951 3704
2951 4855
2952 4119
2953 3185
2953 3227
2954 3763
2954 4661
2955 3449
2955 3914
2955 3928
2955 4262
2955 4665
2955 4779
2955 4834
2956 3031
2957 3185
2957 3235
2957 3941
2957 4714
2957 4861
2958 2976
2958 4471
2959 3070
2959 3814
2959 3936
2959 4083
2959 4496
2959 4502
2959 4675
2959 4706
2961 4744
2962 3036
2962 3772
2963 2977
2963 3115
2963 3789
2963 4020
2963 4520
2963 4836
2963 4881
2965 3363
2965 3488
2965 4245
2965 4445
2965 4509
2965 4645
2965 4852
2966 3245
2966 3347
2966 3676
2966 3825
2966 3856
2966 3886
2966 4076
2966 4176
2966 4334
2966 4811
2966 4821
2968 4167
2968 4788
2969 3476
2969 3773
2969 3777
2969 3872
2969 4307
2969 4919
2970 3114
2970 3523
2970 3874
2970 4176
2971 3129
2971 4840
2972 3550
2972 3595
2972 4565
2972 4648
2973 3342
2973 3778
2973 4305
2974 3335
2974 3742
2974 4305
2974 4410
2974 4617
2974 4727
2975 3264
2976 2997
2976 3085
2976 3654
2976 4544
2976 4865
2978 3399
2978 3793
2978 3833
2979 3188
2979 3229
2979 3590
2979 4230
2979 4260
2980 3040
2980 3705
2980 4379
2980 4527
2980 4564
2980 4679
2981 4432
2982 3633
2983 3121
2983 3750
2984 3164
2984 4669
2985 3002
2985 4014
2987 3420
2987 3854
2987 4274
2987 4293
2987 4730
2989 3094
2989 3403
2989 3661
2989 4519
2990 3808
2990 4953
2991 4127
2991 4372
2991 4470
2991 4572
2992 3048
2992 3538
2992 3731
2992 3739
2992 4170
2992 4172
2992 4346
2993 4924
2994 3273
2994 4529
2995 3332
2995 3582
2995 3614
2995 4218
2995 4312
2995 4426
2995 4750
2996 4783
2997 3348
2997 3492
2997 3529
2997 3781
2997 3990
2998 3057
2998 3719
2998 4293
2998 4629
2998 4684
2999 3232
2999 3310
2999 3453
2999 3459
2999 3802
2999 3951
2999 4413
3000 4216
3000 4929
3002 3401
3002 3526
3002 3618
3002 4075
3002 4258
3002 4346
3002 4920
3003 4070
3003 4921
3004 3033
3004 4072
3004 4377
3004 4573
3005 3163
3005 4027
3005 4218
3005 4579
3005 4725
3009 3691
3009 3741
3009 4037
3009 4050
3009 4085
3009 4424
3009 4650
3009 4866
3010 3085
3010 3814
3010 3908
3010 4304
3010 4558
3011 4684
3011 4965
3012 3139
3012 4469
3012 4505
3012 4606
3013 3678
3013 3772
3013 4281
3013 4446
3014 3477
3014 3934
3015 3142
3015 3764
3015 4142
3016 3160
3016 3550
3016 3736
3016 3986
3016 4275
3016 4324
3016 4689
3017 3611
3017 4965
3018 3339
3018 3372
3018 3427
3018 4817
3019 3402
3020 3367
3020 3440
3020 3443
3020 3685
3020 4217
3020 4445
3020 4520
3020 4896
3021 3047
3021 4145
3022 3034
3022 3330
3022 3336
3022 3609
3022 3844
3022 3853
3022 4277
3022 4664
3023 3033
3023 3668
3023 4228
3023 4537
3023 4799
3023 4966
3024 3930
3024 4410
3025 3775
3026 3943
3026 4617
3026 4921
3027 3794
3027 4265
3027 4455
3028 3342
3028 3738
3029 3700
3029 3941
3029 4109
3029 4471
3029 4512
3029 4516
3029 4561
3029 4791
3031 3078
3031 3100
3031 3111
3031 3141
3031 4000
3031 4218
3031 4319
3032 3043
3032 3080
3032 3087
3032 3628
3032 3759
3032 4828
3032 4933
3033 3328
3033 3903
3033 4845
3033 4965
3034 4769
3035 3106
3035 3639
3035 3681
3035 4078
3036 3048
3036 3333
3036 3985
3037 3591
3037 3973
3037 4097
3037 4555
3037 4664
3037 4904
3038 3342
3038 3808
3038 4569
3038 4813
3039 3969
3039 4529
3039 4898
3040 3252
3040 3339
3040 3722
3040 4244
3041 4131
3041 4831
3042 3566
3042 3719
3042 3811
3042 4749
3043 4655
3044 4197
3045 3589
3045 4244
3045 4385
3045 4655
3046 3206
3046 4455
3047 3724
3047 4090
3047 4114
3047 4241
3047 4521
3047 4946
3048 3783
3048 4119
3049 4783
3050 3391
3050 4129
3050 4592
3050 4727
3051 3137
3052 3190
3053 3666
3053 3724
3053 3761
3053 3965
3053 4020
3053 4323
3054 3907
3055 3681
3055 3758
3055 4761
3056 4991
3057 3623
3057 3829
3057 3981
3057 4544
3057 4910
3058 3915
3058 3941
3058 4657
3058 4830
3059 4190
3059 4418
3059 4422
3059 4624
3059 4659
3060 3147
3061 3709
3061 4353
3061 4732
3061 4888
3062 3110
3062 3141
3062 3549
3062 3623
3062 3706
3062 3780
3062 3844
3062 4535
3064 3088
3064 3640
3064 4270
3064 4332
3065 4006
3065 4539
3066 3572
3066 3669
3066 4776
3066 4884
3067 3428
3067 4494
3067 4548
3067 4932
3068 3107
3069 3604
3069 3664
3069 4028
3070 3598
3070 3732
3070 4006
3070 4184
3070 4711
3070 4730
3071 4996
3072 3438
3073 3737
3073 4129
3074 3113
3074 3169
3074 3562
3074 4651
3076 4794
3077 3663
3077 3753
3077 3895
3077 3939
3077 4261
3077 4587
3077 4685
3077 4775
3078 4726
3079 3278
3079 4199
3079 4515
3079 4830
3080 3535
3080 4834
3083 3848
3083 4726
3083 4729
3084 3171
3084 3982
3084 4548
3085 3180
3085 3995
3085 4788
3085 4996
3086 3119
3086 3268
3086 4629
3086 4801
3087 3763
3087 4311
3088 3192
3088 3857
3089 3304
3089 4548
3090 3439
3090 3813
3091 3183
3091 3891
3092 3535
3092 3572
3092 3876
3092 4197
3093 4086
3093 4718
3093 4992
3094 3376
3094 3553
3094 3974
3095 3551
3095 3791
3095 4444
3096 3471
3096 4612
3097 4142
3097 4985
3098 3354
3098 3894
3098 4606
3098 4741
3099 3342
3099 3474
3099 4709
3100 3664
3100 3733
3100 3934
3100 4618
3100 4992
3101 4163
3101 4817
3102 3508
3102 3733
3102 4278
3102 4566
3102 4990
3103 3297
3103 4066
3103 4357
3103 4548
3103 4580
3103 4615
3104 3223
3104 3811
3104 3995
3104 4353
3104 4683
3104 4781
3105 3312
3105 3882
3105 4154
3105 4886
3106 3184
3106 3266
3106 3548
3106 3679
3106 3796
3106 4303
3106 4715
3106 4839
3107 3658
3107 3896
3107 4489
3109 4165
3110 3173
3110 4532
3110 4744
3111 4474
3112 3158
3112 3678
3112 4375
3112 4566
3114 3463
3114 3774
3115 4924
3117 3566
3118 3368
3118 3374
3118 3469
3118 3648
3118 4279
3118 4312
3118 4486
3118 4593
3119 3309
3119 3465
3119 4099
3119 4530
3119 4543
3120 3599
3120 4766
3121 3603
3121 3849
3121 3963
3122 3248
3122 3308
3122 3642
3122 3827
3122 3881
3122 4161
3122 4660
3122 4897
3123 3453
3123 3541
3123 3682
3123 4073
3123 4214
3123 4283
3123 4879
3123 4922
3124 3317
3124 3578
3124 4978
3126 4399
3127 3687
3127 3853
3127 4136
3127 4149
3127 4347
3127 4497
3127 4624
3127 4685
3128 3195
3128 4109
3129 3194
3129 4016
3129 4494
3129 4727
3129 4998
3130 3144
3130 3329
3130 4807
3131 3544
3132 3605
3132 3836
3132 4009
3132 4073
3132 4194
3132 4373
3132 4606
3132 4752
3133 3213
3133 4474
3134 3388
3134 3851
3134 4263
3134 4543
3134 4636
3134 4705
3134 4837
3135 4019
3135 4770
3136 4438
3137 3404
3137 3540
3137 3618
3137 4220
3137 4256
3137 4458
3137 4667
3137 4677
3137 4758
3138 3808
3138 3907
3138 4326
3138 4744
3139 3144
3139 3268
3139 3369
3139 3399
3139 3477
3139 3511
3140 3294
3140 3395
3140 3407
3140 3635
3140 3940
3140 4195
3140 4480
3141 4205
3142 3712
3142 4323
3142 4523
3142 4874
3144 3530
3144 3754
3144 4118
3144 4575
3145 4594
3146 3386
3146 3499
3146 3698
3146 3812
3146 4556
3146 4627
3146 4707
3147 3434
3147 3948
3147 4012
3147 4542
3148 3534
3149 4183
3149 4201
3150 3418
3150 4135
3150 4632
3150 4694
3151 3269
3151 4028
3151 4414
3151 4580
3152 3728
3152 4080
3152 4090
3152 4762
3153 3327
3153 3643
3153 3920
3153 4233
3153 4299
3153 4909
3154 3596
3154 3990
3154 4357
3155 4183
3156 3525
3156 3790
3156 3863
3156 3881
3156 3979
3156 4177
3156 4555
3156 4940
3157 3535
3157 3747
3158 3338
3158 3827
3158 3840
3158 3923
3158 4195
3158 4340
3158 4674
3159 3351
3159 4691
3160 3845
3160 4830
3161 3781
3161 3885
3161 4215
3162 3745
3162 4011
3162 4280
3162 4551
3162 4603
3163 3542
3163 3599
3163 4265
3164 4038
3164 4283
3164 4421
3164 4457
3164 4764
3165 3254
3165 3320
3165 3429
3165 3618
3165 3660
3165 4514
3165 4557
3165 4906
3166 3954
3166 4749
3166 4769
3167 3396
3167 3553
3167 4103
3167 4391
3168 4023
3168 4049
3168 4700
3169 3196
3169 3239
3170 4270
3170 4801
3171 3282
3171 3375
3171 3809
3171 3829
3171 3859
3171 4123
3171 4133
3171 4510
3171 4765
3172 4078
3172 4355
3173 3251
3173 4460
3173 4537
3173 4648
3174 3572
3174 3758
3175 4141
3175 4493
3175 4807
3176 3449
3176 3701
3177 3416
3177 3482
3177 3559
3177 3903
3178 3228
3178 3256
3178 3316
3178 3429
3178 3459
3178 3522
3178 4382
3178 4413
3178 4789
3180 4365
3180 4667
3180 4698
3180 4699
3181 3402
3181 3485
3182 3332
3182 3397
3182 3404
3182 3577
3182 3619
3182 4000
3182 4796
3183 3819
3183 3827
3183 4024
3183 4689
3184 3307
3184 4043
3184 4356
3185 3275
3185 3642
3185 3748
3185 4550
3186 3497
3186 3678
3186 4113
3187 3980
3187 4199
3187 4410
3187 4973
3188 3701
3188 3922
3188 4215
3189 4443
3190 3254
3190 3412
3190 3480
3190 3632
3190 4243
3190 4979
3191 3629
3191 4219
3191 4353
3191 4531
3191 4549
3192 4280
3192 4471
3192 4754
3193 3810
3193 4156
3193 4287
3193 4880
3194 3616
3194 4037
3194 4177
3194 4560
3194 4682
3195 3221
3195 3641
3195 3662
3195 3823
3195 3902
3195 4000
3195 4229
3196 3591
3196 3939
3196 4402
3196 4610
3197 4385
3197 4493
3197 4638
3197 4801
3198 3288
3198 3794
3198 4488
3198 4683
3199 3599
3199 4231
3199 4691
3200 3238
3200 3406
3200 4310
3200 4588
3201 3826
3202 3866
3203 3259
3203 3569
3203 3577
3203 3731
3203 3940
3203 4394
3203 4849
3204 4726
3205 3278
3205 3775
3205 4021
3205 4817
3206 3628
3206 3730
3206 3836
3206 4796
3207 4399
3207 4439
3207 4471
3207 4545
3208 3609
3208 3624
3208 3673
3208 3834
3208 3978
3208 4591
3209 4589
3209 4638
3210 3551
3210 4031
3212 3297
3212 3364
3213 3274
3213 3314
3213 3790
3213 3800
3213 4706
3213 4777
3213 4844
3214 3240
3214 3353
3214 3825
3214 3921
3214 4386
3214 4499
3214 4652
3214 4943
3215 3235
3215 3477
3215 3837
3215 4044
3215 4201
3215 4661
3216 3833
3216 4493
3217 4269
3219 3604
3219 3738
3219 3974
3220 4588
3220 4950
3221 4273
3222 3730
3222 3924
3222 4040
3222 4564
3222 4943
3223 3336
3223 3404
3223 3570
3223 4040
3223 4259
3223 4919
3224 3885
3224 4432
3224 4871
3225 4434
3226 3781
3226 4113
3226 4126
3226 4985
3227 3361
3227 3462
3227 3605
3227 3973
3227 4188
3227 4645
3228 3458
3228 3775
3228 3990
3228 4131
3228 4302
3228 4357
3228 4990
3229 4165
3229 4965
3230 3267
3230 3339
3230 4155
3230 4947
3231 3593
3232 3745
3232 4288
3232 4455
3233 3446
3233 3544
3233 4014
3233 4292
3233 4792
3234 4002
3234 4375
3234 4965
3235 3522
3235 3831
3235 4412
3235 4619
3235 4890
3236 4119
3236 4959
3237 4287
3237 4492
3237 4959
3238 3498
3238 3656
3238 4048
3238 4052
3238 4513
3238 4894
3239 3319
3239 3514
3240 3515
3240 3842
3240 4014
3241 4278
3242 3359
3242 3450
3242 3641
3242 3740
3242 4140
3242 4314
3242 4393
3242 4573
3242 4648
3242 4806
3243 3269
3243 3700
3243 4086
3243 4331
3243 4929
3244 3916
3244 4598
3244 4875
3245 4264
3245 4278
3246 3303
3246 3385
3246 4882
3248 3288
3248 4959
3249 3317
3249 3771
3249 3791
3249 4219
3249 4433
3249 4859
3250 4287
3250 4551
3250 4673
3251 3821
3251 4142
3251 4419
3251 4532
3252 4022
3252 4025
3252 4349
3252 4435
3253 4066
3253 4797
3254 3572
3255 3649
3255 3827
3255 4035
3255 4363
3255 4430
3256 3928
3256 4183
3256 4432
3257 3979
3257 4020
3257 4177
3257 4189
3257 4622
3258 3723
3258 4268
3259 3325
3259 4201
3260 3372
3260 4244
3261 3774
3261 4215
3261 4711
3262 3566
3262 4183
3262 4399
3262 4665
3262 4745
3263 3368
3263 3577
3263 3618
3263 3645
3263 4041
3263 4193
3263 4624
3263 4738
3264 3360
3264 3624
3264 3985
3264 4241
3264 4256
3264 4707
3265 3387
3266 3298
3266 4683
3267 3523
3267 3799
3267 4013
3267 4227
3267 4616
3267 4994
3268 3308
3268 3918
3268 4004
3268 4257
3268 4384
3268 4892
3269 3461
3269 3932
3269 4733
3270 3779
3270 3872
3270 4225
3270 4415
3270 4803
3270 4814
3271 3345
3271 4824
3271 4973
3272 4531
3272 4884
3273 3461
3273 3862
3273 3977
3273 4111
3273 4969
3274 3420
3274 3709
3275 3451
3275 4103
3275 4265
3277 3285
3277 3636
3277 4121
3277 4385
3278 3541
3278 3718
3278 4952
3279 4467
3279 4662
3281 3297
3281 3415
3281 4657
3281 4997
3282 3716
3282 3906
3283 3639
3283 3722
3283 4831
3284 4291
3284 4797
3285 3729
3285 4380
3285 4436
3285 4994
3287 3719
3287 3866
3288 3562
3288 4441
3289 4824
3290 3334
3290 3643
3290 4136
3290 4634
3290 4679
3290 4995
3291 3854
3291 3947
3292 3972
3294 3810
3294 4723
3294 4797
3295 3457
3295 3494
3295 3819
3295 4324
3295 4361
3295 4397
3295 4819
3296 3326
3296 4433
3296 4749
3297 3464
3297 4537
3298 4350
3298 4654
3298 4660
3298 4700
3300 3544
3300 3794
3300 4723
3301 3624
3301 4092
3301 4451
3301 4533
3301 4667
3301 4912
3303 3349
3303 3488
3303 3769
3303 4226
3304 3784
3304 3843
3304 4127
3304 4382
3304 4428
3304 4911
3305 3376
3306 3321
3306 3458
3306 4464
3306 4566
3306 4589
3307 3892
3307 4092
3307 4240
3307 4738
3307 4823
3308 3787
3308 4745
3309 3436
3309 3995
3309 4287
3310 4137
3311 3534
3312 3506
3312 3675
3313 4694
3313 4781
3314 3791
3315 4339
3315 4629
3315 4929
3316 4864
3317 3576
3317 4081
3317 4166
3317 4562
3317 4570
3317 4916
3317 4949
3318 4148
3319 4680
3320 4611
3321 4060
3321 4462
3321 4811
3322 3458
3322 4070
3322 4399
3323 3791
3324 3659
3324 4032
3324 4436
3324 4875
3325 4140
3325 4318
3325 4347
3325 4634
3326 3466
3326 3861
3326 4214
3327 4561
3328 3677
3328 4426
3328 4510
3328 4752
3329 3434
3329 3622
3329 3704
3329 4508
3329 4728
3329 4913
3330 4479
3331 3984
3331 4194
3331 4508
3331 4514
3331 4536
3331 4862
3332 4007
3334 3581
3334 4028
3334 4273
3335 3696
3335 3714
3335 4306
3335 4423
3335 4573
3335 4664
3335 4724
3336 4561
3338 3428
3338 3742
3338 4899
3338 4988
3339 3614
3339 3970
3339 4056
3339 4599
3339 4775
3340 3808
3340 4105
3340 4592
3340 4929
3341 3487
3341 3507
3341 3682
3341 4200
3341 4313
3341 4437
3341 4648
3342 3359
3342 3361
3342 3450
3342 4482
3343 3629
3343 3928
3343 4886
3345 3382
3345 3744
3345 4312
3345 4658
3346 3906
3347 3567
3347 4754
3348 3630
3348 3643
3348 3770
3348 3789
3348 4266
3348 4739
3349 4709
3350 3426
3350 3898
3350 4377
3350 4633
3350 4690
3350 4696
3350 4945
3351 3388
3351 3856
3351 4084
3351 4295
3351 4303
3351 4540
3351 4624
3352 4016
3352 4287
3352 4845
3353 4774
3354 3458
3354 3717
3354 3781
3354 4282
3355 3775
3356 4113
3356 4924
3357 4208
3357 4561
3358 3476
3358 3617
3358 3939
3358 4194
3358 4421
3358 4751
3359 4006
3359 4924
3360 4701
3361 3446
3361 3537
3361 4612
3361 4882
3362 3442
3362 4146
3362 4832
3362 4842
3364 3616
3364 4069
3364 4491
3364 4564
3364 4686
3365 3470
3365 4808
3366 3906
3366 4515
3366 4757
3366 4779
3367 4215
3367 4291
3367 4414
3368 3994
3369 3687
3369 3924
3369 3925
3369 4049
3370 4247
3370 4774
3371 3832
3372 3454
3372 3530
3372 3670
3372 4842
3372 4858
3373 3399
3373 3471
3373 4824
3374 3793
3374 4613
3375 4044
3375 4210
3376 3488
3376 3576
3376 4169
3376 4322
3376 4358
3376 4373
3376 4620
3377 3929
3377 4792
3378 3622
3378 3695
3378 4522
3378 4607
3378 4678
3378 4963
3379 3596
3379 4378
3380 4141
3380 4353
3381 4810
3382 4957
3384 4813
3385 3626
3385 3705
3385 4051
3385 4187
3386 3703
3386 4959
3387 3967
3387 4088
3387 4484
3387 4489
3387 4622
3387 4685
3387 4934
3388 3446
3388 4077
3388 4282
3389 4617
3391 3422
3391 3739
3391 3918
3391 4420
3391 4938
3392 3841
3392 3877
3393 4727
3393 4962
3394 3778
3394 4467
3395 3399
3395 4590
3395 4807
3396 3676
3396 3937
3396 4312
3396 4506
3397 3417
3397 4638
3398 3681
3398 4673
3399 4198
3399 4351
3399 4364
3399 4643
3400 3418
3400 4302
3401 3781
3401 4145
3401 4183
3401 4203
3401 4274
3401 4871
3402 3901
3402 4075
3402 4318
3402 4429
3402 4498
3402 4693
3402 4949
3403 3700
3403 4007
3403 4086
3403 4197
3403 4353
3404 3866
3404 4268
3404 4714
3405 4898
3406 3439
3406 3591
3406 3871
3406 4567
3406 4664
3406 4690
3406 4874
3407 3427
3407 4529
3408 4137
3410 3754
3410 4230
3410 4263
3410 4424
3410 4608
3410 4949
3412 3681
3412 4247
3412 4539
3413 3428
3413 3725
3413 3891
3413 4154
3413 4766
3414 3583
3414 3907
3414 3954
3414 4488
3414 4503
3415 4209
3415 4424
3415 4719
3415 4759
3416 3450
3416 3704
3416 3987
3416 4863
3417 4304
3417 4327
3417 4645
3418 3464
3418 3479
3418 4338
3420 3425
3420 3913
3420 3968
3420 4318
3420 4640
3421 3446
3421 3515
3421 4269
3421 4935
3422 4310
3423 4665
3423 4808
3424 4043
3424 4239
3424 4615
3424 4950
3425 4769
3427 3748
3427 3790
3427 3999
3427 4418
3427 4793
3428 4272
3428 4812
3428 4904
3429 3713
3431 4193
3431 4204
3431 4400
3431 4404
3432 3982
3433 3671
3433 3733
3433 3763
3433 3783
3434 4494
3434 4714
3435 3449
3436 3561
3436 3710
3436 4118
3436 4591
3436 4664
3436 4804
3438 3864
3438 4027
3438 4519
3438 4644
3438 4653
3438 4785
3439 4141
3439 4239
3440 4271
3440 4293
3441 3583
3442 4109
3443 3994
3444 3556
3444 3593
3444 3738
3444 4772
3445 3516
3445 3866
3445 4061
3446 4027
3446 4084
3446 4763
3448 3598
3448 3716
3448 4310
3449 3460
3449 3691
3449 4169
3449 4762
3449 4852
3450 3485
3450 4770
3451 3525
3451 4327
3451 4904
3452 3910
3452 3915
3452 4747
3452 4935
3453 3703
3453 4935
3454 3596
3454 4791
3455 4770
3456 4249
3456 4348
3456 4999
3457 3820
3457 4529
3457 4618
3457 4680
3458 4254
3458 4764
3458 4855
3459 4794
3459 4959
3460 4580
3461 3517
3461 4033
3462 4292
3463 3480
3463 3520
3463 4789
3464 4006
3464 4662
3465 3848
3465 4141
3468 4770
3468 4997
3470 4190
3470 4283
3470 4688
3470 4905
3471 4248
3471 4819
3472 3826
3472 3988
3472 4033
3472 4197
3472 4385
3472 4592
3472 4791
3472 4882
3473 3708
3474 3670
3474 4309
3474 4372
3474 4425
3474 4477
3474 4619
3475 4612
3476 3664
3476 4208
3476 4287
3476 4770
3477 4190
3477 4481
3477 4597
3477 4636
3477 4767
3477 4803
3477 4879
3478 3544
3478 3882
3478 4247
3479 3781
3480 3810
3481 4655
3481 4898
3482 3741
3482 3797
3482 3976
3482 4377
3482 4395
3483 3555
3483 4455
3484 4156
3485 3571
3485 3621
3485 3864
3485 4400
3485 4476
3485 4526
3486 4355
3486 4661
3486 4723
3487 4824
3488 4271
3488 4766
3488 4886
3489 3555
3489 3887
3489 4515
3489 4845
3489 4848
3490 3980
3490 4167
3490 4723
3491 3815
3491 3936
3491 4242
3491 4582
3492 4030
3492 4358
3492 4485
3492 4654
3492 4737
3492 4938
3493 3700
3493 4339
3494 4278
3494 4399
3494 4779
3495 3894
3495 3924
3495 4075
3495 4187
3495 4256
3495 4400
3495 4521
3495 4607
3496 3899
3496 4391
3497 3661
3497 4796
3497 4844
3498 3581
3498 3758
3498 3887
3498 4515
3499 3854
3500 4009
3500 4555
3500 4815
3500 4912
3501 3547
3501 3729
3501 3966
3501 4051
3501 4174
3501 4524
3502 4356
3503 4077
3503 4121
3503 4305
3503 4438
3503 4548
3503 4884
3504 3937
3504 4411
3504 4865
3504 4931
3504 4934
3505 4342
3506 3842
3507 3934
3507 4592
3508 3740
3508 3850
3508 4344
3509 3581
3509 4331
3509 4781
3510 3721
3511 3550
3511 3967
3511 4036
3511 4699
3512 3914
3512 4262
3513 4851
3514 4010
3515 3675
3515 3735
3515 3909
3515 4537
3515 4584
3515 4645
3515 4943
3516 3836
3516 3977
3516 4206
3516 4323
3516 4660
3516 4685
3517 3554
3517 3731
3517 4338
3517 4416
3517 4461
3519 4141
3519 4744
3520 4077
3521 4038
3521 4046
3521 4180
3521 4417
3521 4917
3522 3738
3524 3542
3524 4771
3525 3565
3525 4086
3525 4932
3525 4965
3526 3891
3526 4249
3527 4105
3527 4807
3527 4953
3528 3573
3528 3849
3528 4001
3528 4050
3528 4241
3528 4596
3528 4872
3529 3729
3529 3751
3529 4329
3529 4368
3529 4582
3530 3747
3531 3559
3531 4924
3532 4113
3532 4455
3532 4539
3532 4745
3533 4301
3534 3562
3534 3690
3534 4379
3534 4760
3535 3668
3535 4833
3536 3878
3537 3892
3537 4315
3537 4742
3537 4800
3537 4920
3538 4488
3538 4709
3538 4807
3539 3604
3539 4210
3540 4788
3540 4873
3541 3588
3541 3795
3541 4276
3542 3959
3542 4045
3542 4768
3544 3690
3544 3707
3544 3936
3544 4381
3545 3614
3545 3682
3545 3714
3545 4394
3547 3989
3547 4167
3548 4950
3549 4203
3549 4273
3550 4680
3550 4992
3551 3759
3551 3872
3551 4827
3551 4967
3552 3713
3552 4712
3552 4831
3552 4900
3552 4939
3553 3913
3553 4198
3553 4303
3553 4501
3554 4103
3554 4287
3554 4566
3555 3562
3555 3789
3555 4383
3555 4522
3555 4542
3555 4725
3556 3675
3556 3976
3556 4114
3556 4499
3556 4562
3559 3576
3559 3661
3559 3702
3559 3735
3559 3830
3559 4255
3559 4948
3560 3943
3560 4339
3560 4353
3560 4718
3561 4353
3562 4580
3562 4615
3563 4331
3564 4367
3564 4378
3564 4929
3565 4263
3565 4304
3565 4440
3565 4720
3565 4768
3566 4349
3566 4482
3566 4738
3566 4969
3567 3860
3567 4161
3567 4422
3568 4921
3569 4184
3569 4433
3569 4454
3570 3758
3570 4779
3571 3826
3571 3929
3571 4059
3572 4829
3574 3621
3574 3809
3574 4195
3574 4258
3574 4393
3575 4479
3576 4031
3576 4712
3577 3640
3577 4199
3577 4603
3577 4791
3578 3815
3578 4001
3578 4422
3578 4787
3581 3582
3581 3825
3581 4401
3582 4757
3583 3672
3583 4072
3583 4144
3583 4340
3583 4780
3583 4940
3584 3713
3584 4701
3585 4807
3586 3841
3586 4385
3587 3763
3587 4339
3588 3977
3588 4001
3588 4914
3589 3617
3589 3690
3589 4387
3589 4826
3589 4865
3590 3636
3590 4494
3590 4810
3590 4847
3591 3745
3591 4066
3591 4474
3592 4061
3592 4270
3593 3657
3593 3690
3593 3881
3593 4049
3593 4522
3593 4928
3594 4039
3594 4743
3595 4694
3596 3987
3597 4169
3597 4306
3597 4346
3598 4485
3598 4659
3598 4982
3599 4412
3599 4421
3599 4954
3600 3713
3600 4262
3600 4939
3601 3787
3601 4124
3602 4287
3602 4850
3602 4973
3603 3716
3604 3739
3604 3913
3604 4052
3604 4170
3604 4242
3604 4659
3605 3646
3605 3928
3605 4002
3605 4135
3605 4978
3605 4999
3606 4231
3606 4433
3606 4613
3607 4201
3608 4059
3608 4479
3608 4888
3609 3709
3609 4224
3609 4924
3611 3691
3611 3786
3611 3863
3611 3901
3611 3931
3611 4214
3611 4316
3611 4346
3613 3701
3613 4061
3613 4339
3614 4455
3614 4515
3615 4432
3615 4869
3616 4033
3616 4250
3616 4669
3616 4859
3617 4950
3618 4410
3619 4137
3619 4766
3620 3664
3620 4991
3621 3708
3621 3990
3621 4434
3622 4370
3623 3841
3623 4493
3624 3929
3624 4205
3625 3736
3625 3805
3625 3958
3625 4149
3625 4176
3625 4177
3625 4846
3626 4989
3627 3794
3627 4549
3627 4745
3628 3842
3629 3710
3629 4195
3629 4325
3629 4674
3629 4860
3629 4867
3629 4942
3629 4955
3631 4197
3631 4662
3632 3722
3633 4704
3636 4191
3636 4559
3636 4906
3637 3751
3637 3834
3637 4181
3638 4845
3639 4668
3640 4462
3640 4511
3640 4911
3641 4207
3642 4276
3642 4714
3642 4757
3643 3848
3643 4332
3643 4669
3645 4106
3645 4848
3646 3951
3646 4316
3646 4363
3646 4724
3647 4545
3647 4932
3648 3988
3649 3732
3649 4618
3649 4711
3649 4743
3650 3737
3650 3982
3652 4444
3652 4831
3652 4834
3653 4661
3653 4847
3654 3725
3655 3910
3655 4474
3655 4808
3656 4292
3656 4356
3657 3995
3657 4311
3657 4341
3658 4729
3660 3910
3660 4726
3663 4249
3663 4348
3664 4054
3665 4807
3666 4184
3667 4571
3667 4636
3667 4875
3668 3723
3669 4009
3669 4182
3669 4842
3670 4186
3671 4319
3671 4351
3671 4652
3672 3716
3672 4167
3672 4444
3673 3719
3673 3989
3673 4278
3674 3717
3674 4086
3674 4224
3674 4516
3675 3716
3675 3721
3675 3842
3677 3974
3677 4167
3678 3973
3678 4289
3678 4538
3678 4654
3678 4823
3679 4231
3680 4106
3680 4691
3681 4585
3681 4634
3682 3995
3682 4792
3683 3793
3683 3866
3684 4043
3684 4135
3684 4145
3684 4162
3684 4744
3685 3934
3686 4311
3686 4342
3687 4137
3687 4331
3687 4807
3689 4155
3690 4011
3690 4629
3691 4873
3692 4012
3692 4679
3692 4728
3692 4739
3692 4976
3693 3810
3693 4207
3693 4293
3694 4199
3694 4210
3694 4452
3694 4561
3694 4978
3695 4932
3696 3700
3696 4066
3697 4109
3697 4419
3697 4449
3697 4797
3698 4389
3698 4871
3699 3897
3699 4264
3700 3920
3700 4065
3700 4180
3700 4468
3701 4259
3701 4787
3702 3832
3702 3837
3702 3988
3702 4512
3702 4754
3703 3779
3703 4275
3704 4554
3705 3764
3705 4269
3705 4385
3705 4776
3707 4794
3707 4830
3707 4962
3708 4027
3708 4055
3708 4556
3709 3953
3709 4412
3709 4536
3710 3719
3711 4163
3712 4375
3713 4511
3713 4585
3714 3995
3714 4332
3714 4554
3715 3954
3715 4282
3715 4886
3716 3894
3716 4402
3716 4447
3716 4645
3717 3938
3717 4018
3717 4204
3718 3848
3718 3964
3718 4011
3718 4128
3718 4727
3719 4696
3719 4778
3721 3879
3721 3936
3721 4122
3721 4456
3721 4521
3721 4697
3722 3839
3722 3856
3722 4633
3723 4755
3724 3821
3724 4249
3725 4519
3725 4576
3725 4649
3725 4703
3725 4865
3726 3887
3726 4529
3726 4551
3728 3945
3728 4066
3728 4471
3729 4791
3731 4766
3731 4898
3731 4935
3732 4212
3732 4299
3732 4523
3732 4667
3732 4981
3733 3864
3733 4309
3733 4338
3733 4654
3734 4119
3734 4783
3734 4989
3737 4189
3737 4507
3737 4918
3738 3780
3738 4094
3738 4108
3739 4355
3740 4545
3742 4048
3742 4550
3742 4565
3742 4635
3742 4697
3742 4928
3743 4947
3744 4186
3744 4813
3745 4182
3745 4562
3745 4614
3745 4668
3746 3842
3746 3969
3746 4847
3746 4880
3746 4882
3747 4171
3747 4200
3747 4507
3747 4546
3748 4016
3748 4145
3748 4998
3750 3911
3750 3932
3750 4958
3751 3781
3751 4869
3752 4257
3752 4606
3752 4689
3753 3943
3753 4438
3755 4270
3755 4566
3756 3929
3757 3974
3757 4281
3757 4515
3758 4595
3758 4922
3760 3826
3762 3811
3762 3887
3762 4449
3762 4813
3763 3789
3763 4246
3763 4406
3763 4536
3764 3871
3764 3983
3764 4017
3764 4023
3764 4585
3764 4857
3766 4455
3766 4754
3767 4452
3767 4611
3767 4974
3768 3832
3768 4747
3768 4770
3769 4776
3770 4438
3771 4050
3771 4237
3771 4559
3771 4751
3772 4159
3772 4225
3772 4623
3773 4301
3774 4626
3774 4903
3774 4951
3775 4073
3775 4335
3775 4582
3777 3903
3777 4835
3778 3850
3778 3874
3778 4490
3778 4790
3781 3855
3781 4599
3781 4963
3783 4090
3783 4358
3783 4556
3783 4722
3784 3820
3784 4167
3784 4549
3784 4988
3785 4044
3787 4153
3787 4376
3787 4416
3788 3949
3788 4494
3788 4973
3791 4112
3792 4296
3793 3817
3793 4140
3793 4373
3793 4927
3794 4196
3794 4510
3794 4562
3794 4843
3794 4945
3795 3831
3795 4004
3795 4020
3795 4120
3795 4818
3796 3848
3796 4014
3796 4772
3796 4835
3797 4186
3797 4375
3798 4997
3799 3877
3799 3885
3799 4129
3799 4888
3800 4070
3800 4215
3801 4082
3801 4173
3801 4233
3801 4472
3801 4505
3801 4518
3801 4705
3801 4933
3802 4239
3802 4280
3803 3837
3803 4433
3803 4989
3804 4061
3805 4539
3806 4421
3806 4583
3806 4945
3807 4119
3808 3993
3808 4100
3808 4755
3810 3875
3810 3901
3810 4586
3811 3985
3811 4111
3811 4285
3811 4827
3811 4919
3812 4006
3812 4096
3813 4109
3814 4730
3815 4061
3815 4662
3815 4939
3817 4455
3817 4729
3818 3922
3818 4155
3818 4216
3818 4772
3818 4782
3819 3833
3819 4824
3820 4565
3820 4583
3820 4641
3820 4649
3820 4934
3821 4317
3821 4692
3822 4304
3822 4312
3823 4093
3824 4119
3824 4370
3824 4771
3826 4496
3826 4631
3827 4216
3827 4291
3828 3974
3828 4039
3829 4638
3830 4503
3830 4939
3831 3992
3831 4729
3832 3869
3832 4076
3832 4309
3833 3853
3834 4021
3835 4726
3835 4882
3837 4187
3837 4373
3837 4651
3837 4955
3839 4244
3840 4474
3841 3944
3841 4222
3841 4514
3841 4805
3842 3861
3842 4687
3842 4703
3842 4865
3843 3969
3843 4992
3844 4294
3844 4367
3845 4182
3845 4211
3845 4546
3845 4625
3845 4821
3846 4880
3847 4061
3848 4563
3848 4587
3848 4705
3848 4736
3849 3949
3850 4070
3850 4478
3852 4239
3852 4339
3853 4494
3853 4712
3854 4368
3854 4426
3854 4552
3854 4670
3854 4705
3854 4948
3855 4611
3856 4154
3857 4727
3857 4864
3858 4039
3858 4105
3858 4603
3859 4262
3859 4745
3861 4219
3861 4249
3861 4769
3862 4348
3863 3878
3863 4249
3863 4302
3864 4264
3864 4494
3865 4771
3865 4871
3866 4071
3868 4249
3870 4813
3872 4066
3873 3992
3873 4326
3873 4474
3873 4727
3874 4554
3875 4455
3876 4057
3876 4605
3877 3998
3877 4708
3877 4798
3877 4841
3878 4798
3879 3882
3879 3929
3879 4077
3880 4121
3880 4516
3882 4191
3883 4662
3883 4702
3884 4109
3884 4367
3885 4127
3885 4318
3885 4376
3886 4745
3887 3984
3887 4030
3887 4211
3887 4234
3890 4269
3891 3917
3891 3923
3891 3924
3891 4198
3892 4262
3893 3928
3893 4137
3893 4545
3894 4129
3896 4078
3897 4040
3897 4136
3897 4382
3897 4604
3897 4647
3898 3994
3898 4353
3899 4346
3899 4563
3899 4645
3899 4825
3900 4794
3901 4601
3902 4529
3902 4990
3903 4030
3903 4136
3903 4755
3904 4766
3906 4223
3906 4381
3906 4695
3907 4218
3907 4229
3907 4373
3907 4803
3910 4161
3910 4518
3910 4639
3912 4274
3912 4590
3913 4021
3914 3996
3914 4543
3914 4912
3915 3952
3915 4221
3915 4384
3915 4429
3915 4469
3915 4523
3915 4731
3916 4302
3916 4471
3917 4208
3918 3941
3919 4296
3919 4996
3921 4292
3921 4305
3922 4696
3922 4731
3922 4981
3923 3964
3923 4208
3925 4479
3925 4568
3926 4173
3926 4174
3926 4258
3926 4352
3928 3963
3928 4038
3928 4221
3928 4755
3929 3937
3929 4505
3929 4872
3930 4027
3930 4132
3930 4650
3930 4892
3930 4968
3932 4264
3932 4774
3932 4779
3932 4924
3933 3969
3933 4590
3934 4013
3934 4381
3935 4887
3936 4959
3937 4205
3937 4296
3937 4588
3939 4059
3940 4539
3940 4680
3941 4328
3941 4365
3941 4674
3941 4862
3941 4968
3942 4924
3942 4939
3943 4202
3944 4991
3945 4050
3945 4255
3945 4261
3945 4408
3945 4624
3947 4089
3947 4151
3947 4251
3947 4354
3947 4552
3947 4969
3948 4929
3949 4181
3949 4321
3949 4363
3949 4388
3949 4481
3951 4113
3951 4224
3951 4348
3951 4580
3952 4116
3952 4250
3952 4385
3954 4104
3955 4589
3957 4273
3957 4831
3959 4375
3960 4712
3962 3980
3963 4744
3963 4974
3964 3976
3964 4152
3964 4795
3966 4124
3966 4723
3968 4985
3968 4989
3969 4697
3970 4086
3970 4709
3970 4831
3971 4231
3971 4467
3972 4178
3972 4209
3973 4561
3974 4082
3974 4644
3974 4829
3974 4958
3975 4629
3976 4066
3976 4291
3977 4156
3977 4165
3979 4070
3979 4124
3979 4433
3980 4005
3980 4558
3980 4607
3981 4096
3982 4509
3982 4956
3983 4613
3983 4617
3984 4268
3985 4442
3986 4224
3986 4745
3986 4854
3986 4941
3987 4744
3988 4024
3988 4538
3988 4912
3989 4232
3989 4418
3989 4605
3989 4943
3990 3997
3990 4198
3990 4397
3990 4518
3990 4878
3992 4003
3992 4803
3992 4945
3993 4410
3993 4774
3993 4924
3994 4085
3994 4752
3994 4897
3997 4732
3998 4039
3998 4551
3998 4850
3999 4207
4001 4039
4001 4989
4002 4180
4002 4214
4002 4363
4002 4626
4002 4641
4002 4804
4002 4951
4003 4580
4004 4163
4004 4268
4004 4342
4005 4145
4005 4332
4005 4419
4005 4771
4006 4424
4007 4381
4007 4664
4007 4942
4008 4444
4009 4113
4009 4861
4010 4229
4010 4427
4010 4778
4010 4820
4011 4134
4012 4280
4012 4296
4012 4801
4012 4997
4013 4772
4014 4335
4014 4775
4015 4449
4015 4792
4016 4221
4016 4510
4016 4579
4016 4879
4018 4331
4018 4900
4019 4300
4019 4855
4021 4079
4021 4151
4021 4427
4021 4708
4021 4755
4021 4866
4022 4831
4022 4899
4023 4568
4024 4601
4026 4106
4026 4754
4026 4932
4026 4988
4027 4701
4028 4343
4028 4651
4029 4048
4029 4413
4029 4514
4029 4816
4030 4043
4031 4225
4031 4522
4031 4639
4031 4734
4032 4479
4033 4593
4034 4454
4034 4661
4034 4797
4038 4124
4038 4433
4039 4621
4039 4650
4040 4661
4041 4861
4042 4156
4043 4158
4043 4593
4043 4896
4043 4943
4044 4091
4044 4832
4047 4714
4048 4718
4049 4155
4049 4613
4051 4549
4052 4199
4053 4939
4058 4154
4058 4224
4059 4071
4060 4999
4061 4146
4061 4518
4061 4706
4066 4346
4066 4584
4066 4720
4068 4439
4070 4423
4070 4536
4070 4547
4070 4755
4071 4224
4071 4250
4071 4492
4073 4851
4075 4093
4077 4226
4077 4299
4077 4409
4078 4614
4078 4865
4083 4197
4084 4772
4085 4629
4085 4851
4086 4461
4086 4646
4086 4876
4088 4129
4089 4882
4089 4991
4091 4249
4091 4280
4092 4268
4092 4301
4093 4157
4093 4336
4093 4546
4093 4602
4093 4623
4093 4809
4093 4811
4093 4912
4095 4921
4096 4160
4096 4209
4096 4644
4096 4903
4097 4657
4099 4801
4100 4545
4102 4131
4103 4457
4103 4980
4105 4380
4105 4482
4105 4931
4106 4620
4106 4865
4106 4931
4107 4399
4107 4438
4108 4978
4109 4958
4111 4341
4111 4455
4111 4899
4113 4177
4113 4780
4113 4890
4114 4797
4115 4438
4116 4393
4116 4825
4118 4442
4119 4570
4119 4670
4119 4738
4119 4756
4120 4566
4121 4243
4121 4277
4121 4951
4122 4305
4123 4988
4124 4286
4124 4453
4125 4326
4126 4485
4126 4637
4126 4675
4126 4948
4127 4592
4128 4169
4128 4606
4128 4656
4128 4942
4129 4333
4129 4408
4129 4633
4129 4804
4130 4210
4130 4268
4131 4242
4131 4659
4132 4617
4133 4280
4135 4586
4135 4636
4136 4532
4137 4404
4138 4910
4138 4948
4140 4378
4140 4442
4141 4233
4141 4258
4141 4309
4142 4226
4142 4740
4143 4331
4143 4449
4143 4548
4144 4331
4145 4604
4145 4671
4145 4868
4146 4515
4146 4992
4147 4385
4147 4978
4148 4304
4148 4912
4148 4930
4149 4356
4150 4794
4151 4282
4153 4203
4153 4355
4154 4191
4154 4225
4154 4240
4154 4384
4155 4441
4155 4659
4155 4762
4155 4777
4155 4803
4156 4334
4156 4637
4158 4446
4158 4452
4159 4215
4160 4718
4161 4276
4162 4220
4162 4436
4162 4633
4162 4690
4163 4196
4163 4544
4164 4378
4164 4554
4164 4859
4165 4517
4165 4760
4165 4892
4165 4917
4165 4995
4166 4810
4167 4284
4167 4307
4168 4464
4170 4662
4170 4953
4174 4888
4176 4353
4177 4748
4179 4676
4179 4980
4180 4291
4182 4280
4182 4723
4183 4411
4183 4760
4184 4209
4184 4259
4184 4843
4185 4356
4185 4632
4185 4749
4186 4351
4186 4496
4186 4786
4186 4833
4186 4876
4187 4203
4187 4957
4188 4438
4192 4962
4193 4532
4193 4834
4193 4988
4196 4399
4196 4479
4197 4340
4198 4873
4198 4924
4199 4720
4201 4343
4201 4413
4202 4310
4202 4766
4203 4401
4205 4944
4207 4246
4207 4336
4208 4254
4209 4757
4210 4394
4210 4473
4210 4803
4213 4548
4213 4723
4214 4449
4214 4669
4215 4411
4215 4451
4215 4811
4215 4844
4215 4865
4215 4866
4215 4903
4216 4550
4216 4678
4216 4963
4218 4305
4218 4989
4219 4242
4219 4279
4219 4491
4219 4967
4220 4669
4224 4943
4227 4714
4229 4439
4229 4718
4232 4512
4235 4997
4236 4757
4237 4264
4237 4548
4239 4275
4239 4390
4239 4460
4243 4389
4244 4384
4245 4851
4246 4694
4247 4248
4247 4865
4247 4977
4248 4770
4249 4320
4249 4852
4250 4466
4250 4700
4251 4899
4253 4743
4254 4869
4255 4281
4255 4632
4255 4680
4257 4310
4257 4629
4258 4782
4261 4615
4261 4729
4261 4899
4261 4924
4262 4579
4262 4890
4263 4516
4264 4983
4265 4320
4265 4321
4265 4558
4265 4706
4265 4765
4265 4856
4266 4548
4267 4454
4268 4436
4268 4537
4268 4759
4269 4462
4269 4682
4269 4790
4269 4829
4271 4489
4271 4700
4271 4825
4271 4856
4271 4961
4273 4681
4274 4358
4274 4480
4274 4715
4274 4815
4276 4304
4276 4388
4276 4622
4276 4670
4278 4825
4278 4934
4280 4313
4280 4790
4281 4937
4282 4540
4283 4414
4283 4726
4284 4694
4286 4446
4287 4821
4287 4917
4287 4920
4288 4387
4288 4405
4288 4682
4288 4897
4291 4537
4291 4538
4291 4979
4292 4520
4292 4530
4293 4500
4294 4600
4294 4700
4294 4952
4296 4818
4297 4444
4297 4479
4300 4549
4300 4615
4300 4770
4301 4775
4301 4821
4302 4323
4302 4954
4303 4851
4303 4974
4304 4807
4305 4556
4306 4548
4306 4834
4309 4711
4309 4859
4309 4880
4309 4999
4310 4447
4310 4841
4311 4501
4311 4538
4312 4442
4314 4694
4315 4694
4315 4957
4317 4357
4320 4743
4323 4781
4323 4992
4326 4619
4328 4929
4330 4950
4331 4540
4332 4628
4332 4695
4332 4751
4332 4836
4332 4891
4332 4920
4332 4930
4333 4978
4334 4848
4335 4493
4336 4439
4336 4493
4337 4884
4337 4965
4338 4774
4339 4359
4339 4682
4341 4392
4341 4427
4341 4722
4341 4961
4342 4408
4342 4409
4342 4526
4342 4802
4344 4673
4344 4991
4345 4662
4345 4716
4348 4710
4349 4718
4349 4727
4354 4716
4356 4489
4356 4670
4356 4892
4357 4546
4357 4685
4358 4691
4360 4566
4360 4603
4364 4743
4367 4397
4367 4892
4370 4584
4370 4780
4370 4866
4372 4990
4374 4434
4374 4478
4374 4924
4375 4457
4375 4507
4378 4664
4379 4729
4380 4467
4380 4985
4381 4772
4382 4992
4383 4950
4384 4932
4385 4468
4389 4502
4389 4767
4389 4866
4390 4998
4391 4708
4391 4868
4395 4730
4397 4957
4398 4864
4399 4819
4399 4866
4401 4414
4404 4900
4405 4590
4405 4902
4408 4757
4408 4851
4408 4941
4409 4603
4410 4660
4410 4976
4414 4800
4415 4474
4416 4902
4416 4978
4418 4851
4420 4479
4420 4655
4420 4939
4421 4761
4422 4782
4423 4882
4426 4680
4427 4873
4428 4618
4430 4612
4431 4657
4431 4730
4431 4850
4432 4762
4432 4907
4435 4471
4436 4478
4436 4748
4438 4906
4439 4911
4441 4601
4442 4704
4442 4707
4443 4625
4444 4518
4444 4604
4444 4637
4445 4834
4446 4480
4446 4543
4446 4852
4449 4458
4449 4484
4451 4869
4452 4625
4452 4802
4452 4922
4454 4806
4454 4846
4454 4860
4456 4529
4458 4464
4458 4504
4458 4965
4462 4589
4464 4534
4465 4791
4466 4989
4467 4557
4467 4587
4467 4660
4468 4504
4469 4512
4473 4657
4475 4797
4475 4882
4478 4497
4478 4725
4478 4894
4480 4701
4482 4973
4483 4684
4486 4871
4488 4976
4489 4691
4492 4628
4492 4631
4492 4975
4493 4497
4493 4956
4496 4727
4497 4716
4501 4611
4502 4939
4503 4829
4504 4652
4504 4969
4506 4566
4506 4953
4507 4771
4510 4662
4510 4774
4511 4962
4512 4538
4512 4663
4512 4856
4513 4854
4514 4830
4515 4874
4515 4914
4516 4571
4516 4572
4518 4794
4521 4590
4521 4665
4523 4729
4524 4592
4524 4792
4525 4973
4526 4754
4526 4781
4528 4569
4529 4742
4530 4561
4531 4806
4534 4568
4535 4973
4536 4629
4538 4749
4541 4711
4543 4953
4545 4838
4546 4835
4546 4932
4549 4907
4551 4607
4557 4744
4558 4748
4558 4817
4559 4709
4560 4900
4561 4602
4565 4730
4567 4757
4568 4838
4569 4872
4580 4674
4583 4691
4583 4769
4584 4998
4585 4988
4586 4601
4586 4680
4587 4947
4588 4937
4589 4622
4589 4918
4592 4895
4595 4709
4596 4761
4597 4974
4599 4797
4600 4748
4600 4830
4603 4664
4603 4785
4604 4929
4605 4991
4606 4794
4607 4662
4607 4996
4608 4871
4610 4761
4611 4697
4611 4789
4612 4980
4613 4663
4613 4668
4614 4749
4615 4677
4616 4680
4617 4906
4618 4678
4620 4709
4622 4673
4622 4831
4622 4835
4631 4847
4632 4977
4634 4962
4637 4782
4647 4712
4648 4851
4651 4757
4653 4709
4655 4710
4658 4726
4661 4719
4661 4977
4665 4670
4665 4879
4666 4684
4666 4902
4667 4791
4668 4673
4668 4730
4669 4907
4670 4850
4671 4824
4676 4974
4678 4749
4679 4932
4680 4977
4680 4984
4681 4761
4683 4865
4684 4896
4687 4766
4688 4770
4691 4793
4696 4808
4697 4847
4699 4727
4700 4985
4701 4724
4702 4862
4712 4856
4716 4918
4716 4968
4717 4817
4718 4937
4719 4757
4723 4789
4725 4999
4726 4786
4728 4813
4731 4808
4735 4900
4738 4791
4742 4797
4742 4882
4744 4839
4745 4863
4750 4873
4750 4886
4750 4992
4751 4781
4751 4997
4753 4854
4754 4906
4756 4957
4759 4781
4759 4864
4761 4907
4762 4989
4763 4770
4763 4974
4764 4850
4765 4788
4769 4912
4780 4921
4782 4855
4783 4860
4784 4864
4785 4935
4785 4989
4787 4808
4788 4852
4791 4811
4794 4840
4794 4940
4797 4907
4805 4902
4810 4874
4816 4990
4817 4937
4822 4935
4823 4873
4825 4902
4830 4906
4831 4954
4834 4840
4834 4896
4847 4911
4848 4853
4848 4870
4850 4952
4859 4934
4859 4938
4860 4887
4861 4943
4862 4935
4864 4912
4877 4998
4878 4887
4881 4884
4884 4987
4887 4960
4887 4993
4897 4988
4898 4906
4902 4918
4927 4998
4965 4982
4973 4993
